province_code,province_name,ward_code,ward_name,ward_type,full_address
91,An Giang,30985,An Biên,Xã,"Xã An Biên, Tỉnh An Giang"
91,An Giang,30589,An Châu,Xã,"Xã An Châu, Tỉnh An Giang"
91,An Giang,30526,An Cư,Xã,"Xã An Cư, Tỉnh An Giang"
91,An Giang,31018,An Minh,Xã,"Xã An Minh, Tỉnh An Giang"
91,An Giang,30337,An Phú,Xã,"Xã An Phú, Tỉnh An Giang"
91,An Giang,30547,Ba Chúc,Xã,"Xã Ba Chúc, Tỉnh An Giang"
91,An Giang,30898,Bình An,Xã,"Xã Bình An, Tỉnh An Giang"
91,An Giang,30292,Bình Đức,Phường,"Phường Bình Đức, Tỉnh An Giang"
91,An Giang,30826,Bình Giang,Xã,"Xã Bình Giang, Tỉnh An Giang"
91,An Giang,30607,Bình Hòa,Xã,"Xã Bình Hòa, Tỉnh An Giang"
91,An Giang,30487,Bình Mỹ,Xã,"Xã Bình Mỹ, Tỉnh An Giang"
91,An Giang,30823,Bình Sơn,Xã,"Xã Bình Sơn, Tỉnh An Giang"
91,An Giang,30445,Bình Thạnh Đông,Xã,"Xã Bình Thạnh Đông, Tỉnh An Giang"
91,An Giang,30595,Cần Đăng,Xã,"Xã Cần Đăng, Tỉnh An Giang"
91,An Giang,30316,Châu Đốc,Phường,"Phường Châu Đốc, Tỉnh An Giang"
91,An Giang,30403,Châu Phong,Xã,"Xã Châu Phong, Tỉnh An Giang"
91,An Giang,30463,Châu Phú,Xã,"Xã Châu Phú, Tỉnh An Giang"
91,An Giang,30880,Châu Thành,Xã,"Xã Châu Thành, Tỉnh An Giang"
91,An Giang,30505,Chi Lăng,Phường,"Phường Chi Lăng, Tỉnh An Giang"
91,An Giang,30628,Chợ Mới,Xã,"Xã Chợ Mới, Tỉnh An Giang"
91,An Giang,30409,Chợ Vàm,Xã,"Xã Chợ Vàm, Tỉnh An Giang"
91,An Giang,30580,Cô Tô,Xã,"Xã Cô Tô, Tỉnh An Giang"
91,An Giang,30643,Cù Lao Giêng,Xã,"Xã Cù Lao Giêng, Tỉnh An Giang"
91,An Giang,31078,Đặc khu Phú Quốc,Xã,"Xã Đặc khu Phú Quốc, Tỉnh An Giang"
91,An Giang,31105,Đặc khu Thổ Châu,Xã,"Xã Đặc khu Thổ Châu, Tỉnh An Giang"
91,An Giang,30958,Định Hòa,Xã,"Xã Định Hòa, Tỉnh An Giang"
91,An Giang,30709,Định Mỹ,Xã,"Xã Định Mỹ, Tỉnh An Giang"
91,An Giang,31024,Đông Hòa,Xã,"Xã Đông Hòa, Tỉnh An Giang"
91,An Giang,31036,Đông Hưng,Xã,"Xã Đông Hưng, Tỉnh An Giang"
91,An Giang,31006,Đông Thái,Xã,"Xã Đông Thái, Tỉnh An Giang"
91,An Giang,30796,Giang Thành,Xã,"Xã Giang Thành, Tỉnh An Giang"
91,An Giang,30904,Giồng Riềng,Xã,"Xã Giồng Riềng, Tỉnh An Giang"
91,An Giang,30952,Gò Quao,Xã,"Xã Gò Quao, Tỉnh An Giang"
91,An Giang,30769,Hà Tiên,Phường,"Phường Hà Tiên, Tỉnh An Giang"
91,An Giang,30790,Hòa Điền,Xã,"Xã Hòa Điền, Tỉnh An Giang"
91,An Giang,30934,Hòa Hưng,Xã,"Xã Hòa Hưng, Tỉnh An Giang"
91,An Giang,30430,Hòa Lạc,Xã,"Xã Hòa Lạc, Tỉnh An Giang"
91,An Giang,30949,Hòa Thuận,Xã,"Xã Hòa Thuận, Tỉnh An Giang"
91,An Giang,30673,Hội An,Xã,"Xã Hội An, Tỉnh An Giang"
91,An Giang,30817,Hòn Đất,Xã,"Xã Hòn Đất, Tỉnh An Giang"
91,An Giang,30814,Hòn Nghệ,Xã,"Xã Hòn Nghệ, Tỉnh An Giang"
91,An Giang,30341,Khánh Bình,Xã,"Xã Khánh Bình, Tỉnh An Giang"
91,An Giang,31108,Kiên Hải,Xã,"Xã Kiên Hải, Tỉnh An Giang"
91,An Giang,30787,Kiên Lương,Xã,"Xã Kiên Lương, Tỉnh An Giang"
91,An Giang,30631,Long Điền,Xã,"Xã Long Điền, Tỉnh An Giang"
91,An Giang,30664,Long Kiến,Xã,"Xã Long Kiến, Tỉnh An Giang"
91,An Giang,30377,Long Phú,Phường,"Phường Long Phú, Tỉnh An Giang"
91,An Giang,30943,Long Thạnh,Xã,"Xã Long Thạnh, Tỉnh An Giang"
91,An Giang,30307,Long Xuyên,Phường,"Phường Long Xuyên, Tỉnh An Giang"
91,An Giang,30469,Mỹ Đức,Xã,"Xã Mỹ Đức, Tỉnh An Giang"
91,An Giang,30313,Mỹ Hòa Hưng,Xã,"Xã Mỹ Hòa Hưng, Tỉnh An Giang"
91,An Giang,30301,Mỹ Thới,Phường,"Phường Mỹ Thới, Tỉnh An Giang"
91,An Giang,30838,Mỹ Thuận,Xã,"Xã Mỹ Thuận, Tỉnh An Giang"
91,An Giang,30928,Ngọc Chúc,Xã,"Xã Ngọc Chúc, Tỉnh An Giang"
91,An Giang,30346,Nhơn Hội,Xã,"Xã Nhơn Hội, Tỉnh An Giang"
91,An Giang,30658,Nhơn Mỹ,Xã,"Xã Nhơn Mỹ, Tỉnh An Giang"
91,An Giang,30538,Núi Cấm,Xã,"Xã Núi Cấm, Tỉnh An Giang"
91,An Giang,30577,Ô Lâm,Xã,"Xã Ô Lâm, Tỉnh An Giang"
91,An Giang,30688,Óc Eo,Xã,"Xã Óc Eo, Tỉnh An Giang"
91,An Giang,30436,Phú An,Xã,"Xã Phú An, Tỉnh An Giang"
91,An Giang,30685,Phú Hòa,Xã,"Xã Phú Hòa, Tỉnh An Giang"
91,An Giang,30352,Phú Hữu,Xã,"Xã Phú Hữu, Tỉnh An Giang"
91,An Giang,30421,Phú Lâm,Xã,"Xã Phú Lâm, Tỉnh An Giang"
91,An Giang,30406,Phú Tân,Xã,"Xã Phú Tân, Tỉnh An Giang"
91,An Giang,30742,Rạch Giá,Phường,"Phường Rạch Giá, Tỉnh An Giang"
91,An Giang,30811,Sơn Hải,Xã,"Xã Sơn Hải, Tỉnh An Giang"
91,An Giang,30835,Sơn Kiên,Xã,"Xã Sơn Kiên, Tỉnh An Giang"
91,An Giang,30388,Tân An,Xã,"Xã Tân An, Tỉnh An Giang"
91,An Giang,30376,Tân Châu,Phường,"Phường Tân Châu, Tỉnh An Giang"
91,An Giang,30850,Tân Hiệp,Xã,"Xã Tân Hiệp, Tỉnh An Giang"
91,An Giang,30856,Tân Hội,Xã,"Xã Tân Hội, Tỉnh An Giang"
91,An Giang,31031,Tân Thạnh,Xã,"Xã Tân Thạnh, Tỉnh An Giang"
91,An Giang,30691,Tây Phú,Xã,"Xã Tây Phú, Tỉnh An Giang"
91,An Giang,30988,Tây Yên,Xã,"Xã Tây Yên, Tỉnh An Giang"
91,An Giang,30874,Thạnh Đông,Xã,"Xã Thạnh Đông, Tỉnh An Giang"
91,An Giang,30910,Thạnh Hưng,Xã,"Xã Thạnh Hưng, Tỉnh An Giang"
91,An Giang,30886,Thạnh Lộc,Xã,"Xã Thạnh Lộc, Tỉnh An Giang"
91,An Giang,30481,Thạnh Mỹ Tây,Xã,"Xã Thạnh Mỹ Tây, Tỉnh An Giang"
91,An Giang,30682,Thoại Sơn,Xã,"Xã Thoại Sơn, Tỉnh An Giang"
91,An Giang,30502,Thới Sơn,Phường,"Phường Thới Sơn, Tỉnh An Giang"
91,An Giang,30781,Tiên Hải,Xã,"Xã Tiên Hải, Tỉnh An Giang"
91,An Giang,30520,Tịnh Biên,Phường,"Phường Tịnh Biên, Tỉnh An Giang"
91,An Giang,30766,Tô Châu,Phường,"Phường Tô Châu, Tỉnh An Giang"
91,An Giang,30544,Tri Tôn,Xã,"Xã Tri Tôn, Tỉnh An Giang"
91,An Giang,31027,U Minh Thượng,Xã,"Xã U Minh Thượng, Tỉnh An Giang"
91,An Giang,31042,Vân Khánh,Xã,"Xã Vân Khánh, Tỉnh An Giang"
91,An Giang,30604,Vĩnh An,Xã,"Xã Vĩnh An, Tỉnh An Giang"
91,An Giang,31064,Vĩnh Bình,Xã,"Xã Vĩnh Bình, Tỉnh An Giang"
91,An Giang,30793,Vĩnh Điều,Xã,"Xã Vĩnh Điều, Tỉnh An Giang"
91,An Giang,30568,Vĩnh Gia,Xã,"Xã Vĩnh Gia, Tỉnh An Giang"
91,An Giang,30619,Vĩnh Hanh,Xã,"Xã Vĩnh Hanh, Tỉnh An Giang"
91,An Giang,30367,Vĩnh Hậu,Xã,"Xã Vĩnh Hậu, Tỉnh An Giang"
91,An Giang,31012,Vĩnh Hòa,Xã,"Xã Vĩnh Hòa, Tỉnh An Giang"
91,An Giang,30970,Vĩnh Hòa Hưng,Xã,"Xã Vĩnh Hòa Hưng, Tỉnh An Giang"
91,An Giang,31051,Vĩnh Phong,Xã,"Xã Vĩnh Phong, Tỉnh An Giang"
91,An Giang,30325,Vĩnh Tế,Phường,"Phường Vĩnh Tế, Tỉnh An Giang"
91,An Giang,30478,Vĩnh Thạnh Trung,Xã,"Xã Vĩnh Thạnh Trung, Tỉnh An Giang"
91,An Giang,30760,Vĩnh Thông,Phường,"Phường Vĩnh Thông, Tỉnh An Giang"
91,An Giang,31069,Vĩnh Thuận,Xã,"Xã Vĩnh Thuận, Tỉnh An Giang"
91,An Giang,30697,Vĩnh Trạch,Xã,"Xã Vĩnh Trạch, Tỉnh An Giang"
91,An Giang,30982,Vĩnh Tuy,Xã,"Xã Vĩnh Tuy, Tỉnh An Giang"
91,An Giang,30385,Vĩnh Xương,Xã,"Xã Vĩnh Xương, Tỉnh An Giang"
24,Bắc Ninh,07654,An Lạc,Xã,"Xã An Lạc, Tỉnh Bắc Ninh"
24,Bắc Ninh,07210,Bắc Giang,Phường,"Phường Bắc Giang, Tỉnh Bắc Ninh"
24,Bắc Ninh,07498,Bắc Lũng,Xã,"Xã Bắc Lũng, Tỉnh Bắc Ninh"
24,Bắc Ninh,07462,Bảo Đài,Xã,"Xã Bảo Đài, Tỉnh Bắc Ninh"
24,Bắc Ninh,07573,Biển Động,Xã,"Xã Biển Động, Tỉnh Bắc Ninh"
24,Bắc Ninh,07537,Biên Sơn,Xã,"Xã Biên Sơn, Tỉnh Bắc Ninh"
24,Bắc Ninh,07294,Bố Hạ,Xã,"Xã Bố Hạ, Tỉnh Bắc Ninh"
24,Bắc Ninh,09295,Bồng Lai,Phường,"Phường Bồng Lai, Tỉnh Bắc Ninh"
24,Bắc Ninh,07519,Cẩm Lý,Xã,"Xã Cẩm Lý, Tỉnh Bắc Ninh"
24,Bắc Ninh,07738,Cảnh Thụy,Phường,"Phường Cảnh Thụy, Tỉnh Bắc Ninh"
24,Bắc Ninh,09466,Cao Đức,Xã,"Xã Cao Đức, Tỉnh Bắc Ninh"
24,Bắc Ninh,09313,Chi Lăng,Xã,"Xã Chi Lăng, Tỉnh Bắc Ninh"
24,Bắc Ninh,07525,Chũ,Phường,"Phường Chũ, Tỉnh Bắc Ninh"
24,Bắc Ninh,07672,Dương Hưu,Xã,"Xã Dương Hưu, Tỉnh Bắc Ninh"
24,Bắc Ninh,07228,Đa Mai,Phường,"Phường Đa Mai, Tỉnh Bắc Ninh"
24,Bắc Ninh,09340,Đại Đồng,Xã,"Xã Đại Đồng, Tỉnh Bắc Ninh"
24,Bắc Ninh,09469,Đại Lai,Xã,"Xã Đại Lai, Tỉnh Bắc Ninh"
24,Bắc Ninh,07627,Đại Sơn,Xã,"Xã Đại Sơn, Tỉnh Bắc Ninh"
24,Bắc Ninh,09301,Đào Viên,Phường,"Phường Đào Viên, Tỉnh Bắc Ninh"
24,Bắc Ninh,07594,Đèo Gia,Xã,"Xã Đèo Gia, Tỉnh Bắc Ninh"
24,Bắc Ninh,09487,Đông Cứu,Xã,"Xã Đông Cứu, Tỉnh Bắc Ninh"
24,Bắc Ninh,07282,Đồng Kỳ,Xã,"Xã Đồng Kỳ, Tỉnh Bắc Ninh"
24,Bắc Ninh,09385,Đồng Nguyên,Phường,"Phường Đồng Nguyên, Tỉnh Bắc Ninh"
24,Bắc Ninh,07450,Đông Phú,Xã,"Xã Đông Phú, Tỉnh Bắc Ninh"
24,Bắc Ninh,07735,Đồng Việt,Xã,"Xã Đồng Việt, Tỉnh Bắc Ninh"
24,Bắc Ninh,09454,Gia Bình,Xã,"Xã Gia Bình, Tỉnh Bắc Ninh"
24,Bắc Ninh,09325,Hạp Lĩnh,Phường,"Phường Hạp Lĩnh, Tỉnh Bắc Ninh"
24,Bắc Ninh,07840,Hiệp Hoà,Xã,"Xã Hiệp Hoà, Tỉnh Bắc Ninh"
24,Bắc Ninh,07822,Hoàng Vân,Xã,"Xã Hoàng Vân, Tỉnh Bắc Ninh"
24,Bắc Ninh,07864,Hợp Thịnh,Xã,"Xã Hợp Thịnh, Tỉnh Bắc Ninh"
24,Bắc Ninh,07399,Kép,Xã,"Xã Kép, Tỉnh Bắc Ninh"
24,Bắc Ninh,07552,Kiên Lao,Xã,"Xã Kiên Lao, Tỉnh Bắc Ninh"
24,Bắc Ninh,09187,Kinh Bắc,Phường,"Phường Kinh Bắc, Tỉnh Bắc Ninh"
24,Bắc Ninh,09529,Lâm Thao,Xã,"Xã Lâm Thao, Tỉnh Bắc Ninh"
24,Bắc Ninh,07375,Lạng Giang,Xã,"Xã Lạng Giang, Tỉnh Bắc Ninh"
24,Bắc Ninh,09334,Liên Bão,Xã,"Xã Liên Bão, Tỉnh Bắc Ninh"
24,Bắc Ninh,07444,Lục Nam,Xã,"Xã Lục Nam, Tỉnh Bắc Ninh"
24,Bắc Ninh,07582,Lục Ngạn,Xã,"Xã Lục Ngạn, Tỉnh Bắc Ninh"
24,Bắc Ninh,07492,Lục Sơn,Xã,"Xã Lục Sơn, Tỉnh Bắc Ninh"
24,Bắc Ninh,09496,Lương Tài,Xã,"Xã Lương Tài, Tỉnh Bắc Ninh"
24,Bắc Ninh,09409,Mão Điền,Phường,"Phường Mão Điền, Tỉnh Bắc Ninh"
24,Bắc Ninh,07420,Mỹ Thái,Xã,"Xã Mỹ Thái, Tỉnh Bắc Ninh"
24,Bắc Ninh,07603,Nam Dương,Xã,"Xã Nam Dương, Tỉnh Bắc Ninh"
24,Bắc Ninh,09286,Nam Sơn,Phường,"Phường Nam Sơn, Tỉnh Bắc Ninh"
24,Bắc Ninh,07795,Nếnh,Phường,"Phường Nếnh, Tỉnh Bắc Ninh"
24,Bắc Ninh,07486,Nghĩa Phương,Xã,"Xã Nghĩa Phương, Tỉnh Bắc Ninh"
24,Bắc Ninh,07351,Ngọc Thiện,Xã,"Xã Ngọc Thiện, Tỉnh Bắc Ninh"
24,Bắc Ninh,07306,Nhã Nam,Xã,"Xã Nhã Nam, Tỉnh Bắc Ninh"
24,Bắc Ninh,09253,Nhân Hòa,Phường,"Phường Nhân Hòa, Tỉnh Bắc Ninh"
24,Bắc Ninh,09475,Nhân Thắng,Xã,"Xã Nhân Thắng, Tỉnh Bắc Ninh"
24,Bắc Ninh,09445,Ninh Xá,Phường,"Phường Ninh Xá, Tỉnh Bắc Ninh"
24,Bắc Ninh,09349,Phật Tích,Xã,"Xã Phật Tích, Tỉnh Bắc Ninh"
24,Bắc Ninh,09379,Phù Khê,Phường,"Phường Phù Khê, Tỉnh Bắc Ninh"
24,Bắc Ninh,09292,Phù Lãng,Xã,"Xã Phù Lãng, Tỉnh Bắc Ninh"
24,Bắc Ninh,07330,Phúc Hòa,Xã,"Xã Phúc Hòa, Tỉnh Bắc Ninh"
24,Bắc Ninh,09265,Phương Liễu,Phường,"Phường Phương Liễu, Tỉnh Bắc Ninh"
24,Bắc Ninh,07612,Phượng Sơn,Phường,"Phường Phượng Sơn, Tỉnh Bắc Ninh"
24,Bắc Ninh,07333,Quang Trung,Xã,"Xã Quang Trung, Tỉnh Bắc Ninh"
24,Bắc Ninh,09247,Quế Võ,Phường,"Phường Quế Võ, Tỉnh Bắc Ninh"
24,Bắc Ninh,07534,Sa Lý,Xã,"Xã Sa Lý, Tỉnh Bắc Ninh"
24,Bắc Ninh,07615,Sơn Động,Xã,"Xã Sơn Động, Tỉnh Bắc Ninh"
24,Bắc Ninh,07543,Sơn Hải,Xã,"Xã Sơn Hải, Tỉnh Bắc Ninh"
24,Bắc Ninh,09433,Song Liễu,Phường,"Phường Song Liễu, Tỉnh Bắc Ninh"
24,Bắc Ninh,09208,Tam Đa,Xã,"Xã Tam Đa, Tỉnh Bắc Ninh"
24,Bắc Ninh,09202,Tam Giang,Xã,"Xã Tam Giang, Tỉnh Bắc Ninh"
24,Bắc Ninh,09370,Tam Sơn,Phường,"Phường Tam Sơn, Tỉnh Bắc Ninh"
24,Bắc Ninh,07264,Tam Tiến,Xã,"Xã Tam Tiến, Tỉnh Bắc Ninh"
24,Bắc Ninh,07682,Tân An,Phường,"Phường Tân An, Tỉnh Bắc Ninh"
24,Bắc Ninh,09343,Tân Chi,Xã,"Xã Tân Chi, Tỉnh Bắc Ninh"
24,Bắc Ninh,07432,Tân Dĩnh,Xã,"Xã Tân Dĩnh, Tỉnh Bắc Ninh"
24,Bắc Ninh,07531,Tân Sơn,Xã,"Xã Tân Sơn, Tỉnh Bắc Ninh"
24,Bắc Ninh,07699,Tân Tiến,Phường,"Phường Tân Tiến, Tỉnh Bắc Ninh"
24,Bắc Ninh,07339,Tân Yên,Xã,"Xã Tân Yên, Tỉnh Bắc Ninh"
24,Bắc Ninh,07616,Tây Yên Tử,Xã,"Xã Tây Yên Tử, Tỉnh Bắc Ninh"
24,Bắc Ninh,09400,Thuận Thành,Phường,"Phường Thuận Thành, Tỉnh Bắc Ninh"
24,Bắc Ninh,09319,Tiên Du,Xã,"Xã Tiên Du, Tỉnh Bắc Ninh"
24,Bắc Ninh,07381,Tiên Lục,Xã,"Xã Tiên Lục, Tỉnh Bắc Ninh"
24,Bắc Ninh,07696,Tiền Phong,Phường,"Phường Tiền Phong, Tỉnh Bắc Ninh"
24,Bắc Ninh,09430,Trạm Lộ,Phường,"Phường Trạm Lộ, Tỉnh Bắc Ninh"
24,Bắc Ninh,09427,Trí Quả,Phường,"Phường Trí Quả, Tỉnh Bắc Ninh"
24,Bắc Ninh,09523,Trung Chính,Xã,"Xã Trung Chính, Tỉnh Bắc Ninh"
24,Bắc Ninh,09499,Trung Kênh,Xã,"Xã Trung Kênh, Tỉnh Bắc Ninh"
24,Bắc Ninh,07489,Trường Sơn,Xã,"Xã Trường Sơn, Tỉnh Bắc Ninh"
24,Bắc Ninh,07774,Tự Lạn,Phường,"Phường Tự Lạn, Tỉnh Bắc Ninh"
24,Bắc Ninh,09367,Từ Sơn,Phường,"Phường Từ Sơn, Tỉnh Bắc Ninh"
24,Bắc Ninh,07663,Tuấn Đạo,Xã,"Xã Tuấn Đạo, Tỉnh Bắc Ninh"
24,Bắc Ninh,07798,Vân Hà,Phường,"Phường Vân Hà, Tỉnh Bắc Ninh"
24,Bắc Ninh,09238,Văn Môn,Xã,"Xã Văn Môn, Tỉnh Bắc Ninh"
24,Bắc Ninh,07621,Vân Sơn,Xã,"Xã Vân Sơn, Tỉnh Bắc Ninh"
24,Bắc Ninh,07777,Việt Yên,Phường,"Phường Việt Yên, Tỉnh Bắc Ninh"
24,Bắc Ninh,09190,Võ Cường,Phường,"Phường Võ Cường, Tỉnh Bắc Ninh"
24,Bắc Ninh,09169,Vũ Ninh,Phường,"Phường Vũ Ninh, Tỉnh Bắc Ninh"
24,Bắc Ninh,07870,Xuân Cẩm,Xã,"Xã Xuân Cẩm, Tỉnh Bắc Ninh"
24,Bắc Ninh,07246,Xuân Lương,Xã,"Xã Xuân Lương, Tỉnh Bắc Ninh"
24,Bắc Ninh,07681,Yên Dũng,Phường,"Phường Yên Dũng, Tỉnh Bắc Ninh"
24,Bắc Ninh,07642,Yên Định,Xã,"Xã Yên Định, Tỉnh Bắc Ninh"
24,Bắc Ninh,09193,Yên Phong,Xã,"Xã Yên Phong, Tỉnh Bắc Ninh"
24,Bắc Ninh,07288,Yên Thế,Xã,"Xã Yên Thế, Tỉnh Bắc Ninh"
24,Bắc Ninh,09205,Yên Trung,Xã,"Xã Yên Trung, Tỉnh Bắc Ninh"
96,Cà Mau,31988,An Trạch,Xã,"Xã An Trạch, Tỉnh Cà Mau"
96,Cà Mau,32002,An Xuyên,Phường,"Phường An Xuyên, Tỉnh Cà Mau"
96,Cà Mau,31825,Bạc Liêu,Phường,"Phường Bạc Liêu, Tỉnh Cà Mau"
96,Cà Mau,32069,Biển Bạch,Xã,"Xã Biển Bạch, Tỉnh Cà Mau"
96,Cà Mau,32212,Cái Đôi Vàm,Xã,"Xã Cái Đôi Vàm, Tỉnh Cà Mau"
96,Cà Mau,32128,Cái Nước,Xã,"Xã Cái Nước, Tỉnh Cà Mau"
96,Cà Mau,31894,Châu Thới,Xã,"Xã Châu Thới, Tỉnh Cà Mau"
96,Cà Mau,32104,Đá Bạc,Xã,"Xã Đá Bạc, Tỉnh Cà Mau"
96,Cà Mau,32152,Đầm Dơi,Xã,"Xã Đầm Dơi, Tỉnh Cà Mau"
96,Cà Mau,32201,Đất Mới,Xã,"Xã Đất Mới, Tỉnh Cà Mau"
96,Cà Mau,32248,Đất Mũi,Xã,"Xã Đất Mũi, Tỉnh Cà Mau"
96,Cà Mau,31993,Định Thành,Xã,"Xã Định Thành, Tỉnh Cà Mau"
96,Cà Mau,31975,Đông Hải,Xã,"Xã Đông Hải, Tỉnh Cà Mau"
96,Cà Mau,31972,Gành Hào,Xã,"Xã Gành Hào, Tỉnh Cà Mau"
96,Cà Mau,31942,Giá Rai,Phường,"Phường Giá Rai, Tỉnh Cà Mau"
96,Cà Mau,31840,Hiệp Thành,Phường,"Phường Hiệp Thành, Tỉnh Cà Mau"
96,Cà Mau,32092,Hồ Thị Kỷ,Xã,"Xã Hồ Thị Kỷ, Tỉnh Cà Mau"
96,Cà Mau,31891,Hòa Bình,Xã,"Xã Hòa Bình, Tỉnh Cà Mau"
96,Cà Mau,32041,Hòa Thành,Phường,"Phường Hòa Thành, Tỉnh Cà Mau"
96,Cà Mau,31843,Hồng Dân,Xã,"Xã Hồng Dân, Tỉnh Cà Mau"
96,Cà Mau,31906,Hưng Hội,Xã,"Xã Hưng Hội, Tỉnh Cà Mau"
96,Cà Mau,32140,Hưng Mỹ,Xã,"Xã Hưng Mỹ, Tỉnh Cà Mau"
96,Cà Mau,32059,Khánh An,Xã,"Xã Khánh An, Tỉnh Cà Mau"
96,Cà Mau,32110,Khánh Bình,Xã,"Xã Khánh Bình, Tỉnh Cà Mau"
96,Cà Mau,32119,Khánh Hưng,Xã,"Xã Khánh Hưng, Tỉnh Cà Mau"
96,Cà Mau,32062,Khánh Lâm,Xã,"Xã Khánh Lâm, Tỉnh Cà Mau"
96,Cà Mau,31951,Láng Tròn,Phường,"Phường Láng Tròn, Tỉnh Cà Mau"
96,Cà Mau,31985,Long Điền,Xã,"Xã Long Điền, Tỉnh Cà Mau"
96,Cà Mau,32134,Lương Thế Trân,Xã,"Xã Lương Thế Trân, Tỉnh Cà Mau"
96,Cà Mau,32014,Lý Văn Lâm,Phường,"Phường Lý Văn Lâm, Tỉnh Cà Mau"
96,Cà Mau,32191,Năm Căn,Xã,"Xã Năm Căn, Tỉnh Cà Mau"
96,Cà Mau,32044,Nguyễn Phích,Xã,"Xã Nguyễn Phích, Tỉnh Cà Mau"
96,Cà Mau,32227,Nguyễn Việt Khái,Xã,"Xã Nguyễn Việt Khái, Tỉnh Cà Mau"
96,Cà Mau,31849,Ninh Quới,Xã,"Xã Ninh Quới, Tỉnh Cà Mau"
96,Cà Mau,31864,Ninh Thạnh Lợi,Xã,"Xã Ninh Thạnh Lợi, Tỉnh Cà Mau"
96,Cà Mau,32244,Phan Ngọc Hiển,Xã,"Xã Phan Ngọc Hiển, Tỉnh Cà Mau"
96,Cà Mau,31885,Phong Hiệp,Xã,"Xã Phong Hiệp, Tỉnh Cà Mau"
96,Cà Mau,31957,Phong Thạnh,Xã,"Xã Phong Thạnh, Tỉnh Cà Mau"
96,Cà Mau,32214,Phú Mỹ,Xã,"Xã Phú Mỹ, Tỉnh Cà Mau"
96,Cà Mau,32218,Phú Tân,Xã,"Xã Phú Tân, Tỉnh Cà Mau"
96,Cà Mau,31867,Phước Long,Xã,"Xã Phước Long, Tỉnh Cà Mau"
96,Cà Mau,32182,Quách Phẩm,Xã,"Xã Quách Phẩm, Tỉnh Cà Mau"
96,Cà Mau,32098,Sông Đốc,Xã,"Xã Sông Đốc, Tỉnh Cà Mau"
96,Cà Mau,32155,Tạ An Khương,Xã,"Xã Tạ An Khương, Tỉnh Cà Mau"
96,Cà Mau,32206,Tam Giang,Xã,"Xã Tam Giang, Tỉnh Cà Mau"
96,Cà Mau,32236,Tân Ân,Xã,"Xã Tân Ân, Tỉnh Cà Mau"
96,Cà Mau,32137,Tân Hưng,Xã,"Xã Tân Hưng, Tỉnh Cà Mau"
96,Cà Mau,32083,Tân Lộc,Xã,"Xã Tân Lộc, Tỉnh Cà Mau"
96,Cà Mau,32025,Tân Thành,Phường,"Phường Tân Thành, Tỉnh Cà Mau"
96,Cà Mau,32167,Tân Thuận,Xã,"Xã Tân Thuận, Tỉnh Cà Mau"
96,Cà Mau,32188,Tân Tiến,Xã,"Xã Tân Tiến, Tỉnh Cà Mau"
96,Cà Mau,32185,Thanh Tùng,Xã,"Xã Thanh Tùng, Tỉnh Cà Mau"
96,Cà Mau,32065,Thới Bình,Xã,"Xã Thới Bình, Tỉnh Cà Mau"
96,Cà Mau,32161,Trần Phán,Xã,"Xã Trần Phán, Tỉnh Cà Mau"
96,Cà Mau,32095,Trần Văn Thời,Xã,"Xã Trần Văn Thời, Tỉnh Cà Mau"
96,Cà Mau,32071,Trí Phải,Xã,"Xã Trí Phải, Tỉnh Cà Mau"
96,Cà Mau,32047,U Minh,Xã,"Xã U Minh, Tỉnh Cà Mau"
96,Cà Mau,31927,Vĩnh Hậu,Xã,"Xã Vĩnh Hậu, Tỉnh Cà Mau"
96,Cà Mau,31858,Vĩnh Lộc,Xã,"Xã Vĩnh Lộc, Tỉnh Cà Mau"
96,Cà Mau,31900,Vĩnh Lợi,Xã,"Xã Vĩnh Lợi, Tỉnh Cà Mau"
96,Cà Mau,31918,Vĩnh Mỹ,Xã,"Xã Vĩnh Mỹ, Tỉnh Cà Mau"
96,Cà Mau,31876,Vĩnh Phước,Xã,"Xã Vĩnh Phước, Tỉnh Cà Mau"
96,Cà Mau,31882,Vĩnh Thanh,Xã,"Xã Vĩnh Thanh, Tỉnh Cà Mau"
96,Cà Mau,31834,Vĩnh Trạch,Phường,"Phường Vĩnh Trạch, Tỉnh Cà Mau"
92,Cần Thơ,31150,An Bình,Phường,"Phường An Bình, Thành phố Cần Thơ"
92,Cần Thơ,31531,An Lạc Thôn,Xã,"Xã An Lạc Thôn, Thành phố Cần Thơ"
92,Cần Thơ,31594,An Ninh,Xã,"Xã An Ninh, Thành phố Cần Thơ"
92,Cần Thơ,31615,An Thạnh,Xã,"Xã An Thạnh, Thành phố Cần Thơ"
92,Cần Thơ,31168,Bình Thủy,Phường,"Phường Bình Thủy, Thành phố Cần Thơ"
92,Cần Thơ,31120,Cái Khế,Phường,"Phường Cái Khế, Thành phố Cần Thơ"
92,Cần Thơ,31186,Cái Răng,Phường,"Phường Cái Răng, Thành phố Cần Thơ"
92,Cần Thơ,31366,Châu Thành,Xã,"Xã Châu Thành, Thành phố Cần Thơ"
92,Cần Thơ,31261,Cờ Đỏ,Xã,"Xã Cờ Đỏ, Thành phố Cần Thơ"
92,Cần Thơ,31633,Cù Lao Dung,Xã,"Xã Cù Lao Dung, Thành phố Cần Thơ"
92,Cần Thơ,31561,Đại Hải,Xã,"Xã Đại Hải, Thành phố Cần Thơ"
92,Cần Thơ,31645,Đại Ngãi,Xã,"Xã Đại Ngãi, Thành phố Cần Thơ"
92,Cần Thơ,31411,Đại Thành,Phường,"Phường Đại Thành, Thành phố Cần Thơ"
92,Cần Thơ,31273,Đông Hiệp,Xã,"Xã Đông Hiệp, Thành phố Cần Thơ"
92,Cần Thơ,31369,Đông Phước,Xã,"Xã Đông Phước, Thành phố Cần Thơ"
92,Cần Thơ,31282,Đông Thuận,Xã,"Xã Đông Thuận, Thành phố Cần Thơ"
92,Cần Thơ,31726,Gia Hòa,Xã,"Xã Gia Hòa, Thành phố Cần Thơ"
92,Cần Thơ,31396,Hiệp Hưng,Xã,"Xã Hiệp Hưng, Thành phố Cần Thơ"
92,Cần Thơ,31570,Hồ Đắc Kiện,Xã,"Xã Hồ Đắc Kiện, Thành phố Cần Thơ"
92,Cần Thơ,31393,Hòa An,Xã,"Xã Hòa An, Thành phố Cần Thơ"
92,Cần Thơ,31338,Hỏa Lựu,Xã,"Xã Hỏa Lựu, Thành phố Cần Thơ"
92,Cần Thơ,31717,Hòa Tú,Xã,"Xã Hòa Tú, Thành phố Cần Thơ"
92,Cần Thơ,31201,Hưng Phú,Phường,"Phường Hưng Phú, Thành phố Cần Thơ"
92,Cần Thơ,31528,Kế Sách,Xã,"Xã Kế Sách, Thành phố Cần Thơ"
92,Cần Thơ,31789,Khánh Hòa,Phường,"Phường Khánh Hòa, Thành phố Cần Thơ"
92,Cần Thơ,31810,Lai Hòa,Xã,"Xã Lai Hòa, Thành phố Cần Thơ"
92,Cần Thơ,31759,Lâm Tân,Xã,"Xã Lâm Tân, Thành phố Cần Thơ"
92,Cần Thơ,31679,Lịch Hội Thượng,Xã,"Xã Lịch Hội Thượng, Thành phố Cần Thơ"
92,Cần Thơ,31675,Liêu Tú,Xã,"Xã Liêu Tú, Thành phố Cần Thơ"
92,Cần Thơ,31473,Long Bình,Phường,"Phường Long Bình, Thành phố Cần Thơ"
92,Cần Thơ,31579,Long Hưng,Xã,"Xã Long Hưng, Thành phố Cần Thơ"
92,Cần Thơ,31471,Long Mỹ,Phường,"Phường Long Mỹ, Thành phố Cần Thơ"
92,Cần Thơ,31639,Long Phú,Xã,"Xã Long Phú, Thành phố Cần Thơ"
92,Cần Thơ,31480,Long Phú 1,Phường,"Phường Long Phú 1, Thành phố Cần Thơ"
92,Cần Thơ,31183,Long Tuyền,Phường,"Phường Long Tuyền, Thành phố Cần Thơ"
92,Cần Thơ,31492,Lương Tâm,Xã,"Xã Lương Tâm, Thành phố Cần Thơ"
92,Cần Thơ,31591,Mỹ Hương,Xã,"Xã Mỹ Hương, Thành phố Cần Thơ"
92,Cần Thơ,31603,Mỹ Phước,Xã,"Xã Mỹ Phước, Thành phố Cần Thơ"
92,Cần Thơ,31753,Mỹ Quới,Phường,"Phường Mỹ Quới, Thành phố Cần Thơ"
92,Cần Thơ,31567,Mỹ Tú,Xã,"Xã Mỹ Tú, Thành phố Cần Thơ"
92,Cần Thơ,31684,Mỹ Xuyên,Phường,"Phường Mỹ Xuyên, Thành phố Cần Thơ"
92,Cần Thơ,31340,Ngã Bảy,Phường,"Phường Ngã Bảy, Thành phố Cần Thơ"
92,Cần Thơ,31732,Ngã Năm,Phường,"Phường Ngã Năm, Thành phố Cần Thơ"
92,Cần Thơ,31723,Ngọc Tố,Xã,"Xã Ngọc Tố, Thành phố Cần Thơ"
92,Cần Thơ,31315,Nhơn Ái,Xã,"Xã Nhơn Ái, Thành phố Cần Thơ"
92,Cần Thơ,31552,Nhơn Mỹ,Xã,"Xã Nhơn Mỹ, Thành phố Cần Thơ"
92,Cần Thơ,31708,Nhu Gia,Xã,"Xã Nhu Gia, Thành phố Cần Thơ"
92,Cần Thơ,31135,Ninh Kiều,Phường,"Phường Ninh Kiều, Thành phố Cần Thơ"
92,Cần Thơ,31153,Ô Môn,Phường,"Phường Ô Môn, Thành phố Cần Thơ"
92,Cần Thơ,31299,Phong Điền,Xã,"Xã Phong Điền, Thành phố Cần Thơ"
92,Cần Thơ,31537,Phong Nẫm,Xã,"Xã Phong Nẫm, Thành phố Cần Thơ"
92,Cần Thơ,31378,Phú Hữu,Xã,"Xã Phú Hữu, Thành phố Cần Thơ"
92,Cần Thơ,31756,Phú Lộc,Xã,"Xã Phú Lộc, Thành phố Cần Thơ"
92,Cần Thơ,31510,Phú Lợi,Phường,"Phường Phú Lợi, Thành phố Cần Thơ"
92,Cần Thơ,31569,Phú Tâm,Xã,"Xã Phú Tâm, Thành phố Cần Thơ"
92,Cần Thơ,31420,Phụng Hiệp,Xã,"Xã Phụng Hiệp, Thành phố Cần Thơ"
92,Cần Thơ,31162,Phước Thới,Phường,"Phường Phước Thới, Thành phố Cần Thơ"
92,Cần Thơ,31426,Phương Bình,Xã,"Xã Phương Bình, Thành phố Cần Thơ"
92,Cần Thơ,31507,Sóc Trăng,Phường,"Phường Sóc Trăng, Thành phố Cần Thơ"
92,Cần Thơ,31687,Tài Văn,Xã,"Xã Tài Văn, Thành phố Cần Thơ"
92,Cần Thơ,31147,Tân An,Phường,"Phường Tân An, Thành phố Cần Thơ"
92,Cần Thơ,31399,Tân Bình,Xã,"Xã Tân Bình, Thành phố Cần Thơ"
92,Cần Thơ,31342,Tân Hòa,Xã,"Xã Tân Hòa, Thành phố Cần Thơ"
92,Cần Thơ,31213,Tân Lộc,Phường,"Phường Tân Lộc, Thành phố Cần Thơ"
92,Cần Thơ,31741,Tân Long,Xã,"Xã Tân Long, Thành phố Cần Thơ"
92,Cần Thơ,31432,Tân Phước Hưng,Xã,"Xã Tân Phước Hưng, Thành phố Cần Thơ"
92,Cần Thơ,31666,Tân Thạnh,Xã,"Xã Tân Thạnh, Thành phố Cần Thơ"
92,Cần Thơ,31231,Thạnh An,Xã,"Xã Thạnh An, Thành phố Cần Thơ"
92,Cần Thơ,31408,Thạnh Hòa,Xã,"Xã Thạnh Hòa, Thành phố Cần Thơ"
92,Cần Thơ,31249,Thạnh Phú,Xã,"Xã Thạnh Phú, Thành phố Cần Thơ"
92,Cần Thơ,31246,Thạnh Quới,Xã,"Xã Thạnh Quới, Thành phố Cần Thơ"
92,Cần Thơ,31699,Thạnh Thới An,Xã,"Xã Thạnh Thới An, Thành phố Cần Thơ"
92,Cần Thơ,31360,Thạnh Xuân,Xã,"Xã Thạnh Xuân, Thành phố Cần Thơ"
92,Cần Thơ,31174,Thới An Đông,Phường,"Phường Thới An Đông, Thành phố Cần Thơ"
92,Cần Thơ,31540,Thới An Hội,Xã,"Xã Thới An Hội, Thành phố Cần Thơ"
92,Cần Thơ,31264,Thới Hưng,Xã,"Xã Thới Hưng, Thành phố Cần Thơ"
92,Cần Thơ,31258,Thới Lai,Xã,"Xã Thới Lai, Thành phố Cần Thơ"
92,Cần Thơ,31157,Thới Long,Phường,"Phường Thới Long, Thành phố Cần Thơ"
92,Cần Thơ,31212,Thốt Nốt,Phường,"Phường Thốt Nốt, Thành phố Cần Thơ"
92,Cần Thơ,31582,Thuận Hòa,Xã,"Xã Thuận Hòa, Thành phố Cần Thơ"
92,Cần Thơ,31207,Thuận Hưng,Phường,"Phường Thuận Hưng, Thành phố Cần Thơ"
92,Cần Thơ,31673,Trần Đề,Xã,"Xã Trần Đề, Thành phố Cần Thơ"
92,Cần Thơ,31255,Trung Hưng,Xã,"Xã Trung Hưng, Thành phố Cần Thơ"
92,Cần Thơ,31217,Trung Nhứt,Phường,"Phường Trung Nhứt, Thành phố Cần Thơ"
92,Cần Thơ,31654,Trường Khánh,Xã,"Xã Trường Khánh, Thành phố Cần Thơ"
92,Cần Thơ,31309,Trường Long,Xã,"Xã Trường Long, Thành phố Cần Thơ"
92,Cần Thơ,31348,Trường Long Tây,Xã,"Xã Trường Long Tây, Thành phố Cần Thơ"
92,Cần Thơ,31288,Trường Thành,Xã,"Xã Trường Thành, Thành phố Cần Thơ"
92,Cần Thơ,31294,Trường Xuân,Xã,"Xã Trường Xuân, Thành phố Cần Thơ"
92,Cần Thơ,31333,Vị Tân,Phường,"Phường Vị Tân, Thành phố Cần Thơ"
92,Cần Thơ,31321,Vị Thanh,Phường,"Phường Vị Thanh, Thành phố Cần Thơ"
92,Cần Thơ,31465,Vị Thanh 1,Xã,"Xã Vị Thanh 1, Thành phố Cần Thơ"
92,Cần Thơ,31441,Vị Thủy,Xã,"Xã Vị Thủy, Thành phố Cần Thơ"
92,Cần Thơ,31783,Vĩnh Châu,Phường,"Phường Vĩnh Châu, Thành phố Cần Thơ"
92,Cần Thơ,31795,Vĩnh Hải,Xã,"Xã Vĩnh Hải, Thành phố Cần Thơ"
92,Cần Thơ,31777,Vĩnh Lợi,Xã,"Xã Vĩnh Lợi, Thành phố Cần Thơ"
92,Cần Thơ,31804,Vĩnh Phước,Phường,"Phường Vĩnh Phước, Thành phố Cần Thơ"
92,Cần Thơ,31232,Vĩnh Thạnh,Xã,"Xã Vĩnh Thạnh, Thành phố Cần Thơ"
92,Cần Thơ,31453,Vĩnh Thuận Đông,Xã,"Xã Vĩnh Thuận Đông, Thành phố Cần Thơ"
92,Cần Thơ,31237,Vĩnh Trinh,Xã,"Xã Vĩnh Trinh, Thành phố Cần Thơ"
92,Cần Thơ,31459,Vĩnh Tường,Xã,"Xã Vĩnh Tường, Thành phố Cần Thơ"
92,Cần Thơ,31489,Vĩnh Viễn,Xã,"Xã Vĩnh Viễn, Thành phố Cần Thơ"
92,Cần Thơ,31495,Xà Phiên,Xã,"Xã Xà Phiên, Thành phố Cần Thơ"
04,Cao Bằng,01708,Bạch Đằng,Xã,"Xã Bạch Đằng, Tỉnh Cao Bằng"
04,Cao Bằng,01321,Bảo Lạc,Xã,"Xã Bảo Lạc, Tỉnh Cao Bằng"
04,Cao Bằng,01290,Bảo Lâm,Xã,"Xã Bảo Lâm, Tỉnh Cao Bằng"
04,Cao Bằng,01636,Bế Văn Đàn,Xã,"Xã Bế Văn Đàn, Tỉnh Cao Bằng"
04,Cao Bằng,01738,Ca Thành,Xã,"Xã Ca Thành, Tỉnh Cao Bằng"
04,Cao Bằng,01366,Cần Yên,Xã,"Xã Cần Yên, Tỉnh Cao Bằng"
04,Cao Bằng,01789,Canh Tân,Xã,"Xã Canh Tân, Tỉnh Cao Bằng"
04,Cao Bằng,01327,Cô Ba,Xã,"Xã Cô Ba, Tỉnh Cao Bằng"
04,Cao Bằng,01324,Cốc Pàng,Xã,"Xã Cốc Pàng, Tỉnh Cao Bằng"
04,Cao Bằng,01501,Đàm Thuỷ,Xã,"Xã Đàm Thuỷ, Tỉnh Cao Bằng"
04,Cao Bằng,01489,Đình Phong,Xã,"Xã Đình Phong, Tỉnh Cao Bằng"
04,Cao Bằng,01525,Đoài Dương,Xã,"Xã Đoài Dương, Tỉnh Cao Bằng"
04,Cao Bằng,01594,Độc Lập,Xã,"Xã Độc Lập, Tỉnh Cao Bằng"
04,Cao Bằng,01786,Đông Khê,Xã,"Xã Đông Khê, Tỉnh Cao Bằng"
04,Cao Bằng,01822,Đức Long,Xã,"Xã Đức Long, Tỉnh Cao Bằng"
04,Cao Bằng,01561,Hạ Lang,Xã,"Xã Hạ Lang, Tỉnh Cao Bằng"
04,Cao Bằng,01438,Hà Quảng,Xã,"Xã Hà Quảng, Tỉnh Cao Bằng"
04,Cao Bằng,01618,Hạnh Phúc,Xã,"Xã Hạnh Phúc, Tỉnh Cao Bằng"
04,Cao Bằng,01654,Hòa An,Xã,"Xã Hòa An, Tỉnh Cao Bằng"
04,Cao Bằng,01351,Hưng Đạo,Xã,"Xã Hưng Đạo, Tỉnh Cao Bằng"
04,Cao Bằng,01354,Huy Giáp,Xã,"Xã Huy Giáp, Tỉnh Cao Bằng"
04,Cao Bằng,01336,Khánh Xuân,Xã,"Xã Khánh Xuân, Tỉnh Cao Bằng"
04,Cao Bằng,01792,Kim Đồng,Xã,"Xã Kim Đồng, Tỉnh Cao Bằng"
04,Cao Bằng,01393,Lũng Nặm,Xã,"Xã Lũng Nặm, Tỉnh Cao Bằng"
04,Cao Bằng,01294,Lý Bôn,Xã,"Xã Lý Bôn, Tỉnh Cao Bằng"
04,Cao Bằng,01558,Lý Quốc,Xã,"Xã Lý Quốc, Tỉnh Cao Bằng"
04,Cao Bằng,01795,Minh Khai,Xã,"Xã Minh Khai, Tỉnh Cao Bằng"
04,Cao Bằng,01747,Minh Tâm,Xã,"Xã Minh Tâm, Tỉnh Cao Bằng"
04,Cao Bằng,01297,Nam Quang,Xã,"Xã Nam Quang, Tỉnh Cao Bằng"
04,Cao Bằng,01660,Nam Tuấn,Xã,"Xã Nam Tuấn, Tỉnh Cao Bằng"
04,Cao Bằng,01726,Nguyên Bình,Xã,"Xã Nguyên Bình, Tỉnh Cao Bằng"
04,Cao Bằng,01699,Nguyễn Huệ,Xã,"Xã Nguyễn Huệ, Tỉnh Cao Bằng"
04,Cao Bằng,01279,Nùng Trí Cao,Phường,"Phường Nùng Trí Cao, Tỉnh Cao Bằng"
04,Cao Bằng,01768,Phan Thanh,Xã,"Xã Phan Thanh, Tỉnh Cao Bằng"
04,Cao Bằng,01648,Phục Hòa,Xã,"Xã Phục Hòa, Tỉnh Cao Bằng"
04,Cao Bằng,01456,Quang Hán,Xã,"Xã Quang Hán, Tỉnh Cao Bằng"
04,Cao Bằng,01304,Quảng Lâm,Xã,"Xã Quảng Lâm, Tỉnh Cao Bằng"
04,Cao Bằng,01552,Quang Long,Xã,"Xã Quang Long, Tỉnh Cao Bằng"
04,Cao Bằng,01465,Quang Trung,Xã,"Xã Quang Trung, Tỉnh Cao Bằng"
04,Cao Bằng,01576,Quảng Uyên,Xã,"Xã Quảng Uyên, Tỉnh Cao Bằng"
04,Cao Bằng,01360,Sơn Lộ,Xã,"Xã Sơn Lộ, Tỉnh Cao Bằng"
04,Cao Bằng,01774,Tam Kim,Xã,"Xã Tam Kim, Tỉnh Cao Bằng"
04,Cao Bằng,01288,Tân Giang,Phường,"Phường Tân Giang, Tỉnh Cao Bằng"
04,Cao Bằng,01807,Thạch An,Xã,"Xã Thạch An, Tỉnh Cao Bằng"
04,Cao Bằng,01777,Thành Công,Xã,"Xã Thành Công, Tỉnh Cao Bằng"
04,Cao Bằng,01387,Thanh Long,Xã,"Xã Thanh Long, Tỉnh Cao Bằng"
04,Cao Bằng,01363,Thông Nông,Xã,"Xã Thông Nông, Tỉnh Cao Bằng"
04,Cao Bằng,01273,Thục Phán,Phường,"Phường Thục Phán, Tỉnh Cao Bằng"
04,Cao Bằng,01729,Tĩnh Túc,Xã,"Xã Tĩnh Túc, Tỉnh Cao Bằng"
04,Cao Bằng,01414,Tổng Cọt,Xã,"Xã Tổng Cọt, Tỉnh Cao Bằng"
04,Cao Bằng,01447,Trà Lĩnh,Xã,"Xã Trà Lĩnh, Tỉnh Cao Bằng"
04,Cao Bằng,01477,Trùng Khánh,Xã,"Xã Trùng Khánh, Tỉnh Cao Bằng"
04,Cao Bằng,01392,Trường Hà,Xã,"Xã Trường Hà, Tỉnh Cao Bằng"
04,Cao Bằng,01537,Vinh Quý,Xã,"Xã Vinh Quý, Tỉnh Cao Bằng"
04,Cao Bằng,01339,Xuân Trường,Xã,"Xã Xuân Trường, Tỉnh Cao Bằng"
04,Cao Bằng,01318,Yên Thổ,Xã,"Xã Yên Thổ, Tỉnh Cao Bằng"
48,Đà Nẵng,20458,A Vương,Xã,"Xã A Vương, Thành phố Đà Nẵng"
48,Đà Nẵng,20275,An Hải,Phường,"Phường An Hải, Thành phố Đà Nẵng"
48,Đà Nẵng,20305,An Khê,Phường,"Phường An Khê, Thành phố Đà Nẵng"
48,Đà Nẵng,20575,An Thắng,Phường,"Phường An Thắng, Thành phố Đà Nẵng"
48,Đà Nẵng,20308,Bà Nà,Xã,"Xã Bà Nà, Thành phố Đà Nẵng"
48,Đà Nẵng,20335,Bàn Thạch,Phường,"Phường Bàn Thạch, Thành phố Đà Nẵng"
48,Đà Nẵng,20710,Bến Giằng,Xã,"Xã Bến Giằng, Thành phố Đà Nẵng"
48,Đà Nẵng,20494,Bến Hiên,Xã,"Xã Bến Hiên, Thành phố Đà Nẵng"
48,Đà Nẵng,20260,Cẩm Lệ,Phường,"Phường Cẩm Lệ, Thành phố Đà Nẵng"
48,Đà Nẵng,20364,Chiên Đàn,Xã,"Xã Chiên Đàn, Thành phố Đà Nẵng"
48,Đà Nẵng,20635,Duy Nghĩa,Xã,"Xã Duy Nghĩa, Thành phố Đà Nẵng"
48,Đà Nẵng,20623,Duy Xuyên,Xã,"Xã Duy Xuyên, Thành phố Đà Nẵng"
48,Đà Nẵng,20333,Đặc khu Hoàng Sa,Xã,"Xã Đặc khu Hoàng Sa, Thành phố Đà Nẵng"
48,Đà Nẵng,20716,Đắc Pring,Xã,"Xã Đắc Pring, Thành phố Đà Nẵng"
48,Đà Nẵng,20500,Đại Lộc,Xã,"Xã Đại Lộc, Thành phố Đà Nẵng"
48,Đà Nẵng,20551,Điện Bàn,Phường,"Phường Điện Bàn, Thành phố Đà Nẵng"
48,Đà Nẵng,20557,Điện Bàn Bắc,Phường,"Phường Điện Bàn Bắc, Thành phố Đà Nẵng"
48,Đà Nẵng,20579,Điện Bàn Đông,Phường,"Phường Điện Bàn Đông, Thành phố Đà Nẵng"
48,Đà Nẵng,20569,Điện Bàn Tây,Xã,"Xã Điện Bàn Tây, Thành phố Đà Nẵng"
48,Đà Nẵng,20818,Đồng Dương,Xã,"Xã Đồng Dương, Thành phố Đà Nẵng"
48,Đà Nẵng,20467,Đông Giang,Xã,"Xã Đông Giang, Thành phố Đà Nẵng"
48,Đà Nẵng,20977,Đức Phú,Xã,"Xã Đức Phú, Thành phố Đà Nẵng"
48,Đà Nẵng,20587,Gò Nổi,Xã,"Xã Gò Nổi, Thành phố Đà Nẵng"
48,Đà Nẵng,20515,Hà Nha,Xã,"Xã Hà Nha, Thành phố Đà Nẵng"
48,Đà Nẵng,20242,Hải Châu,Phường,"Phường Hải Châu, Thành phố Đà Nẵng"
48,Đà Nẵng,20194,Hải Vân,Phường,"Phường Hải Vân, Thành phố Đà Nẵng"
48,Đà Nẵng,20779,Hiệp Đức,Xã,"Xã Hiệp Đức, Thành phố Đà Nẵng"
48,Đà Nẵng,20257,Hòa Cường,Phường,"Phường Hòa Cường, Thành phố Đà Nẵng"
48,Đà Nẵng,20200,Hòa Khánh,Phường,"Phường Hòa Khánh, Thành phố Đà Nẵng"
48,Đà Nẵng,20332,Hòa Tiến,Xã,"Xã Hòa Tiến, Thành phố Đà Nẵng"
48,Đà Nẵng,20320,Hòa Vang,Xã,"Xã Hòa Vang, Thành phố Đà Nẵng"
48,Đà Nẵng,20314,Hòa Xuân,Phường,"Phường Hòa Xuân, Thành phố Đà Nẵng"
48,Đà Nẵng,20410,Hội An,Phường,"Phường Hội An, Thành phố Đà Nẵng"
48,Đà Nẵng,20413,Hội An Đông,Phường,"Phường Hội An Đông, Thành phố Đà Nẵng"
48,Đà Nẵng,20401,Hội An Tây,Phường,"Phường Hội An Tây, Thành phố Đà Nẵng"
48,Đà Nẵng,20443,Hùng Sơn,Xã,"Xã Hùng Sơn, Thành phố Đà Nẵng"
48,Đà Nẵng,20350,Hương Trà,Phường,"Phường Hương Trà, Thành phố Đà Nẵng"
48,Đà Nẵng,20722,Khâm Đức,Xã,"Xã Khâm Đức, Thành phố Đà Nẵng"
48,Đà Nẵng,20704,La Dêê,Xã,"Xã La Dêê, Thành phố Đà Nẵng"
48,Đà Nẵng,20698,La Êê,Xã,"Xã La Êê, Thành phố Đà Nẵng"
48,Đà Nẵng,20875,Lãnh Ngọc,Xã,"Xã Lãnh Ngọc, Thành phố Đà Nẵng"
48,Đà Nẵng,20197,Liên Chiểu,Phường,"Phường Liên Chiểu, Thành phố Đà Nẵng"
48,Đà Nẵng,20707,Nam Giang,Xã,"Xã Nam Giang, Thành phố Đà Nẵng"
48,Đà Nẵng,20599,Nam Phước,Xã,"Xã Nam Phước, Thành phố Đà Nẵng"
48,Đà Nẵng,20944,Nam Trà My,Xã,"Xã Nam Trà My, Thành phố Đà Nẵng"
48,Đà Nẵng,20285,Ngũ Hành Sơn,Phường,"Phường Ngũ Hành Sơn, Thành phố Đà Nẵng"
48,Đà Nẵng,20656,Nông Sơn,Xã,"Xã Nông Sơn, Thành phố Đà Nẵng"
48,Đà Nẵng,20965,Núi Thành,Xã,"Xã Núi Thành, Thành phố Đà Nẵng"
48,Đà Nẵng,20392,Phú Ninh,Xã,"Xã Phú Ninh, Thành phố Đà Nẵng"
48,Đà Nẵng,20542,Phú Thuận,Xã,"Xã Phú Thuận, Thành phố Đà Nẵng"
48,Đà Nẵng,20740,Phước Chánh,Xã,"Xã Phước Chánh, Thành phố Đà Nẵng"
48,Đà Nẵng,20728,Phước Hiệp,Xã,"Xã Phước Hiệp, Thành phố Đà Nẵng"
48,Đà Nẵng,20734,Phước Năng,Xã,"Xã Phước Năng, Thành phố Đà Nẵng"
48,Đà Nẵng,20752,Phước Thành,Xã,"Xã Phước Thành, Thành phố Đà Nẵng"
48,Đà Nẵng,20770,Phước Trà,Xã,"Xã Phước Trà, Thành phố Đà Nẵng"
48,Đà Nẵng,20356,Quảng Phú,Phường,"Phường Quảng Phú, Thành phố Đà Nẵng"
48,Đà Nẵng,20669,Quế Phước,Xã,"Xã Quế Phước, Thành phố Đà Nẵng"
48,Đà Nẵng,20641,Quế Sơn,Xã,"Xã Quế Sơn, Thành phố Đà Nẵng"
48,Đà Nẵng,20662,Quế Sơn Trung,Xã,"Xã Quế Sơn Trung, Thành phố Đà Nẵng"
48,Đà Nẵng,20857,Sơn Cẩm Hà,Xã,"Xã Sơn Cẩm Hà, Thành phố Đà Nẵng"
48,Đà Nẵng,20263,Sơn Trà,Phường,"Phường Sơn Trà, Thành phố Đà Nẵng"
48,Đà Nẵng,20476,Sông Kôn,Xã,"Xã Sông Kôn, Thành phố Đà Nẵng"
48,Đà Nẵng,20485,Sông Vàng,Xã,"Xã Sông Vàng, Thành phố Đà Nẵng"
48,Đà Nẵng,20984,Tam Anh,Xã,"Xã Tam Anh, Thành phố Đà Nẵng"
48,Đà Nẵng,20992,Tam Hải,Xã,"Xã Tam Hải, Thành phố Đà Nẵng"
48,Đà Nẵng,20341,Tam Kỳ,Phường,"Phường Tam Kỳ, Thành phố Đà Nẵng"
48,Đà Nẵng,21004,Tam Mỹ,Xã,"Xã Tam Mỹ, Thành phố Đà Nẵng"
48,Đà Nẵng,20971,Tam Xuân,Xã,"Xã Tam Xuân, Thành phố Đà Nẵng"
48,Đà Nẵng,20434,Tân Hiệp,Xã,"Xã Tân Hiệp, Thành phố Đà Nẵng"
48,Đà Nẵng,20455,Tây Giang,Xã,"Xã Tây Giang, Thành phố Đà Nẵng"
48,Đà Nẵng,20380,Tây Hồ,Xã,"Xã Tây Hồ, Thành phố Đà Nẵng"
48,Đà Nẵng,20794,Thăng An,Xã,"Xã Thăng An, Thành phố Đà Nẵng"
48,Đà Nẵng,20791,Thăng Bình,Xã,"Xã Thăng Bình, Thành phố Đà Nẵng"
48,Đà Nẵng,20848,Thăng Điền,Xã,"Xã Thăng Điền, Thành phố Đà Nẵng"
48,Đà Nẵng,20827,Thăng Phú,Xã,"Xã Thăng Phú, Thành phố Đà Nẵng"
48,Đà Nẵng,20836,Thăng Trường,Xã,"Xã Thăng Trường, Thành phố Đà Nẵng"
48,Đà Nẵng,20878,Thạnh Bình,Xã,"Xã Thạnh Bình, Thành phố Đà Nẵng"
48,Đà Nẵng,20209,Thanh Khê,Phường,"Phường Thanh Khê, Thành phố Đà Nẵng"
48,Đà Nẵng,20695,Thạnh Mỹ,Xã,"Xã Thạnh Mỹ, Thành phố Đà Nẵng"
48,Đà Nẵng,20611,Thu Bồn,Xã,"Xã Thu Bồn, Thành phố Đà Nẵng"
48,Đà Nẵng,20506,Thượng Đức,Xã,"Xã Thượng Đức, Thành phố Đà Nẵng"
48,Đà Nẵng,20854,Tiên Phước,Xã,"Xã Tiên Phước, Thành phố Đà Nẵng"
48,Đà Nẵng,20920,Trà Đốc,Xã,"Xã Trà Đốc, Thành phố Đà Nẵng"
48,Đà Nẵng,20929,Trà Giáp,Xã,"Xã Trà Giáp, Thành phố Đà Nẵng"
48,Đà Nẵng,20938,Trà Leng,Xã,"Xã Trà Leng, Thành phố Đà Nẵng"
48,Đà Nẵng,20908,Trà Liên,Xã,"Xã Trà Liên, Thành phố Đà Nẵng"
48,Đà Nẵng,20950,Trà Linh,Xã,"Xã Trà Linh, Thành phố Đà Nẵng"
48,Đà Nẵng,20900,Trà My,Xã,"Xã Trà My, Thành phố Đà Nẵng"
48,Đà Nẵng,20923,Trà Tân,Xã,"Xã Trà Tân, Thành phố Đà Nẵng"
48,Đà Nẵng,20941,Trà Tập,Xã,"Xã Trà Tập, Thành phố Đà Nẵng"
48,Đà Nẵng,20959,Trà Vân,Xã,"Xã Trà Vân, Thành phố Đà Nẵng"
48,Đà Nẵng,20767,Việt An,Xã,"Xã Việt An, Thành phố Đà Nẵng"
48,Đà Nẵng,20539,Vu Gia,Xã,"Xã Vu Gia, Thành phố Đà Nẵng"
48,Đà Nẵng,20650,Xuân Phú,Xã,"Xã Xuân Phú, Thành phố Đà Nẵng"
66,Đắk Lắk,22045,Bình Kiến,Phường,"Phường Bình Kiến, Tỉnh Đắk Lắk"
66,Đắk Lắk,24235,Buôn Đôn,Xã,"Xã Buôn Đôn, Tỉnh Đắk Lắk"
66,Đắk Lắk,24305,Buôn Hồ,Phường,"Phường Buôn Hồ, Tỉnh Đắk Lắk"
66,Đắk Lắk,24133,Buôn Ma Thuột,Phường,"Phường Buôn Ma Thuột, Tỉnh Đắk Lắk"
66,Đắk Lắk,24340,Cư Bao,Phường,"Phường Cư Bao, Tỉnh Đắk Lắk"
66,Đắk Lắk,24436,Cư M'ta,Xã,"Xã Cư M'ta, Tỉnh Đắk Lắk"
66,Đắk Lắk,24280,Cư M’gar,Xã,"Xã Cư M’gar, Tỉnh Đắk Lắk"
66,Đắk Lắk,24313,Cư Pơng,Xã,"Xã Cư Pơng, Tỉnh Đắk Lắk"
66,Đắk Lắk,24415,Cư Prao,Xã,"Xã Cư Prao, Tỉnh Đắk Lắk"
66,Đắk Lắk,24478,Cư Pui,Xã,"Xã Cư Pui, Tỉnh Đắk Lắk"
66,Đắk Lắk,24406,Cư Yang,Xã,"Xã Cư Yang, Tỉnh Đắk Lắk"
66,Đắk Lắk,24301,Cuôr Đăng,Xã,"Xã Cuôr Đăng, Tỉnh Đắk Lắk"
66,Đắk Lắk,24454,Dang Kang,Xã,"Xã Dang Kang, Tỉnh Đắk Lắk"
66,Đắk Lắk,24346,Dliê Ya,Xã,"Xã Dliê Ya, Tỉnh Đắk Lắk"
66,Đắk Lắk,24561,Dray Bhăng,Xã,"Xã Dray Bhăng, Tỉnh Đắk Lắk"
66,Đắk Lắk,24568,Dur Kmăl,Xã,"Xã Dur Kmăl, Tỉnh Đắk Lắk"
66,Đắk Lắk,24595,Đắk Liêng,Xã,"Xã Đắk Liêng, Tỉnh Đắk Lắk"
66,Đắk Lắk,24598,Đắk Phơi,Xã,"Xã Đắk Phơi, Tỉnh Đắk Lắk"
66,Đắk Lắk,22258,Đông Hòa,Phường,"Phường Đông Hòa, Tỉnh Đắk Lắk"
66,Đắk Lắk,22081,Đồng Xuân,Xã,"Xã Đồng Xuân, Tỉnh Đắk Lắk"
66,Đắk Lắk,22222,Đức Bình,Xã,"Xã Đức Bình, Tỉnh Đắk Lắk"
66,Đắk Lắk,22225,Ea Bá,Xã,"Xã Ea Bá, Tỉnh Đắk Lắk"
66,Đắk Lắk,24229,Ea Bung,Xã,"Xã Ea Bung, Tỉnh Đắk Lắk"
66,Đắk Lắk,24181,Ea Drăng,Xã,"Xã Ea Drăng, Tỉnh Đắk Lắk"
66,Đắk Lắk,24328,Ea Drông,Xã,"Xã Ea Drông, Tỉnh Đắk Lắk"
66,Đắk Lắk,24184,Ea H'leo,Xã,"Xã Ea H'leo, Tỉnh Đắk Lắk"
66,Đắk Lắk,24187,Ea Hiao,Xã,"Xã Ea Hiao, Tỉnh Đắk Lắk"
66,Đắk Lắk,24169,Ea Kao,Phường,"Phường Ea Kao, Tỉnh Đắk Lắk"
66,Đắk Lắk,24373,Ea Kar,Xã,"Xã Ea Kar, Tỉnh Đắk Lắk"
66,Đắk Lắk,24208,Ea Khăl,Xã,"Xã Ea Khăl, Tỉnh Đắk Lắk"
66,Đắk Lắk,24265,Ea Kiết,Xã,"Xã Ea Kiết, Tỉnh Đắk Lắk"
66,Đắk Lắk,24496,Ea Kly,Xã,"Xã Ea Kly, Tỉnh Đắk Lắk"
66,Đắk Lắk,24376,Ea Knốp,Xã,"Xã Ea Knốp, Tỉnh Đắk Lắk"
66,Đắk Lắk,24505,Ea Knuếc,Xã,"Xã Ea Knuếc, Tỉnh Đắk Lắk"
66,Đắk Lắk,24544,Ea Ktur,Xã,"Xã Ea Ktur, Tỉnh Đắk Lắk"
66,Đắk Lắk,22237,Ea Ly,Xã,"Xã Ea Ly, Tỉnh Đắk Lắk"
66,Đắk Lắk,24286,Ea M’Droh,Xã,"Xã Ea M’Droh, Tỉnh Đắk Lắk"
66,Đắk Lắk,24559,Ea Na,Xã,"Xã Ea Na, Tỉnh Đắk Lắk"
66,Đắk Lắk,24540,Ea Ning,Xã,"Xã Ea Ning, Tỉnh Đắk Lắk"
66,Đắk Lắk,24250,Ea Nuôl,Xã,"Xã Ea Nuôl, Tỉnh Đắk Lắk"
66,Đắk Lắk,24403,Ea Ô,Xã,"Xã Ea Ô, Tỉnh Đắk Lắk"
66,Đắk Lắk,24400,Ea Păl,Xã,"Xã Ea Păl, Tỉnh Đắk Lắk"
66,Đắk Lắk,24502,Ea Phê,Xã,"Xã Ea Phê, Tỉnh Đắk Lắk"
66,Đắk Lắk,24433,Ea Riêng,Xã,"Xã Ea Riêng, Tỉnh Đắk Lắk"
66,Đắk Lắk,24217,Ea Rốk,Xã,"Xã Ea Rốk, Tỉnh Đắk Lắk"
66,Đắk Lắk,24211,Ea Súp,Xã,"Xã Ea Súp, Tỉnh Đắk Lắk"
66,Đắk Lắk,24445,Ea Trang,Xã,"Xã Ea Trang, Tỉnh Đắk Lắk"
66,Đắk Lắk,24277,Ea Tul,Xã,"Xã Ea Tul, Tỉnh Đắk Lắk"
66,Đắk Lắk,24241,Ea Wer,Xã,"Xã Ea Wer, Tỉnh Đắk Lắk"
66,Đắk Lắk,24193,Ea Wy,Xã,"Xã Ea Wy, Tỉnh Đắk Lắk"
66,Đắk Lắk,22261,Hòa Hiệp,Phường,"Phường Hòa Hiệp, Tỉnh Đắk Lắk"
66,Đắk Lắk,22285,Hòa Mỹ,Xã,"Xã Hòa Mỹ, Tỉnh Đắk Lắk"
66,Đắk Lắk,24175,Hòa Phú,Xã,"Xã Hòa Phú, Tỉnh Đắk Lắk"
66,Đắk Lắk,24472,Hòa Sơn,Xã,"Xã Hòa Sơn, Tỉnh Đắk Lắk"
66,Đắk Lắk,22276,Hòa Thịnh,Xã,"Xã Hòa Thịnh, Tỉnh Đắk Lắk"
66,Đắk Lắk,22291,Hòa Xuân,Xã,"Xã Hòa Xuân, Tỉnh Đắk Lắk"
66,Đắk Lắk,24214,Ia Lốp,Xã,"Xã Ia Lốp, Tỉnh Đắk Lắk"
66,Đắk Lắk,24221,Ia Rvê,Xã,"Xã Ia Rvê, Tỉnh Đắk Lắk"
66,Đắk Lắk,24444,Krông Á,Xã,"Xã Krông Á, Tỉnh Đắk Lắk"
66,Đắk Lắk,24538,Krông Ana,Xã,"Xã Krông Ana, Tỉnh Đắk Lắk"
66,Đắk Lắk,24448,Krông Bông,Xã,"Xã Krông Bông, Tỉnh Đắk Lắk"
66,Đắk Lắk,24310,Krông Búk,Xã,"Xã Krông Búk, Tỉnh Đắk Lắk"
66,Đắk Lắk,24343,Krông Năng,Xã,"Xã Krông Năng, Tỉnh Đắk Lắk"
66,Đắk Lắk,24604,Krông Nô,Xã,"Xã Krông Nô, Tỉnh Đắk Lắk"
66,Đắk Lắk,24490,Krông Pắc,Xã,"Xã Krông Pắc, Tỉnh Đắk Lắk"
66,Đắk Lắk,24580,Liên Sơn Lắk,Xã,"Xã Liên Sơn Lắk, Tỉnh Đắk Lắk"
66,Đắk Lắk,24412,M'Đrắk,Xã,"Xã M'Đrắk, Tỉnh Đắk Lắk"
66,Đắk Lắk,24607,Nam Ka,Xã,"Xã Nam Ka, Tỉnh Đắk Lắk"
66,Đắk Lắk,22147,Ô Loan,Xã,"Xã Ô Loan, Tỉnh Đắk Lắk"
66,Đắk Lắk,22319,Phú Hòa 1,Xã,"Xã Phú Hòa 1, Tỉnh Đắk Lắk"
66,Đắk Lắk,22303,Phú Hòa 2,Xã,"Xã Phú Hòa 2, Tỉnh Đắk Lắk"
66,Đắk Lắk,22096,Phú Mỡ,Xã,"Xã Phú Mỡ, Tỉnh Đắk Lắk"
66,Đắk Lắk,24364,Phú Xuân,Xã,"Xã Phú Xuân, Tỉnh Đắk Lắk"
66,Đắk Lắk,22240,Phú Yên,Phường,"Phường Phú Yên, Tỉnh Đắk Lắk"
66,Đắk Lắk,24316,Pơng Drang,Xã,"Xã Pơng Drang, Tỉnh Đắk Lắk"
66,Đắk Lắk,24259,Quảng Phú,Xã,"Xã Quảng Phú, Tỉnh Đắk Lắk"
66,Đắk Lắk,22165,Sơn Hòa,Xã,"Xã Sơn Hòa, Tỉnh Đắk Lắk"
66,Đắk Lắk,22250,Sơn Thành,Xã,"Xã Sơn Thành, Tỉnh Đắk Lắk"
66,Đắk Lắk,22051,Sông Cầu,Phường,"Phường Sông Cầu, Tỉnh Đắk Lắk"
66,Đắk Lắk,22207,Sông Hinh,Xã,"Xã Sông Hinh, Tỉnh Đắk Lắk"
66,Đắk Lắk,22192,Suối Trai,Xã,"Xã Suối Trai, Tỉnh Đắk Lắk"
66,Đắk Lắk,24352,Tam Giang,Xã,"Xã Tam Giang, Tỉnh Đắk Lắk"
66,Đắk Lắk,24163,Tân An,Phường,"Phường Tân An, Tỉnh Đắk Lắk"
66,Đắk Lắk,24121,Tân Lập,Phường,"Phường Tân Lập, Tỉnh Đắk Lắk"
66,Đắk Lắk,24526,Tân Tiến,Xã,"Xã Tân Tiến, Tỉnh Đắk Lắk"
66,Đắk Lắk,22255,Tây Hòa,Xã,"Xã Tây Hòa, Tỉnh Đắk Lắk"
66,Đắk Lắk,22171,Tây Sơn,Xã,"Xã Tây Sơn, Tỉnh Đắk Lắk"
66,Đắk Lắk,24154,Thành Nhất,Phường,"Phường Thành Nhất, Tỉnh Đắk Lắk"
66,Đắk Lắk,22114,Tuy An Bắc,Xã,"Xã Tuy An Bắc, Tỉnh Đắk Lắk"
66,Đắk Lắk,22120,Tuy An Đông,Xã,"Xã Tuy An Đông, Tỉnh Đắk Lắk"
66,Đắk Lắk,22153,Tuy An Nam,Xã,"Xã Tuy An Nam, Tỉnh Đắk Lắk"
66,Đắk Lắk,22132,Tuy An Tây,Xã,"Xã Tuy An Tây, Tỉnh Đắk Lắk"
66,Đắk Lắk,22015,Tuy Hòa,Phường,"Phường Tuy Hòa, Tỉnh Đắk Lắk"
66,Đắk Lắk,22177,Vân Hòa,Xã,"Xã Vân Hòa, Tỉnh Đắk Lắk"
66,Đắk Lắk,24529,Vụ Bổn,Xã,"Xã Vụ Bổn, Tỉnh Đắk Lắk"
66,Đắk Lắk,22060,Xuân Cảnh,Xã,"Xã Xuân Cảnh, Tỉnh Đắk Lắk"
66,Đắk Lắk,22076,Xuân Đài,Phường,"Phường Xuân Đài, Tỉnh Đắk Lắk"
66,Đắk Lắk,22090,Xuân Lãnh,Xã,"Xã Xuân Lãnh, Tỉnh Đắk Lắk"
66,Đắk Lắk,22057,Xuân Lộc,Xã,"Xã Xuân Lộc, Tỉnh Đắk Lắk"
66,Đắk Lắk,22111,Xuân Phước,Xã,"Xã Xuân Phước, Tỉnh Đắk Lắk"
66,Đắk Lắk,22075,Xuân Thọ,Xã,"Xã Xuân Thọ, Tỉnh Đắk Lắk"
66,Đắk Lắk,24484,Yang Mao,Xã,"Xã Yang Mao, Tỉnh Đắk Lắk"
11,Điện Biên,03301,Búng Lao,Xã,"Xã Búng Lao, Tỉnh Điện Biên"
11,Điện Biên,03175,Chà Tở,Xã,"Xã Chà Tở, Tỉnh Điện Biên"
11,Điện Biên,03283,Chiềng Sinh,Xã,"Xã Chiềng Sinh, Tỉnh Điện Biên"
11,Điện Biên,03127,Điện Biên Phủ,Phường,"Phường Điện Biên Phủ, Tỉnh Điện Biên"
11,Điện Biên,03256,Mường Ảng,Xã,"Xã Mường Ảng, Tỉnh Điện Biên"
11,Điện Biên,03166,Mường Chà,Xã,"Xã Mường Chà, Tỉnh Điện Biên"
11,Điện Biên,03313,Mường Lạn,Xã,"Xã Mường Lạn, Tỉnh Điện Biên"
11,Điện Biên,03151,Mường Lay,Phường,"Phường Mường Lay, Tỉnh Điện Biên"
11,Điện Biên,03214,Mường Luân,Xã,"Xã Mường Luân, Tỉnh Điện Biên"
11,Điện Biên,03268,Mường Mùn,Xã,"Xã Mường Mùn, Tỉnh Điện Biên"
11,Điện Biên,03368,Mường Nhà,Xã,"Xã Mường Nhà, Tỉnh Điện Biên"
11,Điện Biên,03160,Mường Nhé,Xã,"Xã Mường Nhé, Tỉnh Điện Biên"
11,Điện Biên,03325,Mường Phăng,Xã,"Xã Mường Phăng, Tỉnh Điện Biên"
11,Điện Biên,03202,Mường Pồn,Xã,"Xã Mường Pồn, Tỉnh Điện Biên"
11,Điện Biên,03334,Mường Thanh,Phường,"Phường Mường Thanh, Tỉnh Điện Biên"
11,Điện Biên,03163,Mường Toong,Xã,"Xã Mường Toong, Tỉnh Điện Biên"
11,Điện Biên,03181,Mường Tùng,Xã,"Xã Mường Tùng, Tỉnh Điện Biên"
11,Điện Biên,03176,Nà Bủng,Xã,"Xã Nà Bủng, Tỉnh Điện Biên"
11,Điện Biên,03169,Nà Hỳ,Xã,"Xã Nà Hỳ, Tỉnh Điện Biên"
11,Điện Biên,03172,Na Sang,Xã,"Xã Na Sang, Tỉnh Điện Biên"
11,Điện Biên,03203,Na Son,Xã,"Xã Na Son, Tỉnh Điện Biên"
11,Điện Biên,03316,Nà Tấu,Xã,"Xã Nà Tấu, Tỉnh Điện Biên"
11,Điện Biên,03162,Nậm Kè,Xã,"Xã Nậm Kè, Tỉnh Điện Biên"
11,Điện Biên,03194,Nậm Nèn,Xã,"Xã Nậm Nèn, Tỉnh Điện Biên"
11,Điện Biên,03358,Núa Ngam,Xã,"Xã Núa Ngam, Tỉnh Điện Biên"
11,Điện Biên,03193,Pa Ham,Xã,"Xã Pa Ham, Tỉnh Điện Biên"
11,Điện Biên,03382,Phình Giàng,Xã,"Xã Phình Giàng, Tỉnh Điện Biên"
11,Điện Biên,03370,Pu Nhi,Xã,"Xã Pu Nhi, Tỉnh Điện Biên"
11,Điện Biên,03260,Pú Nhung,Xã,"Xã Pú Nhung, Tỉnh Điện Biên"
11,Điện Biên,03295,Quài Tở,Xã,"Xã Quài Tở, Tỉnh Điện Biên"
11,Điện Biên,03164,Quảng Lâm,Xã,"Xã Quảng Lâm, Tỉnh Điện Biên"
11,Điện Biên,03356,Sam Mứn,Xã,"Xã Sam Mứn, Tỉnh Điện Biên"
11,Điện Biên,03244,Sáng Nhè,Xã,"Xã Sáng Nhè, Tỉnh Điện Biên"
11,Điện Biên,03199,Si Pa Phìn,Xã,"Xã Si Pa Phìn, Tỉnh Điện Biên"
11,Điện Biên,03226,Sín Chải,Xã,"Xã Sín Chải, Tỉnh Điện Biên"
11,Điện Biên,03158,Sín Thầu,Xã,"Xã Sín Thầu, Tỉnh Điện Biên"
11,Điện Biên,03241,Sính Phình,Xã,"Xã Sính Phình, Tỉnh Điện Biên"
11,Điện Biên,03352,Thanh An,Xã,"Xã Thanh An, Tỉnh Điện Biên"
11,Điện Biên,03328,Thanh Nưa,Xã,"Xã Thanh Nưa, Tỉnh Điện Biên"
11,Điện Biên,03349,Thanh Yên,Xã,"Xã Thanh Yên, Tỉnh Điện Biên"
11,Điện Biên,03385,Tìa Dình,Xã,"Xã Tìa Dình, Tỉnh Điện Biên"
11,Điện Biên,03217,Tủa Chùa,Xã,"Xã Tủa Chùa, Tỉnh Điện Biên"
11,Điện Biên,03220,Tủa Thàng,Xã,"Xã Tủa Thàng, Tỉnh Điện Biên"
11,Điện Biên,03253,Tuần Giáo,Xã,"Xã Tuần Giáo, Tỉnh Điện Biên"
11,Điện Biên,03208,Xa Dung,Xã,"Xã Xa Dung, Tỉnh Điện Biên"
75,Đồng Nai,25333,An Lộc,Phường,"Phường An Lộc, Tỉnh Đồng Nai"
75,Đồng Nai,26383,An Phước,Xã,"Xã An Phước, Tỉnh Đồng Nai"
75,Đồng Nai,26296,An Viễn,Xã,"Xã An Viễn, Tỉnh Đồng Nai"
75,Đồng Nai,26098,Bảo Vinh,Phường,"Phường Bảo Vinh, Tỉnh Đồng Nai"
75,Đồng Nai,26254,Bàu Hàm,Xã,"Xã Bàu Hàm, Tỉnh Đồng Nai"
75,Đồng Nai,26068,Biên Hòa,Phường,"Phường Biên Hòa, Tỉnh Đồng Nai"
75,Đồng Nai,26389,Bình An,Xã,"Xã Bình An, Tỉnh Đồng Nai"
75,Đồng Nai,26089,Bình Lộc,Phường,"Phường Bình Lộc, Tỉnh Đồng Nai"
75,Đồng Nai,25326,Bình Long,Phường,"Phường Bình Long, Tỉnh Đồng Nai"
75,Đồng Nai,26278,Bình Minh,Xã,"Xã Bình Minh, Tỉnh Đồng Nai"
75,Đồng Nai,25195,Bình Phước,Phường,"Phường Bình Phước, Tỉnh Đồng Nai"
75,Đồng Nai,25246,Bình Tân,Xã,"Xã Bình Tân, Tỉnh Đồng Nai"
75,Đồng Nai,25405,Bom Bo,Xã,"Xã Bom Bo, Tỉnh Đồng Nai"
75,Đồng Nai,25396,Bù Đăng,Xã,"Xã Bù Đăng, Tỉnh Đồng Nai"
75,Đồng Nai,25222,Bù Gia Mập,Xã,"Xã Bù Gia Mập, Tỉnh Đồng Nai"
75,Đồng Nai,26341,Cẩm Mỹ,Xã,"Xã Cẩm Mỹ, Tỉnh Đồng Nai"
75,Đồng Nai,25432,Chơn Thành,Phường,"Phường Chơn Thành, Tỉnh Đồng Nai"
75,Đồng Nai,26326,Dầu Giây,Xã,"Xã Dầu Giây, Tỉnh Đồng Nai"
75,Đồng Nai,25231,Đa Kia,Xã,"Xã Đa Kia, Tỉnh Đồng Nai"
75,Đồng Nai,26491,Đại Phước,Xã,"Xã Đại Phước, Tỉnh Đồng Nai"
75,Đồng Nai,26119,Đak Lua,Xã,"Xã Đak Lua, Tỉnh Đồng Nai"
75,Đồng Nai,25399,Đak Nhau,Xã,"Xã Đak Nhau, Tỉnh Đồng Nai"
75,Đồng Nai,25225,Đăk Ơ,Xã,"Xã Đăk Ơ, Tỉnh Đồng Nai"
75,Đồng Nai,26206,Định Quán,Xã,"Xã Định Quán, Tỉnh Đồng Nai"
75,Đồng Nai,25363,Đồng Phú,Xã,"Xã Đồng Phú, Tỉnh Đồng Nai"
75,Đồng Nai,25390,Đồng Tâm,Xã,"Xã Đồng Tâm, Tỉnh Đồng Nai"
75,Đồng Nai,25210,Đồng Xoài,Phường,"Phường Đồng Xoài, Tỉnh Đồng Nai"
75,Đồng Nai,26311,Gia Kiệm,Xã,"Xã Gia Kiệm, Tỉnh Đồng Nai"
75,Đồng Nai,26113,Hàng Gòn,Phường,"Phường Hàng Gòn, Tỉnh Đồng Nai"
75,Đồng Nai,26005,Hố Nai,Phường,"Phường Hố Nai, Tỉnh Đồng Nai"
75,Đồng Nai,25309,Hưng Phước,Xã,"Xã Hưng Phước, Tỉnh Đồng Nai"
75,Đồng Nai,26281,Hưng Thịnh,Xã,"Xã Hưng Thịnh, Tỉnh Đồng Nai"
75,Đồng Nai,26227,La Ngà,Xã,"Xã La Ngà, Tỉnh Đồng Nai"
75,Đồng Nai,25303,Lộc Hưng,Xã,"Xã Lộc Hưng, Tỉnh Đồng Nai"
75,Đồng Nai,25270,Lộc Ninh,Xã,"Xã Lộc Ninh, Tỉnh Đồng Nai"
75,Đồng Nai,25292,Lộc Quang,Xã,"Xã Lộc Quang, Tỉnh Đồng Nai"
75,Đồng Nai,25279,Lộc Tấn,Xã,"Xã Lộc Tấn, Tỉnh Đồng Nai"
75,Đồng Nai,25294,Lộc Thành,Xã,"Xã Lộc Thành, Tỉnh Đồng Nai"
75,Đồng Nai,25280,Lộc Thạnh,Xã,"Xã Lộc Thạnh, Tỉnh Đồng Nai"
75,Đồng Nai,26020,Long Bình,Phường,"Phường Long Bình, Tỉnh Đồng Nai"
75,Đồng Nai,25255,Long Hà,Xã,"Xã Long Hà, Tỉnh Đồng Nai"
75,Đồng Nai,26380,Long Hưng,Phường,"Phường Long Hưng, Tỉnh Đồng Nai"
75,Đồng Nai,26080,Long Khánh,Phường,"Phường Long Khánh, Tỉnh Đồng Nai"
75,Đồng Nai,26413,Long Phước,Xã,"Xã Long Phước, Tỉnh Đồng Nai"
75,Đồng Nai,26368,Long Thành,Xã,"Xã Long Thành, Tỉnh Đồng Nai"
75,Đồng Nai,25349,Minh Đức,Xã,"Xã Minh Đức, Tỉnh Đồng Nai"
75,Đồng Nai,25441,Minh Hưng,Phường,"Phường Minh Hưng, Tỉnh Đồng Nai"
75,Đồng Nai,26122,Nam Cát Tiên,Xã,"Xã Nam Cát Tiên, Tỉnh Đồng Nai"
75,Đồng Nai,25417,Nghĩa Trung,Xã,"Xã Nghĩa Trung, Tỉnh Đồng Nai"
75,Đồng Nai,25450,Nha Bích,Xã,"Xã Nha Bích, Tỉnh Đồng Nai"
75,Đồng Nai,26485,Nhơn Trạch,Xã,"Xã Nhơn Trạch, Tỉnh Đồng Nai"
75,Đồng Nai,26221,Phú Hòa,Xã,"Xã Phú Hòa, Tỉnh Đồng Nai"
75,Đồng Nai,26158,Phú Lâm,Xã,"Xã Phú Lâm, Tỉnh Đồng Nai"
75,Đồng Nai,26173,Phú Lý,Xã,"Xã Phú Lý, Tỉnh Đồng Nai"
75,Đồng Nai,25267,Phú Nghĩa,Xã,"Xã Phú Nghĩa, Tỉnh Đồng Nai"
75,Đồng Nai,25252,Phú Riềng,Xã,"Xã Phú Riềng, Tỉnh Đồng Nai"
75,Đồng Nai,25261,Phú Trung,Xã,"Xã Phú Trung, Tỉnh Đồng Nai"
75,Đồng Nai,26215,Phú Vinh,Xã,"Xã Phú Vinh, Tỉnh Đồng Nai"
75,Đồng Nai,26503,Phước An,Xã,"Xã Phước An, Tỉnh Đồng Nai"
75,Đồng Nai,25220,Phước Bình,Phường,"Phường Phước Bình, Tỉnh Đồng Nai"
75,Đồng Nai,25217,Phước Long,Phường,"Phường Phước Long, Tỉnh Đồng Nai"
75,Đồng Nai,25420,Phước Sơn,Xã,"Xã Phước Sơn, Tỉnh Đồng Nai"
75,Đồng Nai,26377,Phước Tân,Phường,"Phường Phước Tân, Tỉnh Đồng Nai"
75,Đồng Nai,26422,Phước Thái,Xã,"Xã Phước Thái, Tỉnh Đồng Nai"
75,Đồng Nai,26362,Sông Ray,Xã,"Xã Sông Ray, Tỉnh Đồng Nai"
75,Đồng Nai,26134,Tà Lài,Xã,"Xã Tà Lài, Tỉnh Đồng Nai"
75,Đồng Nai,26017,Tam Hiệp,Phường,"Phường Tam Hiệp, Tỉnh Đồng Nai"
75,Đồng Nai,26374,Tam Phước,Phường,"Phường Tam Phước, Tỉnh Đồng Nai"
75,Đồng Nai,26179,Tân An,Xã,"Xã Tân An, Tỉnh Đồng Nai"
75,Đồng Nai,25345,Tân Hưng,Xã,"Xã Tân Hưng, Tỉnh Đồng Nai"
75,Đồng Nai,25357,Tân Khai,Xã,"Xã Tân Khai, Tỉnh Đồng Nai"
75,Đồng Nai,25378,Tân Lợi,Xã,"Xã Tân Lợi, Tỉnh Đồng Nai"
75,Đồng Nai,26116,Tân Phú,Xã,"Xã Tân Phú, Tỉnh Đồng Nai"
75,Đồng Nai,25351,Tân Quan,Xã,"Xã Tân Quan, Tỉnh Đồng Nai"
75,Đồng Nai,25318,Tân Tiến,Xã,"Xã Tân Tiến, Tỉnh Đồng Nai"
75,Đồng Nai,26188,Tân Triều,Phường,"Phường Tân Triều, Tỉnh Đồng Nai"
75,Đồng Nai,26209,Thanh Sơn,Xã,"Xã Thanh Sơn, Tỉnh Đồng Nai"
75,Đồng Nai,25308,Thiện Hưng,Xã,"Xã Thiện Hưng, Tỉnh Đồng Nai"
75,Đồng Nai,25402,Thọ Sơn,Xã,"Xã Thọ Sơn, Tỉnh Đồng Nai"
75,Đồng Nai,26299,Thống Nhất,Xã,"Xã Thống Nhất, Tỉnh Đồng Nai"
75,Đồng Nai,25387,Thuận Lợi,Xã,"Xã Thuận Lợi, Tỉnh Đồng Nai"
75,Đồng Nai,26041,Trấn Biên,Phường,"Phường Trấn Biên, Tỉnh Đồng Nai"
75,Đồng Nai,26248,Trảng Bom,Xã,"Xã Trảng Bom, Tỉnh Đồng Nai"
75,Đồng Nai,25993,Trảng Dài,Phường,"Phường Trảng Dài, Tỉnh Đồng Nai"
75,Đồng Nai,26170,Trị An,Xã,"Xã Trị An, Tỉnh Đồng Nai"
75,Đồng Nai,26428,Xuân Bắc,Xã,"Xã Xuân Bắc, Tỉnh Đồng Nai"
75,Đồng Nai,26461,Xuân Định,Xã,"Xã Xuân Định, Tỉnh Đồng Nai"
75,Đồng Nai,26359,Xuân Đông,Xã,"Xã Xuân Đông, Tỉnh Đồng Nai"
75,Đồng Nai,26347,Xuân Đường,Xã,"Xã Xuân Đường, Tỉnh Đồng Nai"
75,Đồng Nai,26446,Xuân Hòa,Xã,"Xã Xuân Hòa, Tỉnh Đồng Nai"
75,Đồng Nai,26104,Xuân Lập,Phường,"Phường Xuân Lập, Tỉnh Đồng Nai"
75,Đồng Nai,26425,Xuân Lộc,Xã,"Xã Xuân Lộc, Tỉnh Đồng Nai"
75,Đồng Nai,26458,Xuân Phú,Xã,"Xã Xuân Phú, Tỉnh Đồng Nai"
75,Đồng Nai,26332,Xuân Quế,Xã,"Xã Xuân Quế, Tỉnh Đồng Nai"
75,Đồng Nai,26434,Xuân Thành,Xã,"Xã Xuân Thành, Tỉnh Đồng Nai"
82,Đồng Tháp,29954,An Bình,Phường,"Phường An Bình, Tỉnh Đồng Tháp"
82,Đồng Tháp,30019,An Hòa,Xã,"Xã An Hòa, Tỉnh Đồng Tháp"
82,Đồng Tháp,28429,An Hữu,Xã,"Xã An Hữu, Tỉnh Đồng Tháp"
82,Đồng Tháp,30028,An Long,Xã,"Xã An Long, Tỉnh Đồng Tháp"
82,Đồng Tháp,29944,An Phước,Xã,"Xã An Phước, Tỉnh Đồng Tháp"
82,Đồng Tháp,28633,An Thạnh Thủy,Xã,"Xã An Thạnh Thủy, Tỉnh Đồng Tháp"
82,Đồng Tháp,30085,Ba Sao,Xã,"Xã Ba Sao, Tỉnh Đồng Tháp"
82,Đồng Tháp,30118,Bình Hàng Trung,Xã,"Xã Bình Hàng Trung, Tỉnh Đồng Tháp"
82,Đồng Tháp,28648,Bình Ninh,Xã,"Xã Bình Ninh, Tỉnh Đồng Tháp"
82,Đồng Tháp,28471,Bình Phú,Xã,"Xã Bình Phú, Tỉnh Đồng Tháp"
82,Đồng Tháp,30163,Bình Thành,Xã,"Xã Bình Thành, Tỉnh Đồng Tháp"
82,Đồng Tháp,28564,Bình Trưng,Xã,"Xã Bình Trưng, Tỉnh Đồng Tháp"
82,Đồng Tháp,28315,Bình Xuân,Phường,"Phường Bình Xuân, Tỉnh Đồng Tháp"
82,Đồng Tháp,28360,Cái Bè,Xã,"Xã Cái Bè, Tỉnh Đồng Tháp"
82,Đồng Tháp,28439,Cai Lậy,Phường,"Phường Cai Lậy, Tỉnh Đồng Tháp"
82,Đồng Tháp,29869,Cao Lãnh,Phường,"Phường Cao Lãnh, Tỉnh Đồng Tháp"
82,Đồng Tháp,28519,Châu Thành,Xã,"Xã Châu Thành, Tỉnh Đồng Tháp"
82,Đồng Tháp,28594,Chợ Gạo,Xã,"Xã Chợ Gạo, Tỉnh Đồng Tháp"
82,Đồng Tháp,28249,Đạo Thạnh,Phường,"Phường Đạo Thạnh, Tỉnh Đồng Tháp"
82,Đồng Tháp,30061,Đốc Binh Kiều,Xã,"Xã Đốc Binh Kiều, Tỉnh Đồng Tháp"
82,Đồng Tháp,28660,Đồng Sơn,Xã,"Xã Đồng Sơn, Tỉnh Đồng Tháp"
82,Đồng Tháp,28720,Gia Thuận,Xã,"Xã Gia Thuận, Tỉnh Đồng Tháp"
82,Đồng Tháp,28306,Gò Công,Phường,"Phường Gò Công, Tỉnh Đồng Tháp"
82,Đồng Tháp,28747,Gò Công Đông,Xã,"Xã Gò Công Đông, Tỉnh Đồng Tháp"
82,Đồng Tháp,28366,Hậu Mỹ,Xã,"Xã Hậu Mỹ, Tỉnh Đồng Tháp"
82,Đồng Tháp,28501,Hiệp Đức,Xã,"Xã Hiệp Đức, Tỉnh Đồng Tháp"
82,Đồng Tháp,30208,Hòa Long,Xã,"Xã Hòa Long, Tỉnh Đồng Tháp"
82,Đồng Tháp,28393,Hội Cư,Xã,"Xã Hội Cư, Tỉnh Đồng Tháp"
82,Đồng Tháp,29955,Hồng Ngự,Phường,"Phường Hồng Ngự, Tỉnh Đồng Tháp"
82,Đồng Tháp,28336,Hưng Thạnh,Xã,"Xã Hưng Thạnh, Tỉnh Đồng Tháp"
82,Đồng Tháp,28582,Kim Sơn,Xã,"Xã Kim Sơn, Tỉnh Đồng Tháp"
82,Đồng Tháp,30226,Lai Vung,Xã,"Xã Lai Vung, Tỉnh Đồng Tháp"
82,Đồng Tháp,30169,Lấp Vò,Xã,"Xã Lấp Vò, Tỉnh Đồng Tháp"
82,Đồng Tháp,28687,Long Bình,Xã,"Xã Long Bình, Tỉnh Đồng Tháp"
82,Đồng Tháp,28543,Long Định,Xã,"Xã Long Định, Tỉnh Đồng Tháp"
82,Đồng Tháp,28537,Long Hưng,Xã,"Xã Long Hưng, Tỉnh Đồng Tháp"
82,Đồng Tháp,29983,Long Khánh,Xã,"Xã Long Khánh, Tỉnh Đồng Tháp"
82,Đồng Tháp,29992,Long Phú Thuận,Xã,"Xã Long Phú Thuận, Tỉnh Đồng Tháp"
82,Đồng Tháp,28297,Long Thuận,Phường,"Phường Long Thuận, Tỉnh Đồng Tháp"
82,Đồng Tháp,28504,Long Tiên,Xã,"Xã Long Tiên, Tỉnh Đồng Tháp"
82,Đồng Tháp,28615,Lương Hòa Lạc,Xã,"Xã Lương Hòa Lạc, Tỉnh Đồng Tháp"
82,Đồng Tháp,30178,Mỹ An Hưng,Xã,"Xã Mỹ An Hưng, Tỉnh Đồng Tháp"
82,Đồng Tháp,28405,Mỹ Đức Tây,Xã,"Xã Mỹ Đức Tây, Tỉnh Đồng Tháp"
82,Đồng Tháp,30112,Mỹ Hiệp,Xã,"Xã Mỹ Hiệp, Tỉnh Đồng Tháp"
82,Đồng Tháp,28414,Mỹ Lợi,Xã,"Xã Mỹ Lợi, Tỉnh Đồng Tháp"
82,Đồng Tháp,29884,Mỹ Ngãi,Phường,"Phường Mỹ Ngãi, Tỉnh Đồng Tháp"
82,Đồng Tháp,28273,Mỹ Phong,Phường,"Phường Mỹ Phong, Tỉnh Đồng Tháp"
82,Đồng Tháp,28435,Mỹ Phước Tây,Phường,"Phường Mỹ Phước Tây, Tỉnh Đồng Tháp"
82,Đồng Tháp,30055,Mỹ Quý,Xã,"Xã Mỹ Quý, Tỉnh Đồng Tháp"
82,Đồng Tháp,28456,Mỹ Thành,Xã,"Xã Mỹ Thành, Tỉnh Đồng Tháp"
82,Đồng Tháp,28378,Mỹ Thiện,Xã,"Xã Mỹ Thiện, Tỉnh Đồng Tháp"
82,Đồng Tháp,28261,Mỹ Tho,Phường,"Phường Mỹ Tho, Tỉnh Đồng Tháp"
82,Đồng Tháp,30076,Mỹ Thọ,Xã,"Xã Mỹ Thọ, Tỉnh Đồng Tháp"
82,Đồng Tháp,28603,Mỹ Tịnh An,Xã,"Xã Mỹ Tịnh An, Tỉnh Đồng Tháp"
82,Đồng Tháp,29888,Mỹ Trà,Phường,"Phường Mỹ Trà, Tỉnh Đồng Tháp"
82,Đồng Tháp,28516,Ngũ Hiệp,Xã,"Xã Ngũ Hiệp, Tỉnh Đồng Tháp"
82,Đồng Tháp,28477,Nhị Quý,Phường,"Phường Nhị Quý, Tỉnh Đồng Tháp"
82,Đồng Tháp,30235,Phong Hòa,Xã,"Xã Phong Hòa, Tỉnh Đồng Tháp"
82,Đồng Tháp,30088,Phong Mỹ,Xã,"Xã Phong Mỹ, Tỉnh Đồng Tháp"
82,Đồng Tháp,30025,Phú Cường,Xã,"Xã Phú Cường, Tỉnh Đồng Tháp"
82,Đồng Tháp,30244,Phú Hựu,Xã,"Xã Phú Hựu, Tỉnh Đồng Tháp"
82,Đồng Tháp,28663,Phú Thành,Xã,"Xã Phú Thành, Tỉnh Đồng Tháp"
82,Đồng Tháp,30034,Phú Thọ,Xã,"Xã Phú Thọ, Tỉnh Đồng Tháp"
82,Đồng Tháp,30043,Phương Thịnh,Xã,"Xã Phương Thịnh, Tỉnh Đồng Tháp"
82,Đồng Tháp,29905,Sa Đéc,Phường,"Phường Sa Đéc, Tỉnh Đồng Tháp"
82,Đồng Tháp,28729,Sơn Quy,Phường,"Phường Sơn Quy, Tỉnh Đồng Tháp"
82,Đồng Tháp,30010,Tam Nông,Xã,"Xã Tam Nông, Tỉnh Đồng Tháp"
82,Đồng Tháp,30214,Tân Dương,Xã,"Xã Tân Dương, Tỉnh Đồng Tháp"
82,Đồng Tháp,28738,Tân Điền,Xã,"Xã Tân Điền, Tỉnh Đồng Tháp"
82,Đồng Tháp,28723,Tân Đông,Xã,"Xã Tân Đông, Tỉnh Đồng Tháp"
82,Đồng Tháp,29929,Tân Hộ Cơ,Xã,"Xã Tân Hộ Cơ, Tỉnh Đồng Tháp"
82,Đồng Tháp,28702,Tân Hòa,Xã,"Xã Tân Hòa, Tỉnh Đồng Tháp"
82,Đồng Tháp,29926,Tân Hồng,Xã,"Xã Tân Hồng, Tỉnh Đồng Tháp"
82,Đồng Tháp,28525,Tân Hương,Xã,"Xã Tân Hương, Tỉnh Đồng Tháp"
82,Đồng Tháp,30184,Tân Khánh Trung,Xã,"Xã Tân Khánh Trung, Tỉnh Đồng Tháp"
82,Đồng Tháp,30154,Tân Long,Xã,"Xã Tân Long, Tỉnh Đồng Tháp"
82,Đồng Tháp,30253,Tân Nhuận Đông,Xã,"Xã Tân Nhuận Đông, Tỉnh Đồng Tháp"
82,Đồng Tháp,28468,Tân Phú,Xã,"Xã Tân Phú, Tỉnh Đồng Tháp"
82,Đồng Tháp,28696,Tân Phú Đông,Xã,"Xã Tân Phú Đông, Tỉnh Đồng Tháp"
82,Đồng Tháp,30259,Tân Phú Trung,Xã,"Xã Tân Phú Trung, Tỉnh Đồng Tháp"
82,Đồng Tháp,28321,Tân Phước 1,Xã,"Xã Tân Phước 1, Tỉnh Đồng Tháp"
82,Đồng Tháp,28327,Tân Phước 2,Xã,"Xã Tân Phước 2, Tỉnh Đồng Tháp"
82,Đồng Tháp,28345,Tân Phước 3,Xã,"Xã Tân Phước 3, Tỉnh Đồng Tháp"
82,Đồng Tháp,29938,Tân Thành,Xã,"Xã Tân Thành, Tỉnh Đồng Tháp"
82,Đồng Tháp,30157,Tân Thạnh,Xã,"Xã Tân Thạnh, Tỉnh Đồng Tháp"
82,Đồng Tháp,28693,Tân Thới,Xã,"Xã Tân Thới, Tỉnh Đồng Tháp"
82,Đồng Tháp,28627,Tân Thuận Bình,Xã,"Xã Tân Thuận Bình, Tỉnh Đồng Tháp"
82,Đồng Tháp,30130,Thanh Bình,Xã,"Xã Thanh Bình, Tỉnh Đồng Tháp"
82,Đồng Tháp,28436,Thanh Hòa,Phường,"Phường Thanh Hòa, Tỉnh Đồng Tháp"
82,Đồng Tháp,28426,Thanh Hưng,Xã,"Xã Thanh Hưng, Tỉnh Đồng Tháp"
82,Đồng Tháp,30073,Thanh Mỹ,Xã,"Xã Thanh Mỹ, Tỉnh Đồng Tháp"
82,Đồng Tháp,28444,Thạnh Phú,Xã,"Xã Thạnh Phú, Tỉnh Đồng Tháp"
82,Đồng Tháp,30037,Tháp Mười,Xã,"Xã Tháp Mười, Tỉnh Đồng Tháp"
82,Đồng Tháp,28270,Thới Sơn,Phường,"Phường Thới Sơn, Tỉnh Đồng Tháp"
82,Đồng Tháp,29978,Thường Lạc,Phường,"Phường Thường Lạc, Tỉnh Đồng Tháp"
82,Đồng Tháp,29971,Thường Phước,Xã,"Xã Thường Phước, Tỉnh Đồng Tháp"
82,Đồng Tháp,30001,Tràm Chim,Xã,"Xã Tràm Chim, Tỉnh Đồng Tháp"
82,Đồng Tháp,28285,Trung An,Phường,"Phường Trung An, Tỉnh Đồng Tháp"
82,Đồng Tháp,30046,Trường Xuân,Xã,"Xã Trường Xuân, Tỉnh Đồng Tháp"
82,Đồng Tháp,28651,Vĩnh Bình,Xã,"Xã Vĩnh Bình, Tỉnh Đồng Tháp"
82,Đồng Tháp,28678,Vĩnh Hựu,Xã,"Xã Vĩnh Hựu, Tỉnh Đồng Tháp"
82,Đồng Tháp,28576,Vĩnh Kim,Xã,"Xã Vĩnh Kim, Tỉnh Đồng Tháp"
52,Gia Lai,23954,Al Bá,Xã,"Xã Al Bá, Tỉnh Gia Lai"
52,Gia Lai,23614,An Bình,Phường,"Phường An Bình, Tỉnh Gia Lai"
52,Gia Lai,21697,Ân Hảo,Xã,"Xã Ân Hảo, Tỉnh Gia Lai"
52,Gia Lai,21628,An Hòa,Xã,"Xã An Hòa, Tỉnh Gia Lai"
52,Gia Lai,23617,An Khê,Phường,"Phường An Khê, Tỉnh Gia Lai"
52,Gia Lai,21609,An Lão,Xã,"Xã An Lão, Tỉnh Gia Lai"
52,Gia Lai,21769,An Lương,Xã,"Xã An Lương, Tỉnh Gia Lai"
52,Gia Lai,21910,An Nhơn,Phường,"Phường An Nhơn, Tỉnh Gia Lai"
52,Gia Lai,21925,An Nhơn Bắc,Phường,"Phường An Nhơn Bắc, Tỉnh Gia Lai"
52,Gia Lai,21934,An Nhơn Đông,Phường,"Phường An Nhơn Đông, Tỉnh Gia Lai"
52,Gia Lai,21943,An Nhơn Nam,Phường,"Phường An Nhơn Nam, Tỉnh Gia Lai"
52,Gia Lai,21940,An Nhơn Tây,Xã,"Xã An Nhơn Tây, Tỉnh Gia Lai"
52,Gia Lai,23602,An Phú,Phường,"Phường An Phú, Tỉnh Gia Lai"
52,Gia Lai,21622,An Toàn,Xã,"Xã An Toàn, Tỉnh Gia Lai"
52,Gia Lai,21715,Ân Tường,Xã,"Xã Ân Tường, Tỉnh Gia Lai"
52,Gia Lai,21616,An Vinh,Xã,"Xã An Vinh, Tỉnh Gia Lai"
52,Gia Lai,23798,Ayun,Xã,"Xã Ayun, Tỉnh Gia Lai"
52,Gia Lai,24044,Ayun Pa,Phường,"Phường Ayun Pa, Tỉnh Gia Lai"
52,Gia Lai,23896,Bàu Cạn,Xã,"Xã Bàu Cạn, Tỉnh Gia Lai"
52,Gia Lai,23590,Biển Hồ,Xã,"Xã Biển Hồ, Tỉnh Gia Lai"
52,Gia Lai,21829,Bình An,Xã,"Xã Bình An, Tỉnh Gia Lai"
52,Gia Lai,21733,Bình Dương,Xã,"Xã Bình Dương, Tỉnh Gia Lai"
52,Gia Lai,21907,Bình Định,Phường,"Phường Bình Định, Tỉnh Gia Lai"
52,Gia Lai,21817,Bình Hiệp,Xã,"Xã Bình Hiệp, Tỉnh Gia Lai"
52,Gia Lai,21820,Bình Khê,Xã,"Xã Bình Khê, Tỉnh Gia Lai"
52,Gia Lai,21835,Bình Phú,Xã,"Xã Bình Phú, Tỉnh Gia Lai"
52,Gia Lai,23947,Bờ Ngoong,Xã,"Xã Bờ Ngoong, Tỉnh Gia Lai"
52,Gia Lai,21640,Bồng Sơn,Phường,"Phường Bồng Sơn, Tỉnh Gia Lai"
52,Gia Lai,21997,Canh Liên,Xã,"Xã Canh Liên, Tỉnh Gia Lai"
52,Gia Lai,22006,Canh Vinh,Xã,"Xã Canh Vinh, Tỉnh Gia Lai"
52,Gia Lai,21880,Cát Tiến,Xã,"Xã Cát Tiến, Tỉnh Gia Lai"
52,Gia Lai,23851,Chơ Long,Xã,"Xã Chơ Long, Tỉnh Gia Lai"
52,Gia Lai,24049,Chư A Thai,Xã,"Xã Chư A Thai, Tỉnh Gia Lai"
52,Gia Lai,23830,Chư Krey,Xã,"Xã Chư Krey, Tỉnh Gia Lai"
52,Gia Lai,23722,Chư Păh,Xã,"Xã Chư Păh, Tỉnh Gia Lai"
52,Gia Lai,23887,Chư Prông,Xã,"Xã Chư Prông, Tỉnh Gia Lai"
52,Gia Lai,23942,Chư Pưh,Xã,"Xã Chư Pưh, Tỉnh Gia Lai"
52,Gia Lai,23941,Chư Sê,Xã,"Xã Chư Sê, Tỉnh Gia Lai"
52,Gia Lai,23629,Cửu An,Xã,"Xã Cửu An, Tỉnh Gia Lai"
52,Gia Lai,23563,Diên Hồng,Phường,"Phường Diên Hồng, Tỉnh Gia Lai"
52,Gia Lai,23677,Đak Đoa,Xã,"Xã Đak Đoa, Tỉnh Gia Lai"
52,Gia Lai,23995,Đak Pơ,Xã,"Xã Đak Pơ, Tỉnh Gia Lai"
52,Gia Lai,23644,Đăk Roong,Xã,"Xã Đăk Roong, Tỉnh Gia Lai"
52,Gia Lai,23683,Đak Sơmei,Xã,"Xã Đak Sơmei, Tỉnh Gia Lai"
52,Gia Lai,23842,Đăk Song,Xã,"Xã Đăk Song, Tỉnh Gia Lai"
52,Gia Lai,21859,Đề Gi,Xã,"Xã Đề Gi, Tỉnh Gia Lai"
52,Gia Lai,23857,Đức Cơ,Xã,"Xã Đức Cơ, Tỉnh Gia Lai"
52,Gia Lai,23611,Gào,Xã,"Xã Gào, Tỉnh Gia Lai"
52,Gia Lai,21871,Hòa Hội,Xã,"Xã Hòa Hội, Tỉnh Gia Lai"
52,Gia Lai,21688,Hoài Ân,Xã,"Xã Hoài Ân, Tỉnh Gia Lai"
52,Gia Lai,21664,Hoài Nhơn,Phường,"Phường Hoài Nhơn, Tỉnh Gia Lai"
52,Gia Lai,21655,Hoài Nhơn Bắc,Phường,"Phường Hoài Nhơn Bắc, Tỉnh Gia Lai"
52,Gia Lai,21670,Hoài Nhơn Đông,Phường,"Phường Hoài Nhơn Đông, Tỉnh Gia Lai"
52,Gia Lai,21673,Hoài Nhơn Nam,Phường,"Phường Hoài Nhơn Nam, Tỉnh Gia Lai"
52,Gia Lai,21661,Hoài Nhơn Tây,Phường,"Phường Hoài Nhơn Tây, Tỉnh Gia Lai"
52,Gia Lai,23586,Hội Phú,Phường,"Phường Hội Phú, Tỉnh Gia Lai"
52,Gia Lai,21868,Hội Sơn,Xã,"Xã Hội Sơn, Tỉnh Gia Lai"
52,Gia Lai,23799,Hra,Xã,"Xã Hra, Tỉnh Gia Lai"
52,Gia Lai,23710,Ia Băng,Xã,"Xã Ia Băng, Tỉnh Gia Lai"
52,Gia Lai,23911,Ia Boòng,Xã,"Xã Ia Boòng, Tỉnh Gia Lai"
52,Gia Lai,23788,Ia Chia,Xã,"Xã Ia Chia, Tỉnh Gia Lai"
52,Gia Lai,23869,Ia Dơk,Xã,"Xã Ia Dơk, Tỉnh Gia Lai"
52,Gia Lai,23872,Ia Dom,Xã,"Xã Ia Dom, Tỉnh Gia Lai"
52,Gia Lai,24100,Ia Dreh,Xã,"Xã Ia Dreh, Tỉnh Gia Lai"
52,Gia Lai,23764,Ia Grai,Xã,"Xã Ia Grai, Tỉnh Gia Lai"
52,Gia Lai,24061,Ia Hiao,Xã,"Xã Ia Hiao, Tỉnh Gia Lai"
52,Gia Lai,23971,Ia Hrú,Xã,"Xã Ia Hrú, Tỉnh Gia Lai"
52,Gia Lai,23767,Ia Hrung,Xã,"Xã Ia Hrung, Tỉnh Gia Lai"
52,Gia Lai,23728,Ia Khươl,Xã,"Xã Ia Khươl, Tỉnh Gia Lai"
52,Gia Lai,23977,Ia Ko,Xã,"Xã Ia Ko, Tỉnh Gia Lai"
52,Gia Lai,23776,Ia Krái,Xã,"Xã Ia Krái, Tỉnh Gia Lai"
52,Gia Lai,23866,Ia Krêl,Xã,"Xã Ia Krêl, Tỉnh Gia Lai"
52,Gia Lai,23935,Ia Lâu,Xã,"Xã Ia Lâu, Tỉnh Gia Lai"
52,Gia Lai,23986,Ia Le,Xã,"Xã Ia Le, Tỉnh Gia Lai"
52,Gia Lai,23734,Ia Ly,Xã,"Xã Ia Ly, Tỉnh Gia Lai"
52,Gia Lai,23737,Ia Mơ,Xã,"Xã Ia Mơ, Tỉnh Gia Lai"
52,Gia Lai,23884,Ia Nan,Xã,"Xã Ia Nan, Tỉnh Gia Lai"
52,Gia Lai,23782,Ia O,Xã,"Xã Ia O, Tỉnh Gia Lai"
52,Gia Lai,24022,Ia Pa,Xã,"Xã Ia Pa, Tỉnh Gia Lai"
52,Gia Lai,23749,Ia Phí,Xã,"Xã Ia Phí, Tỉnh Gia Lai"
52,Gia Lai,23926,Ia Pia,Xã,"Xã Ia Pia, Tỉnh Gia Lai"
52,Gia Lai,23881,Ia Pnôn,Xã,"Xã Ia Pnôn, Tỉnh Gia Lai"
52,Gia Lai,23917,Ia Púch,Xã,"Xã Ia Púch, Tỉnh Gia Lai"
52,Gia Lai,24065,Ia Rbol,Xã,"Xã Ia Rbol, Tỉnh Gia Lai"
52,Gia Lai,24112,Ia Rsai,Xã,"Xã Ia Rsai, Tỉnh Gia Lai"
52,Gia Lai,24073,Ia Sao,Xã,"Xã Ia Sao, Tỉnh Gia Lai"
52,Gia Lai,23908,Ia Tôr,Xã,"Xã Ia Tôr, Tỉnh Gia Lai"
52,Gia Lai,24028,Ia Tul,Xã,"Xã Ia Tul, Tỉnh Gia Lai"
52,Gia Lai,23638,Kbang,Xã,"Xã Kbang, Tỉnh Gia Lai"
52,Gia Lai,23714,KDang,Xã,"Xã KDang, Tỉnh Gia Lai"
52,Gia Lai,21727,Kim Sơn,Xã,"Xã Kim Sơn, Tỉnh Gia Lai"
52,Gia Lai,23818,Kon Chiêng,Xã,"Xã Kon Chiêng, Tỉnh Gia Lai"
52,Gia Lai,23701,Kon Gang,Xã,"Xã Kon Gang, Tỉnh Gia Lai"
52,Gia Lai,23674,Kông Bơ La,Xã,"Xã Kông Bơ La, Tỉnh Gia Lai"
52,Gia Lai,23824,Kông Chro,Xã,"Xã Kông Chro, Tỉnh Gia Lai"
52,Gia Lai,23650,Krong,Xã,"Xã Krong, Tỉnh Gia Lai"
52,Gia Lai,23812,Lơ Pang,Xã,"Xã Lơ Pang, Tỉnh Gia Lai"
52,Gia Lai,23794,Mang Yang,Xã,"Xã Mang Yang, Tỉnh Gia Lai"
52,Gia Lai,21901,Ngô Mây,Xã,"Xã Ngô Mây, Tỉnh Gia Lai"
52,Gia Lai,21607,Nhơn Châu,Xã,"Xã Nhơn Châu, Tỉnh Gia Lai"
52,Gia Lai,21853,Phù Cát,Xã,"Xã Phù Cát, Tỉnh Gia Lai"
52,Gia Lai,21730,Phù Mỹ,Xã,"Xã Phù Mỹ, Tỉnh Gia Lai"
52,Gia Lai,21739,Phù Mỹ Bắc,Xã,"Xã Phù Mỹ Bắc, Tỉnh Gia Lai"
52,Gia Lai,21751,Phù Mỹ Đông,Xã,"Xã Phù Mỹ Đông, Tỉnh Gia Lai"
52,Gia Lai,21775,Phù Mỹ Nam,Xã,"Xã Phù Mỹ Nam, Tỉnh Gia Lai"
52,Gia Lai,21757,Phù Mỹ Tây,Xã,"Xã Phù Mỹ Tây, Tỉnh Gia Lai"
52,Gia Lai,24043,Phú Thiện,Xã,"Xã Phú Thiện, Tỉnh Gia Lai"
52,Gia Lai,24076,Phú Túc,Xã,"Xã Phú Túc, Tỉnh Gia Lai"
52,Gia Lai,23575,Pleiku,Phường,"Phường Pleiku, Tỉnh Gia Lai"
52,Gia Lai,24013,Pờ Tó,Xã,"Xã Pờ Tó, Tỉnh Gia Lai"
52,Gia Lai,21583,Quy Nhơn,Phường,"Phường Quy Nhơn, Tỉnh Gia Lai"
52,Gia Lai,21553,Quy Nhơn Bắc,Phường,"Phường Quy Nhơn Bắc, Tỉnh Gia Lai"
52,Gia Lai,21601,Quy Nhơn Đông,Phường,"Phường Quy Nhơn Đông, Tỉnh Gia Lai"
52,Gia Lai,21592,Quy Nhơn Nam,Phường,"Phường Quy Nhơn Nam, Tỉnh Gia Lai"
52,Gia Lai,21589,Quy Nhơn Tây,Phường,"Phường Quy Nhơn Tây, Tỉnh Gia Lai"
52,Gia Lai,23647,Sơn Lang,Xã,"Xã Sơn Lang, Tỉnh Gia Lai"
52,Gia Lai,23839,SRó,Xã,"Xã SRó, Tỉnh Gia Lai"
52,Gia Lai,21637,Tam Quan,Phường,"Phường Tam Quan, Tỉnh Gia Lai"
52,Gia Lai,21808,Tây Sơn,Xã,"Xã Tây Sơn, Tỉnh Gia Lai"
52,Gia Lai,23584,Thống Nhất,Phường,"Phường Thống Nhất, Tỉnh Gia Lai"
52,Gia Lai,23668,Tơ Tung,Xã,"Xã Tơ Tung, Tỉnh Gia Lai"
52,Gia Lai,21952,Tuy Phước,Xã,"Xã Tuy Phước, Tỉnh Gia Lai"
52,Gia Lai,21964,Tuy Phước Bắc,Xã,"Xã Tuy Phước Bắc, Tỉnh Gia Lai"
52,Gia Lai,21970,Tuy Phước Đông,Xã,"Xã Tuy Phước Đông, Tỉnh Gia Lai"
52,Gia Lai,21985,Tuy Phước Tây,Xã,"Xã Tuy Phước Tây, Tỉnh Gia Lai"
52,Gia Lai,24109,Uar,Xã,"Xã Uar, Tỉnh Gia Lai"
52,Gia Lai,21994,Vân Canh,Xã,"Xã Vân Canh, Tỉnh Gia Lai"
52,Gia Lai,21703,Vạn Đức,Xã,"Xã Vạn Đức, Tỉnh Gia Lai"
52,Gia Lai,21805,Vĩnh Quang,Xã,"Xã Vĩnh Quang, Tỉnh Gia Lai"
52,Gia Lai,21787,Vĩnh Sơn,Xã,"Xã Vĩnh Sơn, Tỉnh Gia Lai"
52,Gia Lai,21786,Vĩnh Thạnh,Xã,"Xã Vĩnh Thạnh, Tỉnh Gia Lai"
52,Gia Lai,21796,Vĩnh Thịnh,Xã,"Xã Vĩnh Thịnh, Tỉnh Gia Lai"
52,Gia Lai,21892,Xuân An,Xã,"Xã Xuân An, Tỉnh Gia Lai"
52,Gia Lai,24007,Ya Hội,Xã,"Xã Ya Hội, Tỉnh Gia Lai"
52,Gia Lai,23833,Ya Ma,Xã,"Xã Ya Ma, Tỉnh Gia Lai"
01,Hà Nội,09877,An Khánh,Xã,"Xã An Khánh, Thành phố Hà Nội"
01,Hà Nội,00004,Ba Đình,Phường,"Phường Ba Đình, Thành phố Hà Nội"
01,Hà Nội,09700,Ba Vì,Xã,"Xã Ba Vì, Thành phố Hà Nội"
01,Hà Nội,00292,Bạch Mai,Phường,"Phường Bạch Mai, Thành phố Hà Nội"
01,Hà Nội,09676,Bất Bạt,Xã,"Xã Bất Bạt, Thành phố Hà Nội"
01,Hà Nội,00577,Bát Tràng,Xã,"Xã Bát Tràng, Thành phố Hà Nội"
01,Hà Nội,10141,Bình Minh,Xã,"Xã Bình Minh, Thành phố Hà Nội"
01,Hà Nội,00118,Bồ Đề,Phường,"Phường Bồ Đề, Thành phố Hà Nội"
01,Hà Nội,00166,Cầu Giấy,Phường,"Phường Cầu Giấy, Thành phố Hà Nội"
01,Hà Nội,10237,Chương Dương,Xã,"Xã Chương Dương, Thành phố Hà Nội"
01,Hà Nội,10015,Chương Mỹ,Phường,"Phường Chương Mỹ, Thành phố Hà Nội"
01,Hà Nội,10330,Chuyên Mỹ,Xã,"Xã Chuyên Mỹ, Thành phố Hà Nội"
01,Hà Nội,09634,Cổ Đô,Xã,"Xã Cổ Đô, Thành phố Hà Nội"
01,Hà Nội,00082,Cửa Nam,Phường,"Phường Cửa Nam, Thành phố Hà Nội"
01,Hà Nội,10180,Dân Hòa,Xã,"Xã Dân Hòa, Thành phố Hà Nội"
01,Hà Nội,09856,Dương Hòa,Xã,"Xã Dương Hòa, Thành phố Hà Nội"
01,Hà Nội,09886,Dương Nội,Phường,"Phường Dương Nội, Thành phố Hà Nội"
01,Hà Nội,00430,Đa Phúc,Xã,"Xã Đa Phúc, Thành phố Hà Nội"
01,Hà Nội,00637,Đại Mỗ,Phường,"Phường Đại Mỗ, Thành phố Hà Nội"
01,Hà Nội,00664,Đại Thanh,Xã,"Xã Đại Thanh, Thành phố Hà Nội"
01,Hà Nội,10333,Đại Xuyên,Xã,"Xã Đại Xuyên, Thành phố Hà Nội"
01,Hà Nội,09784,Đan Phượng,Xã,"Xã Đan Phượng, Thành phố Hà Nội"
01,Hà Nội,00316,Định Công,Phường,"Phường Định Công, Thành phố Hà Nội"
01,Hà Nội,09616,Đoài Phương,Xã,"Xã Đoài Phương, Thành phố Hà Nội"
01,Hà Nội,00454,Đông Anh,Xã,"Xã Đông Anh, Thành phố Hà Nội"
01,Hà Nội,00235,Đống Đa,Phường,"Phường Đống Đa, Thành phố Hà Nội"
01,Hà Nội,00602,Đông Ngạc,Phường,"Phường Đông Ngạc, Thành phố Hà Nội"
01,Hà Nội,00565,Gia Lâm,Xã,"Xã Gia Lâm, Thành phố Hà Nội"
01,Hà Nội,00025,Giảng Võ,Phường,"Phường Giảng Võ, Thành phố Hà Nội"
01,Hà Nội,09982,Hạ Bằng,Xã,"Xã Hạ Bằng, Thành phố Hà Nội"
01,Hà Nội,09556,Hà Đông,Phường,"Phường Hà Đông, Thành phố Hà Nội"
01,Hà Nội,00256,Hai Bà Trưng,Phường,"Phường Hai Bà Trưng, Thành phố Hà Nội"
01,Hà Nội,09772,Hát Môn,Xã,"Xã Hát Môn, Thành phố Hà Nội"
01,Hà Nội,09988,Hòa Lạc,Xã,"Xã Hòa Lạc, Thành phố Hà Nội"
01,Hà Nội,10096,Hòa Phú,Xã,"Xã Hòa Phú, Thành phố Hà Nội"
01,Hà Nội,10417,Hòa Xá,Xã,"Xã Hòa Xá, Thành phố Hà Nội"
01,Hà Nội,09832,Hoài Đức,Xã,"Xã Hoài Đức, Thành phố Hà Nội"
01,Hà Nội,00070,Hoàn Kiếm,Phường,"Phường Hoàn Kiếm, Thành phố Hà Nội"
01,Hà Nội,00337,Hoàng Liệt,Phường,"Phường Hoàng Liệt, Thành phố Hà Nội"
01,Hà Nội,00331,Hoàng Mai,Phường,"Phường Hoàng Mai, Thành phố Hà Nội"
01,Hà Nội,00097,Hồng Hà,Phường,"Phường Hồng Hà, Thành phố Hà Nội"
01,Hà Nội,10465,Hồng Sơn,Xã,"Xã Hồng Sơn, Thành phố Hà Nội"
01,Hà Nội,10210,Hồng Vân,Xã,"Xã Hồng Vân, Thành phố Hà Nội"
01,Hà Nội,09931,Hưng Đạo,Xã,"Xã Hưng Đạo, Thành phố Hà Nội"
01,Hà Nội,10489,Hương Sơn,Xã,"Xã Hương Sơn, Thành phố Hà Nội"
01,Hà Nội,00364,Khương Đình,Phường,"Phường Khương Đình, Thành phố Hà Nội"
01,Hà Nội,09552,Kiến Hưng,Phường,"Phường Kiến Hưng, Thành phố Hà Nội"
01,Hà Nội,09910,Kiều Phú,Xã,"Xã Kiều Phú, Thành phố Hà Nội"
01,Hà Nội,00382,Kim Anh,Xã,"Xã Kim Anh, Thành phố Hà Nội"
01,Hà Nội,00229,Kim Liên,Phường,"Phường Kim Liên, Thành phố Hà Nội"
01,Hà Nội,00199,Láng,Phường,"Phường Láng, Thành phố Hà Nội"
01,Hà Nội,09787,Liên Minh,Xã,"Xã Liên Minh, Thành phố Hà Nội"
01,Hà Nội,00328,Lĩnh Nam,Phường,"Phường Lĩnh Nam, Thành phố Hà Nội"
01,Hà Nội,00145,Long Biên,Phường,"Phường Long Biên, Thành phố Hà Nội"
01,Hà Nội,09022,Mê Linh,Xã,"Xã Mê Linh, Thành phố Hà Nội"
01,Hà Nội,09661,Minh Châu,Xã,"Xã Minh Châu, Thành phố Hà Nội"
01,Hà Nội,10441,Mỹ Đức,Xã,"Xã Mỹ Đức, Thành phố Hà Nội"
01,Hà Nội,00685,Nam Phù,Xã,"Xã Nam Phù, Thành phố Hà Nội"
01,Hà Nội,00160,Nghĩa Đô,Phường,"Phường Nghĩa Đô, Thành phố Hà Nội"
01,Hà Nội,00008,Ngọc Hà,Phường,"Phường Ngọc Hà, Thành phố Hà Nội"
01,Hà Nội,00679,Ngọc Hồi,Xã,"Xã Ngọc Hồi, Thành phố Hà Nội"
01,Hà Nội,00433,Nội Bài,Xã,"Xã Nội Bài, Thành phố Hà Nội"
01,Hà Nội,00190,Ô Chợ Dừa,Phường,"Phường Ô Chợ Dừa, Thành phố Hà Nội"
01,Hà Nội,09817,Ô Diên,Xã,"Xã Ô Diên, Thành phố Hà Nội"
01,Hà Nội,09952,Phú Cát,Xã,"Xã Phú Cát, Thành phố Hà Nội"
01,Hà Nội,00619,Phú Diễn,Phường,"Phường Phú Diễn, Thành phố Hà Nội"
01,Hà Nội,00541,Phù Đổng,Xã,"Xã Phù Đổng, Thành phố Hà Nội"
01,Hà Nội,09568,Phú Lương,Phường,"Phường Phú Lương, Thành phố Hà Nội"
01,Hà Nội,10030,Phú Nghĩa,Xã,"Xã Phú Nghĩa, Thành phố Hà Nội"
01,Hà Nội,00091,Phú Thượng,Phường,"Phường Phú Thượng, Thành phố Hà Nội"
01,Hà Nội,10273,Phú Xuyên,Xã,"Xã Phú Xuyên, Thành phố Hà Nội"
01,Hà Nội,09739,Phúc Lộc,Xã,"Xã Phúc Lộc, Thành phố Hà Nội"
01,Hà Nội,00136,Phúc Lợi,Phường,"Phường Phúc Lợi, Thành phố Hà Nội"
01,Hà Nội,10459,Phúc Sơn,Xã,"Xã Phúc Sơn, Thành phố Hà Nội"
01,Hà Nội,00466,Phúc Thịnh,Xã,"Xã Phúc Thịnh, Thành phố Hà Nội"
01,Hà Nội,09715,Phúc Thọ,Xã,"Xã Phúc Thọ, Thành phố Hà Nội"
01,Hà Nội,10279,Phượng Dực,Xã,"Xã Phượng Dực, Thành phố Hà Nội"
01,Hà Nội,00352,Phương Liệt,Phường,"Phường Phương Liệt, Thành phố Hà Nội"
01,Hà Nội,10072,Quảng Bị,Xã,"Xã Quảng Bị, Thành phố Hà Nội"
01,Hà Nội,08974,Quang Minh,Xã,"Xã Quang Minh, Thành phố Hà Nội"
01,Hà Nội,09619,Quảng Oai,Xã,"Xã Quảng Oai, Thành phố Hà Nội"
01,Hà Nội,09895,Quốc Oai,Xã,"Xã Quốc Oai, Thành phố Hà Nội"
01,Hà Nội,00376,Sóc Sơn,Xã,"Xã Sóc Sơn, Thành phố Hà Nội"
01,Hà Nội,09871,Sơn Đồng,Xã,"Xã Sơn Đồng, Thành phố Hà Nội"
01,Hà Nội,09574,Sơn Tây,Phường,"Phường Sơn Tây, Thành phố Hà Nội"
01,Hà Nội,09694,Suối Hai,Xã,"Xã Suối Hai, Thành phố Hà Nội"
01,Hà Nội,10144,Tam Hưng,Xã,"Xã Tam Hưng, Thành phố Hà Nội"
01,Hà Nội,00103,Tây Hồ,Phường,"Phường Tây Hồ, Thành phố Hà Nội"
01,Hà Nội,00634,Tây Mỗ,Phường,"Phường Tây Mỗ, Thành phố Hà Nội"
01,Hà Nội,10003,Tây Phương,Xã,"Xã Tây Phương, Thành phố Hà Nội"
01,Hà Nội,00613,Tây Tựu,Phường,"Phường Tây Tựu, Thành phố Hà Nội"
01,Hà Nội,09955,Thạch Thất,Xã,"Xã Thạch Thất, Thành phố Hà Nội"
01,Hà Nội,00643,Thanh Liệt,Phường,"Phường Thanh Liệt, Thành phố Hà Nội"
01,Hà Nội,10114,Thanh Oai,Xã,"Xã Thanh Oai, Thành phố Hà Nội"
01,Hà Nội,00640,Thanh Trì,Xã,"Xã Thanh Trì, Thành phố Hà Nội"
01,Hà Nội,00367,Thanh Xuân,Phường,"Phường Thanh Xuân, Thành phố Hà Nội"
01,Hà Nội,00493,Thiên Lộc,Xã,"Xã Thiên Lộc, Thành phố Hà Nội"
01,Hà Nội,00475,Thư Lâm,Xã,"Xã Thư Lâm, Thành phố Hà Nội"
01,Hà Nội,00562,Thuận An,Xã,"Xã Thuận An, Thành phố Hà Nội"
01,Hà Nội,00598,Thượng Cát,Phường,"Phường Thượng Cát, Thành phố Hà Nội"
01,Hà Nội,10231,Thượng Phúc,Xã,"Xã Thượng Phúc, Thành phố Hà Nội"
01,Hà Nội,10183,Thường Tín,Xã,"Xã Thường Tín, Thành phố Hà Nội"
01,Hà Nội,08995,Tiến Thắng,Xã,"Xã Tiến Thắng, Thành phố Hà Nội"
01,Hà Nội,10081,Trần Phú,Xã,"Xã Trần Phú, Thành phố Hà Nội"
01,Hà Nội,00385,Trung Giã,Xã,"Xã Trung Giã, Thành phố Hà Nội"
01,Hà Nội,00592,Từ Liêm,Phường,"Phường Từ Liêm, Thành phố Hà Nội"
01,Hà Nội,09604,Tùng Thiện,Phường,"Phường Tùng Thiện, Thành phố Hà Nội"
01,Hà Nội,00322,Tương Mai,Phường,"Phường Tương Mai, Thành phố Hà Nội"
01,Hà Nội,10402,Ứng Hòa,Xã,"Xã Ứng Hòa, Thành phố Hà Nội"
01,Hà Nội,10369,Ứng Thiên,Xã,"Xã Ứng Thiên, Thành phố Hà Nội"
01,Hà Nội,10354,Vân Đình,Xã,"Xã Vân Đình, Thành phố Hà Nội"
01,Hà Nội,00226,Văn Miếu - Quốc Tử Giám,Phường,"Phường Văn Miếu - Quốc Tử Giám, Thành phố Hà Nội"
01,Hà Nội,09664,Vật Lại,Xã,"Xã Vật Lại, Thành phố Hà Nội"
01,Hà Nội,00127,Việt Hưng,Phường,"Phường Việt Hưng, Thành phố Hà Nội"
01,Hà Nội,00301,Vĩnh Hưng,Phường,"Phường Vĩnh Hưng, Thành phố Hà Nội"
01,Hà Nội,00508,Vĩnh Thanh,Xã,"Xã Vĩnh Thanh, Thành phố Hà Nội"
01,Hà Nội,00283,Vĩnh Tuy,Phường,"Phường Vĩnh Tuy, Thành phố Hà Nội"
01,Hà Nội,00611,Xuân Đỉnh,Phường,"Phường Xuân Đỉnh, Thành phố Hà Nội"
01,Hà Nội,10018,Xuân Mai,Xã,"Xã Xuân Mai, Thành phố Hà Nội"
01,Hà Nội,00622,Xuân Phương,Phường,"Phường Xuân Phương, Thành phố Hà Nội"
01,Hà Nội,09706,Yên Bài,Xã,"Xã Yên Bài, Thành phố Hà Nội"
01,Hà Nội,00175,Yên Hòa,Phường,"Phường Yên Hòa, Thành phố Hà Nội"
01,Hà Nội,08980,Yên Lãng,Xã,"Xã Yên Lãng, Thành phố Hà Nội"
01,Hà Nội,09562,Yên Nghĩa,Phường,"Phường Yên Nghĩa, Thành phố Hà Nội"
01,Hà Nội,00340,Yên Sở,Phường,"Phường Yên Sở, Thành phố Hà Nội"
01,Hà Nội,04930,Yên Xuân,Xã,"Xã Yên Xuân, Thành phố Hà Nội"
42,Hà Tĩnh,18115,Bắc Hồng Lĩnh,Phường,"Phường Bắc Hồng Lĩnh, Tỉnh Hà Tĩnh"
42,Hà Tĩnh,18685,Cẩm Bình,Xã,"Xã Cẩm Bình, Tỉnh Hà Tĩnh"
42,Hà Tĩnh,18739,Cẩm Duệ,Xã,"Xã Cẩm Duệ, Tỉnh Hà Tĩnh"
42,Hà Tĩnh,18736,Cẩm Hưng,Xã,"Xã Cẩm Hưng, Tỉnh Hà Tĩnh"
42,Hà Tĩnh,18748,Cẩm Lạc,Xã,"Xã Cẩm Lạc, Tỉnh Hà Tĩnh"
42,Hà Tĩnh,18742,Cẩm Trung,Xã,"Xã Cẩm Trung, Tỉnh Hà Tĩnh"
42,Hà Tĩnh,18673,Cẩm Xuyên,Xã,"Xã Cẩm Xuyên, Tỉnh Hà Tĩnh"
42,Hà Tĩnh,18406,Can Lộc,Xã,"Xã Can Lộc, Tỉnh Hà Tĩnh"
42,Hà Tĩnh,18394,Cổ Đạm,Xã,"Xã Cổ Đạm, Tỉnh Hà Tĩnh"
42,Hà Tĩnh,18364,Đan Hải,Xã,"Xã Đan Hải, Tỉnh Hà Tĩnh"
42,Hà Tĩnh,18586,Đông Kinh,Xã,"Xã Đông Kinh, Tỉnh Hà Tĩnh"
42,Hà Tĩnh,18484,Đồng Lộc,Xã,"Xã Đồng Lộc, Tỉnh Hà Tĩnh"
42,Hà Tĩnh,18619,Đồng Tiến,Xã,"Xã Đồng Tiến, Tỉnh Hà Tĩnh"
42,Hà Tĩnh,18304,Đức Đồng,Xã,"Xã Đức Đồng, Tỉnh Hà Tĩnh"
42,Hà Tĩnh,18244,Đức Minh,Xã,"Xã Đức Minh, Tỉnh Hà Tĩnh"
42,Hà Tĩnh,18262,Đức Quang,Xã,"Xã Đức Quang, Tỉnh Hà Tĩnh"
42,Hà Tĩnh,18277,Đức Thịnh,Xã,"Xã Đức Thịnh, Tỉnh Hà Tĩnh"
42,Hà Tĩnh,18229,Đức Thọ,Xã,"Xã Đức Thọ, Tỉnh Hà Tĩnh"
42,Hà Tĩnh,18466,Gia Hanh,Xã,"Xã Gia Hanh, Tỉnh Hà Tĩnh"
42,Hà Tĩnh,18652,Hà Huy Tập,Phường,"Phường Hà Huy Tập, Tỉnh Hà Tĩnh"
42,Hà Tĩnh,18502,Hà Linh,Xã,"Xã Hà Linh, Tỉnh Hà Tĩnh"
42,Hà Tĩnh,18781,Hải Ninh,Phường,"Phường Hải Ninh, Tỉnh Hà Tĩnh"
42,Hà Tĩnh,18832,Hoành Sơn,Phường,"Phường Hoành Sơn, Tỉnh Hà Tĩnh"
42,Hà Tĩnh,18409,Hồng Lộc,Xã,"Xã Hồng Lộc, Tỉnh Hà Tĩnh"
42,Hà Tĩnh,18523,Hương Bình,Xã,"Xã Hương Bình, Tỉnh Hà Tĩnh"
42,Hà Tĩnh,18550,Hương Đô,Xã,"Xã Hương Đô, Tỉnh Hà Tĩnh"
42,Hà Tĩnh,18496,Hương Khê,Xã,"Xã Hương Khê, Tỉnh Hà Tĩnh"
42,Hà Tĩnh,18532,Hương Phố,Xã,"Xã Hương Phố, Tỉnh Hà Tĩnh"
42,Hà Tĩnh,18133,Hương Sơn,Xã,"Xã Hương Sơn, Tỉnh Hà Tĩnh"
42,Hà Tĩnh,18544,Hương Xuân,Xã,"Xã Hương Xuân, Tỉnh Hà Tĩnh"
42,Hà Tĩnh,18223,Kim Hoa,Xã,"Xã Kim Hoa, Tỉnh Hà Tĩnh"
42,Hà Tĩnh,18775,Kỳ Anh,Xã,"Xã Kỳ Anh, Tỉnh Hà Tĩnh"
42,Hà Tĩnh,18814,Kỳ Hoa,Xã,"Xã Kỳ Hoa, Tỉnh Hà Tĩnh"
42,Hà Tĩnh,18790,Kỳ Khang,Xã,"Xã Kỳ Khang, Tỉnh Hà Tĩnh"
42,Hà Tĩnh,18838,Kỳ Lạc,Xã,"Xã Kỳ Lạc, Tỉnh Hà Tĩnh"
42,Hà Tĩnh,18844,Kỳ Thượng,Xã,"Xã Kỳ Thượng, Tỉnh Hà Tĩnh"
42,Hà Tĩnh,18787,Kỳ Văn,Xã,"Xã Kỳ Văn, Tỉnh Hà Tĩnh"
42,Hà Tĩnh,18766,Kỳ Xuân,Xã,"Xã Kỳ Xuân, Tỉnh Hà Tĩnh"
42,Hà Tĩnh,18568,Lộc Hà,Xã,"Xã Lộc Hà, Tỉnh Hà Tĩnh"
42,Hà Tĩnh,18322,Mai Hoa,Xã,"Xã Mai Hoa, Tỉnh Hà Tĩnh"
42,Hà Tĩnh,18583,Mai Phụ,Xã,"Xã Mai Phụ, Tỉnh Hà Tĩnh"
42,Hà Tĩnh,18118,Nam Hồng Lĩnh,Phường,"Phường Nam Hồng Lĩnh, Tỉnh Hà Tĩnh"
42,Hà Tĩnh,18352,Nghi Xuân,Xã,"Xã Nghi Xuân, Tỉnh Hà Tĩnh"
42,Hà Tĩnh,18547,Phúc Trạch,Xã,"Xã Phúc Trạch, Tỉnh Hà Tĩnh"
42,Hà Tĩnh,18184,Sơn Giang,Xã,"Xã Sơn Giang, Tỉnh Hà Tĩnh"
42,Hà Tĩnh,18160,Sơn Hồng,Xã,"Xã Sơn Hồng, Tỉnh Hà Tĩnh"
42,Hà Tĩnh,18196,Sơn Kim 1,Xã,"Xã Sơn Kim 1, Tỉnh Hà Tĩnh"
42,Hà Tĩnh,18199,Sơn Kim 2,Xã,"Xã Sơn Kim 2, Tỉnh Hà Tĩnh"
42,Hà Tĩnh,18172,Sơn Tây,Xã,"Xã Sơn Tây, Tỉnh Hà Tĩnh"
42,Hà Tĩnh,18163,Sơn Tiến,Xã,"Xã Sơn Tiến, Tỉnh Hà Tĩnh"
42,Hà Tĩnh,18754,Sông Trí,Phường,"Phường Sông Trí, Tỉnh Hà Tĩnh"
42,Hà Tĩnh,18562,Thạch Hà,Xã,"Xã Thạch Hà, Tỉnh Hà Tĩnh"
42,Hà Tĩnh,18604,Thạch Khê,Xã,"Xã Thạch Khê, Tỉnh Hà Tĩnh"
42,Hà Tĩnh,18628,Thạch Lạc,Xã,"Xã Thạch Lạc, Tỉnh Hà Tĩnh"
42,Hà Tĩnh,18667,Thạch Xuân,Xã,"Xã Thạch Xuân, Tỉnh Hà Tĩnh"
42,Hà Tĩnh,18073,Thành Sen,Phường,"Phường Thành Sen, Tỉnh Hà Tĩnh"
42,Hà Tĩnh,18676,Thiên Cầm,Xã,"Xã Thiên Cầm, Tỉnh Hà Tĩnh"
42,Hà Tĩnh,18328,Thượng Đức,Xã,"Xã Thượng Đức, Tỉnh Hà Tĩnh"
42,Hà Tĩnh,18373,Tiên Điền,Xã,"Xã Tiên Điền, Tỉnh Hà Tĩnh"
42,Hà Tĩnh,18634,Toàn Lưu,Xã,"Xã Toàn Lưu, Tỉnh Hà Tĩnh"
42,Hà Tĩnh,18100,Trần Phú,Phường,"Phường Trần Phú, Tỉnh Hà Tĩnh"
42,Hà Tĩnh,18436,Trường Lưu,Xã,"Xã Trường Lưu, Tỉnh Hà Tĩnh"
42,Hà Tĩnh,18202,Tứ Mỹ,Xã,"Xã Tứ Mỹ, Tỉnh Hà Tĩnh"
42,Hà Tĩnh,18418,Tùng Lộc,Xã,"Xã Tùng Lộc, Tỉnh Hà Tĩnh"
42,Hà Tĩnh,18601,Việt Xuyên,Xã,"Xã Việt Xuyên, Tỉnh Hà Tĩnh"
42,Hà Tĩnh,18313,Vũ Quang,Xã,"Xã Vũ Quang, Tỉnh Hà Tĩnh"
42,Hà Tĩnh,18823,Vũng Áng,Phường,"Phường Vũng Áng, Tỉnh Hà Tĩnh"
42,Hà Tĩnh,18481,Xuân Lộc,Xã,"Xã Xuân Lộc, Tỉnh Hà Tĩnh"
42,Hà Tĩnh,18682,Yên Hòa,Xã,"Xã Yên Hòa, Tỉnh Hà Tĩnh"
31,Hải Phòng,10660,Ái Quốc,Phường,"Phường Ái Quốc, Thành phố Hải Phòng"
31,Hải Phòng,11407,An Biên,Phường,"Phường An Biên, Thành phố Hải Phòng"
31,Hải Phòng,11581,An Dương,Phường,"Phường An Dương, Thành phố Hải Phòng"
31,Hải Phòng,11617,An Hải,Phường,"Phường An Hải, Thành phố Hải Phòng"
31,Hải Phòng,11674,An Hưng,Xã,"Xã An Hưng, Thành phố Hải Phòng"
31,Hải Phòng,11668,An Khánh,Xã,"Xã An Khánh, Thành phố Hải Phòng"
31,Hải Phòng,11629,An Lão,Xã,"Xã An Lão, Thành phố Hải Phòng"
31,Hải Phòng,11593,An Phong,Phường,"Phường An Phong, Thành phố Hải Phòng"
31,Hải Phòng,10645,An Phú,Xã,"Xã An Phú, Thành phố Hải Phòng"
31,Hải Phòng,11647,An Quang,Xã,"Xã An Quang, Thành phố Hải Phòng"
31,Hải Phòng,10792,An Thành,Xã,"Xã An Thành, Thành phố Hải Phòng"
31,Hải Phòng,11635,An Trường,Xã,"Xã An Trường, Thành phố Hải Phòng"
31,Hải Phòng,10678,Bắc An Phụ,Phường,"Phường Bắc An Phụ, Thành phố Hải Phòng"
31,Hải Phòng,11254,Bắc Thanh Miện,Xã,"Xã Bắc Thanh Miện, Thành phố Hải Phòng"
31,Hải Phòng,11473,Bạch Đằng,Phường,"Phường Bạch Đằng, Thành phố Hải Phòng"
31,Hải Phòng,10966,Bình Giang,Xã,"Xã Bình Giang, Thành phố Hải Phòng"
31,Hải Phòng,10888,Cẩm Giang,Xã,"Xã Cẩm Giang, Thành phố Hải Phòng"
31,Hải Phòng,10903,Cẩm Giàng,Xã,"Xã Cẩm Giàng, Thành phố Hải Phòng"
31,Hải Phòng,11806,Chấn Hưng,Xã,"Xã Chấn Hưng, Thành phố Hải Phòng"
31,Hải Phòng,10546,Chí Linh,Phường,"Phường Chí Linh, Thành phố Hải Phòng"
31,Hải Phòng,11131,Chí Minh,Xã,"Xã Chí Minh, Thành phố Hải Phòng"
31,Hải Phòng,10549,Chu Văn An,Phường,"Phường Chu Văn An, Thành phố Hải Phòng"
31,Hải Phòng,11692,Dương Kinh,Phường,"Phường Dương Kinh, Thành phố Hải Phòng"
31,Hải Phòng,11948,Đặc khu Bạch Long Vĩ,Xã,"Xã Đặc khu Bạch Long Vĩ, Thành phố Hải Phòng"
31,Hải Phòng,11914,Đặc khu Cát Hải,Xã,"Xã Đặc khu Cát Hải, Thành phố Hải Phòng"
31,Hải Phòng,11086,Đại Sơn,Xã,"Xã Đại Sơn, Thành phố Hải Phòng"
31,Hải Phòng,11455,Đồ Sơn,Phường,"Phường Đồ Sơn, Thành phố Hải Phòng"
31,Hải Phòng,11411,Đông Hải,Phường,"Phường Đông Hải, Thành phố Hải Phòng"
31,Hải Phòng,10972,Đường An,Xã,"Xã Đường An, Thành phố Hải Phòng"
31,Hải Phòng,10999,Gia Lộc,Xã,"Xã Gia Lộc, Thành phố Hải Phòng"
31,Hải Phòng,11050,Gia Phúc,Xã,"Xã Gia Phúc, Thành phố Hải Phòng"
31,Hải Phòng,11359,Gia Viên,Phường,"Phường Gia Viên, Thành phố Hải Phòng"
31,Hải Phòng,10816,Hà Bắc,Xã,"Xã Hà Bắc, Thành phố Hải Phòng"
31,Hải Phòng,10882,Hà Đông,Xã,"Xã Hà Đông, Thành phố Hải Phòng"
31,Hải Phòng,10843,Hà Nam,Xã,"Xã Hà Nam, Thành phố Hải Phòng"
31,Hải Phòng,10846,Hà Tây,Xã,"Xã Hà Tây, Thành phố Hải Phòng"
31,Hải Phòng,11413,Hải An,Phường,"Phường Hải An, Thành phố Hải Phòng"
31,Hải Phòng,10525,Hải Dương,Phường,"Phường Hải Dương, Thành phố Hải Phòng"
31,Hải Phòng,11257,Hải Hưng,Xã,"Xã Hải Hưng, Thành phố Hải Phòng"
31,Hải Phòng,11533,Hoà Bình,Phường,"Phường Hoà Bình, Thành phố Hải Phòng"
31,Hải Phòng,11602,Hồng An,Phường,"Phường Hồng An, Thành phố Hải Phòng"
31,Hải Phòng,11311,Hồng Bàng,Phường,"Phường Hồng Bàng, Thành phố Hải Phòng"
31,Hải Phòng,11218,Hồng Châu,Xã,"Xã Hồng Châu, Thành phố Hải Phòng"
31,Hải Phòng,10615,Hợp Tiến,Xã,"Xã Hợp Tiến, Thành phố Hải Phòng"
31,Hải Phòng,11689,Hưng Đạo,Phường,"Phường Hưng Đạo, Thành phố Hải Phòng"
31,Hải Phòng,11809,Hùng Thắng,Xã,"Xã Hùng Thắng, Thành phố Hải Phòng"
31,Hải Phòng,10945,Kẻ Sặt,Xã,"Xã Kẻ Sặt, Thành phố Hải Phòng"
31,Hải Phòng,11224,Khúc Thừa Dụ,Xã,"Xã Khúc Thừa Dụ, Thành phố Hải Phòng"
31,Hải Phòng,11443,Kiến An,Phường,"Phường Kiến An, Thành phố Hải Phòng"
31,Hải Phòng,11749,Kiến Hải,Xã,"Xã Kiến Hải, Thành phố Hải Phòng"
31,Hải Phòng,11728,Kiến Hưng,Xã,"Xã Kiến Hưng, Thành phố Hải Phòng"
31,Hải Phòng,11725,Kiến Minh,Xã,"Xã Kiến Minh, Thành phố Hải Phòng"
31,Hải Phòng,11680,Kiến Thụy,Xã,"Xã Kiến Thụy, Thành phố Hải Phòng"
31,Hải Phòng,10804,Kim Thành,Xã,"Xã Kim Thành, Thành phố Hải Phòng"
31,Hải Phòng,10675,Kinh Môn,Phường,"Phường Kinh Môn, Thành phố Hải Phòng"
31,Hải Phòng,11140,Lạc Phượng,Xã,"Xã Lạc Phượng, Thành phố Hải Phòng"
31,Hải Phòng,10756,Lai Khê,Xã,"Xã Lai Khê, Thành phố Hải Phòng"
31,Hải Phòng,11383,Lê Chân,Phường,"Phường Lê Chân, Thành phố Hải Phòng"
31,Hải Phòng,10603,Lê Đại Hành,Phường,"Phường Lê Đại Hành, Thành phố Hải Phòng"
31,Hải Phòng,11506,Lê Ích Mộc,Phường,"Phường Lê Ích Mộc, Thành phố Hải Phòng"
31,Hải Phòng,10532,Lê Thanh Nghị,Phường,"Phường Lê Thanh Nghị, Thành phố Hải Phòng"
31,Hải Phòng,11488,Lưu Kiếm,Phường,"Phường Lưu Kiếm, Thành phố Hải Phòng"
31,Hải Phòng,10930,Mao Điền,Xã,"Xã Mao Điền, Thành phố Hải Phòng"
31,Hải Phòng,10705,Nam An Phụ,Xã,"Xã Nam An Phụ, Thành phố Hải Phòng"
31,Hải Phòng,11737,Nam Đồ Sơn,Phường,"Phường Nam Đồ Sơn, Thành phố Hải Phòng"
31,Hải Phòng,10837,Nam Đồng,Phường,"Phường Nam Đồng, Thành phố Hải Phòng"
31,Hải Phòng,10606,Nam Sách,Xã,"Xã Nam Sách, Thành phố Hải Phòng"
31,Hải Phòng,11284,Nam Thanh Miện,Xã,"Xã Nam Thanh Miện, Thành phố Hải Phòng"
31,Hải Phòng,11542,Nam Triệu,Phường,"Phường Nam Triệu, Thành phố Hải Phòng"
31,Hải Phòng,11713,Nghi Dương,Xã,"Xã Nghi Dương, Thành phố Hải Phòng"
31,Hải Phòng,11329,Ngô Quyền,Phường,"Phường Ngô Quyền, Thành phố Hải Phòng"
31,Hải Phòng,11911,Nguyễn Bỉnh Khiêm,Xã,"Xã Nguyễn Bỉnh Khiêm, Thành phố Hải Phòng"
31,Hải Phòng,10744,Nguyễn Đại Năng,Phường,"Phường Nguyễn Đại Năng, Thành phố Hải Phòng"
31,Hải Phòng,11146,Nguyên Giáp,Xã,"Xã Nguyên Giáp, Thành phố Hải Phòng"
31,Hải Phòng,11242,Nguyễn Lương Bằng,Xã,"Xã Nguyễn Lương Bằng, Thành phố Hải Phòng"
31,Hải Phòng,10552,Nguyễn Trãi,Phường,"Phường Nguyễn Trãi, Thành phố Hải Phòng"
31,Hải Phòng,10714,Nhị Chiểu,Phường,"Phường Nhị Chiểu, Thành phố Hải Phòng"
31,Hải Phòng,11203,Ninh Giang,Xã,"Xã Ninh Giang, Thành phố Hải Phòng"
31,Hải Phòng,10726,Phạm Sư Mạnh,Phường,"Phường Phạm Sư Mạnh, Thành phố Hải Phòng"
31,Hải Phòng,11446,Phù Liễn,Phường,"Phường Phù Liễn, Thành phố Hải Phòng"
31,Hải Phòng,10750,Phú Thái,Xã,"Xã Phú Thái, Thành phố Hải Phòng"
31,Hải Phòng,11761,Quyết Thắng,Xã,"Xã Quyết Thắng, Thành phố Hải Phòng"
31,Hải Phòng,11167,Tân An,Xã,"Xã Tân An, Thành phố Hải Phòng"
31,Hải Phòng,10537,Tân Hưng,Phường,"Phường Tân Hưng, Thành phố Hải Phòng"
31,Hải Phòng,11113,Tân Kỳ,Xã,"Xã Tân Kỳ, Thành phố Hải Phòng"
31,Hải Phòng,11779,Tân Minh,Xã,"Xã Tân Minh, Thành phố Hải Phòng"
31,Hải Phòng,11002,Thạch Khôi,Phường,"Phường Thạch Khôi, Thành phố Hải Phòng"
31,Hải Phòng,10642,Thái Tân,Xã,"Xã Thái Tân, Thành phố Hải Phòng"
31,Hải Phòng,10507,Thành Đông,Phường,"Phường Thành Đông, Thành phố Hải Phòng"
31,Hải Phòng,10813,Thanh Hà,Xã,"Xã Thanh Hà, Thành phố Hải Phòng"
31,Hải Phòng,11239,Thanh Miện,Xã,"Xã Thanh Miện, Thành phố Hải Phòng"
31,Hải Phòng,11557,Thiên Hương,Phường,"Phường Thiên Hương, Thành phố Hải Phòng"
31,Hải Phòng,10993,Thượng Hồng,Xã,"Xã Thượng Hồng, Thành phố Hải Phòng"
31,Hải Phòng,11560,Thuỷ Nguyên,Phường,"Phường Thuỷ Nguyên, Thành phố Hải Phòng"
31,Hải Phòng,11755,Tiên Lãng,Xã,"Xã Tiên Lãng, Thành phố Hải Phòng"
31,Hải Phòng,11791,Tiên Minh,Xã,"Xã Tiên Minh, Thành phố Hải Phòng"
31,Hải Phòng,10570,Trần Hưng Đạo,Phường,"Phường Trần Hưng Đạo, Thành phố Hải Phòng"
31,Hải Phòng,10729,Trần Liễu,Phường,"Phường Trần Liễu, Thành phố Hải Phòng"
31,Hải Phòng,10573,Trần Nhân Tông,Phường,"Phường Trần Nhân Tông, Thành phố Hải Phòng"
31,Hải Phòng,10633,Trần Phú,Xã,"Xã Trần Phú, Thành phố Hải Phòng"
31,Hải Phòng,11065,Trường Tân,Xã,"Xã Trường Tân, Thành phố Hải Phòng"
31,Hải Phòng,11074,Tứ Kỳ,Xã,"Xã Tứ Kỳ, Thành phố Hải Phòng"
31,Hải Phòng,10891,Tứ Minh,Phường,"Phường Tứ Minh, Thành phố Hải Phòng"
31,Hải Phòng,10909,Tuệ Tĩnh,Xã,"Xã Tuệ Tĩnh, Thành phố Hải Phòng"
31,Hải Phòng,10543,Việt Hòa,Phường,"Phường Việt Hòa, Thành phố Hải Phòng"
31,Hải Phòng,11503,Việt Khê,Xã,"Xã Việt Khê, Thành phố Hải Phòng"
31,Hải Phòng,11887,Vĩnh Am,Xã,"Xã Vĩnh Am, Thành phố Hải Phòng"
31,Hải Phòng,11824,Vĩnh Bảo,Xã,"Xã Vĩnh Bảo, Thành phố Hải Phòng"
31,Hải Phòng,11875,Vĩnh Hải,Xã,"Xã Vĩnh Hải, Thành phố Hải Phòng"
31,Hải Phòng,11848,Vĩnh Hòa,Xã,"Xã Vĩnh Hòa, Thành phố Hải Phòng"
31,Hải Phòng,11164,Vĩnh Lại,Xã,"Xã Vĩnh Lại, Thành phố Hải Phòng"
31,Hải Phòng,11836,Vĩnh Thịnh,Xã,"Xã Vĩnh Thịnh, Thành phố Hải Phòng"
31,Hải Phòng,11842,Vĩnh Thuận,Xã,"Xã Vĩnh Thuận, Thành phố Hải Phòng"
31,Hải Phòng,11020,Yết Kiêu,Xã,"Xã Yết Kiêu, Thành phố Hải Phòng"
79,Hồ Chí Minh,27316,An Đông,Phường,"Phường An Đông, Thành phố Hồ Chí Minh"
79,Hồ Chí Minh,26878,An Hội Đông,Phường,"Phường An Hội Đông, Thành phố Hồ Chí Minh"
79,Hồ Chí Minh,26882,An Hội Tây,Phường,"Phường An Hội Tây, Thành phố Hồ Chí Minh"
79,Hồ Chí Minh,27094,An Khánh,Phường,"Phường An Khánh, Thành phố Hồ Chí Minh"
79,Hồ Chí Minh,27460,An Lạc,Phường,"Phường An Lạc, Thành phố Hồ Chí Minh"
79,Hồ Chí Minh,25867,An Long,Xã,"Xã An Long, Thành phố Hồ Chí Minh"
79,Hồ Chí Minh,26876,An Nhơn,Phường,"Phường An Nhơn, Thành phố Hồ Chí Minh"
79,Hồ Chí Minh,27508,An Nhơn Tây,Xã,"Xã An Nhơn Tây, Thành phố Hồ Chí Minh"
79,Hồ Chí Minh,25975,An Phú,Phường,"Phường An Phú, Thành phố Hồ Chí Minh"
79,Hồ Chí Minh,26767,An Phú Đông,Phường,"Phường An Phú Đông, Thành phố Hồ Chí Minh"
79,Hồ Chí Minh,27673,An Thới Đông,Xã,"Xã An Thới Đông, Thành phố Hồ Chí Minh"
79,Hồ Chí Minh,27592,Bà Điểm,Xã,"Xã Bà Điểm, Thành phố Hồ Chí Minh"
79,Hồ Chí Minh,26560,Bà Rịa,Phường,"Phường Bà Rịa, Thành phố Hồ Chí Minh"
79,Hồ Chí Minh,25906,Bắc Tân Uyên,Xã,"Xã Bắc Tân Uyên, Thành phố Hồ Chí Minh"
79,Hồ Chí Minh,27154,Bàn Cờ,Phường,"Phường Bàn Cờ, Thành phố Hồ Chí Minh"
79,Hồ Chí Minh,25822,Bàu Bàng,Xã,"Xã Bàu Bàng, Thành phố Hồ Chí Minh"
79,Hồ Chí Minh,26638,Bàu Lâm,Xã,"Xã Bàu Lâm, Thành phố Hồ Chí Minh"
79,Hồ Chí Minh,26983,Bảy Hiền,Phường,"Phường Bảy Hiền, Thành phố Hồ Chí Minh"
79,Hồ Chí Minh,25813,Bến Cát,Phường,"Phường Bến Cát, Thành phố Hồ Chí Minh"
79,Hồ Chí Minh,26743,Bến Thành,Phường,"Phường Bến Thành, Thành phố Hồ Chí Minh"
79,Hồ Chí Minh,27637,Bình Chánh,Xã,"Xã Bình Chánh, Thành phố Hồ Chí Minh"
79,Hồ Chí Minh,26656,Bình Châu,Xã,"Xã Bình Châu, Thành phố Hồ Chí Minh"
79,Hồ Chí Minh,25915,Bình Cơ,Phường,"Phường Bình Cơ, Thành phố Hồ Chí Minh"
79,Hồ Chí Minh,25760,Bình Dương,Phường,"Phường Bình Dương, Thành phố Hồ Chí Minh"
79,Hồ Chí Minh,27424,Bình Đông,Phường,"Phường Bình Đông, Thành phố Hồ Chí Minh"
79,Hồ Chí Minh,26590,Bình Giã,Xã,"Xã Bình Giã, Thành phố Hồ Chí Minh"
79,Hồ Chí Minh,25987,Bình Hòa,Phường,"Phường Bình Hòa, Thành phố Hồ Chí Minh"
79,Hồ Chí Minh,27619,Bình Hưng,Xã,"Xã Bình Hưng, Thành phố Hồ Chí Minh"
79,Hồ Chí Minh,27439,Bình Hưng Hòa,Phường,"Phường Bình Hưng Hòa, Thành phố Hồ Chí Minh"
79,Hồ Chí Minh,27667,Bình Khánh,Xã,"Xã Bình Khánh, Thành phố Hồ Chí Minh"
79,Hồ Chí Minh,27610,Bình Lợi,Xã,"Xã Bình Lợi, Thành phố Hồ Chí Minh"
79,Hồ Chí Minh,26905,Bình Lợi Trung,Phường,"Phường Bình Lợi Trung, Thành phố Hồ Chí Minh"
79,Hồ Chí Minh,27544,Bình Mỹ,Xã,"Xã Bình Mỹ, Thành phố Hồ Chí Minh"
79,Hồ Chí Minh,27364,Bình Phú,Phường,"Phường Bình Phú, Thành phố Hồ Chí Minh"
79,Hồ Chí Minh,26911,Bình Quới,Phường,"Phường Bình Quới, Thành phố Hồ Chí Minh"
79,Hồ Chí Minh,27442,Bình Tân,Phường,"Phường Bình Tân, Thành phố Hồ Chí Minh"
79,Hồ Chí Minh,27367,Bình Tây,Phường,"Phường Bình Tây, Thành phố Hồ Chí Minh"
79,Hồ Chí Minh,26929,Bình Thạnh,Phường,"Phường Bình Thạnh, Thành phố Hồ Chí Minh"
79,Hồ Chí Minh,27232,Bình Thới,Phường,"Phường Bình Thới, Thành phố Hồ Chí Minh"
79,Hồ Chí Minh,27373,Bình Tiên,Phường,"Phường Bình Tiên, Thành phố Hồ Chí Minh"
79,Hồ Chí Minh,27448,Bình Trị Đông,Phường,"Phường Bình Trị Đông, Thành phố Hồ Chí Minh"
79,Hồ Chí Minh,27097,Bình Trưng,Phường,"Phường Bình Trưng, Thành phố Hồ Chí Minh"
79,Hồ Chí Minh,27664,Cần Giờ,Xã,"Xã Cần Giờ, Thành phố Hồ Chí Minh"
79,Hồ Chí Minh,27112,Cát Lái,Phường,"Phường Cát Lái, Thành phố Hồ Chí Minh"
79,Hồ Chí Minh,27058,Cầu Kiệu,Phường,"Phường Cầu Kiệu, Thành phố Hồ Chí Minh"
79,Hồ Chí Minh,26758,Cầu Ông Lãnh,Phường,"Phường Cầu Ông Lãnh, Thành phố Hồ Chí Minh"
79,Hồ Chí Minh,25771,Chánh Hiệp,Phường,"Phường Chánh Hiệp, Thành phố Hồ Chí Minh"
79,Hồ Chí Minh,27418,Chánh Hưng,Phường,"Phường Chánh Hưng, Thành phố Hồ Chí Minh"
79,Hồ Chí Minh,25837,Chánh Phú Hòa,Phường,"Phường Chánh Phú Hòa, Thành phố Hồ Chí Minh"
79,Hồ Chí Minh,26596,Châu Đức,Xã,"Xã Châu Đức, Thành phố Hồ Chí Minh"
79,Hồ Chí Minh,26728,Châu Pha,Xã,"Xã Châu Pha, Thành phố Hồ Chí Minh"
79,Hồ Chí Minh,27343,Chợ Lớn,Phường,"Phường Chợ Lớn, Thành phố Hồ Chí Minh"
79,Hồ Chí Minh,27301,Chợ Quán,Phường,"Phường Chợ Quán, Thành phố Hồ Chí Minh"
79,Hồ Chí Minh,27553,Củ Chi,Xã,"Xã Củ Chi, Thành phố Hồ Chí Minh"
79,Hồ Chí Minh,25777,Dầu Tiếng,Xã,"Xã Dầu Tiếng, Thành phố Hồ Chí Minh"
79,Hồ Chí Minh,25942,Dĩ An,Phường,"Phường Dĩ An, Thành phố Hồ Chí Minh"
79,Hồ Chí Minh,27169,Diên Hồng,Phường,"Phường Diên Hồng, Thành phố Hồ Chí Minh"
79,Hồ Chí Minh,26732,Đặc khu Côn Đảo,Xã,"Xã Đặc khu Côn Đảo, Thành phố Hồ Chí Minh"
79,Hồ Chí Minh,26680,Đất Đỏ,Xã,"Xã Đất Đỏ, Thành phố Hồ Chí Minh"
79,Hồ Chí Minh,25951,Đông Hòa,Phường,"Phường Đông Hòa, Thành phố Hồ Chí Minh"
79,Hồ Chí Minh,26791,Đông Hưng Thuận,Phường,"Phường Đông Hưng Thuận, Thành phố Hồ Chí Minh"
79,Hồ Chí Minh,27568,Đông Thạnh,Xã,"Xã Đông Thạnh, Thành phố Hồ Chí Minh"
79,Hồ Chí Minh,27043,Đức Nhuận,Phường,"Phường Đức Nhuận, Thành phố Hồ Chí Minh"
79,Hồ Chí Minh,26944,Gia Định,Phường,"Phường Gia Định, Thành phố Hồ Chí Minh"
79,Hồ Chí Minh,26884,Gò Vấp,Phường,"Phường Gò Vấp, Thành phố Hồ Chí Minh"
79,Hồ Chí Minh,26890,Hạnh Thông,Phường,"Phường Hạnh Thông, Thành phố Hồ Chí Minh"
79,Hồ Chí Minh,26809,Hiệp Bình,Phường,"Phường Hiệp Bình, Thành phố Hồ Chí Minh"
79,Hồ Chí Minh,27658,Hiệp Phước,Xã,"Xã Hiệp Phước, Thành phố Hồ Chí Minh"
79,Hồ Chí Minh,26620,Hồ Tràm,Xã,"Xã Hồ Tràm, Thành phố Hồ Chí Minh"
79,Hồ Chí Minh,27211,Hòa Bình,Phường,"Phường Hòa Bình, Thành phố Hồ Chí Minh"
79,Hồ Chí Minh,26647,Hòa Hiệp,Xã,"Xã Hòa Hiệp, Thành phố Hồ Chí Minh"
79,Hồ Chí Minh,26641,Hòa Hội,Xã,"Xã Hòa Hội, Thành phố Hồ Chí Minh"
79,Hồ Chí Minh,27163,Hòa Hưng,Phường,"Phường Hòa Hưng, Thành phố Hồ Chí Minh"
79,Hồ Chí Minh,25849,Hòa Lợi,Phường,"Phường Hòa Lợi, Thành phố Hồ Chí Minh"
79,Hồ Chí Minh,27559,Hóc Môn,Xã,"Xã Hóc Môn, Thành phố Hồ Chí Minh"
79,Hồ Chí Minh,27628,Hưng Long,Xã,"Xã Hưng Long, Thành phố Hồ Chí Minh"
79,Hồ Chí Minh,27265,Khánh Hội,Phường,"Phường Khánh Hội, Thành phố Hồ Chí Minh"
79,Hồ Chí Minh,26608,Kim Long,Xã,"Xã Kim Long, Thành phố Hồ Chí Minh"
79,Hồ Chí Minh,25966,Lái Thiêu,Phường,"Phường Lái Thiêu, Thành phố Hồ Chí Minh"
79,Hồ Chí Minh,26800,Linh Xuân,Phường,"Phường Linh Xuân, Thành phố Hồ Chí Minh"
79,Hồ Chí Minh,26833,Long Bình,Phường,"Phường Long Bình, Thành phố Hồ Chí Minh"
79,Hồ Chí Minh,26659,Long Điền,Xã,"Xã Long Điền, Thành phố Hồ Chí Minh"
79,Hồ Chí Minh,26662,Long Hải,Xã,"Xã Long Hải, Thành phố Hồ Chí Minh"
79,Hồ Chí Minh,25792,Long Hòa,Xã,"Xã Long Hòa, Thành phố Hồ Chí Minh"
79,Hồ Chí Minh,26566,Long Hương,Phường,"Phường Long Hương, Thành phố Hồ Chí Minh"
79,Hồ Chí Minh,25840,Long Nguyên,Phường,"Phường Long Nguyên, Thành phố Hồ Chí Minh"
79,Hồ Chí Minh,26857,Long Phước,Phường,"Phường Long Phước, Thành phố Hồ Chí Minh"
79,Hồ Chí Minh,26545,Long Sơn,Xã,"Xã Long Sơn, Thành phố Hồ Chí Minh"
79,Hồ Chí Minh,26860,Long Trường,Phường,"Phường Long Trường, Thành phố Hồ Chí Minh"
79,Hồ Chí Minh,27238,Minh Phụng,Phường,"Phường Minh Phụng, Thành phố Hồ Chí Minh"
79,Hồ Chí Minh,25780,Minh Thạnh,Xã,"Xã Minh Thạnh, Thành phố Hồ Chí Minh"
79,Hồ Chí Minh,26575,Ngãi Giao,Xã,"Xã Ngãi Giao, Thành phố Hồ Chí Minh"
79,Hồ Chí Minh,26617,Nghĩa Thành,Xã,"Xã Nghĩa Thành, Thành phố Hồ Chí Minh"
79,Hồ Chí Minh,27655,Nhà Bè,Xã,"Xã Nhà Bè, Thành phố Hồ Chí Minh"
79,Hồ Chí Minh,27142,Nhiêu Lộc,Phường,"Phường Nhiêu Lộc, Thành phố Hồ Chí Minh"
79,Hồ Chí Minh,27511,Nhuận Đức,Xã,"Xã Nhuận Đức, Thành phố Hồ Chí Minh"
79,Hồ Chí Minh,25768,Phú An,Phường,"Phường Phú An, Thành phố Hồ Chí Minh"
79,Hồ Chí Minh,27427,Phú Định,Phường,"Phường Phú Định, Thành phố Hồ Chí Minh"
79,Hồ Chí Minh,25858,Phú Giáo,Xã,"Xã Phú Giáo, Thành phố Hồ Chí Minh"
79,Hồ Chí Minh,27541,Phú Hòa Đông,Xã,"Xã Phú Hòa Đông, Thành phố Hồ Chí Minh"
79,Hồ Chí Minh,27349,Phú Lâm,Phường,"Phường Phú Lâm, Thành phố Hồ Chí Minh"
79,Hồ Chí Minh,25750,Phú Lợi,Phường,"Phường Phú Lợi, Thành phố Hồ Chí Minh"
79,Hồ Chí Minh,26704,Phú Mỹ,Phường,"Phường Phú Mỹ, Thành phố Hồ Chí Minh"
79,Hồ Chí Minh,27073,Phú Nhuận,Phường,"Phường Phú Nhuận, Thành phố Hồ Chí Minh"
79,Hồ Chí Minh,27028,Phú Thạnh,Phường,"Phường Phú Thạnh, Thành phố Hồ Chí Minh"
79,Hồ Chí Minh,27226,Phú Thọ,Phường,"Phường Phú Thọ, Thành phố Hồ Chí Minh"
79,Hồ Chí Minh,27022,Phú Thọ Hòa,Phường,"Phường Phú Thọ Hòa, Thành phố Hồ Chí Minh"
79,Hồ Chí Minh,27484,Phú Thuận,Phường,"Phường Phú Thuận, Thành phố Hồ Chí Minh"
79,Hồ Chí Minh,26686,Phước Hải,Xã,"Xã Phước Hải, Thành phố Hồ Chí Minh"
79,Hồ Chí Minh,25882,Phước Hòa,Xã,"Xã Phước Hòa, Thành phố Hồ Chí Minh"
79,Hồ Chí Minh,26848,Phước Long,Phường,"Phường Phước Long, Thành phố Hồ Chí Minh"
79,Hồ Chí Minh,26542,Phước Thắng,Phường,"Phường Phước Thắng, Thành phố Hồ Chí Minh"
79,Hồ Chí Minh,25864,Phước Thành,Xã,"Xã Phước Thành, Thành phố Hồ Chí Minh"
79,Hồ Chí Minh,26536,Rạch Dừa,Phường,"Phường Rạch Dừa, Thành phố Hồ Chí Minh"
79,Hồ Chí Minh,26740,Sài Gòn,Phường,"Phường Sài Gòn, Thành phố Hồ Chí Minh"
79,Hồ Chí Minh,26803,Tam Bình,Phường,"Phường Tam Bình, Thành phố Hồ Chí Minh"
79,Hồ Chí Minh,26572,Tam Long,Phường,"Phường Tam Long, Thành phố Hồ Chí Minh"
79,Hồ Chí Minh,26526,Tam Thắng,Phường,"Phường Tam Thắng, Thành phố Hồ Chí Minh"
79,Hồ Chí Minh,27496,Tân An Hội,Xã,"Xã Tân An Hội, Thành phố Hồ Chí Minh"
79,Hồ Chí Minh,27004,Tân Bình,Phường,"Phường Tân Bình, Thành phố Hồ Chí Minh"
79,Hồ Chí Minh,26737,Tân Định,Phường,"Phường Tân Định, Thành phố Hồ Chí Minh"
79,Hồ Chí Minh,25945,Tân Đông Hiệp,Phường,"Phường Tân Đông Hiệp, Thành phố Hồ Chí Minh"
79,Hồ Chí Minh,26710,Tân Hải,Phường,"Phường Tân Hải, Thành phố Hồ Chí Minh"
79,Hồ Chí Minh,25920,Tân Hiệp,Phường,"Phường Tân Hiệp, Thành phố Hồ Chí Minh"
79,Hồ Chí Minh,26995,Tân Hòa,Phường,"Phường Tân Hòa, Thành phố Hồ Chí Minh"
79,Hồ Chí Minh,27475,Tân Hưng,Phường,"Phường Tân Hưng, Thành phố Hồ Chí Minh"
79,Hồ Chí Minh,25891,Tân Khánh,Phường,"Phường Tân Khánh, Thành phố Hồ Chí Minh"
79,Hồ Chí Minh,27487,Tân Mỹ,Phường,"Phường Tân Mỹ, Thành phố Hồ Chí Minh"
79,Hồ Chí Minh,27595,Tân Nhựt,Xã,"Xã Tân Nhựt, Thành phố Hồ Chí Minh"
79,Hồ Chí Minh,27031,Tân Phú,Phường,"Phường Tân Phú, Thành phố Hồ Chí Minh"
79,Hồ Chí Minh,26713,Tân Phước,Phường,"Phường Tân Phước, Thành phố Hồ Chí Minh"
79,Hồ Chí Minh,27007,Tân Sơn,Phường,"Phường Tân Sơn, Thành phố Hồ Chí Minh"
79,Hồ Chí Minh,26977,Tân Sơn Hòa,Phường,"Phường Tân Sơn Hòa, Thành phố Hồ Chí Minh"
79,Hồ Chí Minh,26968,Tân Sơn Nhất,Phường,"Phường Tân Sơn Nhất, Thành phố Hồ Chí Minh"
79,Hồ Chí Minh,27019,Tân Sơn Nhì,Phường,"Phường Tân Sơn Nhì, Thành phố Hồ Chí Minh"
79,Hồ Chí Minh,27457,Tân Tạo,Phường,"Phường Tân Tạo, Thành phố Hồ Chí Minh"
79,Hồ Chí Minh,26725,Tân Thành,Phường,"Phường Tân Thành, Thành phố Hồ Chí Minh"
79,Hồ Chí Minh,26782,Tân Thới Hiệp,Phường,"Phường Tân Thới Hiệp, Thành phố Hồ Chí Minh"
79,Hồ Chí Minh,27478,Tân Thuận,Phường,"Phường Tân Thuận, Thành phố Hồ Chí Minh"
79,Hồ Chí Minh,25888,Tân Uyên,Phường,"Phường Tân Uyên, Thành phố Hồ Chí Minh"
79,Hồ Chí Minh,27604,Tân Vĩnh Lộc,Xã,"Xã Tân Vĩnh Lộc, Thành phố Hồ Chí Minh"
79,Hồ Chí Minh,26842,Tăng Nhơn Phú,Phường,"Phường Tăng Nhơn Phú, Thành phố Hồ Chí Minh"
79,Hồ Chí Minh,25843,Tây Nam,Phường,"Phường Tây Nam, Thành phố Hồ Chí Minh"
79,Hồ Chí Minh,27013,Tây Thạnh,Phường,"Phường Tây Thạnh, Thành phố Hồ Chí Minh"
79,Hồ Chí Minh,27526,Thái Mỹ,Xã,"Xã Thái Mỹ, Thành phố Hồ Chí Minh"
79,Hồ Chí Minh,25807,Thanh An,Xã,"Xã Thanh An, Thành phố Hồ Chí Minh"
79,Hồ Chí Minh,27676,Thạnh An,Xã,"Xã Thạnh An, Thành phố Hồ Chí Minh"
79,Hồ Chí Minh,26956,Thạnh Mỹ Tây,Phường,"Phường Thạnh Mỹ Tây, Thành phố Hồ Chí Minh"
79,Hồ Chí Minh,26773,Thới An,Phường,"Phường Thới An, Thành phố Hồ Chí Minh"
79,Hồ Chí Minh,25846,Thới Hòa,Phường,"Phường Thới Hòa, Thành phố Hồ Chí Minh"
79,Hồ Chí Minh,26898,Thông Tây Hội,Phường,"Phường Thông Tây Hội, Thành phố Hồ Chí Minh"
79,Hồ Chí Minh,25747,Thủ Dầu Một,Phường,"Phường Thủ Dầu Một, Thành phố Hồ Chí Minh"
79,Hồ Chí Minh,26824,Thủ Đức,Phường,"Phường Thủ Đức, Thành phố Hồ Chí Minh"
79,Hồ Chí Minh,25978,Thuận An,Phường,"Phường Thuận An, Thành phố Hồ Chí Minh"
79,Hồ Chí Minh,25969,Thuận Giao,Phường,"Phường Thuận Giao, Thành phố Hồ Chí Minh"
79,Hồ Chí Minh,25909,Thường Tân,Xã,"Xã Thường Tân, Thành phố Hồ Chí Minh"
79,Hồ Chí Minh,25819,Trừ Văn Thố,Xã,"Xã Trừ Văn Thố, Thành phố Hồ Chí Minh"
79,Hồ Chí Minh,26785,Trung Mỹ Tây,Phường,"Phường Trung Mỹ Tây, Thành phố Hồ Chí Minh"
79,Hồ Chí Minh,27286,Vĩnh Hội,Phường,"Phường Vĩnh Hội, Thành phố Hồ Chí Minh"
79,Hồ Chí Minh,27601,Vĩnh Lộc,Xã,"Xã Vĩnh Lộc, Thành phố Hồ Chí Minh"
79,Hồ Chí Minh,25912,Vĩnh Tân,Phường,"Phường Vĩnh Tân, Thành phố Hồ Chí Minh"
79,Hồ Chí Minh,26506,Vũng Tàu,Phường,"Phường Vũng Tàu, Thành phố Hồ Chí Minh"
79,Hồ Chí Minh,27190,Vườn Lài,Phường,"Phường Vườn Lài, Thành phố Hồ Chí Minh"
79,Hồ Chí Minh,27259,Xóm Chiếu,Phường,"Phường Xóm Chiếu, Thành phố Hồ Chí Minh"
79,Hồ Chí Minh,27139,Xuân Hòa,Phường,"Phường Xuân Hòa, Thành phố Hồ Chí Minh"
79,Hồ Chí Minh,26584,Xuân Sơn,Xã,"Xã Xuân Sơn, Thành phố Hồ Chí Minh"
79,Hồ Chí Minh,27577,Xuân Thới Sơn,Xã,"Xã Xuân Thới Sơn, Thành phố Hồ Chí Minh"
79,Hồ Chí Minh,26632,Xuyên Mộc,Xã,"Xã Xuyên Mộc, Thành phố Hồ Chí Minh"
46,Huế,20056,A Lưới 1,Xã,"Xã A Lưới 1, Thành phố Huế"
46,Huế,20044,A Lưới 2,Xã,"Xã A Lưới 2, Thành phố Huế"
46,Huế,20071,A Lưới 3,Xã,"Xã A Lưới 3, Thành phố Huế"
46,Huế,20101,A Lưới 4,Xã,"Xã A Lưới 4, Thành phố Huế"
46,Huế,20050,A Lưới 5,Xã,"Xã A Lưới 5, Thành phố Huế"
46,Huế,19815,An Cựu,Phường,"Phường An Cựu, Thành phố Huế"
46,Huế,20035,Bình Điền,Xã,"Xã Bình Điền, Thành phố Huế"
46,Huế,20137,Chân Mây – Lăng Cô,Xã,"Xã Chân Mây – Lăng Cô, Thành phố Huế"
46,Huế,19909,Dương Nỗ,Phường,"Phường Dương Nỗ, Thành phố Huế"
46,Huế,19885,Đan Điền,Xã,"Xã Đan Điền, Thành phố Huế"
46,Huế,20014,Hóa Châu,Phường,"Phường Hóa Châu, Thành phố Huế"
46,Huế,20131,Hưng Lộc,Xã,"Xã Hưng Lộc, Thành phố Huế"
46,Huế,19804,Hương An,Phường,"Phường Hương An, Thành phố Huế"
46,Huế,19975,Hương Thủy,Phường,"Phường Hương Thủy, Thành phố Huế"
46,Huế,19996,Hương Trà,Phường,"Phường Hương Trà, Thành phố Huế"
46,Huế,20161,Khe Tre,Xã,"Xã Khe Tre, Thành phố Huế"
46,Huế,19774,Kim Long,Phường,"Phường Kim Long, Thành phố Huế"
46,Huế,20017,Kim Trà,Phường,"Phường Kim Trà, Thành phố Huế"
46,Huế,20140,Lộc An,Xã,"Xã Lộc An, Thành phố Huế"
46,Huế,20182,Long Quảng,Xã,"Xã Long Quảng, Thành phố Huế"
46,Huế,19930,Mỹ Thượng,Phường,"Phường Mỹ Thượng, Thành phố Huế"
46,Huế,20179,Nam Đông,Xã,"Xã Nam Đông, Thành phố Huế"
46,Huế,19831,Phong Dinh,Phường,"Phường Phong Dinh, Thành phố Huế"
46,Huế,19819,Phong Điền,Phường,"Phường Phong Điền, Thành phố Huế"
46,Huế,19828,Phong Phú,Phường,"Phường Phong Phú, Thành phố Huế"
46,Huế,19873,Phong Quảng,Phường,"Phường Phong Quảng, Thành phố Huế"
46,Huế,19858,Phong Thái,Phường,"Phường Phong Thái, Thành phố Huế"
46,Huế,19960,Phú Bài,Phường,"Phường Phú Bài, Thành phố Huế"
46,Huế,19918,Phú Hồ,Xã,"Xã Phú Hồ, Thành phố Huế"
46,Huế,20107,Phú Lộc,Xã,"Xã Phú Lộc, Thành phố Huế"
46,Huế,19942,Phú Vang,Xã,"Xã Phú Vang, Thành phố Huế"
46,Huế,19945,Phú Vinh,Xã,"Xã Phú Vinh, Thành phố Huế"
46,Huế,19753,Phú Xuân,Phường,"Phường Phú Xuân, Thành phố Huế"
46,Huế,19867,Quảng Điền,Xã,"Xã Quảng Điền, Thành phố Huế"
46,Huế,19969,Thanh Thủy,Phường,"Phường Thanh Thủy, Thành phố Huế"
46,Huế,19900,Thuận An,Phường,"Phường Thuận An, Thành phố Huế"
46,Huế,19789,Thuận Hóa,Phường,"Phường Thuận Hóa, Thành phố Huế"
46,Huế,19813,Thủy Xuân,Phường,"Phường Thủy Xuân, Thành phố Huế"
46,Huế,20122,Vinh Lộc,Xã,"Xã Vinh Lộc, Thành phố Huế"
46,Huế,19777,Vỹ Dạ,Phường,"Phường Vỹ Dạ, Thành phố Huế"
33,Hưng Yên,12499,A Sào,Xã,"Xã A Sào, Tỉnh Hưng Yên"
33,Hưng Yên,13021,Ái Quốc,Xã,"Xã Ái Quốc, Tỉnh Hưng Yên"
33,Hưng Yên,12142,Ân Thi,Xã,"Xã Ân Thi, Tỉnh Hưng Yên"
33,Hưng Yên,12694,Bắc Đông Hưng,Xã,"Xã Bắc Đông Hưng, Tỉnh Hưng Yên"
33,Hưng Yên,12745,Bắc Đông Quan,Xã,"Xã Bắc Đông Quan, Tỉnh Hưng Yên"
33,Hưng Yên,12916,Bắc Thái Ninh,Xã,"Xã Bắc Thái Ninh, Tỉnh Hưng Yên"
33,Hưng Yên,12859,Bắc Thụy Anh,Xã,"Xã Bắc Thụy Anh, Tỉnh Hưng Yên"
33,Hưng Yên,12700,Bắc Tiên Hưng,Xã,"Xã Bắc Tiên Hưng, Tỉnh Hưng Yên"
33,Hưng Yên,13186,Bình Định,Xã,"Xã Bình Định, Tỉnh Hưng Yên"
33,Hưng Yên,13096,Bình Nguyên,Xã,"Xã Bình Nguyên, Tỉnh Hưng Yên"
33,Hưng Yên,13183,Bình Thanh,Xã,"Xã Bình Thanh, Tỉnh Hưng Yên"
33,Hưng Yên,12247,Châu Ninh,Xã,"Xã Châu Ninh, Tỉnh Hưng Yên"
33,Hưng Yên,12271,Chí Minh,Xã,"Xã Chí Minh, Tỉnh Hưng Yên"
33,Hưng Yên,12619,Diên Hà,Xã,"Xã Diên Hà, Tỉnh Hưng Yên"
33,Hưng Yên,11995,Đại Đồng,Xã,"Xã Đại Đồng, Tỉnh Hưng Yên"
33,Hưng Yên,12406,Đoàn Đào,Xã,"Xã Đoàn Đào, Tỉnh Hưng Yên"
33,Hưng Yên,12526,Đồng Bằng,Xã,"Xã Đồng Bằng, Tỉnh Hưng Yên"
33,Hưng Yên,13003,Đồng Châu,Xã,"Xã Đồng Châu, Tỉnh Hưng Yên"
33,Hưng Yên,12688,Đông Hưng,Xã,"Xã Đông Hưng, Tỉnh Hưng Yên"
33,Hưng Yên,12793,Đông Quan,Xã,"Xã Đông Quan, Tỉnh Hưng Yên"
33,Hưng Yên,12943,Đông Thái Ninh,Xã,"Xã Đông Thái Ninh, Tỉnh Hưng Yên"
33,Hưng Yên,12862,Đông Thụy Anh,Xã,"Xã Đông Thụy Anh, Tỉnh Hưng Yên"
33,Hưng Yên,12988,Đông Tiền Hải,Xã,"Xã Đông Tiền Hải, Tỉnh Hưng Yên"
33,Hưng Yên,12736,Đông Tiên Hưng,Xã,"Xã Đông Tiên Hưng, Tỉnh Hưng Yên"
33,Hưng Yên,12313,Đức Hợp,Xã,"Xã Đức Hợp, Tỉnh Hưng Yên"
33,Hưng Yên,12133,Đường Hào,Phường,"Phường Đường Hào, Tỉnh Hưng Yên"
33,Hưng Yên,12322,Hiệp Cường,Xã,"Xã Hiệp Cường, Tỉnh Hưng Yên"
33,Hưng Yên,12070,Hoàn Long,Xã,"Xã Hoàn Long, Tỉnh Hưng Yên"
33,Hưng Yên,12337,Hoàng Hoa Thám,Xã,"Xã Hoàng Hoa Thám, Tỉnh Hưng Yên"
33,Hưng Yên,11980,Hồng Châu,Phường,"Phường Hồng Châu, Tỉnh Hưng Yên"
33,Hưng Yên,12685,Hồng Minh,Xã,"Xã Hồng Minh, Tỉnh Hưng Yên"
33,Hưng Yên,12196,Hồng Quang,Xã,"Xã Hồng Quang, Tỉnh Hưng Yên"
33,Hưng Yên,13159,Hồng Vũ,Xã,"Xã Hồng Vũ, Tỉnh Hưng Yên"
33,Hưng Yên,12586,Hưng Hà,Xã,"Xã Hưng Hà, Tỉnh Hưng Yên"
33,Hưng Yên,13066,Hưng Phú,Xã,"Xã Hưng Phú, Tỉnh Hưng Yên"
33,Hưng Yên,12205,Khoái Châu,Xã,"Xã Khoái Châu, Tỉnh Hưng Yên"
33,Hưng Yên,13075,Kiến Xương,Xã,"Xã Kiến Xương, Tỉnh Hưng Yên"
33,Hưng Yên,11992,Lạc Đạo,Xã,"Xã Lạc Đạo, Tỉnh Hưng Yên"
33,Hưng Yên,13120,Lê Lợi,Xã,"Xã Lê Lợi, Tỉnh Hưng Yên"
33,Hưng Yên,12676,Lê Quý Đôn,Xã,"Xã Lê Quý Đôn, Tỉnh Hưng Yên"
33,Hưng Yên,12613,Long Hưng,Xã,"Xã Long Hưng, Tỉnh Hưng Yên"
33,Hưng Yên,12280,Lương Bằng,Xã,"Xã Lương Bằng, Tỉnh Hưng Yên"
33,Hưng Yên,12049,Mễ Sở,Xã,"Xã Mễ Sở, Tỉnh Hưng Yên"
33,Hưng Yên,12511,Minh Thọ,Xã,"Xã Minh Thọ, Tỉnh Hưng Yên"
33,Hưng Yên,12103,Mỹ Hào,Phường,"Phường Mỹ Hào, Tỉnh Hưng Yên"
33,Hưng Yên,13057,Nam Cường,Xã,"Xã Nam Cường, Tỉnh Hưng Yên"
33,Hưng Yên,12775,Nam Đông Hưng,Xã,"Xã Nam Đông Hưng, Tỉnh Hưng Yên"
33,Hưng Yên,12961,Nam Thái Ninh,Xã,"Xã Nam Thái Ninh, Tỉnh Hưng Yên"
33,Hưng Yên,12904,Nam Thụy Anh,Xã,"Xã Nam Thụy Anh, Tỉnh Hưng Yên"
33,Hưng Yên,13063,Nam Tiền Hải,Xã,"Xã Nam Tiền Hải, Tỉnh Hưng Yên"
33,Hưng Yên,12763,Nam Tiên Hưng,Xã,"Xã Nam Tiên Hưng, Tỉnh Hưng Yên"
33,Hưng Yên,12286,Nghĩa Dân,Xã,"Xã Nghĩa Dân, Tỉnh Hưng Yên"
33,Hưng Yên,12031,Nghĩa Trụ,Xã,"Xã Nghĩa Trụ, Tỉnh Hưng Yên"
33,Hưng Yên,12517,Ngọc Lâm,Xã,"Xã Ngọc Lâm, Tỉnh Hưng Yên"
33,Hưng Yên,12595,Ngự Thiên,Xã,"Xã Ngự Thiên, Tỉnh Hưng Yên"
33,Hưng Yên,12532,Nguyễn Du,Xã,"Xã Nguyễn Du, Tỉnh Hưng Yên"
33,Hưng Yên,12184,Nguyễn Trãi,Xã,"Xã Nguyễn Trãi, Tỉnh Hưng Yên"
33,Hưng Yên,12064,Nguyễn Văn Linh,Xã,"Xã Nguyễn Văn Linh, Tỉnh Hưng Yên"
33,Hưng Yên,12004,Như Quỳnh,Xã,"Xã Như Quỳnh, Tỉnh Hưng Yên"
33,Hưng Yên,12148,Phạm Ngũ Lão,Xã,"Xã Phạm Ngũ Lão, Tỉnh Hưng Yên"
33,Hưng Yên,11953,Phố Hiến,Phường,"Phường Phố Hiến, Tỉnh Hưng Yên"
33,Hưng Yên,12523,Phụ Dực,Xã,"Xã Phụ Dực, Tỉnh Hưng Yên"
33,Hưng Yên,12025,Phụng Công,Xã,"Xã Phụng Công, Tỉnh Hưng Yên"
33,Hưng Yên,12391,Quang Hưng,Xã,"Xã Quang Hưng, Tỉnh Hưng Yên"
33,Hưng Yên,13132,Quang Lịch,Xã,"Xã Quang Lịch, Tỉnh Hưng Yên"
33,Hưng Yên,12577,Quỳnh An,Xã,"Xã Quỳnh An, Tỉnh Hưng Yên"
33,Hưng Yên,12472,Quỳnh Phụ,Xã,"Xã Quỳnh Phụ, Tỉnh Hưng Yên"
33,Hưng Yên,11983,Sơn Nam,Phường,"Phường Sơn Nam, Tỉnh Hưng Yên"
33,Hưng Yên,11977,Tân Hưng,Xã,"Xã Tân Hưng, Tỉnh Hưng Yên"
33,Hưng Yên,13246,Tân Thuận,Xã,"Xã Tân Thuận, Tỉnh Hưng Yên"
33,Hưng Yên,12583,Tân Tiến,Xã,"Xã Tân Tiến, Tỉnh Hưng Yên"
33,Hưng Yên,12919,Tây Thái Ninh,Xã,"Xã Tây Thái Ninh, Tỉnh Hưng Yên"
33,Hưng Yên,12850,Tây Thụy Anh,Xã,"Xã Tây Thụy Anh, Tỉnh Hưng Yên"
33,Hưng Yên,13039,Tây Tiền Hải,Xã,"Xã Tây Tiền Hải, Tỉnh Hưng Yên"
33,Hưng Yên,13225,Thái Bình,Phường,"Phường Thái Bình, Tỉnh Hưng Yên"
33,Hưng Yên,12922,Thái Ninh,Xã,"Xã Thái Ninh, Tỉnh Hưng Yên"
33,Hưng Yên,12826,Thái Thụy,Xã,"Xã Thái Thụy, Tỉnh Hưng Yên"
33,Hưng Yên,12631,Thần Khê,Xã,"Xã Thần Khê, Tỉnh Hưng Yên"
33,Hưng Yên,13222,Thư Trì,Xã,"Xã Thư Trì, Tỉnh Hưng Yên"
33,Hưng Yên,13264,Thư Vũ,Xã,"Xã Thư Vũ, Tỉnh Hưng Yên"
33,Hưng Yên,12127,Thượng Hồng,Phường,"Phường Thượng Hồng, Tỉnh Hưng Yên"
33,Hưng Yên,12865,Thụy Anh,Xã,"Xã Thụy Anh, Tỉnh Hưng Yên"
33,Hưng Yên,12970,Tiền Hải,Xã,"Xã Tiền Hải, Tỉnh Hưng Yên"
33,Hưng Yên,12361,Tiên Hoa,Xã,"Xã Tiên Hoa, Tỉnh Hưng Yên"
33,Hưng Yên,12754,Tiên Hưng,Xã,"Xã Tiên Hưng, Tỉnh Hưng Yên"
33,Hưng Yên,12634,Tiên La,Xã,"Xã Tiên La, Tỉnh Hưng Yên"
33,Hưng Yên,12364,Tiên Lữ,Xã,"Xã Tiên Lữ, Tỉnh Hưng Yên"
33,Hưng Yên,12424,Tiên Tiến,Xã,"Xã Tiên Tiến, Tỉnh Hưng Yên"
33,Hưng Yên,12427,Tống Trân,Xã,"Xã Tống Trân, Tỉnh Hưng Yên"
33,Hưng Yên,13093,Trà Giang,Xã,"Xã Trà Giang, Tỉnh Hưng Yên"
33,Hưng Yên,12817,Trà Lý,Phường,"Phường Trà Lý, Tỉnh Hưng Yên"
33,Hưng Yên,12452,Trần Hưng Đạo,Phường,"Phường Trần Hưng Đạo, Tỉnh Hưng Yên"
33,Hưng Yên,12454,Trần Lãm,Phường,"Phường Trần Lãm, Tỉnh Hưng Yên"
33,Hưng Yên,12223,Triệu Việt Vương,Xã,"Xã Triệu Việt Vương, Tỉnh Hưng Yên"
33,Hưng Yên,12019,Văn Giang,Xã,"Xã Văn Giang, Tỉnh Hưng Yên"
33,Hưng Yên,13219,Vạn Xuân,Xã,"Xã Vạn Xuân, Tỉnh Hưng Yên"
33,Hưng Yên,12238,Việt Tiến,Xã,"Xã Việt Tiến, Tỉnh Hưng Yên"
33,Hưng Yên,12091,Việt Yên,Xã,"Xã Việt Yên, Tỉnh Hưng Yên"
33,Hưng Yên,12466,Vũ Phúc,Phường,"Phường Vũ Phúc, Tỉnh Hưng Yên"
33,Hưng Yên,13141,Vũ Quý,Xã,"Xã Vũ Quý, Tỉnh Hưng Yên"
33,Hưng Yên,13192,Vũ Thư,Xã,"Xã Vũ Thư, Tỉnh Hưng Yên"
33,Hưng Yên,13279,Vũ Tiên,Xã,"Xã Vũ Tiên, Tỉnh Hưng Yên"
33,Hưng Yên,12166,Xuân Trúc,Xã,"Xã Xuân Trúc, Tỉnh Hưng Yên"
33,Hưng Yên,12073,Yên Mỹ,Xã,"Xã Yên Mỹ, Tỉnh Hưng Yên"
56,Khánh Hòa,22828,Anh Dũng,Xã,"Xã Anh Dũng, Tỉnh Khánh Hòa"
56,Khánh Hòa,22423,Ba Ngòi,Phường,"Phường Ba Ngòi, Tỉnh Khánh Hòa"
56,Khánh Hòa,22795,Bác Ái,Xã,"Xã Bác Ái, Tỉnh Khánh Hòa"
56,Khánh Hòa,22801,Bác Ái Đông,Xã,"Xã Bác Ái Đông, Tỉnh Khánh Hòa"
56,Khánh Hòa,22786,Bác Ái Tây,Xã,"Xã Bác Ái Tây, Tỉnh Khánh Hòa"
56,Khánh Hòa,22411,Bắc Cam Ranh,Phường,"Phường Bắc Cam Ranh, Tỉnh Khánh Hòa"
56,Khánh Hòa,22615,Bắc Khánh Vĩnh,Xã,"Xã Bắc Khánh Vĩnh, Tỉnh Khánh Hòa"
56,Khánh Hòa,22333,Bắc Nha Trang,Phường,"Phường Bắc Nha Trang, Tỉnh Khánh Hòa"
56,Khánh Hòa,22546,Bắc Ninh Hòa,Xã,"Xã Bắc Ninh Hòa, Tỉnh Khánh Hòa"
56,Khánh Hòa,22741,Bảo An,Phường,"Phường Bảo An, Tỉnh Khánh Hòa"
56,Khánh Hòa,22909,Cà Ná,Xã,"Xã Cà Ná, Tỉnh Khánh Hòa"
56,Khánh Hòa,22465,Cam An,Xã,"Xã Cam An, Tỉnh Khánh Hòa"
56,Khánh Hòa,22435,Cam Hiệp,Xã,"Xã Cam Hiệp, Tỉnh Khánh Hòa"
56,Khánh Hòa,22453,Cam Lâm,Xã,"Xã Cam Lâm, Tỉnh Khánh Hòa"
56,Khánh Hòa,22432,Cam Linh,Phường,"Phường Cam Linh, Tỉnh Khánh Hòa"
56,Khánh Hòa,22420,Cam Ranh,Phường,"Phường Cam Ranh, Tỉnh Khánh Hòa"
56,Khánh Hòa,22840,Công Hải,Xã,"Xã Công Hải, Tỉnh Khánh Hòa"
56,Khánh Hòa,22657,Diên Điền,Xã,"Xã Diên Điền, Tỉnh Khánh Hòa"
56,Khánh Hòa,22651,Diên Khánh,Xã,"Xã Diên Khánh, Tỉnh Khánh Hòa"
56,Khánh Hòa,22678,Diên Lạc,Xã,"Xã Diên Lạc, Tỉnh Khánh Hòa"
56,Khánh Hòa,22660,Diên Lâm,Xã,"Xã Diên Lâm, Tỉnh Khánh Hòa"
56,Khánh Hòa,22672,Diên Thọ,Xã,"Xã Diên Thọ, Tỉnh Khánh Hòa"
56,Khánh Hòa,22736,Đặc khu Trường Sa,Xã,"Xã Đặc khu Trường Sa, Tỉnh Khánh Hòa"
56,Khánh Hòa,22504,Đại Lãnh,Xã,"Xã Đại Lãnh, Tỉnh Khánh Hòa"
56,Khánh Hòa,22738,Đô Vinh,Phường,"Phường Đô Vinh, Tỉnh Khánh Hòa"
56,Khánh Hòa,22780,Đông Hải,Phường,"Phường Đông Hải, Tỉnh Khánh Hòa"
56,Khánh Hòa,22732,Đông Khánh Sơn,Xã,"Xã Đông Khánh Sơn, Tỉnh Khánh Hòa"
56,Khánh Hòa,22561,Đông Ninh Hòa,Phường,"Phường Đông Ninh Hòa, Tỉnh Khánh Hòa"
56,Khánh Hòa,22591,Hòa Thắng,Phường,"Phường Hòa Thắng, Tỉnh Khánh Hòa"
56,Khánh Hòa,22558,Hòa Trí,Xã,"Xã Hòa Trí, Tỉnh Khánh Hòa"
56,Khánh Hòa,22714,Khánh Sơn,Xã,"Xã Khánh Sơn, Tỉnh Khánh Hòa"
56,Khánh Hòa,22609,Khánh Vĩnh,Xã,"Xã Khánh Vĩnh, Tỉnh Khánh Hòa"
56,Khánh Hòa,22813,Lâm Sơn,Xã,"Xã Lâm Sơn, Tỉnh Khánh Hòa"
56,Khánh Hòa,22822,Mỹ Sơn,Xã,"Xã Mỹ Sơn, Tỉnh Khánh Hòa"
56,Khánh Hòa,22480,Nam Cam Ranh,Xã,"Xã Nam Cam Ranh, Tỉnh Khánh Hòa"
56,Khánh Hòa,22648,Nam Khánh Vĩnh,Xã,"Xã Nam Khánh Vĩnh, Tỉnh Khánh Hòa"
56,Khánh Hòa,22402,Nam Nha Trang,Phường,"Phường Nam Nha Trang, Tỉnh Khánh Hòa"
56,Khánh Hòa,22597,Nam Ninh Hòa,Xã,"Xã Nam Ninh Hòa, Tỉnh Khánh Hòa"
56,Khánh Hòa,22366,Nha Trang,Phường,"Phường Nha Trang, Tỉnh Khánh Hòa"
56,Khánh Hòa,22834,Ninh Chử,Phường,"Phường Ninh Chử, Tỉnh Khánh Hòa"
56,Khánh Hòa,22852,Ninh Hải,Xã,"Xã Ninh Hải, Tỉnh Khánh Hòa"
56,Khánh Hòa,22528,Ninh Hòa,Phường,"Phường Ninh Hòa, Tỉnh Khánh Hòa"
56,Khánh Hòa,22870,Ninh Phước,Xã,"Xã Ninh Phước, Tỉnh Khánh Hòa"
56,Khánh Hòa,22810,Ninh Sơn,Xã,"Xã Ninh Sơn, Tỉnh Khánh Hòa"
56,Khánh Hòa,22759,Phan Rang,Phường,"Phường Phan Rang, Tỉnh Khánh Hòa"
56,Khánh Hòa,22888,Phước Dinh,Xã,"Xã Phước Dinh, Tỉnh Khánh Hòa"
56,Khánh Hòa,22900,Phước Hà,Xã,"Xã Phước Hà, Tỉnh Khánh Hòa"
56,Khánh Hòa,22873,Phước Hậu,Xã,"Xã Phước Hậu, Tỉnh Khánh Hòa"
56,Khánh Hòa,22891,Phước Hữu,Xã,"Xã Phước Hữu, Tỉnh Khánh Hòa"
56,Khánh Hòa,22708,Suối Dầu,Xã,"Xã Suối Dầu, Tỉnh Khánh Hòa"
56,Khánh Hòa,22702,Suối Hiệp,Xã,"Xã Suối Hiệp, Tỉnh Khánh Hòa"
56,Khánh Hòa,22576,Tân Định,Xã,"Xã Tân Định, Tỉnh Khánh Hòa"
56,Khánh Hòa,22720,Tây Khánh Sơn,Xã,"Xã Tây Khánh Sơn, Tỉnh Khánh Hòa"
56,Khánh Hòa,22624,Tây Khánh Vĩnh,Xã,"Xã Tây Khánh Vĩnh, Tỉnh Khánh Hòa"
56,Khánh Hòa,22390,Tây Nha Trang,Phường,"Phường Tây Nha Trang, Tỉnh Khánh Hòa"
56,Khánh Hòa,22552,Tây Ninh Hòa,Xã,"Xã Tây Ninh Hòa, Tỉnh Khánh Hòa"
56,Khánh Hòa,22849,Thuận Bắc,Xã,"Xã Thuận Bắc, Tỉnh Khánh Hòa"
56,Khánh Hòa,22897,Thuận Nam,Xã,"Xã Thuận Nam, Tỉnh Khánh Hòa"
56,Khánh Hòa,22612,Trung Khánh Vĩnh,Xã,"Xã Trung Khánh Vĩnh, Tỉnh Khánh Hòa"
56,Khánh Hòa,22498,Tu Bông,Xã,"Xã Tu Bông, Tỉnh Khánh Hòa"
56,Khánh Hòa,22525,Vạn Hưng,Xã,"Xã Vạn Hưng, Tỉnh Khánh Hòa"
56,Khánh Hòa,22489,Vạn Ninh,Xã,"Xã Vạn Ninh, Tỉnh Khánh Hòa"
56,Khánh Hòa,22516,Vạn Thắng,Xã,"Xã Vạn Thắng, Tỉnh Khánh Hòa"
56,Khánh Hòa,22846,Vĩnh Hải,Xã,"Xã Vĩnh Hải, Tỉnh Khánh Hòa"
56,Khánh Hòa,22861,Xuân Hải,Xã,"Xã Xuân Hải, Tỉnh Khánh Hòa"
12,Lai Châu,03424,Bản Bo,Xã,"Xã Bản Bo, Tỉnh Lai Châu"
12,Lai Châu,03390,Bình Lư,Xã,"Xã Bình Lư, Tỉnh Lai Châu"
12,Lai Châu,03466,Bum Nưa,Xã,"Xã Bum Nưa, Tỉnh Lai Châu"
12,Lai Châu,03433,Bum Tở,Xã,"Xã Bum Tở, Tỉnh Lai Châu"
12,Lai Châu,03571,Dào San,Xã,"Xã Dào San, Tỉnh Lai Châu"
12,Lai Châu,03388,Đoàn Kết,Phường,"Phường Đoàn Kết, Tỉnh Lai Châu"
12,Lai Châu,03508,Hồng Thu,Xã,"Xã Hồng Thu, Tỉnh Lai Châu"
12,Lai Châu,03460,Hua Bum,Xã,"Xã Hua Bum, Tỉnh Lai Châu"
12,Lai Châu,03640,Khoen On,Xã,"Xã Khoen On, Tỉnh Lai Châu"
12,Lai Châu,03583,Khổng Lào,Xã,"Xã Khổng Lào, Tỉnh Lai Châu"
12,Lai Châu,03430,Khun Há,Xã,"Xã Khun Há, Tỉnh Lai Châu"
12,Lai Châu,03487,Lê Lợi,Xã,"Xã Lê Lợi, Tỉnh Lai Châu"
12,Lai Châu,03451,Mù Cả,Xã,"Xã Mù Cả, Tỉnh Lai Châu"
12,Lai Châu,03601,Mường Khoa,Xã,"Xã Mường Khoa, Tỉnh Lai Châu"
12,Lai Châu,03637,Mường Kim,Xã,"Xã Mường Kim, Tỉnh Lai Châu"
12,Lai Châu,03472,Mường Mô,Xã,"Xã Mường Mô, Tỉnh Lai Châu"
12,Lai Châu,03445,Mường Tè,Xã,"Xã Mường Tè, Tỉnh Lai Châu"
12,Lai Châu,03618,Mường Than,Xã,"Xã Mường Than, Tỉnh Lai Châu"
12,Lai Châu,03544,Nậm Cuổi,Xã,"Xã Nậm Cuổi, Tỉnh Lai Châu"
12,Lai Châu,03434,Nậm Hàng,Xã,"Xã Nậm Hàng, Tỉnh Lai Châu"
12,Lai Châu,03538,Nậm Mạ,Xã,"Xã Nậm Mạ, Tỉnh Lai Châu"
12,Lai Châu,03613,Nậm Sỏ,Xã,"Xã Nậm Sỏ, Tỉnh Lai Châu"
12,Lai Châu,03517,Nậm Tăm,Xã,"Xã Nậm Tăm, Tỉnh Lai Châu"
12,Lai Châu,03503,Pa Tần,Xã,"Xã Pa Tần, Tỉnh Lai Châu"
12,Lai Châu,03442,Pa Ủ,Xã,"Xã Pa Ủ, Tỉnh Lai Châu"
12,Lai Châu,03616,Pắc Ta,Xã,"Xã Pắc Ta, Tỉnh Lai Châu"
12,Lai Châu,03549,Phong Thổ,Xã,"Xã Phong Thổ, Tỉnh Lai Châu"
12,Lai Châu,03532,Pu Sam Cáp,Xã,"Xã Pu Sam Cáp, Tỉnh Lai Châu"
12,Lai Châu,03562,Sì Lở Lầu,Xã,"Xã Sì Lở Lầu, Tỉnh Lai Châu"
12,Lai Châu,03478,Sìn Hồ,Xã,"Xã Sìn Hồ, Tỉnh Lai Châu"
12,Lai Châu,03394,Sin Suối Hồ,Xã,"Xã Sin Suối Hồ, Tỉnh Lai Châu"
12,Lai Châu,03405,Tả Lèng,Xã,"Xã Tả Lèng, Tỉnh Lai Châu"
12,Lai Châu,03463,Tà Tổng,Xã,"Xã Tà Tổng, Tỉnh Lai Châu"
12,Lai Châu,03408,Tân Phong,Phường,"Phường Tân Phong, Tỉnh Lai Châu"
12,Lai Châu,03598,Tân Uyên,Xã,"Xã Tân Uyên, Tỉnh Lai Châu"
12,Lai Châu,03595,Than Uyên,Xã,"Xã Than Uyên, Tỉnh Lai Châu"
12,Lai Châu,03439,Thu Lũm,Xã,"Xã Thu Lũm, Tỉnh Lai Châu"
12,Lai Châu,03529,Tủa Sín Chải,Xã,"Xã Tủa Sín Chải, Tỉnh Lai Châu"
68,Lâm Đồng,24823,1 Bảo Lộc,Phường,"Phường 1 Bảo Lộc, Tỉnh Lâm Đồng"
68,Lâm Đồng,24820,2 Bảo Lộc,Phường,"Phường 2 Bảo Lộc, Tỉnh Lâm Đồng"
68,Lâm Đồng,24841,3 Bảo Lộc,Phường,"Phường 3 Bảo Lộc, Tỉnh Lâm Đồng"
68,Lâm Đồng,24829,B'Lao,Phường,"Phường B'Lao, Tỉnh Lâm Đồng"
68,Lâm Đồng,23005,Bắc Bình,Xã,"Xã Bắc Bình, Tỉnh Lâm Đồng"
68,Lâm Đồng,24611,Bắc Gia Nghĩa,Phường,"Phường Bắc Gia Nghĩa, Tỉnh Lâm Đồng"
68,Lâm Đồng,23152,Bắc Ruộng,Xã,"Xã Bắc Ruộng, Tỉnh Lâm Đồng"
68,Lâm Đồng,25054,Bảo Lâm 1,Xã,"Xã Bảo Lâm 1, Tỉnh Lâm Đồng"
68,Lâm Đồng,25084,Bảo Lâm 2,Xã,"Xã Bảo Lâm 2, Tỉnh Lâm Đồng"
68,Lâm Đồng,25093,Bảo Lâm 3,Xã,"Xã Bảo Lâm 3, Tỉnh Lâm Đồng"
68,Lâm Đồng,25063,Bảo Lâm 4,Xã,"Xã Bảo Lâm 4, Tỉnh Lâm Đồng"
68,Lâm Đồng,25057,Bảo Lâm 5,Xã,"Xã Bảo Lâm 5, Tỉnh Lâm Đồng"
68,Lâm Đồng,25018,Bảo Thuận,Xã,"Xã Bảo Thuận, Tỉnh Lâm Đồng"
68,Lâm Đồng,22960,Bình Thuận,Phường,"Phường Bình Thuận, Tỉnh Lâm Đồng"
68,Lâm Đồng,24787,Cam Ly - Đà Lạt,Phường,"Phường Cam Ly - Đà Lạt, Tỉnh Lâm Đồng"
68,Lâm Đồng,25159,Cát Tiên,Xã,"Xã Cát Tiên, Tỉnh Lâm Đồng"
68,Lâm Đồng,25180,Cát Tiên 2,Xã,"Xã Cát Tiên 2, Tỉnh Lâm Đồng"
68,Lâm Đồng,25162,Cát Tiên 3,Xã,"Xã Cát Tiên 3, Tỉnh Lâm Đồng"
68,Lâm Đồng,24640,Cư Jút,Xã,"Xã Cư Jút, Tỉnh Lâm Đồng"
68,Lâm Đồng,24934,D'Ran,Xã,"Xã D'Ran, Tỉnh Lâm Đồng"
68,Lâm Đồng,25000,Di Linh,Xã,"Xã Di Linh, Tỉnh Lâm Đồng"
68,Lâm Đồng,25099,Đạ Huoai,Xã,"Xã Đạ Huoai, Tỉnh Lâm Đồng"
68,Lâm Đồng,25105,Đạ Huoai 2,Xã,"Xã Đạ Huoai 2, Tỉnh Lâm Đồng"
68,Lâm Đồng,25114,Đạ Huoai 3,Xã,"Xã Đạ Huoai 3, Tỉnh Lâm Đồng"
68,Lâm Đồng,25126,Đạ Tẻh,Xã,"Xã Đạ Tẻh, Tỉnh Lâm Đồng"
68,Lâm Đồng,25138,Đạ Tẻh 2,Xã,"Xã Đạ Tẻh 2, Tỉnh Lâm Đồng"
68,Lâm Đồng,25135,Đạ Tẻh 3,Xã,"Xã Đạ Tẻh 3, Tỉnh Lâm Đồng"
68,Lâm Đồng,23272,Đặc khu Phú Quý,Xã,"Xã Đặc khu Phú Quý, Tỉnh Lâm Đồng"
68,Lâm Đồng,24670,Đắk Mil,Xã,"Xã Đắk Mil, Tỉnh Lâm Đồng"
68,Lâm Đồng,24678,Đắk Sắk,Xã,"Xã Đắk Sắk, Tỉnh Lâm Đồng"
68,Lâm Đồng,24718,Đắk song,Xã,"Xã Đắk song, Tỉnh Lâm Đồng"
68,Lâm Đồng,24646,Đắk Wil,Xã,"Xã Đắk Wil, Tỉnh Lâm Đồng"
68,Lâm Đồng,24886,Đam Rông 1,Xã,"Xã Đam Rông 1, Tỉnh Lâm Đồng"
68,Lâm Đồng,24877,Đam Rông 2,Xã,"Xã Đam Rông 2, Tỉnh Lâm Đồng"
68,Lâm Đồng,24875,Đam Rông 3,Xã,"Xã Đam Rông 3, Tỉnh Lâm Đồng"
68,Lâm Đồng,24853,Đam Rông 4,Xã,"Xã Đam Rông 4, Tỉnh Lâm Đồng"
68,Lâm Đồng,25007,Đinh Trang Thượng,Xã,"Xã Đinh Trang Thượng, Tỉnh Lâm Đồng"
68,Lâm Đồng,24871,Đinh Văn Lâm Hà,Xã,"Xã Đinh Văn Lâm Hà, Tỉnh Lâm Đồng"
68,Lâm Đồng,24931,Đơn Dương,Xã,"Xã Đơn Dương, Tỉnh Lâm Đồng"
68,Lâm Đồng,24617,Đông Gia Nghĩa,Phường,"Phường Đông Gia Nghĩa, Tỉnh Lâm Đồng"
68,Lâm Đồng,23074,Đông Giang,Xã,"Xã Đông Giang, Tỉnh Lâm Đồng"
68,Lâm Đồng,23173,Đồng Kho,Xã,"Xã Đồng Kho, Tỉnh Lâm Đồng"
68,Lâm Đồng,24717,Đức An,Xã,"Xã Đức An, Tỉnh Lâm Đồng"
68,Lâm Đồng,24664,Đức Lập,Xã,"Xã Đức Lập, Tỉnh Lâm Đồng"
68,Lâm Đồng,23191,Đức Linh,Xã,"Xã Đức Linh, Tỉnh Lâm Đồng"
68,Lâm Đồng,24958,Đức Trọng,Xã,"Xã Đức Trọng, Tỉnh Lâm Đồng"
68,Lâm Đồng,25015,Gia Hiệp,Xã,"Xã Gia Hiệp, Tỉnh Lâm Đồng"
68,Lâm Đồng,23020,Hải Ninh,Xã,"Xã Hải Ninh, Tỉnh Lâm Đồng"
68,Lâm Đồng,23128,Hàm Kiệm,Xã,"Xã Hàm Kiệm, Tỉnh Lâm Đồng"
68,Lâm Đồng,23095,Hàm Liêm,Xã,"Xã Hàm Liêm, Tỉnh Lâm Đồng"
68,Lâm Đồng,23236,Hàm Tân,Xã,"Xã Hàm Tân, Tỉnh Lâm Đồng"
68,Lâm Đồng,22933,Hàm Thắng,Phường,"Phường Hàm Thắng, Tỉnh Lâm Đồng"
68,Lâm Đồng,23122,Hàm Thạnh,Xã,"Xã Hàm Thạnh, Tỉnh Lâm Đồng"
68,Lâm Đồng,23059,Hàm Thuận,Xã,"Xã Hàm Thuận, Tỉnh Lâm Đồng"
68,Lâm Đồng,23089,Hàm Thuận Bắc,Xã,"Xã Hàm Thuận Bắc, Tỉnh Lâm Đồng"
68,Lâm Đồng,23110,Hàm Thuận Nam,Xã,"Xã Hàm Thuận Nam, Tỉnh Lâm Đồng"
68,Lâm Đồng,24967,Hiệp Thạnh,Xã,"Xã Hiệp Thạnh, Tỉnh Lâm Đồng"
68,Lâm Đồng,25042,Hòa Bắc,Xã,"Xã Hòa Bắc, Tỉnh Lâm Đồng"
68,Lâm Đồng,25036,Hòa Ninh,Xã,"Xã Hòa Ninh, Tỉnh Lâm Đồng"
68,Lâm Đồng,23053,Hòa Thắng,Xã,"Xã Hòa Thắng, Tỉnh Lâm Đồng"
68,Lâm Đồng,23194,Hoài Đức,Xã,"Xã Hoài Đức, Tỉnh Lâm Đồng"
68,Lâm Đồng,23086,Hồng Sơn,Xã,"Xã Hồng Sơn, Tỉnh Lâm Đồng"
68,Lâm Đồng,23041,Hồng Thái,Xã,"Xã Hồng Thái, Tỉnh Lâm Đồng"
68,Lâm Đồng,24943,Ka Đô,Xã,"Xã Ka Đô, Tỉnh Lâm Đồng"
68,Lâm Đồng,24733,Kiến Đức,Xã,"Xã Kiến Đức, Tỉnh Lâm Đồng"
68,Lâm Đồng,24688,Krông Nô,Xã,"Xã Krông Nô, Tỉnh Lâm Đồng"
68,Lâm Đồng,23065,La Dạ,Xã,"Xã La Dạ, Tỉnh Lâm Đồng"
68,Lâm Đồng,23235,La Gi,Phường,"Phường La Gi, Tỉnh Lâm Đồng"
68,Lâm Đồng,24848,Lạc Dương,Xã,"Xã Lạc Dương, Tỉnh Lâm Đồng"
68,Lâm Đồng,24778,Lâm Viên - Đà Lạt,Phường,"Phường Lâm Viên - Đà Lạt, Tỉnh Lâm Đồng"
68,Lâm Đồng,24846,Lang Biang - Đà Lạt,Phường,"Phường Lang Biang - Đà Lạt, Tỉnh Lâm Đồng"
68,Lâm Đồng,22969,Liên Hương,Xã,"Xã Liên Hương, Tỉnh Lâm Đồng"
68,Lâm Đồng,23032,Lương Sơn,Xã,"Xã Lương Sơn, Tỉnh Lâm Đồng"
68,Lâm Đồng,22918,Mũi Né,Phường,"Phường Mũi Né, Tỉnh Lâm Đồng"
68,Lâm Đồng,24868,Nam Ban Lâm Hà,Xã,"Xã Nam Ban Lâm Hà, Tỉnh Lâm Đồng"
68,Lâm Đồng,24649,Nam Dong,Xã,"Xã Nam Dong, Tỉnh Lâm Đồng"
68,Lâm Đồng,24697,Nam Đà,Xã,"Xã Nam Đà, Tỉnh Lâm Đồng"
68,Lâm Đồng,24615,Nam Gia Nghĩa,Phường,"Phường Nam Gia Nghĩa, Tỉnh Lâm Đồng"
68,Lâm Đồng,24883,Nam Hà Lâm Hà,Xã,"Xã Nam Hà Lâm Hà, Tỉnh Lâm Đồng"
68,Lâm Đồng,24703,Nâm Nung,Xã,"Xã Nâm Nung, Tỉnh Lâm Đồng"
68,Lâm Đồng,23200,Nam Thành,Xã,"Xã Nam Thành, Tỉnh Lâm Đồng"
68,Lâm Đồng,23158,Nghị Đức,Xã,"Xã Nghị Đức, Tỉnh Lâm Đồng"
68,Lâm Đồng,24751,Nhân Cơ,Xã,"Xã Nhân Cơ, Tỉnh Lâm Đồng"
68,Lâm Đồng,24985,Ninh Gia,Xã,"Xã Ninh Gia, Tỉnh Lâm Đồng"
68,Lâm Đồng,22972,Phan Rí Cửa,Xã,"Xã Phan Rí Cửa, Tỉnh Lâm Đồng"
68,Lâm Đồng,23008,Phan Sơn,Xã,"Xã Phan Sơn, Tỉnh Lâm Đồng"
68,Lâm Đồng,22945,Phan Thiết,Phường,"Phường Phan Thiết, Tỉnh Lâm Đồng"
68,Lâm Đồng,24895,Phú Sơn Lâm Hà,Xã,"Xã Phú Sơn Lâm Hà, Tỉnh Lâm Đồng"
68,Lâm Đồng,22924,Phú Thuỷ,Phường,"Phường Phú Thuỷ, Tỉnh Lâm Đồng"
68,Lâm Đồng,24907,Phúc Thọ Lâm Hà,Xã,"Xã Phúc Thọ Lâm Hà, Tỉnh Lâm Đồng"
68,Lâm Đồng,23231,Phước Hội,Phường,"Phường Phước Hội, Tỉnh Lâm Đồng"
68,Lâm Đồng,24620,Quảng Hòa,Xã,"Xã Quảng Hòa, Tỉnh Lâm Đồng"
68,Lâm Đồng,24631,Quảng Khê,Xã,"Xã Quảng Khê, Tỉnh Lâm Đồng"
68,Lâm Đồng,24955,Quảng Lập,Xã,"Xã Quảng Lập, Tỉnh Lâm Đồng"
68,Lâm Đồng,24712,Quảng Phú,Xã,"Xã Quảng Phú, Tỉnh Lâm Đồng"
68,Lâm Đồng,24616,Quảng Sơn,Xã,"Xã Quảng Sơn, Tỉnh Lâm Đồng"
68,Lâm Đồng,24748,Quảng Tân,Xã,"Xã Quảng Tân, Tỉnh Lâm Đồng"
68,Lâm Đồng,24760,Quảng Tín,Xã,"Xã Quảng Tín, Tỉnh Lâm Đồng"
68,Lâm Đồng,24736,Quảng Trực,Xã,"Xã Quảng Trực, Tỉnh Lâm Đồng"
68,Lâm Đồng,25051,Sơn Điền,Xã,"Xã Sơn Điền, Tỉnh Lâm Đồng"
68,Lâm Đồng,23266,Sơn Mỹ,Xã,"Xã Sơn Mỹ, Tỉnh Lâm Đồng"
68,Lâm Đồng,23023,Sông Lũy,Xã,"Xã Sông Lũy, Tỉnh Lâm Đồng"
68,Lâm Đồng,23188,Suối Kiết,Xã,"Xã Suối Kiết, Tỉnh Lâm Đồng"
68,Lâm Đồng,24637,Tà Đùng,Xã,"Xã Tà Đùng, Tỉnh Lâm Đồng"
68,Lâm Đồng,24991,Tà Hine,Xã,"Xã Tà Hine, Tỉnh Lâm Đồng"
68,Lâm Đồng,24988,Tà Năng,Xã,"Xã Tà Năng, Tỉnh Lâm Đồng"
68,Lâm Đồng,24916,Tân Hà Lâm Hà,Xã,"Xã Tân Hà Lâm Hà, Tỉnh Lâm Đồng"
68,Lâm Đồng,23246,Tân Hải,Xã,"Xã Tân Hải, Tỉnh Lâm Đồng"
68,Lâm Đồng,24976,Tân Hội,Xã,"Xã Tân Hội, Tỉnh Lâm Đồng"
68,Lâm Đồng,23134,Tân Lập,Xã,"Xã Tân Lập, Tỉnh Lâm Đồng"
68,Lâm Đồng,23230,Tân Minh,Xã,"Xã Tân Minh, Tỉnh Lâm Đồng"
68,Lâm Đồng,23143,Tân Thành,Xã,"Xã Tân Thành, Tỉnh Lâm Đồng"
68,Lâm Đồng,23149,Tánh Linh,Xã,"Xã Tánh Linh, Tỉnh Lâm Đồng"
68,Lâm Đồng,24682,Thuận An,Xã,"Xã Thuận An, Tỉnh Lâm Đồng"
68,Lâm Đồng,24722,Thuận Hạnh,Xã,"Xã Thuận Hạnh, Tỉnh Lâm Đồng"
68,Lâm Đồng,22954,Tiến Thành,Phường,"Phường Tiến Thành, Tỉnh Lâm Đồng"
68,Lâm Đồng,23227,Trà Tân,Xã,"Xã Trà Tân, Tỉnh Lâm Đồng"
68,Lâm Đồng,24730,Trường Xuân,Xã,"Xã Trường Xuân, Tỉnh Lâm Đồng"
68,Lâm Đồng,24739,Tuy Đức,Xã,"Xã Tuy Đức, Tỉnh Lâm Đồng"
68,Lâm Đồng,22978,Tuy Phong,Xã,"Xã Tuy Phong, Tỉnh Lâm Đồng"
68,Lâm Đồng,22963,Tuyên Quang,Xã,"Xã Tuyên Quang, Tỉnh Lâm Đồng"
68,Lâm Đồng,22981,Vĩnh Hảo,Xã,"Xã Vĩnh Hảo, Tỉnh Lâm Đồng"
68,Lâm Đồng,24781,Xuân Hương - Đà Lạt,Phường,"Phường Xuân Hương - Đà Lạt, Tỉnh Lâm Đồng"
68,Lâm Đồng,24805,Xuân Trường - Đà Lạt,Phường,"Phường Xuân Trường - Đà Lạt, Tỉnh Lâm Đồng"
20,Lạng Sơn,06202,Ba Sơn,Xã,"Xã Ba Sơn, Tỉnh Lạng Sơn"
20,Lạng Sơn,06325,Bắc Sơn,Xã,"Xã Bắc Sơn, Tỉnh Lạng Sơn"
20,Lạng Sơn,06475,Bằng Mạc,Xã,"Xã Bằng Mạc, Tỉnh Lạng Sơn"
20,Lạng Sơn,06112,Bình Gia,Xã,"Xã Bình Gia, Tỉnh Lạng Sơn"
20,Lạng Sơn,06427,Cai Kinh,Xã,"Xã Cai Kinh, Tỉnh Lạng Sơn"
20,Lạng Sơn,06193,Cao Lộc,Xã,"Xã Cao Lộc, Tỉnh Lạng Sơn"
20,Lạng Sơn,06637,Châu Sơn,Xã,"Xã Châu Sơn, Tỉnh Lạng Sơn"
20,Lạng Sơn,06463,Chi Lăng,Xã,"Xã Chi Lăng, Tỉnh Lạng Sơn"
20,Lạng Sơn,06481,Chiến Thắng,Xã,"Xã Chiến Thắng, Tỉnh Lạng Sơn"
20,Lạng Sơn,06220,Công Sơn,Xã,"Xã Công Sơn, Tỉnh Lạng Sơn"
20,Lạng Sơn,06280,Điềm He,Xã,"Xã Điềm He, Tỉnh Lạng Sơn"
20,Lạng Sơn,06613,Đình Lập,Xã,"Xã Đình Lập, Tỉnh Lạng Sơn"
20,Lạng Sơn,06001,Đoàn Kết,Xã,"Xã Đoàn Kết, Tỉnh Lạng Sơn"
20,Lạng Sơn,06184,Đồng Đăng,Xã,"Xã Đồng Đăng, Tỉnh Lạng Sơn"
20,Lạng Sơn,05977,Đông Kinh,Phường,"Phường Đông Kinh, Tỉnh Lạng Sơn"
20,Lạng Sơn,06073,Hoa Thám,Xã,"Xã Hoa Thám, Tỉnh Lạng Sơn"
20,Lạng Sơn,06172,Hoàng Văn Thụ,Xã,"Xã Hoàng Văn Thụ, Tỉnh Lạng Sơn"
20,Lạng Sơn,06151,Hội Hoan,Xã,"Xã Hội Hoan, Tỉnh Lạng Sơn"
20,Lạng Sơn,06079,Hồng Phong,Xã,"Xã Hồng Phong, Tỉnh Lạng Sơn"
20,Lạng Sơn,06349,Hưng Vũ,Xã,"Xã Hưng Vũ, Tỉnh Lạng Sơn"
20,Lạng Sơn,06400,Hữu Liên,Xã,"Xã Hữu Liên, Tỉnh Lạng Sơn"
20,Lạng Sơn,06385,Hữu Lũng,Xã,"Xã Hữu Lũng, Tỉnh Lạng Sơn"
20,Lạng Sơn,06037,Kháng Chiến,Xã,"Xã Kháng Chiến, Tỉnh Lạng Sơn"
20,Lạng Sơn,06286,Khánh Khê,Xã,"Xã Khánh Khê, Tỉnh Lạng Sơn"
20,Lạng Sơn,06565,Khuất Xá,Xã,"Xã Khuất Xá, Tỉnh Lạng Sơn"
20,Lạng Sơn,06625,Kiên Mộc,Xã,"Xã Kiên Mộc, Tỉnh Lạng Sơn"
20,Lạng Sơn,06187,Kỳ Lừa,Phường,"Phường Kỳ Lừa, Tỉnh Lạng Sơn"
20,Lạng Sơn,06529,Lộc Bình,Xã,"Xã Lộc Bình, Tỉnh Lạng Sơn"
20,Lạng Sơn,06601,Lợi Bác,Xã,"Xã Lợi Bác, Tỉnh Lạng Sơn"
20,Lạng Sơn,05983,Lương Văn Tri,Phường,"Phường Lương Văn Tri, Tỉnh Lạng Sơn"
20,Lạng Sơn,06541,Mẫu Sơn,Xã,"Xã Mẫu Sơn, Tỉnh Lạng Sơn"
20,Lạng Sơn,06526,Na Dương,Xã,"Xã Na Dương, Tỉnh Lạng Sơn"
20,Lạng Sơn,06214,Na Sầm,Xã,"Xã Na Sầm, Tỉnh Lạng Sơn"
20,Lạng Sơn,06496,Nhân Lý,Xã,"Xã Nhân Lý, Tỉnh Lạng Sơn"
20,Lạng Sơn,06376,Nhất Hòa,Xã,"Xã Nhất Hòa, Tỉnh Lạng Sơn"
20,Lạng Sơn,06517,Quan Sơn,Xã,"Xã Quan Sơn, Tỉnh Lạng Sơn"
20,Lạng Sơn,06016,Quốc Khánh,Xã,"Xã Quốc Khánh, Tỉnh Lạng Sơn"
20,Lạng Sơn,06058,Quốc Việt,Xã,"Xã Quốc Việt, Tỉnh Lạng Sơn"
20,Lạng Sơn,06076,Quý Hòa,Xã,"Xã Quý Hòa, Tỉnh Lạng Sơn"
20,Lạng Sơn,05986,Tam Thanh,Phường,"Phường Tam Thanh, Tỉnh Lạng Sơn"
20,Lạng Sơn,06316,Tân Đoàn,Xã,"Xã Tân Đoàn, Tỉnh Lạng Sơn"
20,Lạng Sơn,06445,Tân Thành,Xã,"Xã Tân Thành, Tỉnh Lạng Sơn"
20,Lạng Sơn,06019,Tân Tiến,Xã,"Xã Tân Tiến, Tỉnh Lạng Sơn"
20,Lạng Sơn,06337,Tân Tri,Xã,"Xã Tân Tri, Tỉnh Lạng Sơn"
20,Lạng Sơn,06115,Tân Văn,Xã,"Xã Tân Văn, Tỉnh Lạng Sơn"
20,Lạng Sơn,06616,Thái Bình,Xã,"Xã Thái Bình, Tỉnh Lạng Sơn"
20,Lạng Sơn,06040,Thất Khê,Xã,"Xã Thất Khê, Tỉnh Lạng Sơn"
20,Lạng Sơn,06085,Thiện Hòa,Xã,"Xã Thiện Hòa, Tỉnh Lạng Sơn"
20,Lạng Sơn,06103,Thiện Long,Xã,"Xã Thiện Long, Tỉnh Lạng Sơn"
20,Lạng Sơn,06421,Thiện Tân,Xã,"Xã Thiện Tân, Tỉnh Lạng Sơn"
20,Lạng Sơn,06091,Thiện Thuật,Xã,"Xã Thiện Thuật, Tỉnh Lạng Sơn"
20,Lạng Sơn,06577,Thống Nhất,Xã,"Xã Thống Nhất, Tỉnh Lạng Sơn"
20,Lạng Sơn,06148,Thụy Hùng,Xã,"Xã Thụy Hùng, Tỉnh Lạng Sơn"
20,Lạng Sơn,06046,Tràng Định,Xã,"Xã Tràng Định, Tỉnh Lạng Sơn"
20,Lạng Sơn,06313,Tri Lễ,Xã,"Xã Tri Lễ, Tỉnh Lạng Sơn"
20,Lạng Sơn,06457,Tuấn Sơn,Xã,"Xã Tuấn Sơn, Tỉnh Lạng Sơn"
20,Lạng Sơn,06154,Văn Lãng,Xã,"Xã Văn Lãng, Tỉnh Lạng Sơn"
20,Lạng Sơn,06505,Vạn Linh,Xã,"Xã Vạn Linh, Tỉnh Lạng Sơn"
20,Lạng Sơn,06415,Vân Nham,Xã,"Xã Vân Nham, Tỉnh Lạng Sơn"
20,Lạng Sơn,06253,Văn Quan,Xã,"Xã Văn Quan, Tỉnh Lạng Sơn"
20,Lạng Sơn,06367,Vũ Lăng,Xã,"Xã Vũ Lăng, Tỉnh Lạng Sơn"
20,Lạng Sơn,06364,Vũ Lễ,Xã,"Xã Vũ Lễ, Tỉnh Lạng Sơn"
20,Lạng Sơn,06607,Xuân Dương,Xã,"Xã Xuân Dương, Tỉnh Lạng Sơn"
20,Lạng Sơn,06391,Yên Bình,Xã,"Xã Yên Bình, Tỉnh Lạng Sơn"
20,Lạng Sơn,06298,Yên Phúc,Xã,"Xã Yên Phúc, Tỉnh Lạng Sơn"
15,Lào Cai,02686,A Mú Sung,Xã,"Xã A Mú Sung, Tỉnh Lào Cai"
15,Lào Cai,04543,Âu Lâu,Phường,"Phường Âu Lâu, Tỉnh Lào Cai"
15,Lào Cai,02839,Bắc Hà,Xã,"Xã Bắc Hà, Tỉnh Lào Cai"
15,Lào Cai,03046,Bản Hồ,Xã,"Xã Bản Hồ, Tỉnh Lào Cai"
15,Lào Cai,02788,Bản Lầu,Xã,"Xã Bản Lầu, Tỉnh Lào Cai"
15,Lào Cai,02869,Bản Liền,Xã,"Xã Bản Liền, Tỉnh Lào Cai"
15,Lào Cai,02725,Bản Xèo,Xã,"Xã Bản Xèo, Tỉnh Lào Cai"
15,Lào Cai,04750,Bảo Ái,Xã,"Xã Bảo Ái, Tỉnh Lào Cai"
15,Lào Cai,02989,Bảo Hà,Xã,"Xã Bảo Hà, Tỉnh Lào Cai"
15,Lào Cai,02890,Bảo Nhai,Xã,"Xã Bảo Nhai, Tỉnh Lào Cai"
15,Lào Cai,02905,Bảo Thắng,Xã,"Xã Bảo Thắng, Tỉnh Lào Cai"
15,Lào Cai,02947,Bảo Yên,Xã,"Xã Bảo Yên, Tỉnh Lào Cai"
15,Lào Cai,02683,Bát Xát,Xã,"Xã Bát Xát, Tỉnh Lào Cai"
15,Lào Cai,02674,Cam Đường,Phường,"Phường Cam Đường, Tỉnh Lào Cai"
15,Lào Cai,04726,Cảm Nhân,Xã,"Xã Cảm Nhân, Tỉnh Lào Cai"
15,Lào Cai,02791,Cao Sơn,Xã,"Xã Cao Sơn, Tỉnh Lào Cai"
15,Lào Cai,04693,Cát Thịnh,Xã,"Xã Cát Thịnh, Tỉnh Lào Cai"
15,Lào Cai,04678,Cầu Thia,Phường,"Phường Cầu Thia, Tỉnh Lào Cai"
15,Lào Cai,04699,Chấn Thịnh,Xã,"Xã Chấn Thịnh, Tỉnh Lào Cai"
15,Lào Cai,04387,Châu Quế,Xã,"Xã Châu Quế, Tỉnh Lào Cai"
15,Lào Cai,04489,Chế Tạo,Xã,"Xã Chế Tạo, Tỉnh Lào Cai"
15,Lào Cai,03091,Chiềng Ken,Xã,"Xã Chiềng Ken, Tỉnh Lào Cai"
15,Lào Cai,02896,Cốc Lầu,Xã,"Xã Cốc Lầu, Tỉnh Lào Cai"
15,Lào Cai,02746,Cốc San,Xã,"Xã Cốc San, Tỉnh Lào Cai"
15,Lào Cai,02707,Dền Sáng,Xã,"Xã Dền Sáng, Tỉnh Lào Cai"
15,Lào Cai,03106,Dương Quỳ,Xã,"Xã Dương Quỳ, Tỉnh Lào Cai"
15,Lào Cai,04399,Đông Cuông,Xã,"Xã Đông Cuông, Tỉnh Lào Cai"
15,Lào Cai,04636,Gia Hội,Xã,"Xã Gia Hội, Tỉnh Lào Cai"
15,Lào Cai,02923,Gia Phú,Xã,"Xã Gia Phú, Tỉnh Lào Cai"
15,Lào Cai,04585,Hạnh Phúc,Xã,"Xã Hạnh Phúc, Tỉnh Lào Cai"
15,Lào Cai,02680,Hợp Thành,Xã,"Xã Hợp Thành, Tỉnh Lào Cai"
15,Lào Cai,04576,Hưng Khánh,Xã,"Xã Hưng Khánh, Tỉnh Lào Cai"
15,Lào Cai,04333,Khánh Hòa,Xã,"Xã Khánh Hòa, Tỉnh Lào Cai"
15,Lào Cai,03103,Khánh Yên,Xã,"Xã Khánh Yên, Tỉnh Lào Cai"
15,Lào Cai,04465,Khao Mang,Xã,"Xã Khao Mang, Tỉnh Lào Cai"
15,Lào Cai,04381,Lâm Giang,Xã,"Xã Lâm Giang, Tỉnh Lào Cai"
15,Lào Cai,04318,Lâm Thượng,Xã,"Xã Lâm Thượng, Tỉnh Lào Cai"
15,Lào Cai,02647,Lào Cai,Phường,"Phường Lào Cai, Tỉnh Lào Cai"
15,Lào Cai,04474,Lao Chải,Xã,"Xã Lao Chải, Tỉnh Lào Cai"
15,Lào Cai,04660,Liên Sơn,Xã,"Xã Liên Sơn, Tỉnh Lào Cai"
15,Lào Cai,04303,Lục Yên,Xã,"Xã Lục Yên, Tỉnh Lào Cai"
15,Lào Cai,02848,Lùng Phình,Xã,"Xã Lùng Phình, Tỉnh Lào Cai"
15,Lào Cai,04537,Lương Thịnh,Xã,"Xã Lương Thịnh, Tỉnh Lào Cai"
15,Lào Cai,04375,Mậu A,Xã,"Xã Mậu A, Tỉnh Lào Cai"
15,Lào Cai,03121,Minh Lương,Xã,"Xã Minh Lương, Tỉnh Lào Cai"
15,Lào Cai,04450,Mỏ Vàng,Xã,"Xã Mỏ Vàng, Tỉnh Lào Cai"
15,Lào Cai,04456,Mù Cang Chải,Xã,"Xã Mù Cang Chải, Tỉnh Lào Cai"
15,Lào Cai,03043,Mường Bo,Xã,"Xã Mường Bo, Tỉnh Lào Cai"
15,Lào Cai,02728,Mường Hum,Xã,"Xã Mường Hum, Tỉnh Lào Cai"
15,Lào Cai,02761,Mường Khương,Xã,"Xã Mường Khương, Tỉnh Lào Cai"
15,Lào Cai,04345,Mường Lai,Xã,"Xã Mường Lai, Tỉnh Lào Cai"
15,Lào Cai,03076,Nậm Chày,Xã,"Xã Nậm Chày, Tỉnh Lào Cai"
15,Lào Cai,04462,Nậm Có,Xã,"Xã Nậm Có, Tỉnh Lào Cai"
15,Lào Cai,04273,Nam Cường,Phường,"Phường Nam Cường, Tỉnh Lào Cai"
15,Lào Cai,03085,Nậm Xé,Xã,"Xã Nậm Xé, Tỉnh Lào Cai"
15,Lào Cai,02953,Nghĩa Đô,Xã,"Xã Nghĩa Đô, Tỉnh Lào Cai"
15,Lào Cai,04288,Nghĩa Lộ,Phường,"Phường Nghĩa Lộ, Tỉnh Lào Cai"
15,Lào Cai,04711,Nghĩa Tâm,Xã,"Xã Nghĩa Tâm, Tỉnh Lào Cai"
15,Lào Cai,03004,Ngũ Chỉ Sơn,Xã,"Xã Ngũ Chỉ Sơn, Tỉnh Lào Cai"
15,Lào Cai,02752,Pha Long,Xã,"Xã Pha Long, Tỉnh Lào Cai"
15,Lào Cai,04609,Phình Hồ,Xã,"Xã Phình Hồ, Tỉnh Lào Cai"
15,Lào Cai,04402,Phong Dụ Hạ,Xã,"Xã Phong Dụ Hạ, Tỉnh Lào Cai"
15,Lào Cai,04423,Phong Dụ Thượng,Xã,"Xã Phong Dụ Thượng, Tỉnh Lào Cai"
15,Lào Cai,02902,Phong Hải,Xã,"Xã Phong Hải, Tỉnh Lào Cai"
15,Lào Cai,02998,Phúc Khánh,Xã,"Xã Phúc Khánh, Tỉnh Lào Cai"
15,Lào Cai,04363,Phúc Lợi,Xã,"Xã Phúc Lợi, Tỉnh Lào Cai"
15,Lào Cai,04492,Púng Luông,Xã,"Xã Púng Luông, Tỉnh Lào Cai"
15,Lào Cai,04531,Quy Mông,Xã,"Xã Quy Mông, Tỉnh Lào Cai"
15,Lào Cai,03006,Sa Pa,Phường,"Phường Sa Pa, Tỉnh Lào Cai"
15,Lào Cai,02809,Si Ma Cai,Xã,"Xã Si Ma Cai, Tỉnh Lào Cai"
15,Lào Cai,02824,Sín Chéng,Xã,"Xã Sín Chéng, Tỉnh Lào Cai"
15,Lào Cai,04651,Sơn Lương,Xã,"Xã Sơn Lương, Tỉnh Lào Cai"
15,Lào Cai,02842,Tả Củ Tỷ,Xã,"Xã Tả Củ Tỷ, Tỉnh Lào Cai"
15,Lào Cai,03013,Tả Phìn,Xã,"Xã Tả Phìn, Tỉnh Lào Cai"
15,Lào Cai,03037,Tả Van,Xã,"Xã Tả Van, Tỉnh Lào Cai"
15,Lào Cai,04603,Tà Xi Láng,Xã,"Xã Tà Xi Láng, Tỉnh Lào Cai"
15,Lào Cai,04429,Tân Hợp,Xã,"Xã Tân Hợp, Tỉnh Lào Cai"
15,Lào Cai,04336,Tân Lĩnh,Xã,"Xã Tân Lĩnh, Tỉnh Lào Cai"
15,Lào Cai,02908,Tằng Loỏng,Xã,"Xã Tằng Loỏng, Tỉnh Lào Cai"
15,Lào Cai,04717,Thác Bà,Xã,"Xã Thác Bà, Tỉnh Lào Cai"
15,Lào Cai,04705,Thượng Bằng La,Xã,"Xã Thượng Bằng La, Tỉnh Lào Cai"
15,Lào Cai,02968,Thượng Hà,Xã,"Xã Thượng Hà, Tỉnh Lào Cai"
15,Lào Cai,04591,Trạm Tấu,Xã,"Xã Trạm Tấu, Tỉnh Lào Cai"
15,Lào Cai,04498,Trấn Yên,Xã,"Xã Trấn Yên, Tỉnh Lào Cai"
15,Lào Cai,02695,Trịnh Tường,Xã,"Xã Trịnh Tường, Tỉnh Lào Cai"
15,Lào Cai,04663,Trung Tâm,Phường,"Phường Trung Tâm, Tỉnh Lào Cai"
15,Lào Cai,04630,Tú Lệ,Xã,"Xã Tú Lệ, Tỉnh Lào Cai"
15,Lào Cai,03082,Văn Bàn,Xã,"Xã Văn Bàn, Tỉnh Lào Cai"
15,Lào Cai,04672,Văn Chấn,Xã,"Xã Văn Chấn, Tỉnh Lào Cai"
15,Lào Cai,04279,Văn Phú,Phường,"Phường Văn Phú, Tỉnh Lào Cai"
15,Lào Cai,04564,Việt Hồng,Xã,"Xã Việt Hồng, Tỉnh Lào Cai"
15,Lào Cai,03061,Võ Lao,Xã,"Xã Võ Lao, Tỉnh Lào Cai"
15,Lào Cai,04441,Xuân Ái,Xã,"Xã Xuân Ái, Tỉnh Lào Cai"
15,Lào Cai,02962,Xuân Hòa,Xã,"Xã Xuân Hòa, Tỉnh Lào Cai"
15,Lào Cai,02926,Xuân Quang,Xã,"Xã Xuân Quang, Tỉnh Lào Cai"
15,Lào Cai,02701,Y Tý,Xã,"Xã Y Tý, Tỉnh Lào Cai"
15,Lào Cai,04252,Yên Bái,Phường,"Phường Yên Bái, Tỉnh Lào Cai"
15,Lào Cai,04714,Yên Bình,Xã,"Xã Yên Bình, Tỉnh Lào Cai"
15,Lào Cai,04744,Yên Thành,Xã,"Xã Yên Thành, Tỉnh Lào Cai"
40,Nghệ An,17479,An Châu,Xã,"Xã An Châu, Tỉnh Nghệ An"
40,Nghệ An,17329,Anh Sơn,Xã,"Xã Anh Sơn, Tỉnh Nghệ An"
40,Nghệ An,17365,Anh Sơn Đông,Xã,"Xã Anh Sơn Đông, Tỉnh Nghệ An"
40,Nghệ An,16819,Bắc Lý,Xã,"Xã Bắc Lý, Tỉnh Nghệ An"
40,Nghệ An,17707,Bạch Hà,Xã,"Xã Bạch Hà, Tỉnh Nghệ An"
40,Nghệ An,17623,Bạch Ngọc,Xã,"Xã Bạch Ngọc, Tỉnh Nghệ An"
40,Nghệ An,17818,Bích Hào,Xã,"Xã Bích Hào, Tỉnh Nghệ An"
40,Nghệ An,17230,Bình Chuẩn,Xã,"Xã Bình Chuẩn, Tỉnh Nghệ An"
40,Nghệ An,17515,Bình Minh,Xã,"Xã Bình Minh, Tỉnh Nghệ An"
40,Nghệ An,17242,Cam Phục,Xã,"Xã Cam Phục, Tỉnh Nghệ An"
40,Nghệ An,17728,Cát Ngạn,Xã,"Xã Cát Ngạn, Tỉnh Nghệ An"
40,Nghệ An,16804,Châu Bình,Xã,"Xã Châu Bình, Tỉnh Nghệ An"
40,Nghệ An,17044,Châu Hồng,Xã,"Xã Châu Hồng, Tỉnh Nghệ An"
40,Nghệ An,17248,Châu Khê,Xã,"Xã Châu Khê, Tỉnh Nghệ An"
40,Nghệ An,17056,Châu Lộc,Xã,"Xã Châu Lộc, Tỉnh Nghệ An"
40,Nghệ An,16792,Châu Tiến,Xã,"Xã Châu Tiến, Tỉnh Nghệ An"
40,Nghệ An,16855,Chiêu Lưu,Xã,"Xã Chiêu Lưu, Tỉnh Nghệ An"
40,Nghệ An,17254,Con Cuông,Xã,"Xã Con Cuông, Tỉnh Nghệ An"
40,Nghệ An,16732,Cửa Lò,Phường,"Phường Cửa Lò, Tỉnh Nghệ An"
40,Nghệ An,17464,Diễn Châu,Xã,"Xã Diễn Châu, Tỉnh Nghệ An"
40,Nghệ An,17713,Đại Đồng,Xã,"Xã Đại Đồng, Tỉnh Nghệ An"
40,Nghệ An,17944,Đại Huệ,Xã,"Xã Đại Huệ, Tỉnh Nghệ An"
40,Nghệ An,17662,Đô Lương,Xã,"Xã Đô Lương, Tỉnh Nghệ An"
40,Nghệ An,17017,Đông Hiếu,Xã,"Xã Đông Hiếu, Tỉnh Nghệ An"
40,Nghệ An,17878,Đông Lộc,Xã,"Xã Đông Lộc, Tỉnh Nghệ An"
40,Nghệ An,17530,Đông Thành,Xã,"Xã Đông Thành, Tỉnh Nghệ An"
40,Nghệ An,17416,Đức Châu,Xã,"Xã Đức Châu, Tỉnh Nghệ An"
40,Nghệ An,17524,Giai Lạc,Xã,"Xã Giai Lạc, Tỉnh Nghệ An"
40,Nghệ An,17278,Giai Xuân,Xã,"Xã Giai Xuân, Tỉnh Nghệ An"
40,Nghệ An,17419,Hải Châu,Xã,"Xã Hải Châu, Tỉnh Nghệ An"
40,Nghệ An,17833,Hải Lộc,Xã,"Xã Hải Lộc, Tỉnh Nghệ An"
40,Nghệ An,17722,Hạnh Lâm,Xã,"Xã Hạnh Lâm, Tỉnh Nghệ An"
40,Nghệ An,17770,Hoa Quân,Xã,"Xã Hoa Quân, Tỉnh Nghệ An"
40,Nghệ An,17110,Hoàng Mai,Phường,"Phường Hoàng Mai, Tỉnh Nghệ An"
40,Nghệ An,17605,Hợp Minh,Xã,"Xã Hợp Minh, Tỉnh Nghệ An"
40,Nghệ An,16801,Hùng Chân,Xã,"Xã Hùng Chân, Tỉnh Nghệ An"
40,Nghệ An,17395,Hùng Châu,Xã,"Xã Hùng Châu, Tỉnh Nghệ An"
40,Nghệ An,18001,Hưng Nguyên,Xã,"Xã Hưng Nguyên, Tỉnh Nghệ An"
40,Nghệ An,18028,Hưng Nguyên Nam,Xã,"Xã Hưng Nguyên Nam, Tỉnh Nghệ An"
40,Nghệ An,16828,Huồi Tụ,Xã,"Xã Huồi Tụ, Tỉnh Nghệ An"
40,Nghệ An,16885,Hữu Khuông,Xã,"Xã Hữu Khuông, Tỉnh Nghệ An"
40,Nghệ An,16849,Hữu Kiệm,Xã,"Xã Hữu Kiệm, Tỉnh Nghệ An"
40,Nghệ An,16822,Keng Đu,Xã,"Xã Keng Đu, Tỉnh Nghệ An"
40,Nghệ An,17791,Kim Bảng,Xã,"Xã Kim Bảng, Tỉnh Nghệ An"
40,Nghệ An,17971,Kim Liên,Xã,"Xã Kim Liên, Tỉnh Nghệ An"
40,Nghệ An,18040,Lam Thành,Xã,"Xã Lam Thành, Tỉnh Nghệ An"
40,Nghệ An,16906,Lượng Minh,Xã,"Xã Lượng Minh, Tỉnh Nghệ An"
40,Nghệ An,17641,Lương Sơn,Xã,"Xã Lương Sơn, Tỉnh Nghệ An"
40,Nghệ An,17239,Mậu Thạch,Xã,"Xã Mậu Thạch, Tỉnh Nghệ An"
40,Nghệ An,17476,Minh Châu,Xã,"Xã Minh Châu, Tỉnh Nghệ An"
40,Nghệ An,17071,Minh Hợp,Xã,"Xã Minh Hợp, Tỉnh Nghệ An"
40,Nghệ An,17263,Môn Sơn,Xã,"Xã Môn Sơn, Tỉnh Nghệ An"
40,Nghệ An,17089,Mường Chọng,Xã,"Xã Mường Chọng, Tỉnh Nghệ An"
40,Nghệ An,17077,Mường Ham,Xã,"Xã Mường Ham, Tỉnh Nghệ An"
40,Nghệ An,16831,Mường Lống,Xã,"Xã Mường Lống, Tỉnh Nghệ An"
40,Nghệ An,16774,Mường Quàng,Xã,"Xã Mường Quàng, Tỉnh Nghệ An"
40,Nghệ An,16858,Mường Típ,Xã,"Xã Mường Típ, Tỉnh Nghệ An"
40,Nghệ An,16813,Mường Xén,Xã,"Xã Mường Xén, Tỉnh Nghệ An"
40,Nghệ An,16816,Mỹ Lý,Xã,"Xã Mỹ Lý, Tỉnh Nghệ An"
40,Nghệ An,16834,Na Loi,Xã,"Xã Na Loi, Tỉnh Nghệ An"
40,Nghệ An,16870,Na Ngoi,Xã,"Xã Na Ngoi, Tỉnh Nghệ An"
40,Nghệ An,16837,Nậm Cắn,Xã,"Xã Nậm Cắn, Tỉnh Nghệ An"
40,Nghệ An,17935,Nam Đàn,Xã,"Xã Nam Đàn, Tỉnh Nghệ An"
40,Nghệ An,16903,Nga My,Xã,"Xã Nga My, Tỉnh Nghệ An"
40,Nghệ An,17827,Nghi Lộc,Xã,"Xã Nghi Lộc, Tỉnh Nghệ An"
40,Nghệ An,16941,Nghĩa Đàn,Xã,"Xã Nghĩa Đàn, Tỉnh Nghệ An"
40,Nghệ An,17284,Nghĩa Đồng,Xã,"Xã Nghĩa Đồng, Tỉnh Nghệ An"
40,Nghệ An,17326,Nghĩa Hành,Xã,"Xã Nghĩa Hành, Tỉnh Nghệ An"
40,Nghệ An,16972,Nghĩa Hưng,Xã,"Xã Nghĩa Hưng, Tỉnh Nghệ An"
40,Nghệ An,17032,Nghĩa Khánh,Xã,"Xã Nghĩa Khánh, Tỉnh Nghệ An"
40,Nghệ An,16951,Nghĩa Lâm,Xã,"Xã Nghĩa Lâm, Tỉnh Nghệ An"
40,Nghệ An,17029,Nghĩa Lộc,Xã,"Xã Nghĩa Lộc, Tỉnh Nghệ An"
40,Nghệ An,16975,Nghĩa Mai,Xã,"Xã Nghĩa Mai, Tỉnh Nghệ An"
40,Nghệ An,16969,Nghĩa Thọ,Xã,"Xã Nghĩa Thọ, Tỉnh Nghệ An"
40,Nghệ An,17344,Nhân Hòa,Xã,"Xã Nhân Hòa, Tỉnh Nghệ An"
40,Nghệ An,16882,Nhôn Mai,Xã,"Xã Nhôn Mai, Tỉnh Nghệ An"
40,Nghệ An,17857,Phúc Lộc,Xã,"Xã Phúc Lộc, Tỉnh Nghệ An"
40,Nghệ An,17569,Quan Thành,Xã,"Xã Quan Thành, Tỉnh Nghệ An"
40,Nghệ An,17443,Quảng Châu,Xã,"Xã Quảng Châu, Tỉnh Nghệ An"
40,Nghệ An,17521,Quang Đồng,Xã,"Xã Quang Đồng, Tỉnh Nghệ An"
40,Nghệ An,16738,Quế Phong,Xã,"Xã Quế Phong, Tỉnh Nghệ An"
40,Nghệ An,16777,Quỳ Châu,Xã,"Xã Quỳ Châu, Tỉnh Nghệ An"
40,Nghệ An,17035,Quỳ Hợp,Xã,"Xã Quỳ Hợp, Tỉnh Nghệ An"
40,Nghệ An,17176,Quỳnh Anh,Xã,"Xã Quỳnh Anh, Tỉnh Nghệ An"
40,Nghệ An,17179,Quỳnh Lưu,Xã,"Xã Quỳnh Lưu, Tỉnh Nghệ An"
40,Nghệ An,17125,Quỳnh Mai,Phường,"Phường Quỳnh Mai, Tỉnh Nghệ An"
40,Nghệ An,17212,Quỳnh Phú,Xã,"Xã Quỳnh Phú, Tỉnh Nghệ An"
40,Nghệ An,17170,Quỳnh Sơn,Xã,"Xã Quỳnh Sơn, Tỉnh Nghệ An"
40,Nghệ An,17149,Quỳnh Tam,Xã,"Xã Quỳnh Tam, Tỉnh Nghệ An"
40,Nghệ An,17224,Quỳnh Thắng,Xã,"Xã Quỳnh Thắng, Tỉnh Nghệ An"
40,Nghệ An,17143,Quỳnh Văn,Xã,"Xã Quỳnh Văn, Tỉnh Nghệ An"
40,Nghệ An,17759,Sơn Lâm,Xã,"Xã Sơn Lâm, Tỉnh Nghệ An"
40,Nghệ An,17743,Tam Đồng,Xã,"Xã Tam Đồng, Tỉnh Nghệ An"
40,Nghệ An,17059,Tam Hợp,Xã,"Xã Tam Hợp, Tỉnh Nghệ An"
40,Nghệ An,16933,Tam Quang,Xã,"Xã Tam Quang, Tỉnh Nghệ An"
40,Nghệ An,16936,Tam Thái,Xã,"Xã Tam Thái, Tỉnh Nghệ An"
40,Nghệ An,17305,Tân An,Xã,"Xã Tân An, Tỉnh Nghệ An"
40,Nghệ An,17488,Tân Châu,Xã,"Xã Tân Châu, Tỉnh Nghệ An"
40,Nghệ An,17266,Tân Kỳ,Xã,"Xã Tân Kỳ, Tỉnh Nghệ An"
40,Nghệ An,17128,Tân Mai,Phường,"Phường Tân Mai, Tỉnh Nghệ An"
40,Nghệ An,17272,Tân Phú,Xã,"Xã Tân Phú, Tỉnh Nghệ An"
40,Nghệ An,17011,Tây Hiếu,Phường,"Phường Tây Hiếu, Tỉnh Nghệ An"
40,Nghệ An,16939,Thái Hòa,Phường,"Phường Thái Hòa, Tỉnh Nghệ An"
40,Nghệ An,17842,Thần Lĩnh,Xã,"Xã Thần Lĩnh, Tỉnh Nghệ An"
40,Nghệ An,17335,Thành Bình Thọ,Xã,"Xã Thành Bình Thọ, Tỉnh Nghệ An"
40,Nghệ An,16681,Thành Vinh,Phường,"Phường Thành Vinh, Tỉnh Nghệ An"
40,Nghệ An,17989,Thiên Nhẫn,Xã,"Xã Thiên Nhẫn, Tỉnh Nghệ An"
40,Nghệ An,16744,Thông Thụ,Xã,"Xã Thông Thụ, Tỉnh Nghệ An"
40,Nghệ An,17689,Thuần Trung,Xã,"Xã Thuần Trung, Tỉnh Nghệ An"
40,Nghệ An,17287,Tiên Đồng,Xã,"Xã Tiên Đồng, Tỉnh Nghệ An"
40,Nghệ An,16750,Tiền Phong,Xã,"Xã Tiền Phong, Tỉnh Nghệ An"
40,Nghệ An,16756,Tri Lễ,Xã,"Xã Tri Lễ, Tỉnh Nghệ An"
40,Nghệ An,17866,Trung Lộc,Xã,"Xã Trung Lộc, Tỉnh Nghệ An"
40,Nghệ An,16690,Trường Vinh,Phường,"Phường Trường Vinh, Tỉnh Nghệ An"
40,Nghệ An,16876,Tương Dương,Xã,"Xã Tương Dương, Tỉnh Nghệ An"
40,Nghệ An,17950,Vạn An,Xã,"Xã Vạn An, Tỉnh Nghệ An"
40,Nghệ An,17560,Vân Du,Xã,"Xã Vân Du, Tỉnh Nghệ An"
40,Nghệ An,17677,Văn Hiến,Xã,"Xã Văn Hiến, Tỉnh Nghệ An"
40,Nghệ An,17854,Văn Kiều,Xã,"Xã Văn Kiều, Tỉnh Nghệ An"
40,Nghệ An,17611,Vân Tụ,Xã,"Xã Vân Tụ, Tỉnh Nghệ An"
40,Nghệ An,17920,Vinh Hưng,Phường,"Phường Vinh Hưng, Tỉnh Nghệ An"
40,Nghệ An,16708,Vinh Lộc,Phường,"Phường Vinh Lộc, Tỉnh Nghệ An"
40,Nghệ An,16702,Vinh Phú,Phường,"Phường Vinh Phú, Tỉnh Nghệ An"
40,Nghệ An,17357,Vĩnh Tường,Xã,"Xã Vĩnh Tường, Tỉnh Nghệ An"
40,Nghệ An,17779,Xuân Lâm,Xã,"Xã Xuân Lâm, Tỉnh Nghệ An"
40,Nghệ An,16909,Yên Hòa,Xã,"Xã Yên Hòa, Tỉnh Nghệ An"
40,Nghệ An,16912,Yên Na,Xã,"Xã Yên Na, Tỉnh Nghệ An"
40,Nghệ An,17506,Yên Thành,Xã,"Xã Yên Thành, Tỉnh Nghệ An"
40,Nghệ An,18007,Yên Trung,Xã,"Xã Yên Trung, Tỉnh Nghệ An"
40,Nghệ An,17380,Yên Xuân,Xã,"Xã Yên Xuân, Tỉnh Nghệ An"
37,Ninh Bình,13579,Bắc Lý,Xã,"Xã Bắc Lý, Tỉnh Ninh Bình"
37,Ninh Bình,13540,Bình An,Xã,"Xã Bình An, Tỉnh Ninh Bình"
37,Ninh Bình,13531,Bình Giang,Xã,"Xã Bình Giang, Tỉnh Ninh Bình"
37,Ninh Bình,13504,Bình Lục,Xã,"Xã Bình Lục, Tỉnh Ninh Bình"
37,Ninh Bình,14623,Bình Minh,Xã,"Xã Bình Minh, Tỉnh Ninh Bình"
37,Ninh Bình,13501,Bình Mỹ,Xã,"Xã Bình Mỹ, Tỉnh Ninh Bình"
37,Ninh Bình,13558,Bình Sơn,Xã,"Xã Bình Sơn, Tỉnh Ninh Bình"
37,Ninh Bình,14056,Cát Thành,Xã,"Xã Cát Thành, Tỉnh Ninh Bình"
37,Ninh Bình,14653,Chất Bình,Xã,"Xã Chất Bình, Tỉnh Ninh Bình"
37,Ninh Bình,13285,Châu Sơn,Phường,"Phường Châu Sơn, Tỉnh Ninh Bình"
37,Ninh Bình,14026,Cổ Lễ,Xã,"Xã Cổ Lễ, Tỉnh Ninh Bình"
37,Ninh Bình,14404,Cúc Phương,Xã,"Xã Cúc Phương, Tỉnh Ninh Bình"
37,Ninh Bình,13336,Duy Hà,Phường,"Phường Duy Hà, Tỉnh Ninh Bình"
37,Ninh Bình,13330,Duy Tân,Phường,"Phường Duy Tân, Tỉnh Ninh Bình"
37,Ninh Bình,13324,Duy Tiên,Phường,"Phường Duy Tiên, Tỉnh Ninh Bình"
37,Ninh Bình,14500,Đại Hoàng,Xã,"Xã Đại Hoàng, Tỉnh Ninh Bình"
37,Ninh Bình,14677,Định Hóa,Xã,"Xã Định Hóa, Tỉnh Ninh Bình"
37,Ninh Bình,13693,Đông A,Phường,"Phường Đông A, Tỉnh Ninh Bình"
37,Ninh Bình,14566,Đông Hoa Lư,Phường,"Phường Đông Hoa Lư, Tỉnh Ninh Bình"
37,Ninh Bình,14746,Đồng Thái,Xã,"Xã Đồng Thái, Tỉnh Ninh Bình"
37,Ninh Bình,13900,Đồng Thịnh,Xã,"Xã Đồng Thịnh, Tỉnh Ninh Bình"
37,Ninh Bình,13348,Đồng Văn,Phường,"Phường Đồng Văn, Tỉnh Ninh Bình"
37,Ninh Bình,14482,Gia Hưng,Xã,"Xã Gia Hưng, Tỉnh Ninh Bình"
37,Ninh Bình,14389,Gia Lâm,Xã,"Xã Gia Lâm, Tỉnh Ninh Bình"
37,Ninh Bình,14524,Gia Phong,Xã,"Xã Gia Phong, Tỉnh Ninh Bình"
37,Ninh Bình,14494,Gia Trấn,Xã,"Xã Gia Trấn, Tỉnh Ninh Bình"
37,Ninh Bình,14401,Gia Tường,Xã,"Xã Gia Tường, Tỉnh Ninh Bình"
37,Ninh Bình,14488,Gia Vân,Xã,"Xã Gia Vân, Tỉnh Ninh Bình"
37,Ninh Bình,14464,Gia Viễn,Xã,"Xã Gia Viễn, Tỉnh Ninh Bình"
37,Ninh Bình,14194,Giao Bình,Xã,"Xã Giao Bình, Tỉnh Ninh Bình"
37,Ninh Bình,14182,Giao Hoà,Xã,"Xã Giao Hoà, Tỉnh Ninh Bình"
37,Ninh Bình,14179,Giao Hưng,Xã,"Xã Giao Hưng, Tỉnh Ninh Bình"
37,Ninh Bình,14161,Giao Minh,Xã,"Xã Giao Minh, Tỉnh Ninh Bình"
37,Ninh Bình,14212,Giao Ninh,Xã,"Xã Giao Ninh, Tỉnh Ninh Bình"
37,Ninh Bình,14203,Giao Phúc,Xã,"Xã Giao Phúc, Tỉnh Ninh Bình"
37,Ninh Bình,14167,Giao Thuỷ,Xã,"Xã Giao Thuỷ, Tỉnh Ninh Bình"
37,Ninh Bình,13366,Hà Nam,Phường,"Phường Hà Nam, Tỉnh Ninh Bình"
37,Ninh Bình,14281,Hải An,Xã,"Xã Hải An, Tỉnh Ninh Bình"
37,Ninh Bình,14236,Hải Anh,Xã,"Xã Hải Anh, Tỉnh Ninh Bình"
37,Ninh Bình,14215,Hải Hậu,Xã,"Xã Hải Hậu, Tỉnh Ninh Bình"
37,Ninh Bình,14248,Hải Hưng,Xã,"Xã Hải Hưng, Tỉnh Ninh Bình"
37,Ninh Bình,14287,Hải Quang,Xã,"Xã Hải Quang, Tỉnh Ninh Bình"
37,Ninh Bình,14221,Hải Thịnh,Xã,"Xã Hải Thịnh, Tỉnh Ninh Bình"
37,Ninh Bình,14218,Hải Tiến,Xã,"Xã Hải Tiến, Tỉnh Ninh Bình"
37,Ninh Bình,14308,Hải Xuân,Xã,"Xã Hải Xuân, Tỉnh Ninh Bình"
37,Ninh Bình,13753,Hiển Khánh,Xã,"Xã Hiển Khánh, Tỉnh Ninh Bình"
37,Ninh Bình,14329,Hoa Lư,Phường,"Phường Hoa Lư, Tỉnh Ninh Bình"
37,Ninh Bình,13927,Hồng Phong,Xã,"Xã Hồng Phong, Tỉnh Ninh Bình"
37,Ninh Bình,13984,Hồng Quang,Phường,"Phường Hồng Quang, Tỉnh Ninh Bình"
37,Ninh Bình,14614,Khánh Hội,Xã,"Xã Khánh Hội, Tỉnh Ninh Bình"
37,Ninh Bình,14611,Khánh Nhạc,Xã,"Xã Khánh Nhạc, Tỉnh Ninh Bình"
37,Ninh Bình,14563,Khánh Thiện,Xã,"Xã Khánh Thiện, Tỉnh Ninh Bình"
37,Ninh Bình,14608,Khánh Trung,Xã,"Xã Khánh Trung, Tỉnh Ninh Bình"
37,Ninh Bình,13384,Kim Bảng,Phường,"Phường Kim Bảng, Tỉnh Ninh Bình"
37,Ninh Bình,14698,Kim Đông,Xã,"Xã Kim Đông, Tỉnh Ninh Bình"
37,Ninh Bình,14638,Kim Sơn,Xã,"Xã Kim Sơn, Tỉnh Ninh Bình"
37,Ninh Bình,13402,Kim Thanh,Phường,"Phường Kim Thanh, Tỉnh Ninh Bình"
37,Ninh Bình,14674,Lai Thành,Xã,"Xã Lai Thành, Tỉnh Ninh Bình"
37,Ninh Bình,13393,Lê Hồ,Phường,"Phường Lê Hồ, Tỉnh Ninh Bình"
37,Ninh Bình,13456,Liêm Hà,Xã,"Xã Liêm Hà, Tỉnh Ninh Bình"
37,Ninh Bình,13444,Liêm Tuyền,Phường,"Phường Liêm Tuyền, Tỉnh Ninh Bình"
37,Ninh Bình,13786,Liên Minh,Xã,"Xã Liên Minh, Tỉnh Ninh Bình"
37,Ninh Bình,13573,Lý Nhân,Xã,"Xã Lý Nhân, Tỉnh Ninh Bình"
37,Ninh Bình,13435,Lý Thường Kiệt,Phường,"Phường Lý Thường Kiệt, Tỉnh Ninh Bình"
37,Ninh Bình,13750,Minh Tân,Xã,"Xã Minh Tân, Tỉnh Ninh Bình"
37,Ninh Bình,14071,Minh Thái,Xã,"Xã Minh Thái, Tỉnh Ninh Bình"
37,Ninh Bình,13708,Mỹ Lộc,Phường,"Phường Mỹ Lộc, Tỉnh Ninh Bình"
37,Ninh Bình,13669,Nam Định,Phường,"Phường Nam Định, Tỉnh Ninh Bình"
37,Ninh Bình,14014,Nam Đồng,Xã,"Xã Nam Đồng, Tỉnh Ninh Bình"
37,Ninh Bình,14359,Nam Hoa Lư,Phường,"Phường Nam Hoa Lư, Tỉnh Ninh Bình"
37,Ninh Bình,13987,Nam Hồng,Xã,"Xã Nam Hồng, Tỉnh Ninh Bình"
37,Ninh Bình,13627,Nam Lý,Xã,"Xã Nam Lý, Tỉnh Ninh Bình"
37,Ninh Bình,14011,Nam Minh,Xã,"Xã Nam Minh, Tỉnh Ninh Bình"
37,Ninh Bình,14005,Nam Ninh,Xã,"Xã Nam Ninh, Tỉnh Ninh Bình"
37,Ninh Bình,13966,Nam Trực,Xã,"Xã Nam Trực, Tỉnh Ninh Bình"
37,Ninh Bình,13591,Nam Xang,Xã,"Xã Nam Xang, Tỉnh Ninh Bình"
37,Ninh Bình,13891,Nghĩa Hưng,Xã,"Xã Nghĩa Hưng, Tỉnh Ninh Bình"
37,Ninh Bình,13957,Nghĩa Lâm,Xã,"Xã Nghĩa Lâm, Tỉnh Ninh Bình"
37,Ninh Bình,13918,Nghĩa Sơn,Xã,"Xã Nghĩa Sơn, Tỉnh Ninh Bình"
37,Ninh Bình,13396,Nguyễn Uý,Phường,"Phường Nguyễn Uý, Tỉnh Ninh Bình"
37,Ninh Bình,13609,Nhân Hà,Xã,"Xã Nhân Hà, Tỉnh Ninh Bình"
37,Ninh Bình,14428,Nho Quan,Xã,"Xã Nho Quan, Tỉnh Ninh Bình"
37,Ninh Bình,14077,Ninh Cường,Xã,"Xã Ninh Cường, Tỉnh Ninh Bình"
37,Ninh Bình,14038,Ninh Giang,Xã,"Xã Ninh Giang, Tỉnh Ninh Bình"
37,Ninh Bình,14620,Phát Diệm,Xã,"Xã Phát Diệm, Tỉnh Ninh Bình"
37,Ninh Bình,13822,Phong Doanh,Xã,"Xã Phong Doanh, Tỉnh Ninh Bình"
37,Ninh Bình,14458,Phú Long,Xã,"Xã Phú Long, Tỉnh Ninh Bình"
37,Ninh Bình,13291,Phủ Lý,Phường,"Phường Phủ Lý, Tỉnh Ninh Bình"
37,Ninh Bình,14407,Phú Sơn,Xã,"Xã Phú Sơn, Tỉnh Ninh Bình"
37,Ninh Bình,13318,Phù Vân,Phường,"Phường Phù Vân, Tỉnh Ninh Bình"
37,Ninh Bình,14062,Quang Hưng,Xã,"Xã Quang Hưng, Tỉnh Ninh Bình"
37,Ninh Bình,14647,Quang Thiện,Xã,"Xã Quang Thiện, Tỉnh Ninh Bình"
37,Ninh Bình,13939,Quỹ Nhất,Xã,"Xã Quỹ Nhất, Tỉnh Ninh Bình"
37,Ninh Bình,14452,Quỳnh Lưu,Xã,"Xã Quỳnh Lưu, Tỉnh Ninh Bình"
37,Ninh Bình,13894,Rạng Đông,Xã,"Xã Rạng Đông, Tỉnh Ninh Bình"
37,Ninh Bình,13420,Tam Chúc,Phường,"Phường Tam Chúc, Tỉnh Ninh Bình"
37,Ninh Bình,14362,Tam Điệp,Phường,"Phường Tam Điệp, Tỉnh Ninh Bình"
37,Ninh Bình,13807,Tân Minh,Xã,"Xã Tân Minh, Tỉnh Ninh Bình"
37,Ninh Bình,13474,Tân Thanh,Xã,"Xã Tân Thanh, Tỉnh Ninh Bình"
37,Ninh Bình,14533,Tây Hoa Lư,Phường,"Phường Tây Hoa Lư, Tỉnh Ninh Bình"
37,Ninh Bình,13483,Thanh Bình,Xã,"Xã Thanh Bình, Tỉnh Ninh Bình"
37,Ninh Bình,13489,Thanh Lâm,Xã,"Xã Thanh Lâm, Tỉnh Ninh Bình"
37,Ninh Bình,13495,Thanh Liêm,Xã,"Xã Thanh Liêm, Tỉnh Ninh Bình"
37,Ninh Bình,13699,Thành Nam,Phường,"Phường Thành Nam, Tỉnh Ninh Bình"
37,Ninh Bình,14434,Thanh Sơn,Xã,"Xã Thanh Sơn, Tỉnh Ninh Bình"
37,Ninh Bình,13684,Thiên Trường,Phường,"Phường Thiên Trường, Tỉnh Ninh Bình"
37,Ninh Bình,13363,Tiên Sơn,Phường,"Phường Tiên Sơn, Tỉnh Ninh Bình"
37,Ninh Bình,13594,Trần Thương,Xã,"Xã Trần Thương, Tỉnh Ninh Bình"
37,Ninh Bình,14053,Trực Ninh,Xã,"Xã Trực Ninh, Tỉnh Ninh Bình"
37,Ninh Bình,14365,Trung Sơn,Phường,"Phường Trung Sơn, Tỉnh Ninh Bình"
37,Ninh Bình,13777,Trường Thi,Phường,"Phường Trường Thi, Tỉnh Ninh Bình"
37,Ninh Bình,13864,Vạn Thắng,Xã,"Xã Vạn Thắng, Tỉnh Ninh Bình"
37,Ninh Bình,13972,Vị Khê,Phường,"Phường Vị Khê, Tỉnh Ninh Bình"
37,Ninh Bình,13597,Vĩnh Trụ,Xã,"Xã Vĩnh Trụ, Tỉnh Ninh Bình"
37,Ninh Bình,13741,Vụ Bản,Xã,"Xã Vụ Bản, Tỉnh Ninh Bình"
37,Ninh Bình,13834,Vũ Dương,Xã,"Xã Vũ Dương, Tỉnh Ninh Bình"
37,Ninh Bình,14104,Xuân Giang,Xã,"Xã Xuân Giang, Tỉnh Ninh Bình"
37,Ninh Bình,14095,Xuân Hồng,Xã,"Xã Xuân Hồng, Tỉnh Ninh Bình"
37,Ninh Bình,14122,Xuân Hưng,Xã,"Xã Xuân Hưng, Tỉnh Ninh Bình"
37,Ninh Bình,14089,Xuân Trường,Xã,"Xã Xuân Trường, Tỉnh Ninh Bình"
37,Ninh Bình,13795,Ý Yên,Xã,"Xã Ý Yên, Tỉnh Ninh Bình"
37,Ninh Bình,13870,Yên Cường,Xã,"Xã Yên Cường, Tỉnh Ninh Bình"
37,Ninh Bình,13879,Yên Đồng,Xã,"Xã Yên Đồng, Tỉnh Ninh Bình"
37,Ninh Bình,14560,Yên Khánh,Xã,"Xã Yên Khánh, Tỉnh Ninh Bình"
37,Ninh Bình,14743,Yên Mạc,Xã,"Xã Yên Mạc, Tỉnh Ninh Bình"
37,Ninh Bình,14701,Yên Mô,Xã,"Xã Yên Mô, Tỉnh Ninh Bình"
37,Ninh Bình,14371,Yên Sơn,Phường,"Phường Yên Sơn, Tỉnh Ninh Bình"
37,Ninh Bình,14725,Yên Thắng,Phường,"Phường Yên Thắng, Tỉnh Ninh Bình"
37,Ninh Bình,14728,Yên Từ,Xã,"Xã Yên Từ, Tỉnh Ninh Bình"
25,Phú Thọ,05425,An Bình,Xã,"Xã An Bình, Tỉnh Phú Thọ"
25,Phú Thọ,05395,An Nghĩa,Xã,"Xã An Nghĩa, Tỉnh Phú Thọ"
25,Phú Thọ,07948,Âu Cơ,Phường,"Phường Âu Cơ, Tỉnh Phú Thọ"
25,Phú Thọ,08527,Bản Nguyên,Xã,"Xã Bản Nguyên, Tỉnh Phú Thọ"
25,Phú Thọ,07996,Bằng Luân,Xã,"Xã Bằng Luân, Tỉnh Phú Thọ"
25,Phú Thọ,05245,Bao La,Xã,"Xã Bao La, Tỉnh Phú Thọ"
25,Phú Thọ,08935,Bình Nguyên,Xã,"Xã Bình Nguyên, Tỉnh Phú Thọ"
25,Phú Thọ,08275,Bình Phú,Xã,"Xã Bình Phú, Tỉnh Phú Thọ"
25,Phú Thọ,08944,Bình Tuyền,Xã,"Xã Bình Tuyền, Tỉnh Phú Thọ"
25,Phú Thọ,08950,Bình Xuyên,Xã,"Xã Bình Xuyên, Tỉnh Phú Thọ"
25,Phú Thọ,08341,Cẩm Khê,Xã,"Xã Cẩm Khê, Tỉnh Phú Thọ"
25,Phú Thọ,05047,Cao Dương,Xã,"Xã Cao Dương, Tỉnh Phú Thọ"
25,Phú Thọ,05089,Cao Phong,Xã,"Xã Cao Phong, Tỉnh Phú Thọ"
25,Phú Thọ,04876,Cao Sơn,Xã,"Xã Cao Sơn, Tỉnh Phú Thọ"
25,Phú Thọ,08035,Chân Mộng,Xã,"Xã Chân Mộng, Tỉnh Phú Thọ"
25,Phú Thọ,07999,Chí Đám,Xã,"Xã Chí Đám, Tỉnh Phú Thọ"
25,Phú Thọ,08215,Chí Tiên,Xã,"Xã Chí Tiên, Tỉnh Phú Thọ"
25,Phú Thọ,08614,Cự Đồng,Xã,"Xã Cự Đồng, Tỉnh Phú Thọ"
25,Phú Thọ,08254,Dân Chủ,Xã,"Xã Dân Chủ, Tỉnh Phú Thọ"
25,Phú Thọ,05086,Dũng Tiến,Xã,"Xã Dũng Tiến, Tỉnh Phú Thọ"
25,Phú Thọ,04831,Đà Bắc,Xã,"Xã Đà Bắc, Tỉnh Phú Thọ"
25,Phú Thọ,08923,Đại Đình,Xã,"Xã Đại Đình, Tỉnh Phú Thọ"
25,Phú Thọ,05347,Đại Đồng,Xã,"Xã Đại Đồng, Tỉnh Phú Thọ"
25,Phú Thọ,08071,Đan Thượng,Xã,"Xã Đan Thượng, Tỉnh Phú Thọ"
25,Phú Thọ,08914,Đạo Trù,Xã,"Xã Đạo Trù, Tỉnh Phú Thọ"
25,Phú Thọ,08662,Đào Xá,Xã,"Xã Đào Xá, Tỉnh Phú Thọ"
25,Phú Thọ,07969,Đoan Hùng,Xã,"Xã Đoan Hùng, Tỉnh Phú Thọ"
25,Phú Thọ,08431,Đồng Lương,Xã,"Xã Đồng Lương, Tỉnh Phú Thọ"
25,Phú Thọ,08209,Đông Thành,Xã,"Xã Đông Thành, Tỉnh Phú Thọ"
25,Phú Thọ,04846,Đức Nhàn,Xã,"Xã Đức Nhàn, Tỉnh Phú Thọ"
25,Phú Thọ,08053,Hạ Hòa,Xã,"Xã Hạ Hòa, Tỉnh Phú Thọ"
25,Phú Thọ,08782,Hải Lựu,Xã,"Xã Hải Lựu, Tỉnh Phú Thọ"
25,Phú Thọ,08110,Hiền Lương,Xã,"Xã Hiền Lương, Tỉnh Phú Thọ"
25,Phú Thọ,08443,Hiền Quan,Xã,"Xã Hiền Quan, Tỉnh Phú Thọ"
25,Phú Thọ,04795,Hòa Bình,Phường,"Phường Hòa Bình, Tỉnh Phú Thọ"
25,Phú Thọ,08896,Hoàng An,Xã,"Xã Hoàng An, Tỉnh Phú Thọ"
25,Phú Thọ,08203,Hoàng Cương,Xã,"Xã Hoàng Cương, Tỉnh Phú Thọ"
25,Phú Thọ,08905,Hội Thịnh,Xã,"Xã Hội Thịnh, Tỉnh Phú Thọ"
25,Phú Thọ,05068,Hợp Kim,Xã,"Xã Hợp Kim, Tỉnh Phú Thọ"
25,Phú Thọ,08770,Hợp Lý,Xã,"Xã Hợp Lý, Tỉnh Phú Thọ"
25,Phú Thọ,08416,Hùng Việt,Xã,"Xã Hùng Việt, Tỉnh Phú Thọ"
25,Phú Thọ,08632,Hương Cần,Xã,"Xã Hương Cần, Tỉnh Phú Thọ"
25,Phú Thọ,08515,Hy Cương,Xã,"Xã Hy Cương, Tỉnh Phú Thọ"
25,Phú Thọ,08635,Khả Cửu,Xã,"Xã Khả Cửu, Tỉnh Phú Thọ"
25,Phú Thọ,04978,Kim Bôi,Xã,"Xã Kim Bôi, Tỉnh Phú Thọ"
25,Phú Thọ,04894,Kỳ Sơn,Phường,"Phường Kỳ Sơn, Tỉnh Phú Thọ"
25,Phú Thọ,05362,Lạc Lương,Xã,"Xã Lạc Lương, Tỉnh Phú Thọ"
25,Phú Thọ,05266,Lạc Sơn,Xã,"Xã Lạc Sơn, Tỉnh Phú Thọ"
25,Phú Thọ,05392,Lạc Thủy,Xã,"Xã Lạc Thủy, Tỉnh Phú Thọ"
25,Phú Thọ,08560,Lai Đồng,Xã,"Xã Lai Đồng, Tỉnh Phú Thọ"
25,Phú Thọ,08494,Lâm Thao,Xã,"Xã Lâm Thao, Tỉnh Phú Thọ"
25,Phú Thọ,08761,Lập Thạch,Xã,"Xã Lập Thạch, Tỉnh Phú Thọ"
25,Phú Thọ,09064,Liên Châu,Xã,"Xã Liên Châu, Tỉnh Phú Thọ"
25,Phú Thọ,08812,Liên Hòa,Xã,"Xã Liên Hòa, Tỉnh Phú Thọ"
25,Phú Thọ,08227,Liên Minh,Xã,"Xã Liên Minh, Tỉnh Phú Thọ"
25,Phú Thọ,04960,Liên Sơn,Xã,"Xã Liên Sơn, Tỉnh Phú Thọ"
25,Phú Thọ,08620,Long Cốc,Xã,"Xã Long Cốc, Tỉnh Phú Thọ"
25,Phú Thọ,04924,Lương Sơn,Xã,"Xã Lương Sơn, Tỉnh Phú Thọ"
25,Phú Thọ,05200,Mai Châu,Xã,"Xã Mai Châu, Tỉnh Phú Thọ"
25,Phú Thọ,05251,Mai Hạ,Xã,"Xã Mai Hạ, Tỉnh Phú Thọ"
25,Phú Thọ,08593,Minh Đài,Xã,"Xã Minh Đài, Tỉnh Phú Thọ"
25,Phú Thọ,08338,Minh Hòa,Xã,"Xã Minh Hòa, Tỉnh Phú Thọ"
25,Phú Thọ,05158,Mường Bi,Xã,"Xã Mường Bi, Tỉnh Phú Thọ"
25,Phú Thọ,05014,Mường Động,Xã,"Xã Mường Động, Tỉnh Phú Thọ"
25,Phú Thọ,05134,Mường Hoa,Xã,"Xã Mường Hoa, Tỉnh Phú Thọ"
25,Phú Thọ,05116,Mường Thàng,Xã,"Xã Mường Thàng, Tỉnh Phú Thọ"
25,Phú Thọ,05287,Mường Vang,Xã,"Xã Mường Vang, Tỉnh Phú Thọ"
25,Phú Thọ,04990,Nật Sơn,Xã,"Xã Nật Sơn, Tỉnh Phú Thọ"
25,Phú Thọ,05329,Ngọc Sơn,Xã,"Xã Ngọc Sơn, Tỉnh Phú Thọ"
25,Phú Thọ,09052,Nguyệt Đức,Xã,"Xã Nguyệt Đức, Tỉnh Phú Thọ"
25,Phú Thọ,05290,Nhân Nghĩa,Xã,"Xã Nhân Nghĩa, Tỉnh Phú Thọ"
25,Phú Thọ,07894,Nông Trang,Phường,"Phường Nông Trang, Tỉnh Phú Thọ"
25,Phú Thọ,05212,Pà Cò,Xã,"Xã Pà Cò, Tỉnh Phú Thọ"
25,Phú Thọ,07954,Phong Châu,Phường,"Phường Phong Châu, Tỉnh Phú Thọ"
25,Phú Thọ,08398,Phú Khê,Xã,"Xã Phú Khê, Tỉnh Phú Thọ"
25,Phú Thọ,08236,Phú Mỹ,Xã,"Xã Phú Mỹ, Tỉnh Phú Thọ"
25,Phú Thọ,08230,Phù Ninh,Xã,"Xã Phù Ninh, Tỉnh Phú Thọ"
25,Phú Thọ,07942,Phú Thọ,Phường,"Phường Phú Thọ, Tỉnh Phú Thọ"
25,Phú Thọ,08740,Phúc Yên,Phường,"Phường Phúc Yên, Tỉnh Phú Thọ"
25,Phú Thọ,08521,Phùng Nguyên,Xã,"Xã Phùng Nguyên, Tỉnh Phú Thọ"
25,Phú Thọ,08161,Quảng Yên,Xã,"Xã Quảng Yên, Tỉnh Phú Thọ"
25,Phú Thọ,04873,Quy Đức,Xã,"Xã Quy Đức, Tỉnh Phú Thọ"
25,Phú Thọ,05323,Quyết Thắng,Xã,"Xã Quyết Thắng, Tỉnh Phú Thọ"
25,Phú Thọ,08866,Sơn Đông,Xã,"Xã Sơn Đông, Tỉnh Phú Thọ"
25,Phú Thọ,08296,Sơn Lương,Xã,"Xã Sơn Lương, Tỉnh Phú Thọ"
25,Phú Thọ,08848,Sông Lô,Xã,"Xã Sông Lô, Tỉnh Phú Thọ"
25,Phú Thọ,08869,Tam Dương,Xã,"Xã Tam Dương, Tỉnh Phú Thọ"
25,Phú Thọ,08872,Tam Dương Bắc,Xã,"Xã Tam Dương Bắc, Tỉnh Phú Thọ"
25,Phú Thọ,08911,Tam Đảo,Xã,"Xã Tam Đảo, Tỉnh Phú Thọ"
25,Phú Thọ,09043,Tam Hồng,Xã,"Xã Tam Hồng, Tỉnh Phú Thọ"
25,Phú Thọ,08434,Tam Nông,Xã,"Xã Tam Nông, Tỉnh Phú Thọ"
25,Phú Thọ,08824,Tam Sơn,Xã,"Xã Tam Sơn, Tỉnh Phú Thọ"
25,Phú Thọ,04792,Tân Hòa,Phường,"Phường Tân Hòa, Tỉnh Phú Thọ"
25,Phú Thọ,05128,Tân Lạc,Xã,"Xã Tân Lạc, Tỉnh Phú Thọ"
25,Phú Thọ,05206,Tân Mai,Xã,"Xã Tân Mai, Tỉnh Phú Thọ"
25,Phú Thọ,04849,Tân Pheo,Xã,"Xã Tân Pheo, Tỉnh Phú Thọ"
25,Phú Thọ,08566,Tân Sơn,Xã,"Xã Tân Sơn, Tỉnh Phú Thọ"
25,Phú Thọ,08023,Tây Cốc,Xã,"Xã Tây Cốc, Tỉnh Phú Thọ"
25,Phú Thọ,09040,Tề Lỗ,Xã,"Xã Tề Lỗ, Tỉnh Phú Thọ"
25,Phú Thọ,08788,Thái Hòa,Xã,"Xã Thái Hòa, Tỉnh Phú Thọ"
25,Phú Thọ,08152,Thanh Ba,Xã,"Xã Thanh Ba, Tỉnh Phú Thọ"
25,Phú Thọ,07909,Thanh Miếu,Phường,"Phường Thanh Miếu, Tỉnh Phú Thọ"
25,Phú Thọ,08542,Thanh Sơn,Xã,"Xã Thanh Sơn, Tỉnh Phú Thọ"
25,Phú Thọ,08674,Thanh Thuỷ,Xã,"Xã Thanh Thuỷ, Tỉnh Phú Thọ"
25,Phú Thọ,04897,Thịnh Minh,Xã,"Xã Thịnh Minh, Tỉnh Phú Thọ"
25,Phú Thọ,09112,Thổ Tang,Xã,"Xã Thổ Tang, Tỉnh Phú Thọ"
25,Phú Thọ,08479,Thọ Văn,Xã,"Xã Thọ Văn, Tỉnh Phú Thọ"
25,Phú Thọ,04828,Thống Nhất,Phường,"Phường Thống Nhất, Tỉnh Phú Thọ"
25,Phú Thọ,08545,Thu Cúc,Xã,"Xã Thu Cúc, Tỉnh Phú Thọ"
25,Phú Thọ,05098,Thung Nai,Xã,"Xã Thung Nai, Tỉnh Phú Thọ"
25,Phú Thọ,05293,Thượng Cốc,Xã,"Xã Thượng Cốc, Tỉnh Phú Thọ"
25,Phú Thọ,08323,Thượng Long,Xã,"Xã Thượng Long, Tỉnh Phú Thọ"
25,Phú Thọ,08842,Tiên Lữ,Xã,"Xã Tiên Lữ, Tỉnh Phú Thọ"
25,Phú Thọ,08344,Tiên Lương,Xã,"Xã Tiên Lương, Tỉnh Phú Thọ"
25,Phú Thọ,04891,Tiền Phong,Xã,"Xã Tiền Phong, Tỉnh Phú Thọ"
25,Phú Thọ,05191,Toàn Thắng,Xã,"Xã Toàn Thắng, Tỉnh Phú Thọ"
25,Phú Thọ,08245,Trạm Thản,Xã,"Xã Trạm Thản, Tỉnh Phú Thọ"
25,Phú Thọ,08311,Trung Sơn,Xã,"Xã Trung Sơn, Tỉnh Phú Thọ"
25,Phú Thọ,08686,Tu Vũ,Xã,"Xã Tu Vũ, Tỉnh Phú Thọ"
25,Phú Thọ,08380,Vân Bán,Xã,"Xã Vân Bán, Tỉnh Phú Thọ"
25,Phú Thọ,08134,Văn Lang,Xã,"Xã Văn Lang, Tỉnh Phú Thọ"
25,Phú Thọ,08611,Văn Miếu,Xã,"Xã Văn Miếu, Tỉnh Phú Thọ"
25,Phú Thọ,07918,Vân Phú,Phường,"Phường Vân Phú, Tỉnh Phú Thọ"
25,Phú Thọ,05152,Vân Sơn,Xã,"Xã Vân Sơn, Tỉnh Phú Thọ"
25,Phú Thọ,08467,Vạn Xuân,Xã,"Xã Vạn Xuân, Tỉnh Phú Thọ"
25,Phú Thọ,07900,Việt Trì,Phường,"Phường Việt Trì, Tỉnh Phú Thọ"
25,Phú Thọ,09079,Vĩnh An,Xã,"Xã Vĩnh An, Tỉnh Phú Thọ"
25,Phú Thọ,08143,Vĩnh Chân,Xã,"Xã Vĩnh Chân, Tỉnh Phú Thọ"
25,Phú Thọ,09100,Vĩnh Hưng,Xã,"Xã Vĩnh Hưng, Tỉnh Phú Thọ"
25,Phú Thọ,09154,Vĩnh Phú,Xã,"Xã Vĩnh Phú, Tỉnh Phú Thọ"
25,Phú Thọ,08716,Vĩnh Phúc,Phường,"Phường Vĩnh Phúc, Tỉnh Phú Thọ"
25,Phú Thọ,09106,Vĩnh Thành,Xã,"Xã Vĩnh Thành, Tỉnh Phú Thọ"
25,Phú Thọ,09076,Vĩnh Tường,Xã,"Xã Vĩnh Tường, Tỉnh Phú Thọ"
25,Phú Thọ,08707,Vĩnh Yên,Phường,"Phường Vĩnh Yên, Tỉnh Phú Thọ"
25,Phú Thọ,08584,Võ Miếu,Xã,"Xã Võ Miếu, Tỉnh Phú Thọ"
25,Phú Thọ,08590,Xuân Đài,Xã,"Xã Xuân Đài, Tỉnh Phú Thọ"
25,Phú Thọ,08746,Xuân Hòa,Phường,"Phường Xuân Hòa, Tỉnh Phú Thọ"
25,Phú Thọ,08971,Xuân Lãng,Xã,"Xã Xuân Lãng, Tỉnh Phú Thọ"
25,Phú Thọ,08500,Xuân Lũng,Xã,"Xã Xuân Lũng, Tỉnh Phú Thọ"
25,Phú Thọ,08305,Xuân Viên,Xã,"Xã Xuân Viên, Tỉnh Phú Thọ"
25,Phú Thọ,08113,Yên Kỳ,Xã,"Xã Yên Kỳ, Tỉnh Phú Thọ"
25,Phú Thọ,09025,Yên Lạc,Xã,"Xã Yên Lạc, Tỉnh Phú Thọ"
25,Phú Thọ,08773,Yên Lãng,Xã,"Xã Yên Lãng, Tỉnh Phú Thọ"
25,Phú Thọ,08290,Yên Lập,Xã,"Xã Yên Lập, Tỉnh Phú Thọ"
25,Phú Thọ,05305,Yên Phú,Xã,"Xã Yên Phú, Tỉnh Phú Thọ"
25,Phú Thọ,08656,Yên Sơn,Xã,"Xã Yên Sơn, Tỉnh Phú Thọ"
25,Phú Thọ,05353,Yên Thủy,Xã,"Xã Yên Thủy, Tỉnh Phú Thọ"
25,Phú Thọ,05386,Yên Trị,Xã,"Xã Yên Trị, Tỉnh Phú Thọ"
51,Quảng Ngãi,21034,An Phú,Xã,"Xã An Phú, Tỉnh Quảng Ngãi"
51,Quảng Ngãi,21499,Ba Dinh,Xã,"Xã Ba Dinh, Tỉnh Quảng Ngãi"
51,Quảng Ngãi,21496,Ba Động,Xã,"Xã Ba Động, Tỉnh Quảng Ngãi"
51,Quảng Ngãi,21205,Ba Gia,Xã,"Xã Ba Gia, Tỉnh Quảng Ngãi"
51,Quảng Ngãi,21523,Ba Tô,Xã,"Xã Ba Tô, Tỉnh Quảng Ngãi"
51,Quảng Ngãi,21484,Ba Tơ,Xã,"Xã Ba Tơ, Tỉnh Quảng Ngãi"
51,Quảng Ngãi,21529,Ba Vì,Xã,"Xã Ba Vì, Tỉnh Quảng Ngãi"
51,Quảng Ngãi,21490,Ba Vinh,Xã,"Xã Ba Vinh, Tỉnh Quảng Ngãi"
51,Quảng Ngãi,21538,Ba Xa,Xã,"Xã Ba Xa, Tỉnh Quảng Ngãi"
51,Quảng Ngãi,21100,Bình Chương,Xã,"Xã Bình Chương, Tỉnh Quảng Ngãi"
51,Quảng Ngãi,21085,Bình Minh,Xã,"Xã Bình Minh, Tỉnh Quảng Ngãi"
51,Quảng Ngãi,21040,Bình Sơn,Xã,"Xã Bình Sơn, Tỉnh Quảng Ngãi"
51,Quảng Ngãi,23377,Bờ Y,Xã,"Xã Bờ Y, Tỉnh Quảng Ngãi"
51,Quảng Ngãi,21136,Cà Đam,Xã,"Xã Cà Đam, Tỉnh Quảng Ngãi"
51,Quảng Ngãi,21025,Cẩm Thành,Phường,"Phường Cẩm Thành, Tỉnh Quảng Ngãi"
51,Quảng Ngãi,23383,Dục Nông,Xã,"Xã Dục Nông, Tỉnh Quảng Ngãi"
51,Quảng Ngãi,21548,Đặc khu Lý Sơn,Xã,"Xã Đặc khu Lý Sơn, Tỉnh Quảng Ngãi"
51,Quảng Ngãi,23302,Đăk BLa,Phường,"Phường Đăk BLa, Tỉnh Quảng Ngãi"
51,Quảng Ngãi,23344,Đắk Blô,Xã,"Xã Đắk Blô, Tỉnh Quảng Ngãi"
51,Quảng Ngãi,23284,Đăk Cấm,Phường,"Phường Đăk Cấm, Tỉnh Quảng Ngãi"
51,Quảng Ngãi,23500,Đăk Hà,Xã,"Xã Đăk Hà, Tỉnh Quảng Ngãi"
51,Quảng Ngãi,23485,Đăk Kôi,Xã,"Xã Đăk Kôi, Tỉnh Quảng Ngãi"
51,Quảng Ngãi,23368,Đăk Long,Xã,"Xã Đăk Long, Tỉnh Quảng Ngãi"
51,Quảng Ngãi,23512,Đăk Mar,Xã,"Xã Đăk Mar, Tỉnh Quảng Ngãi"
51,Quảng Ngãi,23374,Đăk Môn,Xã,"Xã Đăk Môn, Tỉnh Quảng Ngãi"
51,Quảng Ngãi,23341,Đăk Pék,Xã,"Xã Đăk Pék, Tỉnh Quảng Ngãi"
51,Quảng Ngãi,23504,Đăk Pxi,Xã,"Xã Đăk Pxi, Tỉnh Quảng Ngãi"
51,Quảng Ngãi,23332,Đăk Rơ Wa,Xã,"Xã Đăk Rơ Wa, Tỉnh Quảng Ngãi"
51,Quảng Ngãi,23479,Đăk Rve,Xã,"Xã Đăk Rve, Tỉnh Quảng Ngãi"
51,Quảng Ngãi,23416,Đăk Sao,Xã,"Xã Đăk Sao, Tỉnh Quảng Ngãi"
51,Quảng Ngãi,23401,Đăk Tô,Xã,"Xã Đăk Tô, Tỉnh Quảng Ngãi"
51,Quảng Ngãi,23419,Đăk Tờ Kan,Xã,"Xã Đăk Tờ Kan, Tỉnh Quảng Ngãi"
51,Quảng Ngãi,23510,Đăk Ui,Xã,"Xã Đăk Ui, Tỉnh Quảng Ngãi"
51,Quảng Ngãi,21520,Đặng Thùy Trâm,Xã,"Xã Đặng Thùy Trâm, Tỉnh Quảng Ngãi"
51,Quảng Ngãi,21385,Đình Cương,Xã,"Xã Đình Cương, Tỉnh Quảng Ngãi"
51,Quảng Ngãi,21109,Đông Sơn,Xã,"Xã Đông Sơn, Tỉnh Quảng Ngãi"
51,Quảng Ngãi,21127,Đông Trà Bồng,Xã,"Xã Đông Trà Bồng, Tỉnh Quảng Ngãi"
51,Quảng Ngãi,21439,Đức Phổ,Phường,"Phường Đức Phổ, Tỉnh Quảng Ngãi"
51,Quảng Ngãi,23326,Ia Chim,Xã,"Xã Ia Chim, Tỉnh Quảng Ngãi"
51,Quảng Ngãi,23535,Ia Đal,Xã,"Xã Ia Đal, Tỉnh Quảng Ngãi"
51,Quảng Ngãi,23538,Ia Tơi,Xã,"Xã Ia Tơi, Tỉnh Quảng Ngãi"
51,Quảng Ngãi,21472,Khánh Cường,Xã,"Xã Khánh Cường, Tỉnh Quảng Ngãi"
51,Quảng Ngãi,23497,Kon Braih,Xã,"Xã Kon Braih, Tỉnh Quảng Ngãi"
51,Quảng Ngãi,23430,Kon Đào,Xã,"Xã Kon Đào, Tỉnh Quảng Ngãi"
51,Quảng Ngãi,23476,Kon Plông,Xã,"Xã Kon Plông, Tỉnh Quảng Ngãi"
51,Quảng Ngãi,23293,Kon Tum,Phường,"Phường Kon Tum, Tỉnh Quảng Ngãi"
51,Quảng Ngãi,21433,Lân Phong,Xã,"Xã Lân Phong, Tỉnh Quảng Ngãi"
51,Quảng Ngãi,21409,Long Phụng,Xã,"Xã Long Phụng, Tỉnh Quảng Ngãi"
51,Quảng Ngãi,23455,Măng Bút,Xã,"Xã Măng Bút, Tỉnh Quảng Ngãi"
51,Quảng Ngãi,23473,Măng Đen,Xã,"Xã Măng Đen, Tỉnh Quảng Ngãi"
51,Quảng Ngãi,23446,Măng Ri,Xã,"Xã Măng Ri, Tỉnh Quảng Ngãi"
51,Quảng Ngãi,21361,Minh Long,Xã,"Xã Minh Long, Tỉnh Quảng Ngãi"
51,Quảng Ngãi,21421,Mỏ Cày,Xã,"Xã Mỏ Cày, Tỉnh Quảng Ngãi"
51,Quảng Ngãi,21400,Mộ Đức,Xã,"Xã Mộ Đức, Tỉnh Quảng Ngãi"
51,Quảng Ngãi,23536,Mô Rai,Xã,"Xã Mô Rai, Tỉnh Quảng Ngãi"
51,Quảng Ngãi,21250,Nghĩa Giang,Xã,"Xã Nghĩa Giang, Tỉnh Quảng Ngãi"
51,Quảng Ngãi,21364,Nghĩa Hành,Xã,"Xã Nghĩa Hành, Tỉnh Quảng Ngãi"
51,Quảng Ngãi,21028,Nghĩa Lộ,Phường,"Phường Nghĩa Lộ, Tỉnh Quảng Ngãi"
51,Quảng Ngãi,23365,Ngọc Linh,Xã,"Xã Ngọc Linh, Tỉnh Quảng Ngãi"
51,Quảng Ngãi,23317,Ngọk Bay,Xã,"Xã Ngọk Bay, Tỉnh Quảng Ngãi"
51,Quảng Ngãi,23515,Ngọk Réo,Xã,"Xã Ngọk Réo, Tỉnh Quảng Ngãi"
51,Quảng Ngãi,23428,Ngọk Tụ,Xã,"Xã Ngọk Tụ, Tỉnh Quảng Ngãi"
51,Quảng Ngãi,21457,Nguyễn Nghiêm,Xã,"Xã Nguyễn Nghiêm, Tỉnh Quảng Ngãi"
51,Quảng Ngãi,21370,Phước Giang,Xã,"Xã Phước Giang, Tỉnh Quảng Ngãi"
51,Quảng Ngãi,23530,Rờ Kơi,Xã,"Xã Rờ Kơi, Tỉnh Quảng Ngãi"
51,Quảng Ngãi,23534,Sa Bình,Xã,"Xã Sa Bình, Tỉnh Quảng Ngãi"
51,Quảng Ngãi,21478,Sa Huỳnh,Phường,"Phường Sa Huỳnh, Tỉnh Quảng Ngãi"
51,Quảng Ngãi,23392,Sa Loong,Xã,"Xã Sa Loong, Tỉnh Quảng Ngãi"
51,Quảng Ngãi,23527,Sa Thầy,Xã,"Xã Sa Thầy, Tỉnh Quảng Ngãi"
51,Quảng Ngãi,21292,Sơn Hạ,Xã,"Xã Sơn Hạ, Tỉnh Quảng Ngãi"
51,Quảng Ngãi,21289,Sơn Hà,Xã,"Xã Sơn Hà, Tỉnh Quảng Ngãi"
51,Quảng Ngãi,21325,Sơn Kỳ,Xã,"Xã Sơn Kỳ, Tỉnh Quảng Ngãi"
51,Quảng Ngãi,21307,Sơn Linh,Xã,"Xã Sơn Linh, Tỉnh Quảng Ngãi"
51,Quảng Ngãi,21349,Sơn Mai,Xã,"Xã Sơn Mai, Tỉnh Quảng Ngãi"
51,Quảng Ngãi,21340,Sơn Tây,Xã,"Xã Sơn Tây, Tỉnh Quảng Ngãi"
51,Quảng Ngãi,21343,Sơn Tây Hạ,Xã,"Xã Sơn Tây Hạ, Tỉnh Quảng Ngãi"
51,Quảng Ngãi,21334,Sơn Tây Thượng,Xã,"Xã Sơn Tây Thượng, Tỉnh Quảng Ngãi"
51,Quảng Ngãi,21319,Sơn Thủy,Xã,"Xã Sơn Thủy, Tỉnh Quảng Ngãi"
51,Quảng Ngãi,21220,Sơn Tịnh,Xã,"Xã Sơn Tịnh, Tỉnh Quảng Ngãi"
51,Quảng Ngãi,21154,Tây Trà,Xã,"Xã Tây Trà, Tỉnh Quảng Ngãi"
51,Quảng Ngãi,21157,Tây Trà Bồng,Xã,"Xã Tây Trà Bồng, Tỉnh Quảng Ngãi"
51,Quảng Ngãi,21124,Thanh Bồng,Xã,"Xã Thanh Bồng, Tỉnh Quảng Ngãi"
51,Quảng Ngãi,21388,Thiện Tín,Xã,"Xã Thiện Tín, Tỉnh Quảng Ngãi"
51,Quảng Ngãi,21181,Thọ Phong,Xã,"Xã Thọ Phong, Tỉnh Quảng Ngãi"
51,Quảng Ngãi,21211,Tịnh Khê,Xã,"Xã Tịnh Khê, Tỉnh Quảng Ngãi"
51,Quảng Ngãi,21115,Trà Bồng,Xã,"Xã Trà Bồng, Tỉnh Quảng Ngãi"
51,Quảng Ngãi,21451,Trà Câu,Phường,"Phường Trà Câu, Tỉnh Quảng Ngãi"
51,Quảng Ngãi,21244,Trà Giang,Xã,"Xã Trà Giang, Tỉnh Quảng Ngãi"
51,Quảng Ngãi,21196,Trường Giang,Xã,"Xã Trường Giang, Tỉnh Quảng Ngãi"
51,Quảng Ngãi,21172,Trương Quang Trọng,Phường,"Phường Trương Quang Trọng, Tỉnh Quảng Ngãi"
51,Quảng Ngãi,23425,Tu Mơ Rông,Xã,"Xã Tu Mơ Rông, Tỉnh Quảng Ngãi"
51,Quảng Ngãi,21235,Tư Nghĩa,Xã,"Xã Tư Nghĩa, Tỉnh Quảng Ngãi"
51,Quảng Ngãi,21061,Vạn Tường,Xã,"Xã Vạn Tường, Tỉnh Quảng Ngãi"
51,Quảng Ngãi,21238,Vệ Giang,Xã,"Xã Vệ Giang, Tỉnh Quảng Ngãi"
51,Quảng Ngãi,23356,Xốp,Xã,"Xã Xốp, Tỉnh Quảng Ngãi"
51,Quảng Ngãi,23548,Ya Ly,Xã,"Xã Ya Ly, Tỉnh Quảng Ngãi"
22,Quảng Ninh,07090,An Sinh,Phường,"Phường An Sinh, Tỉnh Quảng Ninh"
22,Quảng Ninh,06970,Ba Chẽ,Xã,"Xã Ba Chẽ, Tỉnh Quảng Ninh"
22,Quảng Ninh,06673,Bãi Cháy,Phường,"Phường Bãi Cháy, Tỉnh Quảng Ninh"
22,Quảng Ninh,07081,Bình Khê,Phường,"Phường Bình Khê, Tỉnh Quảng Ninh"
22,Quảng Ninh,06838,Bình Liêu,Xã,"Xã Bình Liêu, Tỉnh Quảng Ninh"
22,Quảng Ninh,06967,Cái Chiên,Xã,"Xã Cái Chiên, Tỉnh Quảng Ninh"
22,Quảng Ninh,06793,Cẩm Phả,Phường,"Phường Cẩm Phả, Tỉnh Quảng Ninh"
22,Quảng Ninh,06658,Cao Xanh,Phường,"Phường Cao Xanh, Tỉnh Quảng Ninh"
22,Quảng Ninh,06781,Cửa Ông,Phường,"Phường Cửa Ông, Tỉnh Quảng Ninh"
22,Quảng Ninh,07192,Đặc khu Cô Tô,Xã,"Xã Đặc khu Cô Tô, Tỉnh Quảng Ninh"
22,Quảng Ninh,06994,Đặc khu Vân Đồn,Xã,"Xã Đặc khu Vân Đồn, Tỉnh Quảng Ninh"
22,Quảng Ninh,06895,Đầm Hà,Xã,"Xã Đầm Hà, Tỉnh Quảng Ninh"
22,Quảng Ninh,06874,Điền Xá,Xã,"Xã Điền Xá, Tỉnh Quảng Ninh"
22,Quảng Ninh,07135,Đông Mai,Phường,"Phường Đông Mai, Tỉnh Quảng Ninh"
22,Quảng Ninh,06877,Đông Ngũ,Xã,"Xã Đông Ngũ, Tỉnh Quảng Ninh"
22,Quảng Ninh,07093,Đông Triều,Phường,"Phường Đông Triều, Tỉnh Quảng Ninh"
22,Quảng Ninh,06946,Đường Hoa,Xã,"Xã Đường Hoa, Tỉnh Quảng Ninh"
22,Quảng Ninh,07168,Hà An,Phường,"Phường Hà An, Tỉnh Quảng Ninh"
22,Quảng Ninh,06676,Hà Lầm,Phường,"Phường Hà Lầm, Tỉnh Quảng Ninh"
22,Quảng Ninh,06688,Hạ Long,Phường,"Phường Hạ Long, Tỉnh Quảng Ninh"
22,Quảng Ninh,06652,Hà Tu,Phường,"Phường Hà Tu, Tỉnh Quảng Ninh"
22,Quảng Ninh,06799,Hải Hòa,Xã,"Xã Hải Hòa, Tỉnh Quảng Ninh"
22,Quảng Ninh,06886,Hải Lạng,Xã,"Xã Hải Lạng, Tỉnh Quảng Ninh"
22,Quảng Ninh,06733,Hải Ninh,Xã,"Xã Hải Ninh, Tỉnh Quảng Ninh"
22,Quảng Ninh,06724,Hải Sơn,Xã,"Xã Hải Sơn, Tỉnh Quảng Ninh"
22,Quảng Ninh,07147,Hiệp Hòa,Phường,"Phường Hiệp Hòa, Tỉnh Quảng Ninh"
22,Quảng Ninh,07114,Hoàng Quế,Phường,"Phường Hoàng Quế, Tỉnh Quảng Ninh"
22,Quảng Ninh,07030,Hoành Bồ,Phường,"Phường Hoành Bồ, Tỉnh Quảng Ninh"
22,Quảng Ninh,06841,Hoành Mô,Xã,"Xã Hoành Mô, Tỉnh Quảng Ninh"
22,Quảng Ninh,06685,Hồng Gai,Phường,"Phường Hồng Gai, Tỉnh Quảng Ninh"
22,Quảng Ninh,06979,Kỳ Thượng,Xã,"Xã Kỳ Thượng, Tỉnh Quảng Ninh"
22,Quảng Ninh,07180,Liên Hòa,Phường,"Phường Liên Hòa, Tỉnh Quảng Ninh"
22,Quảng Ninh,06856,Lục Hồn,Xã,"Xã Lục Hồn, Tỉnh Quảng Ninh"
22,Quảng Ninh,06985,Lương Minh,Xã,"Xã Lương Minh, Tỉnh Quảng Ninh"
22,Quảng Ninh,07069,Mạo Khê,Phường,"Phường Mạo Khê, Tỉnh Quảng Ninh"
22,Quảng Ninh,06712,Móng Cái 1,Phường,"Phường Móng Cái 1, Tỉnh Quảng Ninh"
22,Quảng Ninh,06709,Móng Cái 2,Phường,"Phường Móng Cái 2, Tỉnh Quảng Ninh"
22,Quảng Ninh,06736,Móng Cái 3,Phường,"Phường Móng Cái 3, Tỉnh Quảng Ninh"
22,Quảng Ninh,06760,Mông Dương,Phường,"Phường Mông Dương, Tỉnh Quảng Ninh"
22,Quảng Ninh,07183,Phong Cốc,Phường,"Phường Phong Cốc, Tỉnh Quảng Ninh"
22,Quảng Ninh,06931,Quảng Đức,Xã,"Xã Quảng Đức, Tỉnh Quảng Ninh"
22,Quảng Ninh,06922,Quảng Hà,Xã,"Xã Quảng Hà, Tỉnh Quảng Ninh"
22,Quảng Ninh,06778,Quang Hanh,Phường,"Phường Quang Hanh, Tỉnh Quảng Ninh"
22,Quảng Ninh,07054,Quảng La,Xã,"Xã Quảng La, Tỉnh Quảng Ninh"
22,Quảng Ninh,06913,Quảng Tân,Xã,"Xã Quảng Tân, Tỉnh Quảng Ninh"
22,Quảng Ninh,07132,Quảng Yên,Phường,"Phường Quảng Yên, Tỉnh Quảng Ninh"
22,Quảng Ninh,07060,Thống Nhất,Xã,"Xã Thống Nhất, Tỉnh Quảng Ninh"
22,Quảng Ninh,06862,Tiên Yên,Xã,"Xã Tiên Yên, Tỉnh Quảng Ninh"
22,Quảng Ninh,06706,Tuần Châu,Phường,"Phường Tuần Châu, Tỉnh Quảng Ninh"
22,Quảng Ninh,06811,Uông Bí,Phường,"Phường Uông Bí, Tỉnh Quảng Ninh"
22,Quảng Ninh,06820,Vàng Danh,Phường,"Phường Vàng Danh, Tỉnh Quảng Ninh"
22,Quảng Ninh,06661,Việt Hưng,Phường,"Phường Việt Hưng, Tỉnh Quảng Ninh"
22,Quảng Ninh,06757,Vĩnh Thực,Xã,"Xã Vĩnh Thực, Tỉnh Quảng Ninh"
22,Quảng Ninh,06832,Yên Tử,Phường,"Phường Yên Tử, Tỉnh Quảng Ninh"
44,Quảng Trị,19483,A Dơi,Xã,"Xã A Dơi, Tỉnh Quảng Trị"
44,Quảng Trị,19669,Ái Tử,Xã,"Xã Ái Tử, Tỉnh Quảng Trị"
44,Quảng Trị,19009,Ba Đồn,Phường,"Phường Ba Đồn, Tỉnh Quảng Trị"
44,Quảng Trị,19567,Ba Lòng,Xã,"Xã Ba Lòng, Tỉnh Quảng Trị"
44,Quảng Trị,19066,Bắc Gianh,Phường,"Phường Bắc Gianh, Tỉnh Quảng Trị"
44,Quảng Trị,19126,Bắc Trạch,Xã,"Xã Bắc Trạch, Tỉnh Quảng Trị"
44,Quảng Trị,19501,Bến Hải,Xã,"Xã Bến Hải, Tỉnh Quảng Trị"
44,Quảng Trị,19366,Bến Quan,Xã,"Xã Bến Quan, Tỉnh Quảng Trị"
44,Quảng Trị,19141,Bố Trạch,Xã,"Xã Bố Trạch, Tỉnh Quảng Trị"
44,Quảng Trị,19255,Cam Hồng,Xã,"Xã Cam Hồng, Tỉnh Quảng Trị"
44,Quảng Trị,19597,Cam Lộ,Xã,"Xã Cam Lộ, Tỉnh Quảng Trị"
44,Quảng Trị,19537,Cồn Tiên,Xã,"Xã Cồn Tiên, Tỉnh Quảng Trị"
44,Quảng Trị,19414,Cửa Tùng,Xã,"Xã Cửa Tùng, Tỉnh Quảng Trị"
44,Quảng Trị,19496,Cửa Việt,Xã,"Xã Cửa Việt, Tỉnh Quảng Trị"
44,Quảng Trị,18904,Dân Hóa,Xã,"Xã Dân Hóa, Tỉnh Quảng Trị"
44,Quảng Trị,19681,Diên Sanh,Xã,"Xã Diên Sanh, Tỉnh Quảng Trị"
44,Quảng Trị,19564,Đa Krông,Xã,"Xã Đa Krông, Tỉnh Quảng Trị"
44,Quảng Trị,19742,Đặc khu Cồn Cỏ,Xã,"Xã Đặc khu Cồn Cỏ, Tỉnh Quảng Trị"
44,Quảng Trị,19333,Đông Hà,Phường,"Phường Đông Hà, Tỉnh Quảng Trị"
44,Quảng Trị,18880,Đồng Hới,Phường,"Phường Đồng Hới, Tỉnh Quảng Trị"
44,Quảng Trị,18949,Đồng Lê,Xã,"Xã Đồng Lê, Tỉnh Quảng Trị"
44,Quảng Trị,18871,Đồng Sơn,Phường,"Phường Đồng Sơn, Tỉnh Quảng Trị"
44,Quảng Trị,18859,Đồng Thuận,Phường,"Phường Đồng Thuận, Tỉnh Quảng Trị"
44,Quảng Trị,19159,Đông Trạch,Xã,"Xã Đông Trạch, Tỉnh Quảng Trị"
44,Quảng Trị,19495,Gio Linh,Xã,"Xã Gio Linh, Tỉnh Quảng Trị"
44,Quảng Trị,19702,Hải Lăng,Xã,"Xã Hải Lăng, Tỉnh Quảng Trị"
44,Quảng Trị,19603,Hiếu Giang,Xã,"Xã Hiếu Giang, Tỉnh Quảng Trị"
44,Quảng Trị,19033,Hòa Trạch,Xã,"Xã Hòa Trạch, Tỉnh Quảng Trị"
44,Quảng Trị,19111,Hoàn Lão,Xã,"Xã Hoàn Lão, Tỉnh Quảng Trị"
44,Quảng Trị,19555,Hướng Hiệp,Xã,"Xã Hướng Hiệp, Tỉnh Quảng Trị"
44,Quảng Trị,19435,Hướng Lập,Xã,"Xã Hướng Lập, Tỉnh Quảng Trị"
44,Quảng Trị,19441,Hướng Phùng,Xã,"Xã Hướng Phùng, Tỉnh Quảng Trị"
44,Quảng Trị,19429,Khe Sanh,Xã,"Xã Khe Sanh, Tỉnh Quảng Trị"
44,Quảng Trị,18922,Kim Điền,Xã,"Xã Kim Điền, Tỉnh Quảng Trị"
44,Quảng Trị,19318,Kim Ngân,Xã,"Xã Kim Ngân, Tỉnh Quảng Trị"
44,Quảng Trị,18943,Kim Phú,Xã,"Xã Kim Phú, Tỉnh Quảng Trị"
44,Quảng Trị,19594,La Lay,Xã,"Xã La Lay, Tỉnh Quảng Trị"
44,Quảng Trị,19432,Lao Bảo,Xã,"Xã Lao Bảo, Tỉnh Quảng Trị"
44,Quảng Trị,19246,Lệ Ninh,Xã,"Xã Lệ Ninh, Tỉnh Quảng Trị"
44,Quảng Trị,19249,Lệ Thủy,Xã,"Xã Lệ Thủy, Tỉnh Quảng Trị"
44,Quảng Trị,19489,Lìa,Xã,"Xã Lìa, Tỉnh Quảng Trị"
44,Quảng Trị,18901,Minh Hóa,Xã,"Xã Minh Hóa, Tỉnh Quảng Trị"
44,Quảng Trị,19741,Mỹ Thủy,Xã,"Xã Mỹ Thủy, Tỉnh Quảng Trị"
44,Quảng Trị,19075,Nam Ba Đồn,Xã,"Xã Nam Ba Đồn, Tỉnh Quảng Trị"
44,Quảng Trị,19639,Nam Cửa Việt,Xã,"Xã Nam Cửa Việt, Tỉnh Quảng Trị"
44,Quảng Trị,19351,Nam Đông Hà,Phường,"Phường Nam Đông Hà, Tỉnh Quảng Trị"
44,Quảng Trị,19093,Nam Gianh,Xã,"Xã Nam Gianh, Tỉnh Quảng Trị"
44,Quảng Trị,19735,Nam Hải Lăng,Xã,"Xã Nam Hải Lăng, Tỉnh Quảng Trị"
44,Quảng Trị,19198,Nam Trạch,Xã,"Xã Nam Trạch, Tỉnh Quảng Trị"
44,Quảng Trị,19225,Ninh Châu,Xã,"Xã Ninh Châu, Tỉnh Quảng Trị"
44,Quảng Trị,19138,Phong Nha,Xã,"Xã Phong Nha, Tỉnh Quảng Trị"
44,Quảng Trị,19021,Phú Trạch,Xã,"Xã Phú Trạch, Tỉnh Quảng Trị"
44,Quảng Trị,19207,Quảng Ninh,Xã,"Xã Quảng Ninh, Tỉnh Quảng Trị"
44,Quảng Trị,19057,Quảng Trạch,Xã,"Xã Quảng Trạch, Tỉnh Quảng Trị"
44,Quảng Trị,19360,Quảng Trị,Phường,"Phường Quảng Trị, Tỉnh Quảng Trị"
44,Quảng Trị,19288,Sen Ngư,Xã,"Xã Sen Ngư, Tỉnh Quảng Trị"
44,Quảng Trị,19588,Tà Rụt,Xã,"Xã Tà Rụt, Tỉnh Quảng Trị"
44,Quảng Trị,19051,Tân Gianh,Xã,"Xã Tân Gianh, Tỉnh Quảng Trị"
44,Quảng Trị,19462,Tân Lập,Xã,"Xã Tân Lập, Tỉnh Quảng Trị"
44,Quảng Trị,19291,Tân Mỹ,Xã,"Xã Tân Mỹ, Tỉnh Quảng Trị"
44,Quảng Trị,18919,Tân Thành,Xã,"Xã Tân Thành, Tỉnh Quảng Trị"
44,Quảng Trị,19147,Thượng Trạch,Xã,"Xã Thượng Trạch, Tỉnh Quảng Trị"
44,Quảng Trị,19645,Triệu Bình,Xã,"Xã Triệu Bình, Tỉnh Quảng Trị"
44,Quảng Trị,19654,Triệu Cơ,Xã,"Xã Triệu Cơ, Tỉnh Quảng Trị"
44,Quảng Trị,19624,Triệu Phong,Xã,"Xã Triệu Phong, Tỉnh Quảng Trị"
44,Quảng Trị,19030,Trung Thuần,Xã,"Xã Trung Thuần, Tỉnh Quảng Trị"
44,Quảng Trị,19237,Trường Ninh,Xã,"Xã Trường Ninh, Tỉnh Quảng Trị"
44,Quảng Trị,19309,Trường Phú,Xã,"Xã Trường Phú, Tỉnh Quảng Trị"
44,Quảng Trị,19204,Trường Sơn,Xã,"Xã Trường Sơn, Tỉnh Quảng Trị"
44,Quảng Trị,18991,Tuyên Bình,Xã,"Xã Tuyên Bình, Tỉnh Quảng Trị"
44,Quảng Trị,18997,Tuyên Hóa,Xã,"Xã Tuyên Hóa, Tỉnh Quảng Trị"
44,Quảng Trị,18958,Tuyên Lâm,Xã,"Xã Tuyên Lâm, Tỉnh Quảng Trị"
44,Quảng Trị,18985,Tuyên Phú,Xã,"Xã Tuyên Phú, Tỉnh Quảng Trị"
44,Quảng Trị,18952,Tuyên Sơn,Xã,"Xã Tuyên Sơn, Tỉnh Quảng Trị"
44,Quảng Trị,19699,Vĩnh Định,Xã,"Xã Vĩnh Định, Tỉnh Quảng Trị"
44,Quảng Trị,19372,Vĩnh Hoàng,Xã,"Xã Vĩnh Hoàng, Tỉnh Quảng Trị"
44,Quảng Trị,19363,Vĩnh Linh,Xã,"Xã Vĩnh Linh, Tỉnh Quảng Trị"
44,Quảng Trị,19405,Vĩnh Thủy,Xã,"Xã Vĩnh Thủy, Tỉnh Quảng Trị"
14,Sơn La,03856,Bắc Yên,Xã,"Xã Bắc Yên, Tỉnh Sơn La"
14,Sơn La,03724,Bình Thuận,Xã,"Xã Bình Thuận, Tỉnh Sơn La"
14,Sơn La,04171,Bó Sinh,Xã,"Xã Bó Sinh, Tỉnh Sơn La"
14,Sơn La,03667,Chiềng An,Phường,"Phường Chiềng An, Tỉnh Sơn La"
14,Sơn La,03670,Chiềng Cơi,Phường,"Phường Chiềng Cơi, Tỉnh Sơn La"
14,Sơn La,04078,Chiềng Hặc,Xã,"Xã Chiềng Hặc, Tỉnh Sơn La"
14,Sơn La,03850,Chiềng Hoa,Xã,"Xã Chiềng Hoa, Tỉnh Sơn La"
14,Sơn La,04204,Chiềng Khoong,Xã,"Xã Chiềng Khoong, Tỉnh Sơn La"
14,Sơn La,04222,Chiềng Khương,Xã,"Xã Chiềng Khương, Tỉnh Sơn La"
14,Sơn La,03754,Chiềng La,Xã,"Xã Chiềng La, Tỉnh Sơn La"
14,Sơn La,03814,Chiềng Lao,Xã,"Xã Chiềng Lao, Tỉnh Sơn La"
14,Sơn La,04132,Chiềng Mai,Xã,"Xã Chiềng Mai, Tỉnh Sơn La"
14,Sơn La,04123,Chiềng Mung,Xã,"Xã Chiềng Mung, Tỉnh Sơn La"
14,Sơn La,03892,Chiềng Sại,Xã,"Xã Chiềng Sại, Tỉnh Sơn La"
14,Sơn La,03679,Chiềng Sinh,Phường,"Phường Chiềng Sinh, Tỉnh Sơn La"
14,Sơn La,04195,Chiềng Sơ,Xã,"Xã Chiềng Sơ, Tỉnh Sơn La"
14,Sơn La,03985,Chiềng Sơn,Xã,"Xã Chiềng Sơn, Tỉnh Sơn La"
14,Sơn La,04108,Chiềng Sung,Xã,"Xã Chiềng Sung, Tỉnh Sơn La"
14,Sơn La,03781,Co Mạ,Xã,"Xã Co Mạ, Tỉnh Sơn La"
14,Sơn La,04000,Đoàn Kết,Xã,"Xã Đoàn Kết, Tỉnh Sơn La"
14,Sơn La,03922,Gia Phù,Xã,"Xã Gia Phù, Tỉnh Sơn La"
14,Sơn La,04210,Huổi Một,Xã,"Xã Huổi Một, Tỉnh Sơn La"
14,Sơn La,03961,Kim Bon,Xã,"Xã Kim Bon, Tỉnh Sơn La"
14,Sơn La,03763,Long Hẹ,Xã,"Xã Long Hẹ, Tỉnh Sơn La"
14,Sơn La,04096,Lóng Phiêng,Xã,"Xã Lóng Phiêng, Tỉnh Sơn La"
14,Sơn La,04045,Lóng Sập,Xã,"Xã Lóng Sập, Tỉnh Sơn La"
14,Sơn La,04105,Mai Sơn,Xã,"Xã Mai Sơn, Tỉnh Sơn La"
14,Sơn La,03980,Mộc Châu,Phường,"Phường Mộc Châu, Tỉnh Sơn La"
14,Sơn La,03979,Mộc Sơn,Phường,"Phường Mộc Sơn, Tỉnh Sơn La"
14,Sơn La,03799,Muổi Nọi,Xã,"Xã Muổi Nọi, Tỉnh Sơn La"
14,Sơn La,03760,Mường Bám,Xã,"Xã Mường Bám, Tỉnh Sơn La"
14,Sơn La,03943,Mường Bang,Xã,"Xã Mường Bang, Tỉnh Sơn La"
14,Sơn La,03847,Mường Bú,Xã,"Xã Mường Bú, Tỉnh Sơn La"
14,Sơn La,04117,Mường Chanh,Xã,"Xã Mường Chanh, Tỉnh Sơn La"
14,Sơn La,03688,Mường Chiên,Xã,"Xã Mường Chiên, Tỉnh Sơn La"
14,Sơn La,03907,Mường Cơi,Xã,"Xã Mường Cơi, Tỉnh Sơn La"
14,Sơn La,03727,Mường É,Xã,"Xã Mường É, Tỉnh Sơn La"
14,Sơn La,03694,Mường Giôn,Xã,"Xã Mường Giôn, Tỉnh Sơn La"
14,Sơn La,04219,Mường Hung,Xã,"Xã Mường Hung, Tỉnh Sơn La"
14,Sơn La,03757,Mường Khiêng,Xã,"Xã Mường Khiêng, Tỉnh Sơn La"
14,Sơn La,03808,Mường La,Xã,"Xã Mường La, Tỉnh Sơn La"
14,Sơn La,04183,Mường Lầm,Xã,"Xã Mường Lầm, Tỉnh Sơn La"
14,Sơn La,04246,Mường Lạn,Xã,"Xã Mường Lạn, Tỉnh Sơn La"
14,Sơn La,04240,Mường Lèo,Xã,"Xã Mường Lèo, Tỉnh Sơn La"
14,Sơn La,03712,Mường Sại,Xã,"Xã Mường Sại, Tỉnh Sơn La"
14,Sơn La,03784,Nậm Lầu,Xã,"Xã Nậm Lầu, Tỉnh Sơn La"
14,Sơn La,04186,Nậm Ty,Xã,"Xã Nậm Ty, Tỉnh Sơn La"
14,Sơn La,03820,Ngọc Chiến,Xã,"Xã Ngọc Chiến, Tỉnh Sơn La"
14,Sơn La,03871,Pắc Ngà,Xã,"Xã Pắc Ngà, Tỉnh Sơn La"
14,Sơn La,04144,Phiêng Cằm,Xã,"Xã Phiêng Cằm, Tỉnh Sơn La"
14,Sơn La,04099,Phiêng Khoài,Xã,"Xã Phiêng Khoài, Tỉnh Sơn La"
14,Sơn La,04159,Phiêng Pằn,Xã,"Xã Phiêng Pằn, Tỉnh Sơn La"
14,Sơn La,03910,Phù Yên,Xã,"Xã Phù Yên, Tỉnh Sơn La"
14,Sơn La,04228,Púng Bánh,Xã,"Xã Púng Bánh, Tỉnh Sơn La"
14,Sơn La,03703,Quỳnh Nhai,Xã,"Xã Quỳnh Nhai, Tỉnh Sơn La"
14,Sơn La,04006,Song Khủa,Xã,"Xã Song Khủa, Tỉnh Sơn La"
14,Sơn La,04168,Sông Mã,Xã,"Xã Sông Mã, Tỉnh Sơn La"
14,Sơn La,04231,Sốp Cộp,Xã,"Xã Sốp Cộp, Tỉnh Sơn La"
14,Sơn La,03901,Suối Tọ,Xã,"Xã Suối Tọ, Tỉnh Sơn La"
14,Sơn La,04136,Tà Hộc,Xã,"Xã Tà Hộc, Tỉnh Sơn La"
14,Sơn La,03880,Tạ Khoa,Xã,"Xã Tạ Khoa, Tỉnh Sơn La"
14,Sơn La,03868,Tà Xùa,Xã,"Xã Tà Xùa, Tỉnh Sơn La"
14,Sơn La,03970,Tân Phong,Xã,"Xã Tân Phong, Tỉnh Sơn La"
14,Sơn La,03997,Tân Yên,Xã,"Xã Tân Yên, Tỉnh Sơn La"
14,Sơn La,03982,Thảo Nguyên,Phường,"Phường Thảo Nguyên, Tỉnh Sơn La"
14,Sơn La,03721,Thuận Châu,Xã,"Xã Thuận Châu, Tỉnh Sơn La"
14,Sơn La,03646,Tô Hiệu,Phường,"Phường Tô Hiệu, Tỉnh Sơn La"
14,Sơn La,04018,Tô Múa,Xã,"Xã Tô Múa, Tỉnh Sơn La"
14,Sơn La,03958,Tường Hạ,Xã,"Xã Tường Hạ, Tỉnh Sơn La"
14,Sơn La,04048,Vân Hồ,Xã,"Xã Vân Hồ, Tỉnh Sơn La"
14,Sơn La,04033,Vân Sơn,Phường,"Phường Vân Sơn, Tỉnh Sơn La"
14,Sơn La,03862,Xím Vàng,Xã,"Xã Xím Vàng, Tỉnh Sơn La"
14,Sơn La,04057,Xuân Nha,Xã,"Xã Xuân Nha, Tỉnh Sơn La"
14,Sơn La,04075,Yên Châu,Xã,"Xã Yên Châu, Tỉnh Sơn La"
14,Sơn La,04087,Yên Sơn,Xã,"Xã Yên Sơn, Tỉnh Sơn La"
80,Tây Ninh,28243,An Lục Long,Xã,"Xã An Lục Long, Tỉnh Tây Ninh"
80,Tây Ninh,27943,An Ninh,Xã,"Xã An Ninh, Tỉnh Tây Ninh"
80,Tây Ninh,25732,An Tịnh,Phường,"Phường An Tịnh, Tỉnh Tây Ninh"
80,Tây Ninh,25681,Bến Cầu,Xã,"Xã Bến Cầu, Tỉnh Tây Ninh"
80,Tây Ninh,27991,Bến Lức,Xã,"Xã Bến Lức, Tỉnh Tây Ninh"
80,Tây Ninh,28015,Bình Đức,Xã,"Xã Bình Đức, Tỉnh Tây Ninh"
80,Tây Ninh,27793,Bình Hiệp,Xã,"Xã Bình Hiệp, Tỉnh Tây Ninh"
80,Tây Ninh,27811,Bình Hoà,Xã,"Xã Bình Hoà, Tỉnh Tây Ninh"
80,Tây Ninh,25480,Bình Minh,Phường,"Phường Bình Minh, Tỉnh Tây Ninh"
80,Tây Ninh,27868,Bình Thành,Xã,"Xã Bình Thành, Tỉnh Tây Ninh"
80,Tây Ninh,28108,Cần Đước,Xã,"Xã Cần Đước, Tỉnh Tây Ninh"
80,Tây Ninh,28159,Cần Giuộc,Xã,"Xã Cần Giuộc, Tỉnh Tây Ninh"
80,Tây Ninh,25573,Cầu Khởi,Xã,"Xã Cầu Khởi, Tỉnh Tây Ninh"
80,Tây Ninh,25585,Châu Thành,Xã,"Xã Châu Thành, Tỉnh Tây Ninh"
80,Tây Ninh,25552,Dương Minh Châu,Xã,"Xã Dương Minh Châu, Tỉnh Tây Ninh"
80,Tây Ninh,27898,Đông Thành,Xã,"Xã Đông Thành, Tỉnh Tây Ninh"
80,Tây Ninh,27937,Đức Hòa,Xã,"Xã Đức Hòa, Tỉnh Tây Ninh"
80,Tây Ninh,27925,Đức Huệ,Xã,"Xã Đức Huệ, Tỉnh Tây Ninh"
80,Tây Ninh,27964,Đức Lập,Xã,"Xã Đức Lập, Tỉnh Tây Ninh"
80,Tây Ninh,25672,Gia Lộc,Phường,"Phường Gia Lộc, Tỉnh Tây Ninh"
80,Tây Ninh,25654,Gò Dầu,Phường,"Phường Gò Dầu, Tỉnh Tây Ninh"
80,Tây Ninh,25588,Hảo Đước,Xã,"Xã Hảo Đước, Tỉnh Tây Ninh"
80,Tây Ninh,27931,Hậu Nghĩa,Xã,"Xã Hậu Nghĩa, Tỉnh Tây Ninh"
80,Tây Ninh,27841,Hậu Thạnh,Xã,"Xã Hậu Thạnh, Tỉnh Tây Ninh"
80,Tây Ninh,27952,Hiệp Hoà,Xã,"Xã Hiệp Hoà, Tỉnh Tây Ninh"
80,Tây Ninh,25606,Hoà Hội,Xã,"Xã Hoà Hội, Tỉnh Tây Ninh"
80,Tây Ninh,27979,Hoà Khánh,Xã,"Xã Hoà Khánh, Tỉnh Tây Ninh"
80,Tây Ninh,25645,Hoà Thành,Phường,"Phường Hoà Thành, Tỉnh Tây Ninh"
80,Tây Ninh,27727,Hưng Điền,Xã,"Xã Hưng Điền, Tỉnh Tây Ninh"
80,Tây Ninh,25711,Hưng Thuận,Xã,"Xã Hưng Thuận, Tỉnh Tây Ninh"
80,Tây Ninh,27715,Khánh Hậu,Phường,"Phường Khánh Hậu, Tỉnh Tây Ninh"
80,Tây Ninh,27763,Khánh Hưng,Xã,"Xã Khánh Hưng, Tỉnh Tây Ninh"
80,Tây Ninh,27787,Kiến Tường,Phường,"Phường Kiến Tường, Tỉnh Tây Ninh"
80,Tây Ninh,25579,Lộc Ninh,Xã,"Xã Lộc Ninh, Tỉnh Tây Ninh"
80,Tây Ninh,27694,Long An,Phường,"Phường Long An, Tỉnh Tây Ninh"
80,Tây Ninh,28126,Long Cang,Xã,"Xã Long Cang, Tỉnh Tây Ninh"
80,Tây Ninh,25684,Long Chữ,Xã,"Xã Long Chữ, Tỉnh Tây Ninh"
80,Tây Ninh,25630,Long Hoa,Phường,"Phường Long Hoa, Tỉnh Tây Ninh"
80,Tây Ninh,28144,Long Hựu,Xã,"Xã Long Hựu, Tỉnh Tây Ninh"
80,Tây Ninh,25702,Long Thuận,Xã,"Xã Long Thuận, Tỉnh Tây Ninh"
80,Tây Ninh,28003,Lương Hoà,Xã,"Xã Lương Hoà, Tỉnh Tây Ninh"
80,Tây Ninh,27823,Mộc Hoá,Xã,"Xã Mộc Hoá, Tỉnh Tây Ninh"
80,Tây Ninh,28066,Mỹ An,Xã,"Xã Mỹ An, Tỉnh Tây Ninh"
80,Tây Ninh,27976,Mỹ Hạnh,Xã,"Xã Mỹ Hạnh, Tỉnh Tây Ninh"
80,Tây Ninh,28132,Mỹ Lệ,Xã,"Xã Mỹ Lệ, Tỉnh Tây Ninh"
80,Tây Ninh,28177,Mỹ Lộc,Xã,"Xã Mỹ Lộc, Tỉnh Tây Ninh"
80,Tây Ninh,27907,Mỹ Quý,Xã,"Xã Mỹ Quý, Tỉnh Tây Ninh"
80,Tây Ninh,28051,Mỹ Thạnh,Xã,"Xã Mỹ Thạnh, Tỉnh Tây Ninh"
80,Tây Ninh,28018,Mỹ Yên,Xã,"Xã Mỹ Yên, Tỉnh Tây Ninh"
80,Tây Ninh,27838,Nhơn Hòa Lập,Xã,"Xã Nhơn Hòa Lập, Tỉnh Tây Ninh"
80,Tây Ninh,27856,Nhơn Ninh,Xã,"Xã Nhơn Ninh, Tỉnh Tây Ninh"
80,Tây Ninh,28087,Nhựt Tảo,Xã,"Xã Nhựt Tảo, Tỉnh Tây Ninh"
80,Tây Ninh,25621,Ninh Điền,Xã,"Xã Ninh Điền, Tỉnh Tây Ninh"
80,Tây Ninh,25567,Ninh Thạnh,Phường,"Phường Ninh Thạnh, Tỉnh Tây Ninh"
80,Tây Ninh,25729,Phước Chỉ,Xã,"Xã Phước Chỉ, Tỉnh Tây Ninh"
80,Tây Ninh,28165,Phước Lý,Xã,"Xã Phước Lý, Tỉnh Tây Ninh"
80,Tây Ninh,25663,Phước Thạnh,Xã,"Xã Phước Thạnh, Tỉnh Tây Ninh"
80,Tây Ninh,25591,Phước Vinh,Xã,"Xã Phước Vinh, Tỉnh Tây Ninh"
80,Tây Ninh,28201,Phước Vĩnh Tây,Xã,"Xã Phước Vĩnh Tây, Tỉnh Tây Ninh"
80,Tây Ninh,28114,Rạch Kiến,Xã,"Xã Rạch Kiến, Tỉnh Tây Ninh"
80,Tây Ninh,28210,Tầm Vu,Xã,"Xã Tầm Vu, Tỉnh Tây Ninh"
80,Tây Ninh,27712,Tân An,Phường,"Phường Tân An, Tỉnh Tây Ninh"
80,Tây Ninh,25486,Tân Biên,Xã,"Xã Tân Biên, Tỉnh Tây Ninh"
80,Tây Ninh,25516,Tân Châu,Xã,"Xã Tân Châu, Tỉnh Tây Ninh"
80,Tây Ninh,25522,Tân Đông,Xã,"Xã Tân Đông, Tỉnh Tây Ninh"
80,Tây Ninh,25531,Tân Hòa,Xã,"Xã Tân Hòa, Tỉnh Tây Ninh"
80,Tây Ninh,25525,Tân Hội,Xã,"Xã Tân Hội, Tỉnh Tây Ninh"
80,Tây Ninh,27721,Tân Hưng,Xã,"Xã Tân Hưng, Tỉnh Tây Ninh"
80,Tây Ninh,28138,Tân Lân,Xã,"Xã Tân Lân, Tỉnh Tây Ninh"
80,Tây Ninh,25489,Tân Lập,Xã,"Xã Tân Lập, Tỉnh Tây Ninh"
80,Tây Ninh,28072,Tân Long,Xã,"Xã Tân Long, Tỉnh Tây Ninh"
80,Tây Ninh,25459,Tân Ninh,Phường,"Phường Tân Ninh, Tỉnh Tây Ninh"
80,Tây Ninh,25549,Tân Phú,Xã,"Xã Tân Phú, Tỉnh Tây Ninh"
80,Tây Ninh,28207,Tân Tập,Xã,"Xã Tân Tập, Tỉnh Tây Ninh"
80,Tây Ninh,27889,Tân Tây,Xã,"Xã Tân Tây, Tỉnh Tây Ninh"
80,Tây Ninh,27826,Tân Thạnh,Xã,"Xã Tân Thạnh, Tỉnh Tây Ninh"
80,Tây Ninh,25534,Tân Thành,Xã,"Xã Tân Thành, Tỉnh Tây Ninh"
80,Tây Ninh,28075,Tân Trụ,Xã,"Xã Tân Trụ, Tỉnh Tây Ninh"
80,Tây Ninh,25498,Thạnh Bình,Xã,"Xã Thạnh Bình, Tỉnh Tây Ninh"
80,Tây Ninh,25633,Thanh Điền,Phường,"Phường Thanh Điền, Tỉnh Tây Ninh"
80,Tây Ninh,25657,Thạnh Đức,Xã,"Xã Thạnh Đức, Tỉnh Tây Ninh"
80,Tây Ninh,27865,Thạnh Hóa,Xã,"Xã Thạnh Hóa, Tỉnh Tây Ninh"
80,Tây Ninh,27994,Thạnh Lợi,Xã,"Xã Thạnh Lợi, Tỉnh Tây Ninh"
80,Tây Ninh,27877,Thạnh Phước,Xã,"Xã Thạnh Phước, Tỉnh Tây Ninh"
80,Tây Ninh,28036,Thủ Thừa,Xã,"Xã Thủ Thừa, Tỉnh Tây Ninh"
80,Tây Ninh,28225,Thuận Mỹ,Xã,"Xã Thuận Mỹ, Tỉnh Tây Ninh"
80,Tây Ninh,25510,Trà Vong,Xã,"Xã Trà Vong, Tỉnh Tây Ninh"
80,Tây Ninh,25708,Trảng Bàng,Phường,"Phường Trảng Bàng, Tỉnh Tây Ninh"
80,Tây Ninh,25666,Truông Mít,Xã,"Xã Truông Mít, Tỉnh Tây Ninh"
80,Tây Ninh,27775,Tuyên Bình,Xã,"Xã Tuyên Bình, Tỉnh Tây Ninh"
80,Tây Ninh,27817,Tuyên Thạnh,Xã,"Xã Tuyên Thạnh, Tỉnh Tây Ninh"
80,Tây Ninh,28093,Vàm Cỏ,Xã,"Xã Vàm Cỏ, Tỉnh Tây Ninh"
80,Tây Ninh,27748,Vĩnh Châu,Xã,"Xã Vĩnh Châu, Tỉnh Tây Ninh"
80,Tây Ninh,28222,Vĩnh Công,Xã,"Xã Vĩnh Công, Tỉnh Tây Ninh"
80,Tây Ninh,27757,Vĩnh Hưng,Xã,"Xã Vĩnh Hưng, Tỉnh Tây Ninh"
80,Tây Ninh,27736,Vĩnh Thạnh,Xã,"Xã Vĩnh Thạnh, Tỉnh Tây Ninh"
19,Thái Nguyên,05809,An Khánh,Xã,"Xã An Khánh, Tỉnh Thái Nguyên"
19,Thái Nguyên,01906,Ba Bể,Xã,"Xã Ba Bể, Tỉnh Thái Nguyên"
19,Thái Nguyên,05533,Bá Xuyên,Phường,"Phường Bá Xuyên, Tỉnh Thái Nguyên"
19,Thái Nguyên,01843,Bắc Kạn,Phường,"Phường Bắc Kạn, Tỉnh Thái Nguyên"
19,Thái Nguyên,05528,Bách Quang,Phường,"Phường Bách Quang, Tỉnh Thái Nguyên"
19,Thái Nguyên,02014,Bạch Thông,Xã,"Xã Bạch Thông, Tỉnh Thái Nguyên"
19,Thái Nguyên,01864,Bằng Thành,Xã,"Xã Bằng Thành, Tỉnh Thái Nguyên"
19,Thái Nguyên,01942,Bằng Vân,Xã,"Xã Bằng Vân, Tỉnh Thái Nguyên"
19,Thái Nguyên,05605,Bình Thành,Xã,"Xã Bình Thành, Tỉnh Thái Nguyên"
19,Thái Nguyên,05587,Bình Yên,Xã,"Xã Bình Yên, Tỉnh Thái Nguyên"
19,Thái Nguyên,02008,Cẩm Giàng,Xã,"Xã Cẩm Giàng, Tỉnh Thái Nguyên"
19,Thái Nguyên,01879,Cao Minh,Xã,"Xã Cao Minh, Tỉnh Thái Nguyên"
19,Thái Nguyên,02020,Chợ Đồn,Xã,"Xã Chợ Đồn, Tỉnh Thái Nguyên"
19,Thái Nguyên,02086,Chợ Mới,Xã,"Xã Chợ Mới, Tỉnh Thái Nguyên"
19,Thái Nguyên,01912,Chợ Rã,Xã,"Xã Chợ Rã, Tỉnh Thái Nguyên"
19,Thái Nguyên,02185,Côn Minh,Xã,"Xã Côn Minh, Tỉnh Thái Nguyên"
19,Thái Nguyên,02152,Cường Lợi,Xã,"Xã Cường Lợi, Tỉnh Thái Nguyên"
19,Thái Nguyên,05755,Dân Tiến,Xã,"Xã Dân Tiến, Tỉnh Thái Nguyên"
19,Thái Nguyên,05488,Đại Phúc,Xã,"Xã Đại Phúc, Tỉnh Thái Nguyên"
19,Thái Nguyên,05830,Đại Từ,Xã,"Xã Đại Từ, Tỉnh Thái Nguyên"
19,Thái Nguyên,05941,Điềm Thụy,Xã,"Xã Điềm Thụy, Tỉnh Thái Nguyên"
19,Thái Nguyên,05569,Định Hóa,Xã,"Xã Định Hóa, Tỉnh Thái Nguyên"
19,Thái Nguyên,05692,Đồng Hỷ,Xã,"Xã Đồng Hỷ, Tỉnh Thái Nguyên"
19,Thái Nguyên,01933,Đồng Phúc,Xã,"Xã Đồng Phúc, Tỉnh Thái Nguyên"
19,Thái Nguyên,05776,Đức Lương,Xã,"Xã Đức Lương, Tỉnh Thái Nguyên"
19,Thái Nguyên,01840,Đức Xuân,Phường,"Phường Đức Xuân, Tỉnh Thái Nguyên"
19,Thái Nguyên,05467,Gia Sàng,Phường,"Phường Gia Sàng, Tỉnh Thái Nguyên"
19,Thái Nguyên,01960,Hiệp Lực,Xã,"Xã Hiệp Lực, Tỉnh Thái Nguyên"
19,Thái Nguyên,05632,Hợp Thành,Xã,"Xã Hợp Thành, Tỉnh Thái Nguyên"
19,Thái Nguyên,05953,Kha Sơn,Xã,"Xã Kha Sơn, Tỉnh Thái Nguyên"
19,Thái Nguyên,05551,Kim Phượng,Xã,"Xã Kim Phượng, Tỉnh Thái Nguyên"
19,Thái Nguyên,05818,La Bằng,Xã,"Xã La Bằng, Tỉnh Thái Nguyên"
19,Thái Nguyên,05740,La Hiên,Xã,"Xã La Hiên, Tỉnh Thái Nguyên"
19,Thái Nguyên,05542,Lam Vỹ,Xã,"Xã Lam Vỹ, Tỉnh Thái Nguyên"
19,Thái Nguyên,05710,Linh Sơn,Phường,"Phường Linh Sơn, Tỉnh Thái Nguyên"
19,Thái Nguyên,01936,Nà Phặc,Xã,"Xã Nà Phặc, Tỉnh Thái Nguyên"
19,Thái Nguyên,02155,Na Rì,Xã,"Xã Na Rì, Tỉnh Thái Nguyên"
19,Thái Nguyên,02026,Nam Cường,Xã,"Xã Nam Cường, Tỉnh Thái Nguyên"
19,Thái Nguyên,05707,Nam Hòa,Xã,"Xã Nam Hòa, Tỉnh Thái Nguyên"
19,Thái Nguyên,01954,Ngân Sơn,Xã,"Xã Ngân Sơn, Tỉnh Thái Nguyên"
19,Thái Nguyên,02071,Nghĩa Tá,Xã,"Xã Nghĩa Tá, Tỉnh Thái Nguyên"
19,Thái Nguyên,01882,Nghiên Loan,Xã,"Xã Nghiên Loan, Tỉnh Thái Nguyên"
19,Thái Nguyên,05722,Nghinh Tường,Xã,"Xã Nghinh Tường, Tỉnh Thái Nguyên"
19,Thái Nguyên,05443,Phan Đình Phùng,Phường,"Phường Phan Đình Phùng, Tỉnh Thái Nguyên"
19,Thái Nguyên,05860,Phổ Yên,Phường,"Phường Phổ Yên, Tỉnh Thái Nguyên"
19,Thái Nguyên,01849,Phong Quang,Xã,"Xã Phong Quang, Tỉnh Thái Nguyên"
19,Thái Nguyên,05908,Phú Bình,Xã,"Xã Phú Bình, Tỉnh Thái Nguyên"
19,Thái Nguyên,05602,Phú Đình,Xã,"Xã Phú Đình, Tỉnh Thái Nguyên"
19,Thái Nguyên,05794,Phú Lạc,Xã,"Xã Phú Lạc, Tỉnh Thái Nguyên"
19,Thái Nguyên,05611,Phú Lương,Xã,"Xã Phú Lương, Tỉnh Thái Nguyên"
19,Thái Nguyên,05800,Phú Thịnh,Xã,"Xã Phú Thịnh, Tỉnh Thái Nguyên"
19,Thái Nguyên,01969,Phủ Thông,Xã,"Xã Phủ Thông, Tỉnh Thái Nguyên"
19,Thái Nguyên,05773,Phú Xuyên,Xã,"Xã Phú Xuyên, Tỉnh Thái Nguyên"
19,Thái Nguyên,01894,Phúc Lộc,Xã,"Xã Phúc Lộc, Tỉnh Thái Nguyên"
19,Thái Nguyên,05857,Phúc Thuận,Phường,"Phường Phúc Thuận, Tỉnh Thái Nguyên"
19,Thái Nguyên,05563,Phượng Tiến,Xã,"Xã Phượng Tiến, Tỉnh Thái Nguyên"
19,Thái Nguyên,05851,Quân Chu,Xã,"Xã Quân Chu, Tỉnh Thái Nguyên"
19,Thái Nguyên,05482,Quan Triều,Phường,"Phường Quan Triều, Tỉnh Thái Nguyên"
19,Thái Nguyên,02038,Quảng Bạch,Xã,"Xã Quảng Bạch, Tỉnh Thái Nguyên"
19,Thái Nguyên,05674,Quang Sơn,Xã,"Xã Quang Sơn, Tỉnh Thái Nguyên"
19,Thái Nguyên,05455,Quyết Thắng,Phường,"Phường Quyết Thắng, Tỉnh Thái Nguyên"
19,Thái Nguyên,05719,Sảng Mộc,Xã,"Xã Sảng Mộc, Tỉnh Thái Nguyên"
19,Thái Nguyên,05518,Sông Công,Phường,"Phường Sông Công, Tỉnh Thái Nguyên"
19,Thái Nguyên,05503,Tân Cương,Xã,"Xã Tân Cương, Tỉnh Thái Nguyên"
19,Thái Nguyên,05917,Tân Khánh,Xã,"Xã Tân Khánh, Tỉnh Thái Nguyên"
19,Thái Nguyên,02104,Tân Kỳ,Xã,"Xã Tân Kỳ, Tỉnh Thái Nguyên"
19,Thái Nguyên,05923,Tân Thành,Xã,"Xã Tân Thành, Tỉnh Thái Nguyên"
19,Thái Nguyên,05725,Thần Sa,Xã,"Xã Thần Sa, Tỉnh Thái Nguyên"
19,Thái Nguyên,05881,Thành Công,Xã,"Xã Thành Công, Tỉnh Thái Nguyên"
19,Thái Nguyên,02101,Thanh Mai,Xã,"Xã Thanh Mai, Tỉnh Thái Nguyên"
19,Thái Nguyên,02107,Thanh Thịnh,Xã,"Xã Thanh Thịnh, Tỉnh Thái Nguyên"
19,Thái Nguyên,01921,Thượng Minh,Xã,"Xã Thượng Minh, Tỉnh Thái Nguyên"
19,Thái Nguyên,01957,Thượng Quan,Xã,"Xã Thượng Quan, Tỉnh Thái Nguyên"
19,Thái Nguyên,05500,Tích Lương,Phường,"Phường Tích Lương, Tỉnh Thái Nguyên"
19,Thái Nguyên,05662,Trại Cau,Xã,"Xã Trại Cau, Tỉnh Thái Nguyên"
19,Thái Nguyên,02176,Trần Phú,Xã,"Xã Trần Phú, Tỉnh Thái Nguyên"
19,Thái Nguyên,05746,Tràng Xá,Xã,"Xã Tràng Xá, Tỉnh Thái Nguyên"
19,Thái Nguyên,05581,Trung Hội,Xã,"Xã Trung Hội, Tỉnh Thái Nguyên"
19,Thái Nguyên,05899,Trung Thành,Phường,"Phường Trung Thành, Tỉnh Thái Nguyên"
19,Thái Nguyên,05680,Văn Hán,Xã,"Xã Văn Hán, Tỉnh Thái Nguyên"
19,Thái Nguyên,05665,Văn Lăng,Xã,"Xã Văn Lăng, Tỉnh Thái Nguyên"
19,Thái Nguyên,02143,Văn Lang,Xã,"Xã Văn Lang, Tỉnh Thái Nguyên"
19,Thái Nguyên,05845,Vạn Phú,Xã,"Xã Vạn Phú, Tỉnh Thái Nguyên"
19,Thái Nguyên,05890,Vạn Xuân,Phường,"Phường Vạn Xuân, Tỉnh Thái Nguyên"
19,Thái Nguyên,01981,Vĩnh Thông,Xã,"Xã Vĩnh Thông, Tỉnh Thái Nguyên"
19,Thái Nguyên,05716,Võ Nhai,Xã,"Xã Võ Nhai, Tỉnh Thái Nguyên"
19,Thái Nguyên,05641,Vô Tranh,Xã,"Xã Vô Tranh, Tỉnh Thái Nguyên"
19,Thái Nguyên,02191,Xuân Dương,Xã,"Xã Xuân Dương, Tỉnh Thái Nguyên"
19,Thái Nguyên,02116,Yên Bình,Xã,"Xã Yên Bình, Tỉnh Thái Nguyên"
19,Thái Nguyên,02083,Yên Phong,Xã,"Xã Yên Phong, Tỉnh Thái Nguyên"
19,Thái Nguyên,02044,Yên Thịnh,Xã,"Xã Yên Thịnh, Tỉnh Thái Nguyên"
19,Thái Nguyên,05620,Yên Trạch,Xã,"Xã Yên Trạch, Tỉnh Thái Nguyên"
38,Thanh Hóa,15766,An Nông,Xã,"Xã An Nông, Tỉnh Thanh Hóa"
38,Thanh Hóa,16171,Ba Đình,Xã,"Xã Ba Đình, Tỉnh Thanh Hóa"
38,Thanh Hóa,14923,Bá Thước,Xã,"Xã Bá Thước, Tỉnh Thanh Hóa"
38,Thanh Hóa,15607,Bát Mọt,Xã,"Xã Bát Mọt, Tỉnh Thanh Hóa"
38,Thanh Hóa,15382,Biện Thượng,Xã,"Xã Biện Thượng, Tỉnh Thanh Hóa"
38,Thanh Hóa,14812,Bỉm Sơn,Phường,"Phường Bỉm Sơn, Tỉnh Thanh Hóa"
38,Thanh Hóa,16591,Các Sơn,Xã,"Xã Các Sơn, Tỉnh Thanh Hóa"
38,Thanh Hóa,15178,Cẩm Tân,Xã,"Xã Cẩm Tân, Tỉnh Thanh Hóa"
38,Thanh Hóa,15142,Cẩm Thạch,Xã,"Xã Cẩm Thạch, Tỉnh Thanh Hóa"
38,Thanh Hóa,15127,Cẩm Thủy,Xã,"Xã Cẩm Thủy, Tỉnh Thanh Hóa"
38,Thanh Hóa,15148,Cẩm Tú,Xã,"Xã Cẩm Tú, Tỉnh Thanh Hóa"
38,Thanh Hóa,15163,Cẩm Vân,Xã,"Xã Cẩm Vân, Tỉnh Thanh Hóa"
38,Thanh Hóa,14959,Cổ Lũng,Xã,"Xã Cổ Lũng, Tỉnh Thanh Hóa"
38,Thanh Hóa,16369,Công Chính,Xã,"Xã Công Chính, Tỉnh Thanh Hóa"
38,Thanh Hóa,16609,Đào Duy Tư,Phường,"Phường Đào Duy Tư, Tỉnh Thanh Hóa"
38,Thanh Hóa,14950,Điền Lư,Xã,"Xã Điền Lư, Tỉnh Thanh Hóa"
38,Thanh Hóa,14932,Điền Quang,Xã,"Xã Điền Quang, Tỉnh Thanh Hóa"
38,Thanh Hóa,15448,Định Hòa,Xã,"Xã Định Hòa, Tỉnh Thanh Hóa"
38,Thanh Hóa,15457,Định Tân,Xã,"Xã Định Tân, Tỉnh Thanh Hóa"
38,Thanh Hóa,15058,Đồng Lương,Xã,"Xã Đồng Lương, Tỉnh Thanh Hóa"
38,Thanh Hóa,16417,Đông Quang,Phường,"Phường Đông Quang, Tỉnh Thanh Hóa"
38,Thanh Hóa,16378,Đông Sơn,Phường,"Phường Đông Sơn, Tỉnh Thanh Hóa"
38,Thanh Hóa,16033,Đông Thành,Xã,"Xã Đông Thành, Tỉnh Thanh Hóa"
38,Thanh Hóa,15853,Đông Tiến,Phường,"Phường Đông Tiến, Tỉnh Thanh Hóa"
38,Thanh Hóa,15724,Đồng Tiến,Xã,"Xã Đồng Tiến, Tỉnh Thanh Hóa"
38,Thanh Hóa,15043,Giao An,Xã,"Xã Giao An, Tỉnh Thanh Hóa"
38,Thanh Hóa,15274,Hà Long,Xã,"Xã Hà Long, Tỉnh Thanh Hóa"
38,Thanh Hóa,15271,Hà Trung,Xã,"Xã Hà Trung, Tỉnh Thanh Hóa"
38,Thanh Hóa,14797,Hạc Thành,Phường,"Phường Hạc Thành, Tỉnh Thanh Hóa"
38,Thanh Hóa,16645,Hải Bình,Phường,"Phường Hải Bình, Tỉnh Thanh Hóa"
38,Thanh Hóa,16597,Hải Lĩnh,Phường,"Phường Hải Lĩnh, Tỉnh Thanh Hóa"
38,Thanh Hóa,14758,Hàm Rồng,Phường,"Phường Hàm Rồng, Tỉnh Thanh Hóa"
38,Thanh Hóa,16012,Hậu Lộc,Xã,"Xã Hậu Lộc, Tỉnh Thanh Hóa"
38,Thanh Hóa,14896,Hiền Kiệt,Xã,"Xã Hiền Kiệt, Tỉnh Thanh Hóa"
38,Thanh Hóa,16138,Hồ Vương,Xã,"Xã Hồ Vương, Tỉnh Thanh Hóa"
38,Thanh Hóa,16072,Hoa Lộc,Xã,"Xã Hoa Lộc, Tỉnh Thanh Hóa"
38,Thanh Hóa,16186,Hóa Quỳ,Xã,"Xã Hóa Quỳ, Tỉnh Thanh Hóa"
38,Thanh Hóa,15976,Hoằng Châu,Xã,"Xã Hoằng Châu, Tỉnh Thanh Hóa"
38,Thanh Hóa,15880,Hoằng Giang,Xã,"Xã Hoằng Giang, Tỉnh Thanh Hóa"
38,Thanh Hóa,15865,Hoằng Hóa,Xã,"Xã Hoằng Hóa, Tỉnh Thanh Hóa"
38,Thanh Hóa,15961,Hoằng Lộc,Xã,"Xã Hoằng Lộc, Tỉnh Thanh Hóa"
38,Thanh Hóa,15889,Hoằng Phú,Xã,"Xã Hoằng Phú, Tỉnh Thanh Hóa"
38,Thanh Hóa,15910,Hoằng Sơn,Xã,"Xã Hoằng Sơn, Tỉnh Thanh Hóa"
38,Thanh Hóa,16000,Hoằng Thanh,Xã,"Xã Hoằng Thanh, Tỉnh Thanh Hóa"
38,Thanh Hóa,15991,Hoằng Tiến,Xã,"Xã Hoằng Tiến, Tỉnh Thanh Hóa"
38,Thanh Hóa,15286,Hoạt Giang,Xã,"Xã Hoạt Giang, Tỉnh Thanh Hóa"
38,Thanh Hóa,14869,Hồi Xuân,Xã,"Xã Hồi Xuân, Tỉnh Thanh Hóa"
38,Thanh Hóa,15682,Hợp Tiến,Xã,"Xã Hợp Tiến, Tỉnh Thanh Hóa"
38,Thanh Hóa,15112,Kiên Thọ,Xã,"Xã Kiên Thọ, Tỉnh Thanh Hóa"
38,Thanh Hóa,15187,Kim Tân,Xã,"Xã Kim Tân, Tỉnh Thanh Hóa"
38,Thanh Hóa,15544,Lam Sơn,Xã,"Xã Lam Sơn, Tỉnh Thanh Hóa"
38,Thanh Hóa,15055,Linh Sơn,Xã,"Xã Linh Sơn, Tỉnh Thanh Hóa"
38,Thanh Hóa,15298,Lĩnh Toại,Xã,"Xã Lĩnh Toại, Tỉnh Thanh Hóa"
38,Thanh Hóa,15634,Luận Thành,Xã,"Xã Luận Thành, Tỉnh Thanh Hóa"
38,Thanh Hóa,15628,Lương Sơn,Xã,"Xã Lương Sơn, Tỉnh Thanh Hóa"
38,Thanh Hóa,16438,Lưu Vệ,Xã,"Xã Lưu Vệ, Tỉnh Thanh Hóa"
38,Thanh Hóa,16249,Mậu Lâm,Xã,"Xã Mậu Lâm, Tỉnh Thanh Hóa"
38,Thanh Hóa,15124,Minh Sơn,Xã,"Xã Minh Sơn, Tỉnh Thanh Hóa"
38,Thanh Hóa,14866,Mường Chanh,Xã,"Xã Mường Chanh, Tỉnh Thanh Hóa"
38,Thanh Hóa,14845,Mường Lát,Xã,"Xã Mường Lát, Tỉnh Thanh Hóa"
38,Thanh Hóa,14854,Mường Lý,Xã,"Xã Mường Lý, Tỉnh Thanh Hóa"
38,Thanh Hóa,15025,Mường Mìn,Xã,"Xã Mường Mìn, Tỉnh Thanh Hóa"
38,Thanh Hóa,15013,Na Mèo,Xã,"Xã Na Mèo, Tỉnh Thanh Hóa"
38,Thanh Hóa,16516,Nam Sầm Sơn,Phường,"Phường Nam Sầm Sơn, Tỉnh Thanh Hóa"
38,Thanh Hóa,14902,Nam Xuân,Xã,"Xã Nam Xuân, Tỉnh Thanh Hóa"
38,Thanh Hóa,16144,Nga An,Xã,"Xã Nga An, Tỉnh Thanh Hóa"
38,Thanh Hóa,16093,Nga Sơn,Xã,"Xã Nga Sơn, Tỉnh Thanh Hóa"
38,Thanh Hóa,16114,Nga Thắng,Xã,"Xã Nga Thắng, Tỉnh Thanh Hóa"
38,Thanh Hóa,16654,Nghi Sơn,Phường,"Phường Nghi Sơn, Tỉnh Thanh Hóa"
38,Thanh Hóa,15061,Ngọc Lặc,Xã,"Xã Ngọc Lặc, Tỉnh Thanh Hóa"
38,Thanh Hóa,15091,Ngọc Liên,Xã,"Xã Ngọc Liên, Tỉnh Thanh Hóa"
38,Thanh Hóa,16576,Ngọc Sơn,Phường,"Phường Ngọc Sơn, Tỉnh Thanh Hóa"
38,Thanh Hóa,15250,Ngọc Trạo,Xã,"Xã Ngọc Trạo, Tỉnh Thanh Hóa"
38,Thanh Hóa,15106,Nguyệt Ấn,Xã,"Xã Nguyệt Ấn, Tỉnh Thanh Hóa"
38,Thanh Hóa,15925,Nguyệt Viên,Phường,"Phường Nguyệt Viên, Tỉnh Thanh Hóa"
38,Thanh Hóa,14864,Nhi Sơn,Xã,"Xã Nhi Sơn, Tỉnh Thanh Hóa"
38,Thanh Hóa,16228,Như Thanh,Xã,"Xã Như Thanh, Tỉnh Thanh Hóa"
38,Thanh Hóa,16174,Như Xuân,Xã,"Xã Như Xuân, Tỉnh Thanh Hóa"
38,Thanh Hóa,16279,Nông Cống,Xã,"Xã Nông Cống, Tỉnh Thanh Hóa"
38,Thanh Hóa,14878,Phú Lệ,Xã,"Xã Phú Lệ, Tỉnh Thanh Hóa"
38,Thanh Hóa,14890,Phú Xuân,Xã,"Xã Phú Xuân, Tỉnh Thanh Hóa"
38,Thanh Hóa,14956,Pù Luông,Xã,"Xã Pù Luông, Tỉnh Thanh Hóa"
38,Thanh Hóa,14863,Pù Nhi,Xã,"Xã Pù Nhi, Tỉnh Thanh Hóa"
38,Thanh Hóa,15016,Quan Sơn,Xã,"Xã Quan Sơn, Tỉnh Thanh Hóa"
38,Thanh Hóa,16543,Quảng Bình,Xã,"Xã Quảng Bình, Tỉnh Thanh Hóa"
38,Thanh Hóa,14860,Quang Chiểu,Xã,"Xã Quang Chiểu, Tỉnh Thanh Hóa"
38,Thanh Hóa,16489,Quảng Chính,Xã,"Xã Quảng Chính, Tỉnh Thanh Hóa"
38,Thanh Hóa,16498,Quảng Ngọc,Xã,"Xã Quảng Ngọc, Tỉnh Thanh Hóa"
38,Thanh Hóa,16540,Quảng Ninh,Xã,"Xã Quảng Ninh, Tỉnh Thanh Hóa"
38,Thanh Hóa,16522,Quảng Phú,Phường,"Phường Quảng Phú, Tỉnh Thanh Hóa"
38,Thanh Hóa,14818,Quang Trung,Phường,"Phường Quang Trung, Tỉnh Thanh Hóa"
38,Thanh Hóa,16480,Quảng Yên,Xã,"Xã Quảng Yên, Tỉnh Thanh Hóa"
38,Thanh Hóa,15412,Quý Lộc,Xã,"Xã Quý Lộc, Tỉnh Thanh Hóa"
38,Thanh Hóa,14953,Quý Lương,Xã,"Xã Quý Lương, Tỉnh Thanh Hóa"
38,Thanh Hóa,16531,Sầm Sơn,Phường,"Phường Sầm Sơn, Tỉnh Thanh Hóa"
38,Thanh Hóa,15553,Sao Vàng,Xã,"Xã Sao Vàng, Tỉnh Thanh Hóa"
38,Thanh Hóa,15022,Sơn Điện,Xã,"Xã Sơn Điện, Tỉnh Thanh Hóa"
38,Thanh Hóa,15010,Sơn Thủy,Xã,"Xã Sơn Thủy, Tỉnh Thanh Hóa"
38,Thanh Hóa,14848,Tam Chung,Xã,"Xã Tam Chung, Tỉnh Thanh Hóa"
38,Thanh Hóa,15019,Tam Lư,Xã,"Xã Tam Lư, Tỉnh Thanh Hóa"
38,Thanh Hóa,15007,Tam Thanh,Xã,"Xã Tam Thanh, Tỉnh Thanh Hóa"
38,Thanh Hóa,16594,Tân Dân,Phường,"Phường Tân Dân, Tỉnh Thanh Hóa"
38,Thanh Hóa,15715,Tân Ninh,Xã,"Xã Tân Ninh, Tỉnh Thanh Hóa"
38,Thanh Hóa,15661,Tân Thành,Xã,"Xã Tân Thành, Tỉnh Thanh Hóa"
38,Thanh Hóa,16108,Tân Tiến,Xã,"Xã Tân Tiến, Tỉnh Thanh Hóa"
38,Thanh Hóa,15361,Tây Đô,Xã,"Xã Tây Đô, Tỉnh Thanh Hóa"
38,Thanh Hóa,15211,Thạch Bình,Xã,"Xã Thạch Bình, Tỉnh Thanh Hóa"
38,Thanh Hóa,15085,Thạch Lập,Xã,"Xã Thạch Lập, Tỉnh Thanh Hóa"
38,Thanh Hóa,15199,Thạch Quảng,Xã,"Xã Thạch Quảng, Tỉnh Thanh Hóa"
38,Thanh Hóa,16342,Thăng Bình,Xã,"Xã Thăng Bình, Tỉnh Thanh Hóa"
38,Thanh Hóa,15643,Thắng Lộc,Xã,"Xã Thắng Lộc, Tỉnh Thanh Hóa"
38,Thanh Hóa,16309,Thắng Lợi,Xã,"Xã Thắng Lợi, Tỉnh Thanh Hóa"
38,Thanh Hóa,16273,Thanh Kỳ,Xã,"Xã Thanh Kỳ, Tỉnh Thanh Hóa"
38,Thanh Hóa,16213,Thanh Phong,Xã,"Xã Thanh Phong, Tỉnh Thanh Hóa"
38,Thanh Hóa,16222,Thanh Quân,Xã,"Xã Thanh Quân, Tỉnh Thanh Hóa"
38,Thanh Hóa,15229,Thành Vinh,Xã,"Xã Thành Vinh, Tỉnh Thanh Hóa"
38,Thanh Hóa,14908,Thiên Phủ,Xã,"Xã Thiên Phủ, Tỉnh Thanh Hóa"
38,Thanh Hóa,14980,Thiết Ống,Xã,"Xã Thiết Ống, Tỉnh Thanh Hóa"
38,Thanh Hóa,15772,Thiệu Hóa,Xã,"Xã Thiệu Hóa, Tỉnh Thanh Hóa"
38,Thanh Hóa,15796,Thiệu Quang,Xã,"Xã Thiệu Quang, Tỉnh Thanh Hóa"
38,Thanh Hóa,15778,Thiệu Tiến,Xã,"Xã Thiệu Tiến, Tỉnh Thanh Hóa"
38,Thanh Hóa,15820,Thiệu Toán,Xã,"Xã Thiệu Toán, Tỉnh Thanh Hóa"
38,Thanh Hóa,15835,Thiệu Trung,Xã,"Xã Thiệu Trung, Tỉnh Thanh Hóa"
38,Thanh Hóa,15667,Thọ Bình,Xã,"Xã Thọ Bình, Tỉnh Thanh Hóa"
38,Thanh Hóa,15568,Thọ Lập,Xã,"Xã Thọ Lập, Tỉnh Thanh Hóa"
38,Thanh Hóa,15505,Thọ Long,Xã,"Xã Thọ Long, Tỉnh Thanh Hóa"
38,Thanh Hóa,15754,Thọ Ngọc,Xã,"Xã Thọ Ngọc, Tỉnh Thanh Hóa"
38,Thanh Hóa,15763,Thọ Phú,Xã,"Xã Thọ Phú, Tỉnh Thanh Hóa"
38,Thanh Hóa,15499,Thọ Xuân,Xã,"Xã Thọ Xuân, Tỉnh Thanh Hóa"
38,Thanh Hóa,16225,Thượng Ninh,Xã,"Xã Thượng Ninh, Tỉnh Thanh Hóa"
38,Thanh Hóa,15646,Thường Xuân,Xã,"Xã Thường Xuân, Tỉnh Thanh Hóa"
38,Thanh Hóa,16549,Tiên Trang,Xã,"Xã Tiên Trang, Tỉnh Thanh Hóa"
38,Thanh Hóa,16561,Tĩnh Gia,Phường,"Phường Tĩnh Gia, Tỉnh Thanh Hóa"
38,Thanh Hóa,15316,Tống Sơn,Xã,"Xã Tống Sơn, Tỉnh Thanh Hóa"
38,Thanh Hóa,16021,Triệu Lộc,Xã,"Xã Triệu Lộc, Tỉnh Thanh Hóa"
38,Thanh Hóa,15664,Triệu Sơn,Xã,"Xã Triệu Sơn, Tỉnh Thanh Hóa"
38,Thanh Hóa,16624,Trúc Lâm,Phường,"Phường Trúc Lâm, Tỉnh Thanh Hóa"
38,Thanh Hóa,16297,Trung Chính,Xã,"Xã Trung Chính, Tỉnh Thanh Hóa"
38,Thanh Hóa,15001,Trung Hạ,Xã,"Xã Trung Hạ, Tỉnh Thanh Hóa"
38,Thanh Hóa,14857,Trung Lý,Xã,"Xã Trung Lý, Tỉnh Thanh Hóa"
38,Thanh Hóa,14875,Trung Sơn,Xã,"Xã Trung Sơn, Tỉnh Thanh Hóa"
38,Thanh Hóa,14872,Trung Thành,Xã,"Xã Trung Thành, Tỉnh Thanh Hóa"
38,Thanh Hóa,16636,Trường Lâm,Xã,"Xã Trường Lâm, Tỉnh Thanh Hóa"
38,Thanh Hóa,16348,Trường Văn,Xã,"Xã Trường Văn, Tỉnh Thanh Hóa"
38,Thanh Hóa,16363,Tượng Lĩnh,Xã,"Xã Tượng Lĩnh, Tỉnh Thanh Hóa"
38,Thanh Hóa,15190,Vân Du,Xã,"Xã Vân Du, Tỉnh Thanh Hóa"
38,Thanh Hóa,16078,Vạn Lộc,Xã,"Xã Vạn Lộc, Tỉnh Thanh Hóa"
38,Thanh Hóa,14974,Văn Nho,Xã,"Xã Văn Nho, Tỉnh Thanh Hóa"
38,Thanh Hóa,15049,Văn Phú,Xã,"Xã Văn Phú, Tỉnh Thanh Hóa"
38,Thanh Hóa,15622,Vạn Xuân,Xã,"Xã Vạn Xuân, Tỉnh Thanh Hóa"
38,Thanh Hóa,15349,Vĩnh Lộc,Xã,"Xã Vĩnh Lộc, Tỉnh Thanh Hóa"
38,Thanh Hóa,16177,Xuân Bình,Xã,"Xã Xuân Bình, Tỉnh Thanh Hóa"
38,Thanh Hóa,15658,Xuân Chinh,Xã,"Xã Xuân Chinh, Tỉnh Thanh Hóa"
38,Thanh Hóa,16234,Xuân Du,Xã,"Xã Xuân Du, Tỉnh Thanh Hóa"
38,Thanh Hóa,15520,Xuân Hòa,Xã,"Xã Xuân Hòa, Tỉnh Thanh Hóa"
38,Thanh Hóa,15592,Xuân Lập,Xã,"Xã Xuân Lập, Tỉnh Thanh Hóa"
38,Thanh Hóa,16258,Xuân Thái,Xã,"Xã Xuân Thái, Tỉnh Thanh Hóa"
38,Thanh Hóa,15574,Xuân Tín,Xã,"Xã Xuân Tín, Tỉnh Thanh Hóa"
38,Thanh Hóa,15469,Yên Định,Xã,"Xã Yên Định, Tỉnh Thanh Hóa"
38,Thanh Hóa,15031,Yên Khương,Xã,"Xã Yên Khương, Tỉnh Thanh Hóa"
38,Thanh Hóa,15610,Yên Nhân,Xã,"Xã Yên Nhân, Tỉnh Thanh Hóa"
38,Thanh Hóa,15442,Yên Ninh,Xã,"Xã Yên Ninh, Tỉnh Thanh Hóa"
38,Thanh Hóa,15409,Yên Phú,Xã,"Xã Yên Phú, Tỉnh Thanh Hóa"
38,Thanh Hóa,15034,Yên Thắng,Xã,"Xã Yên Thắng, Tỉnh Thanh Hóa"
38,Thanh Hóa,16264,Yên Thọ,Xã,"Xã Yên Thọ, Tỉnh Thanh Hóa"
38,Thanh Hóa,15421,Yên Trường,Xã,"Xã Yên Trường, Tỉnh Thanh Hóa"
08,Tuyên Quang,02512,An Tường,Phường,"Phường An Tường, Tỉnh Tuyên Quang"
08,Tuyên Quang,00991,Bắc Mê,Xã,"Xã Bắc Mê, Tỉnh Tuyên Quang"
08,Tuyên Quang,01153,Bắc Quang,Xã,"Xã Bắc Quang, Tỉnh Tuyên Quang"
08,Tuyên Quang,00832,Bạch Đích,Xã,"Xã Bạch Đích, Tỉnh Tuyên Quang"
08,Tuyên Quang,00976,Bạch Ngọc,Xã,"Xã Bạch Ngọc, Tỉnh Tuyên Quang"
08,Tuyên Quang,02380,Bạch Xa,Xã,"Xã Bạch Xa, Tỉnh Tuyên Quang"
08,Tuyên Quang,01024,Bản Máy,Xã,"Xã Bản Máy, Tỉnh Tuyên Quang"
08,Tuyên Quang,01180,Bằng Hành,Xã,"Xã Bằng Hành, Tỉnh Tuyên Quang"
08,Tuyên Quang,01246,Bằng Lang,Xã,"Xã Bằng Lang, Tỉnh Tuyên Quang"
08,Tuyên Quang,02296,Bình An,Xã,"Xã Bình An, Tỉnh Tuyên Quang"
08,Tuyên Quang,02548,Bình Ca,Xã,"Xã Bình Ca, Tỉnh Tuyên Quang"
08,Tuyên Quang,02524,Bình Thuận,Phường,"Phường Bình Thuận, Tỉnh Tuyên Quang"
08,Tuyên Quang,02404,Bình Xa,Xã,"Xã Bình Xa, Tỉnh Tuyên Quang"
08,Tuyên Quang,00883,Cán Tỷ,Xã,"Xã Cán Tỷ, Tỉnh Tuyên Quang"
08,Tuyên Quang,00952,Cao Bồ,Xã,"Xã Cao Bồ, Tỉnh Tuyên Quang"
08,Tuyên Quang,02287,Chiêm Hoá,Xã,"Xã Chiêm Hoá, Tỉnh Tuyên Quang"
08,Tuyên Quang,02245,Côn Lôn,Xã,"Xã Côn Lôn, Tỉnh Tuyên Quang"
08,Tuyên Quang,00871,Du Già,Xã,"Xã Du Già, Tỉnh Tuyên Quang"
08,Tuyên Quang,01165,Đồng Tâm,Xã,"Xã Đồng Tâm, Tỉnh Tuyên Quang"
08,Tuyên Quang,02572,Đông Thọ,Xã,"Xã Đông Thọ, Tỉnh Tuyên Quang"
08,Tuyên Quang,00721,Đồng Văn,Xã,"Xã Đồng Văn, Tỉnh Tuyên Quang"
08,Tuyên Quang,01216,Đồng Yên,Xã,"Xã Đồng Yên, Tỉnh Tuyên Quang"
08,Tuyên Quang,01012,Đường Hồng,Xã,"Xã Đường Hồng, Tỉnh Tuyên Quang"
08,Tuyên Quang,00865,Đường Thượng,Xã,"Xã Đường Thượng, Tỉnh Tuyên Quang"
08,Tuyên Quang,00985,Giáp Trung,Xã,"Xã Giáp Trung, Tỉnh Tuyên Quang"
08,Tuyên Quang,00694,Hà Giang 1,Phường,"Phường Hà Giang 1, Tỉnh Tuyên Quang"
08,Tuyên Quang,00691,Hà Giang 2,Phường,"Phường Hà Giang 2, Tỉnh Tuyên Quang"
08,Tuyên Quang,02374,Hàm Yên,Xã,"Xã Hàm Yên, Tỉnh Tuyên Quang"
08,Tuyên Quang,01084,Hồ Thầu,Xã,"Xã Hồ Thầu, Tỉnh Tuyên Quang"
08,Tuyên Quang,02353,Hoà An,Xã,"Xã Hoà An, Tỉnh Tuyên Quang"
08,Tuyên Quang,01021,Hoàng Su Phì,Xã,"Xã Hoàng Su Phì, Tỉnh Tuyên Quang"
08,Tuyên Quang,02608,Hồng Sơn,Xã,"Xã Hồng Sơn, Tỉnh Tuyên Quang"
08,Tuyên Quang,02260,Hồng Thái,Xã,"Xã Hồng Thái, Tỉnh Tuyên Quang"
08,Tuyên Quang,01201,Hùng An,Xã,"Xã Hùng An, Tỉnh Tuyên Quang"
08,Tuyên Quang,02425,Hùng Đức,Xã,"Xã Hùng Đức, Tỉnh Tuyên Quang"
08,Tuyên Quang,02455,Hùng Lợi,Xã,"Xã Hùng Lợi, Tỉnh Tuyên Quang"
08,Tuyên Quang,00802,Khâu Vai,Xã,"Xã Khâu Vai, Tỉnh Tuyên Quang"
08,Tuyên Quang,01147,Khuôn Lùng,Xã,"Xã Khuôn Lùng, Tỉnh Tuyên Quang"
08,Tuyên Quang,02332,Kiên Đài,Xã,"Xã Kiên Đài, Tỉnh Tuyên Quang"
08,Tuyên Quang,02437,Kiến Thiết,Xã,"Xã Kiến Thiết, Tỉnh Tuyên Quang"
08,Tuyên Quang,02350,Kim Bình,Xã,"Xã Kim Bình, Tỉnh Tuyên Quang"
08,Tuyên Quang,02266,Lâm Bình,Xã,"Xã Lâm Bình, Tỉnh Tuyên Quang"
08,Tuyên Quang,00937,Lao Chải,Xã,"Xã Lao Chải, Tỉnh Tuyên Quang"
08,Tuyên Quang,01192,Liên Hiệp,Xã,"Xã Liên Hiệp, Tỉnh Tuyên Quang"
08,Tuyên Quang,00970,Linh Hồ,Xã,"Xã Linh Hồ, Tỉnh Tuyên Quang"
08,Tuyên Quang,02434,Lực Hành,Xã,"Xã Lực Hành, Tỉnh Tuyên Quang"
08,Tuyên Quang,00715,Lũng Cú,Xã,"Xã Lũng Cú, Tỉnh Tuyên Quang"
08,Tuyên Quang,00763,Lũng Phìn,Xã,"Xã Lũng Phìn, Tỉnh Tuyên Quang"
08,Tuyên Quang,00901,Lùng Tám,Xã,"Xã Lùng Tám, Tỉnh Tuyên Quang"
08,Tuyên Quang,00847,Mậu Duệ,Xã,"Xã Mậu Duệ, Tỉnh Tuyên Quang"
08,Tuyên Quang,00769,Mèo Vạc,Xã,"Xã Mèo Vạc, Tỉnh Tuyên Quang"
08,Tuyên Quang,00994,Minh Ngọc,Xã,"Xã Minh Ngọc, Tỉnh Tuyên Quang"
08,Tuyên Quang,02302,Minh Quang,Xã,"Xã Minh Quang, Tỉnh Tuyên Quang"
08,Tuyên Quang,00982,Minh Sơn,Xã,"Xã Minh Sơn, Tỉnh Tuyên Quang"
08,Tuyên Quang,00919,Minh Tân,Xã,"Xã Minh Tân, Tỉnh Tuyên Quang"
08,Tuyên Quang,02554,Minh Thanh,Xã,"Xã Minh Thanh, Tỉnh Tuyên Quang"
08,Tuyên Quang,02215,Minh Xuân,Phường,"Phường Minh Xuân, Tỉnh Tuyên Quang"
08,Tuyên Quang,02509,Mỹ Lâm,Phường,"Phường Mỹ Lâm, Tỉnh Tuyên Quang"
08,Tuyên Quang,02221,Nà Hang,Xã,"Xã Nà Hang, Tỉnh Tuyên Quang"
08,Tuyên Quang,01141,Nấm Dẩn,Xã,"Xã Nấm Dẩn, Tỉnh Tuyên Quang"
08,Tuyên Quang,01075,Nậm Dịch,Xã,"Xã Nậm Dịch, Tỉnh Tuyên Quang"
08,Tuyên Quang,00889,Nghĩa Thuận,Xã,"Xã Nghĩa Thuận, Tỉnh Tuyên Quang"
08,Tuyên Quang,00700,Ngọc Đường,Xã,"Xã Ngọc Đường, Tỉnh Tuyên Quang"
08,Tuyên Quang,00859,Ngọc Long,Xã,"Xã Ngọc Long, Tỉnh Tuyên Quang"
08,Tuyên Quang,02530,Nhữ Khê,Xã,"Xã Nhữ Khê, Tỉnh Tuyên Quang"
08,Tuyên Quang,00817,Niêm Sơn,Xã,"Xã Niêm Sơn, Tỉnh Tuyên Quang"
08,Tuyên Quang,02212,Nông Tiến,Phường,"Phường Nông Tiến, Tỉnh Tuyên Quang"
08,Tuyên Quang,01096,Pà Vầy Sủ,Xã,"Xã Pà Vầy Sủ, Tỉnh Tuyên Quang"
08,Tuyên Quang,00745,Phố Bảng,Xã,"Xã Phố Bảng, Tỉnh Tuyên Quang"
08,Tuyên Quang,00706,Phú Linh,Xã,"Xã Phú Linh, Tỉnh Tuyên Quang"
08,Tuyên Quang,02611,Phú Lương,Xã,"Xã Phú Lương, Tỉnh Tuyên Quang"
08,Tuyên Quang,02392,Phù Lưu,Xã,"Xã Phù Lưu, Tỉnh Tuyên Quang"
08,Tuyên Quang,01057,Pờ Ly Ngài,Xã,"Xã Pờ Ly Ngài, Tỉnh Tuyên Quang"
08,Tuyên Quang,00874,Quản Bạ,Xã,"Xã Quản Bạ, Tỉnh Tuyên Quang"
08,Tuyên Quang,01237,Quang Bình,Xã,"Xã Quang Bình, Tỉnh Tuyên Quang"
08,Tuyên Quang,01144,Quảng Nguyên,Xã,"Xã Quảng Nguyên, Tỉnh Tuyên Quang"
08,Tuyên Quang,00733,Sà Phìn,Xã,"Xã Sà Phìn, Tỉnh Tuyên Quang"
08,Tuyên Quang,02536,Sơn Dương,Xã,"Xã Sơn Dương, Tỉnh Tuyên Quang"
08,Tuyên Quang,02620,Sơn Thuỷ,Xã,"Xã Sơn Thuỷ, Tỉnh Tuyên Quang"
08,Tuyên Quang,00778,Sơn Vĩ,Xã,"Xã Sơn Vĩ, Tỉnh Tuyên Quang"
08,Tuyên Quang,00787,Sủng Máng,Xã,"Xã Sủng Máng, Tỉnh Tuyên Quang"
08,Tuyên Quang,02320,Tân An,Xã,"Xã Tân An, Tỉnh Tuyên Quang"
08,Tuyên Quang,02470,Tân Long,Xã,"Xã Tân Long, Tỉnh Tuyên Quang"
08,Tuyên Quang,02308,Tân Mỹ,Xã,"Xã Tân Mỹ, Tỉnh Tuyên Quang"
08,Tuyên Quang,01171,Tân Quang,Xã,"Xã Tân Quang, Tỉnh Tuyên Quang"
08,Tuyên Quang,02578,Tân Thanh,Xã,"Xã Tân Thanh, Tỉnh Tuyên Quang"
08,Tuyên Quang,01051,Tân Tiến,Xã,"Xã Tân Tiến, Tỉnh Tuyên Quang"
08,Tuyên Quang,02545,Tân Trào,Xã,"Xã Tân Trào, Tỉnh Tuyên Quang"
08,Tuyên Quang,01243,Tân Trịnh,Xã,"Xã Tân Trịnh, Tỉnh Tuyên Quang"
08,Tuyên Quang,00808,Tát Ngà,Xã,"Xã Tát Ngà, Tỉnh Tuyên Quang"
08,Tuyên Quang,02494,Thái Bình,Xã,"Xã Thái Bình, Tỉnh Tuyên Quang"
08,Tuyên Quang,02419,Thái Hoà,Xã,"Xã Thái Hoà, Tỉnh Tuyên Quang"
08,Tuyên Quang,02407,Thái Sơn,Xã,"Xã Thái Sơn, Tỉnh Tuyên Quang"
08,Tuyên Quang,00829,Thắng Mố,Xã,"Xã Thắng Mố, Tỉnh Tuyên Quang"
08,Tuyên Quang,01033,Thàng Tín,Xã,"Xã Thàng Tín, Tỉnh Tuyên Quang"
08,Tuyên Quang,00928,Thanh Thuỷ,Xã,"Xã Thanh Thuỷ, Tỉnh Tuyên Quang"
08,Tuyên Quang,01090,Thông Nguyên,Xã,"Xã Thông Nguyên, Tỉnh Tuyên Quang"
08,Tuyên Quang,00922,Thuận Hoà,Xã,"Xã Thuận Hoà, Tỉnh Tuyên Quang"
08,Tuyên Quang,02269,Thượng Lâm,Xã,"Xã Thượng Lâm, Tỉnh Tuyên Quang"
08,Tuyên Quang,02239,Thượng Nông,Xã,"Xã Thượng Nông, Tỉnh Tuyên Quang"
08,Tuyên Quang,00958,Thượng Sơn,Xã,"Xã Thượng Sơn, Tỉnh Tuyên Quang"
08,Tuyên Quang,01225,Tiên Nguyên,Xã,"Xã Tiên Nguyên, Tỉnh Tuyên Quang"
08,Tuyên Quang,01261,Tiên Yên,Xã,"Xã Tiên Yên, Tỉnh Tuyên Quang"
08,Tuyên Quang,02359,Tri Phú,Xã,"Xã Tri Phú, Tỉnh Tuyên Quang"
08,Tuyên Quang,02305,Trung Hà,Xã,"Xã Trung Hà, Tỉnh Tuyên Quang"
08,Tuyên Quang,02458,Trung Sơn,Xã,"Xã Trung Sơn, Tỉnh Tuyên Quang"
08,Tuyên Quang,01117,Trung Thịnh,Xã,"Xã Trung Thịnh, Tỉnh Tuyên Quang"
08,Tuyên Quang,02623,Trường Sinh,Xã,"Xã Trường Sinh, Tỉnh Tuyên Quang"
08,Tuyên Quang,00925,Tùng Bá,Xã,"Xã Tùng Bá, Tỉnh Tuyên Quang"
08,Tuyên Quang,00892,Tùng Vài,Xã,"Xã Tùng Vài, Tỉnh Tuyên Quang"
08,Tuyên Quang,00913,Vị Xuyên,Xã,"Xã Vị Xuyên, Tỉnh Tuyên Quang"
08,Tuyên Quang,00967,Việt Lâm,Xã,"Xã Việt Lâm, Tỉnh Tuyên Quang"
08,Tuyên Quang,01156,Vĩnh Tuy,Xã,"Xã Vĩnh Tuy, Tỉnh Tuyên Quang"
08,Tuyên Quang,01108,Xín Mần,Xã,"Xã Xín Mần, Tỉnh Tuyên Quang"
08,Tuyên Quang,01255,Xuân Giang,Xã,"Xã Xuân Giang, Tỉnh Tuyên Quang"
08,Tuyên Quang,02449,Xuân Vân,Xã,"Xã Xuân Vân, Tỉnh Tuyên Quang"
08,Tuyên Quang,01006,Yên Cường,Xã,"Xã Yên Cường, Tỉnh Tuyên Quang"
08,Tuyên Quang,02248,Yên Hoa,Xã,"Xã Yên Hoa, Tỉnh Tuyên Quang"
08,Tuyên Quang,02317,Yên Lập,Xã,"Xã Yên Lập, Tỉnh Tuyên Quang"
08,Tuyên Quang,00820,Yên Minh,Xã,"Xã Yên Minh, Tỉnh Tuyên Quang"
08,Tuyên Quang,02365,Yên Nguyên,Xã,"Xã Yên Nguyên, Tỉnh Tuyên Quang"
08,Tuyên Quang,02398,Yên Phú,Xã,"Xã Yên Phú, Tỉnh Tuyên Quang"
08,Tuyên Quang,02473,Yên Sơn,Xã,"Xã Yên Sơn, Tỉnh Tuyên Quang"
08,Tuyên Quang,01234,Yên Thành,Xã,"Xã Yên Thành, Tỉnh Tuyên Quang"
86,Vĩnh Long,29584,An Bình,Xã,"Xã An Bình, Tỉnh Vĩnh Long"
86,Vĩnh Long,28957,An Định,Xã,"Xã An Định, Tỉnh Vĩnh Long"
86,Vĩnh Long,29158,An Hiệp,Xã,"Xã An Hiệp, Tỉnh Vĩnh Long"
86,Vĩnh Long,28777,An Hội,Phường,"Phường An Hội, Tỉnh Vĩnh Long"
86,Vĩnh Long,29143,An Ngãi Trung,Xã,"Xã An Ngãi Trung, Tỉnh Vĩnh Long"
86,Vĩnh Long,29317,An Phú Tân,Xã,"Xã An Phú Tân, Tỉnh Vĩnh Long"
86,Vĩnh Long,29224,An Quy,Xã,"Xã An Quy, Tỉnh Vĩnh Long"
86,Vĩnh Long,29275,An Trường,Xã,"Xã An Trường, Tỉnh Vĩnh Long"
86,Vĩnh Long,29110,Ba Tri,Xã,"Xã Ba Tri, Tỉnh Vĩnh Long"
86,Vĩnh Long,29125,Bảo Thạnh,Xã,"Xã Bảo Thạnh, Tỉnh Vĩnh Long"
86,Vĩnh Long,28789,Bến Tre,Phường,"Phường Bến Tre, Tỉnh Vĩnh Long"
86,Vĩnh Long,29050,Bình Đại,Xã,"Xã Bình Đại, Tỉnh Vĩnh Long"
86,Vĩnh Long,29771,Bình Minh,Phường,"Phường Bình Minh, Tỉnh Vĩnh Long"
86,Vĩnh Long,29287,Bình Phú,Xã,"Xã Bình Phú, Tỉnh Vĩnh Long"
86,Vĩnh Long,29638,Bình Phước,Xã,"Xã Bình Phước, Tỉnh Vĩnh Long"
86,Vĩnh Long,29728,Cái Ngang,Xã,"Xã Cái Ngang, Tỉnh Vĩnh Long"
86,Vĩnh Long,29641,Cái Nhum,Xã,"Xã Cái Nhum, Tỉnh Vĩnh Long"
86,Vĩnh Long,29770,Cái Vồn,Phường,"Phường Cái Vồn, Tỉnh Vĩnh Long"
86,Vĩnh Long,29266,Càng Long,Xã,"Xã Càng Long, Tỉnh Vĩnh Long"
86,Vĩnh Long,29308,Cầu Kè,Xã,"Xã Cầu Kè, Tỉnh Vĩnh Long"
86,Vĩnh Long,29416,Cầu Ngang,Xã,"Xã Cầu Ngang, Tỉnh Vĩnh Long"
86,Vĩnh Long,28996,Châu Hòa,Xã,"Xã Châu Hòa, Tỉnh Vĩnh Long"
86,Vĩnh Long,29083,Châu Hưng,Xã,"Xã Châu Hưng, Tỉnh Vĩnh Long"
86,Vĩnh Long,29374,Châu Thành,Xã,"Xã Châu Thành, Tỉnh Vĩnh Long"
86,Vĩnh Long,28870,Chợ Lách,Xã,"Xã Chợ Lách, Tỉnh Vĩnh Long"
86,Vĩnh Long,29512,Duyên Hải,Phường,"Phường Duyên Hải, Tỉnh Vĩnh Long"
86,Vĩnh Long,29491,Đại An,Xã,"Xã Đại An, Tỉnh Vĩnh Long"
86,Vĩnh Long,29194,Đại Điền,Xã,"Xã Đại Điền, Tỉnh Vĩnh Long"
86,Vĩnh Long,29497,Đôn Châu,Xã,"Xã Đôn Châu, Tỉnh Vĩnh Long"
86,Vĩnh Long,29536,Đông Hải,Xã,"Xã Đông Hải, Tỉnh Vĩnh Long"
86,Vĩnh Long,28945,Đồng Khởi,Xã,"Xã Đồng Khởi, Tỉnh Vĩnh Long"
86,Vĩnh Long,29812,Đông Thành,Phường,"Phường Đông Thành, Tỉnh Vĩnh Long"
86,Vĩnh Long,28807,Giao Long,Xã,"Xã Giao Long, Tỉnh Vĩnh Long"
86,Vĩnh Long,28984,Giồng Trôm,Xã,"Xã Giồng Trôm, Tỉnh Vĩnh Long"
86,Vĩnh Long,29489,Hàm Giang,Xã,"Xã Hàm Giang, Tỉnh Vĩnh Long"
86,Vĩnh Long,29455,Hiệp Mỹ,Xã,"Xã Hiệp Mỹ, Tỉnh Vĩnh Long"
86,Vĩnh Long,29701,Hiếu Phụng,Xã,"Xã Hiếu Phụng, Tỉnh Vĩnh Long"
86,Vĩnh Long,29713,Hiếu Thành,Xã,"Xã Hiếu Thành, Tỉnh Vĩnh Long"
86,Vĩnh Long,29830,Hòa Bình,Xã,"Xã Hòa Bình, Tỉnh Vĩnh Long"
86,Vĩnh Long,29734,Hòa Hiệp,Xã,"Xã Hòa Hiệp, Tỉnh Vĩnh Long"
86,Vĩnh Long,29410,Hòa Minh,Xã,"Xã Hòa Minh, Tỉnh Vĩnh Long"
86,Vĩnh Long,29398,Hòa Thuận,Phường,"Phường Hòa Thuận, Tỉnh Vĩnh Long"
86,Vĩnh Long,29362,Hùng Hòa,Xã,"Xã Hùng Hòa, Tỉnh Vĩnh Long"
86,Vĩnh Long,28901,Hưng Khánh Trung,Xã,"Xã Hưng Khánh Trung, Tỉnh Vĩnh Long"
86,Vĩnh Long,29407,Hưng Mỹ,Xã,"Xã Hưng Mỹ, Tỉnh Vĩnh Long"
86,Vĩnh Long,29044,Hưng Nhượng,Xã,"Xã Hưng Nhượng, Tỉnh Vĩnh Long"
86,Vĩnh Long,28981,Hương Mỹ,Xã,"Xã Hương Mỹ, Tỉnh Vĩnh Long"
86,Vĩnh Long,29077,Lộc Thuận,Xã,"Xã Lộc Thuận, Tỉnh Vĩnh Long"
86,Vĩnh Long,29551,Long Châu,Phường,"Phường Long Châu, Tỉnh Vĩnh Long"
86,Vĩnh Long,29263,Long Đức,Phường,"Phường Long Đức, Tỉnh Vĩnh Long"
86,Vĩnh Long,29506,Long Hiệp,Xã,"Xã Long Hiệp, Tỉnh Vĩnh Long"
86,Vĩnh Long,29602,Long Hồ,Xã,"Xã Long Hồ, Tỉnh Vĩnh Long"
86,Vĩnh Long,29413,Long Hòa,Xã,"Xã Long Hòa, Tỉnh Vĩnh Long"
86,Vĩnh Long,29518,Long Hữu,Xã,"Xã Long Hữu, Tỉnh Vĩnh Long"
86,Vĩnh Long,29513,Long Thành,Xã,"Xã Long Thành, Tỉnh Vĩnh Long"
86,Vĩnh Long,29533,Long Vĩnh,Xã,"Xã Long Vĩnh, Tỉnh Vĩnh Long"
86,Vĩnh Long,29857,Lục Sỹ Thành,Xã,"Xã Lục Sỹ Thành, Tỉnh Vĩnh Long"
86,Vĩnh Long,28987,Lương Hòa,Xã,"Xã Lương Hòa, Tỉnh Vĩnh Long"
86,Vĩnh Long,28993,Lương Phú,Xã,"Xã Lương Phú, Tỉnh Vĩnh Long"
86,Vĩnh Long,29476,Lưu Nghiệp Anh,Xã,"Xã Lưu Nghiệp Anh, Tỉnh Vĩnh Long"
86,Vĩnh Long,28903,Mỏ Cày,Xã,"Xã Mỏ Cày, Tỉnh Vĩnh Long"
86,Vĩnh Long,29122,Mỹ Chánh Hòa,Xã,"Xã Mỹ Chánh Hòa, Tỉnh Vĩnh Long"
86,Vĩnh Long,29419,Mỹ Long,Xã,"Xã Mỹ Long, Tỉnh Vĩnh Long"
86,Vĩnh Long,29788,Mỹ Thuận,Xã,"Xã Mỹ Thuận, Tỉnh Vĩnh Long"
86,Vĩnh Long,29767,Ngãi Tứ,Xã,"Xã Ngãi Tứ, Tỉnh Vĩnh Long"
86,Vĩnh Long,29530,Ngũ Lạc,Xã,"Xã Ngũ Lạc, Tỉnh Vĩnh Long"
86,Vĩnh Long,29254,Nguyệt Hóa,Phường,"Phường Nguyệt Hóa, Tỉnh Vĩnh Long"
86,Vĩnh Long,29302,Nhị Long,Xã,"Xã Nhị Long, Tỉnh Vĩnh Long"
86,Vĩnh Long,29446,Nhị Trường,Xã,"Xã Nhị Trường, Tỉnh Vĩnh Long"
86,Vĩnh Long,29623,Nhơn Phú,Xã,"Xã Nhơn Phú, Tỉnh Vĩnh Long"
86,Vĩnh Long,28948,Nhuận Phú Tân,Xã,"Xã Nhuận Phú Tân, Tỉnh Vĩnh Long"
86,Vĩnh Long,29329,Phong Thạnh,Xã,"Xã Phong Thạnh, Tỉnh Vĩnh Long"
86,Vĩnh Long,28756,Phú Khương,Phường,"Phường Phú Khương, Tỉnh Vĩnh Long"
86,Vĩnh Long,28879,Phú Phụng,Xã,"Xã Phú Phụng, Tỉnh Vĩnh Long"
86,Vĩnh Long,29611,Phú Quới,Xã,"Xã Phú Quới, Tỉnh Vĩnh Long"
86,Vĩnh Long,28858,Phú Tân,Phường,"Phường Phú Tân, Tỉnh Vĩnh Long"
86,Vĩnh Long,29062,Phú Thuận,Xã,"Xã Phú Thuận, Tỉnh Vĩnh Long"
86,Vĩnh Long,28810,Phú Túc,Xã,"Xã Phú Túc, Tỉnh Vĩnh Long"
86,Vĩnh Long,29557,Phước Hậu,Phường,"Phường Phước Hậu, Tỉnh Vĩnh Long"
86,Vĩnh Long,29020,Phước Long,Xã,"Xã Phước Long, Tỉnh Vĩnh Long"
86,Vĩnh Long,28915,Phước Mỹ Trung,Xã,"Xã Phước Mỹ Trung, Tỉnh Vĩnh Long"
86,Vĩnh Long,29668,Quới An,Xã,"Xã Quới An, Tỉnh Vĩnh Long"
86,Vĩnh Long,29191,Quới Điền,Xã,"Xã Quới Điền, Tỉnh Vĩnh Long"
86,Vĩnh Long,29677,Quới Thiện,Xã,"Xã Quới Thiện, Tỉnh Vĩnh Long"
86,Vĩnh Long,28783,Sơn Đông,Phường,"Phường Sơn Đông, Tỉnh Vĩnh Long"
86,Vĩnh Long,29386,Song Lộc,Xã,"Xã Song Lộc, Tỉnh Vĩnh Long"
86,Vĩnh Long,29740,Song Phú,Xã,"Xã Song Phú, Tỉnh Vĩnh Long"
86,Vĩnh Long,29719,Tam Bình,Xã,"Xã Tam Bình, Tỉnh Vĩnh Long"
86,Vĩnh Long,29335,Tam Ngãi,Xã,"Xã Tam Ngãi, Tỉnh Vĩnh Long"
86,Vĩnh Long,29278,Tân An,Xã,"Xã Tân An, Tỉnh Vĩnh Long"
86,Vĩnh Long,29593,Tân Hạnh,Phường,"Phường Tân Hạnh, Tỉnh Vĩnh Long"
86,Vĩnh Long,29029,Tân Hào,Xã,"Xã Tân Hào, Tỉnh Vĩnh Long"
86,Vĩnh Long,29371,Tân Hòa,Xã,"Xã Tân Hòa, Tỉnh Vĩnh Long"
86,Vĩnh Long,29653,Tân Long Hội,Xã,"Xã Tân Long Hội, Tỉnh Vĩnh Long"
86,Vĩnh Long,29785,Tân Lược,Xã,"Xã Tân Lược, Tỉnh Vĩnh Long"
86,Vĩnh Long,29566,Tân Ngãi,Phường,"Phường Tân Ngãi, Tỉnh Vĩnh Long"
86,Vĩnh Long,28840,Tân Phú,Xã,"Xã Tân Phú, Tỉnh Vĩnh Long"
86,Vĩnh Long,29800,Tân Quới,Xã,"Xã Tân Quới, Tỉnh Vĩnh Long"
86,Vĩnh Long,28921,Tân Thành Bình,Xã,"Xã Tân Thành Bình, Tỉnh Vĩnh Long"
86,Vĩnh Long,29167,Tân Thủy,Xã,"Xã Tân Thủy, Tỉnh Vĩnh Long"
86,Vĩnh Long,29137,Tân Xuân,Xã,"Xã Tân Xuân, Tỉnh Vĩnh Long"
86,Vĩnh Long,29365,Tập Ngãi,Xã,"Xã Tập Ngãi, Tỉnh Vĩnh Long"
86,Vĩnh Long,29467,Tập Sơn,Xã,"Xã Tập Sơn, Tỉnh Vĩnh Long"
86,Vĩnh Long,29590,Thanh Đức,Xã,"Xã Thanh Đức, Tỉnh Vĩnh Long"
86,Vĩnh Long,29221,Thạnh Hải,Xã,"Xã Thạnh Hải, Tỉnh Vĩnh Long"
86,Vĩnh Long,29227,Thạnh Phong,Xã,"Xã Thạnh Phong, Tỉnh Vĩnh Long"
86,Vĩnh Long,29182,Thạnh Phú,Xã,"Xã Thạnh Phú, Tỉnh Vĩnh Long"
86,Vĩnh Long,29104,Thạnh Phước,Xã,"Xã Thạnh Phước, Tỉnh Vĩnh Long"
86,Vĩnh Long,28969,Thành Thới,Xã,"Xã Thành Thới, Tỉnh Vĩnh Long"
86,Vĩnh Long,29089,Thạnh Trị,Xã,"Xã Thạnh Trị, Tỉnh Vĩnh Long"
86,Vĩnh Long,29107,Thới Thuận,Xã,"Xã Thới Thuận, Tỉnh Vĩnh Long"
86,Vĩnh Long,28861,Tiên Thủy,Xã,"Xã Tiên Thủy, Tỉnh Vĩnh Long"
86,Vĩnh Long,29341,Tiểu Cần,Xã,"Xã Tiểu Cần, Tỉnh Vĩnh Long"
86,Vĩnh Long,29836,Trà Côn,Xã,"Xã Trà Côn, Tỉnh Vĩnh Long"
86,Vĩnh Long,29461,Trà Cú,Xã,"Xã Trà Cú, Tỉnh Vĩnh Long"
86,Vĩnh Long,29821,Trà Ôn,Xã,"Xã Trà Ôn, Tỉnh Vĩnh Long"
86,Vĩnh Long,29242,Trà Vinh,Phường,"Phường Trà Vinh, Tỉnh Vĩnh Long"
86,Vĩnh Long,29683,Trung Hiệp,Xã,"Xã Trung Hiệp, Tỉnh Vĩnh Long"
86,Vĩnh Long,29698,Trung Ngãi,Xã,"Xã Trung Ngãi, Tỉnh Vĩnh Long"
86,Vĩnh Long,29659,Trung Thành,Xã,"Xã Trung Thành, Tỉnh Vĩnh Long"
86,Vĩnh Long,29516,Trường Long Hòa,Phường,"Phường Trường Long Hòa, Tỉnh Vĩnh Long"
86,Vĩnh Long,29431,Vinh Kim,Xã,"Xã Vinh Kim, Tỉnh Vĩnh Long"
86,Vĩnh Long,28894,Vĩnh Thành,Xã,"Xã Vĩnh Thành, Tỉnh Vĩnh Long"
86,Vĩnh Long,29845,Vĩnh Xuân,Xã,"Xã Vĩnh Xuân, Tỉnh Vĩnh Long"
