province_code,province_name,district_code,district_name,ward_code,ward_name,ward_type,full_address
89,An Giang,886,An Phú,30337,An Phú,Thị trấn,"Thị trấn An Phú, Huyện An Phú, Tỉnh An Giang"
89,An Giang,886,An Phú,30373,Đa Phước,Thị trấn,"Thị trấn Đa Phước, Huyện An Phú, Tỉnh An Giang"
89,An Giang,886,An Phú,30340,Khánh An,Xã,"Xã Khánh An, Huyện An Phú, Tỉnh An Giang"
89,An Giang,886,An Phú,30343,Khánh Bình,Xã,"Xã Khánh Bình, Huyện An Phú, Tỉnh An Giang"
89,An Giang,886,An Phú,30341,Long Bình,Thị trấn,"Thị trấn Long Bình, Huyện An Phú, Tỉnh An Giang"
89,An Giang,886,An Phú,30349,Nhơn Hội,Xã,"Xã Nhơn Hội, Huyện An Phú, Tỉnh An Giang"
89,An Giang,886,An Phú,30355,Phú Hội,Xã,"Xã Phú Hội, Huyện An Phú, Tỉnh An Giang"
89,An Giang,886,An Phú,30352,Phú Hữu,Xã,"Xã Phú Hữu, Huyện An Phú, Tỉnh An Giang"
89,An Giang,886,An Phú,30358,Phước Hưng,Xã,"Xã Phước Hưng, Huyện An Phú, Tỉnh An Giang"
89,An Giang,886,An Phú,30346,Quốc Thái,Xã,"Xã Quốc Thái, Huyện An Phú, Tỉnh An Giang"
89,An Giang,886,An Phú,30364,Vĩnh Hậu,Xã,"Xã Vĩnh Hậu, Huyện An Phú, Tỉnh An Giang"
89,An Giang,886,An Phú,30370,Vĩnh Hội Đông,Xã,"Xã Vĩnh Hội Đông, Huyện An Phú, Tỉnh An Giang"
89,An Giang,886,An Phú,30361,Vĩnh Lộc,Xã,"Xã Vĩnh Lộc, Huyện An Phú, Tỉnh An Giang"
89,An Giang,886,An Phú,30367,Vĩnh Trường,Xã,"Xã Vĩnh Trường, Huyện An Phú, Tỉnh An Giang"
89,An Giang,884,Châu Đốc,30319,Châu Phú A,Phường,"Phường Châu Phú A, Thành phố Châu Đốc, Tỉnh An Giang"
89,An Giang,884,Châu Đốc,30316,Châu Phú B,Phường,"Phường Châu Phú B, Thành phố Châu Đốc, Tỉnh An Giang"
89,An Giang,884,Châu Đốc,30325,Núi Sam,Phường,"Phường Núi Sam, Thành phố Châu Đốc, Tỉnh An Giang"
89,An Giang,884,Châu Đốc,30334,Vĩnh Châu,Xã,"Xã Vĩnh Châu, Thành phố Châu Đốc, Tỉnh An Giang"
89,An Giang,884,Châu Đốc,30322,Vĩnh Mỹ,Phường,"Phường Vĩnh Mỹ, Thành phố Châu Đốc, Tỉnh An Giang"
89,An Giang,884,Châu Đốc,30328,Vĩnh Ngươn,Phường,"Phường Vĩnh Ngươn, Thành phố Châu Đốc, Tỉnh An Giang"
89,An Giang,884,Châu Đốc,30331,Vĩnh Tế,Xã,"Xã Vĩnh Tế, Thành phố Châu Đốc, Tỉnh An Giang"
89,An Giang,889,Châu Phú,30499,Bình Chánh,Xã,"Xã Bình Chánh, Huyện Châu Phú, Tỉnh An Giang"
89,An Giang,889,Châu Phú,30484,Bình Long,Xã,"Xã Bình Long, Huyện Châu Phú, Tỉnh An Giang"
89,An Giang,889,Châu Phú,30487,Bình Mỹ,Xã,"Xã Bình Mỹ, Huyện Châu Phú, Tỉnh An Giang"
89,An Giang,889,Châu Phú,30496,Bình Phú,Xã,"Xã Bình Phú, Huyện Châu Phú, Tỉnh An Giang"
89,An Giang,889,Châu Phú,30490,Bình Thủy,Xã,"Xã Bình Thủy, Huyện Châu Phú, Tỉnh An Giang"
89,An Giang,889,Châu Phú,30463,Cái Dầu,Thị trấn,"Thị trấn Cái Dầu, Huyện Châu Phú, Tỉnh An Giang"
89,An Giang,889,Châu Phú,30493,Đào Hữu Cảnh,Xã,"Xã Đào Hữu Cảnh, Huyện Châu Phú, Tỉnh An Giang"
89,An Giang,889,Châu Phú,30466,Khánh Hòa,Xã,"Xã Khánh Hòa, Huyện Châu Phú, Tỉnh An Giang"
89,An Giang,889,Châu Phú,30469,Mỹ Đức,Xã,"Xã Mỹ Đức, Huyện Châu Phú, Tỉnh An Giang"
89,An Giang,889,Châu Phú,30472,Mỹ Phú,Xã,"Xã Mỹ Phú, Huyện Châu Phú, Tỉnh An Giang"
89,An Giang,889,Châu Phú,30475,Ô Long Vỹ,Xã,"Xã Ô Long Vỹ, Huyện Châu Phú, Tỉnh An Giang"
89,An Giang,889,Châu Phú,30481,Thạnh Mỹ Tây,Xã,"Xã Thạnh Mỹ Tây, Huyện Châu Phú, Tỉnh An Giang"
89,An Giang,889,Châu Phú,30478,Vĩnh Thạnh Trung,Thị trấn,"Thị trấn Vĩnh Thạnh Trung, Huyện Châu Phú, Tỉnh An Giang"
89,An Giang,892,Châu Thành,30589,An Châu,Thị trấn,"Thị trấn An Châu, Huyện Châu Thành, Tỉnh An Giang"
89,An Giang,892,Châu Thành,30592,An Hòa,Xã,"Xã An Hòa, Huyện Châu Thành, Tỉnh An Giang"
89,An Giang,892,Châu Thành,30607,Bình Hòa,Xã,"Xã Bình Hòa, Huyện Châu Thành, Tỉnh An Giang"
89,An Giang,892,Châu Thành,30601,Bình Thạnh,Xã,"Xã Bình Thạnh, Huyện Châu Thành, Tỉnh An Giang"
89,An Giang,892,Châu Thành,30595,Cần Đăng,Xã,"Xã Cần Đăng, Huyện Châu Thành, Tỉnh An Giang"
89,An Giang,892,Châu Thành,30613,Hòa Bình Thạnh,Xã,"Xã Hòa Bình Thạnh, Huyện Châu Thành, Tỉnh An Giang"
89,An Giang,892,Châu Thành,30622,Tân Phú,Xã,"Xã Tân Phú, Huyện Châu Thành, Tỉnh An Giang"
89,An Giang,892,Châu Thành,30610,Vĩnh An,Xã,"Xã Vĩnh An, Huyện Châu Thành, Tỉnh An Giang"
89,An Giang,892,Châu Thành,30604,Vĩnh Bình,Thị trấn,"Thị trấn Vĩnh Bình, Huyện Châu Thành, Tỉnh An Giang"
89,An Giang,892,Châu Thành,30598,Vĩnh Hanh,Xã,"Xã Vĩnh Hanh, Huyện Châu Thành, Tỉnh An Giang"
89,An Giang,892,Châu Thành,30616,Vĩnh Lợi,Xã,"Xã Vĩnh Lợi, Huyện Châu Thành, Tỉnh An Giang"
89,An Giang,892,Châu Thành,30619,Vĩnh Nhuận,Xã,"Xã Vĩnh Nhuận, Huyện Châu Thành, Tỉnh An Giang"
89,An Giang,892,Châu Thành,30625,Vĩnh Thành,Xã,"Xã Vĩnh Thành, Huyện Châu Thành, Tỉnh An Giang"
89,An Giang,893,Chợ Mới,30670,An Thạnh Trung,Xã,"Xã An Thạnh Trung, Huyện Chợ Mới, Tỉnh An Giang"
89,An Giang,893,Chợ Mới,30667,Bình Phước Xuân,Xã,"Xã Bình Phước Xuân, Huyện Chợ Mới, Tỉnh An Giang"
89,An Giang,893,Chợ Mới,30628,Chợ Mới,Thị trấn,"Thị trấn Chợ Mới, Huyện Chợ Mới, Tỉnh An Giang"
89,An Giang,893,Chợ Mới,30679,Hòa An,Xã,"Xã Hòa An, Huyện Chợ Mới, Tỉnh An Giang"
89,An Giang,893,Chợ Mới,30676,Hòa Bình,Xã,"Xã Hòa Bình, Huyện Chợ Mới, Tỉnh An Giang"
89,An Giang,893,Chợ Mới,30673,Hội An,Thị trấn,"Thị trấn Hội An, Huyện Chợ Mới, Tỉnh An Giang"
89,An Giang,893,Chợ Mới,30634,Kiến An,Xã,"Xã Kiến An, Huyện Chợ Mới, Tỉnh An Giang"
89,An Giang,893,Chợ Mới,30649,Kiến Thành,Xã,"Xã Kiến Thành, Huyện Chợ Mới, Tỉnh An Giang"
89,An Giang,893,Chợ Mới,30640,Long Điền A,Xã,"Xã Long Điền A, Huyện Chợ Mới, Tỉnh An Giang"
89,An Giang,893,Chợ Mới,30646,Long Điền B,Xã,"Xã Long Điền B, Huyện Chợ Mới, Tỉnh An Giang"
89,An Giang,893,Chợ Mới,30661,Long Giang,Xã,"Xã Long Giang, Huyện Chợ Mới, Tỉnh An Giang"
89,An Giang,893,Chợ Mới,30664,Long Kiến,Xã,"Xã Long Kiến, Huyện Chợ Mới, Tỉnh An Giang"
89,An Giang,893,Chợ Mới,30655,Mỹ An,Xã,"Xã Mỹ An, Huyện Chợ Mới, Tỉnh An Giang"
89,An Giang,893,Chợ Mới,30652,Mỹ Hiệp,Xã,"Xã Mỹ Hiệp, Huyện Chợ Mới, Tỉnh An Giang"
89,An Giang,893,Chợ Mới,30637,Mỹ Hội Đông,Xã,"Xã Mỹ Hội Đông, Huyện Chợ Mới, Tỉnh An Giang"
89,An Giang,893,Chợ Mới,30631,Mỹ Luông,Thị trấn,"Thị trấn Mỹ Luông, Huyện Chợ Mới, Tỉnh An Giang"
89,An Giang,893,Chợ Mới,30658,Nhơn Mỹ,Xã,"Xã Nhơn Mỹ, Huyện Chợ Mới, Tỉnh An Giang"
89,An Giang,893,Chợ Mới,30643,Tấn Mỹ,Xã,"Xã Tấn Mỹ, Huyện Chợ Mới, Tỉnh An Giang"
89,An Giang,883,Long Xuyên,30289,Bình Đức,Phường,"Phường Bình Đức, Thành phố Long Xuyên, Tỉnh An Giang"
89,An Giang,883,Long Xuyên,30292,Bình Khánh,Phường,"Phường Bình Khánh, Thành phố Long Xuyên, Tỉnh An Giang"
89,An Giang,883,Long Xuyên,30280,Mỹ Bình,Phường,"Phường Mỹ Bình, Thành phố Long Xuyên, Tỉnh An Giang"
89,An Giang,883,Long Xuyên,30307,Mỹ Hòa,Phường,"Phường Mỹ Hòa, Thành phố Long Xuyên, Tỉnh An Giang"
89,An Giang,883,Long Xuyên,30313,Mỹ Hoà Hưng,Xã,"Xã Mỹ Hoà Hưng, Thành phố Long Xuyên, Tỉnh An Giang"
89,An Giang,883,Long Xuyên,30310,Mỹ Khánh,Xã,"Xã Mỹ Khánh, Thành phố Long Xuyên, Tỉnh An Giang"
89,An Giang,883,Long Xuyên,30283,Mỹ Long,Phường,"Phường Mỹ Long, Thành phố Long Xuyên, Tỉnh An Giang"
89,An Giang,883,Long Xuyên,30295,Mỹ Phước,Phường,"Phường Mỹ Phước, Thành phố Long Xuyên, Tỉnh An Giang"
89,An Giang,883,Long Xuyên,30298,Mỹ Quý,Phường,"Phường Mỹ Quý, Thành phố Long Xuyên, Tỉnh An Giang"
89,An Giang,883,Long Xuyên,30304,Mỹ Thạnh,Phường,"Phường Mỹ Thạnh, Thành phố Long Xuyên, Tỉnh An Giang"
89,An Giang,883,Long Xuyên,30301,Mỹ Thới,Phường,"Phường Mỹ Thới, Thành phố Long Xuyên, Tỉnh An Giang"
89,An Giang,883,Long Xuyên,30286,Mỹ Xuyên,Phường,"Phường Mỹ Xuyên, Thành phố Long Xuyên, Tỉnh An Giang"
89,An Giang,888,Phú Tân,30454,Bình Thạnh Đông,Xã,"Xã Bình Thạnh Đông, Huyện Phú Tân, Tỉnh An Giang"
89,An Giang,888,Phú Tân,30409,Chợ Vàm,Thị trấn,"Thị trấn Chợ Vàm, Huyện Phú Tân, Tỉnh An Giang"
89,An Giang,888,Phú Tân,30442,Hiệp Xương,Xã,"Xã Hiệp Xương, Huyện Phú Tân, Tỉnh An Giang"
89,An Giang,888,Phú Tân,30430,Hoà Lạc,Xã,"Xã Hoà Lạc, Huyện Phú Tân, Tỉnh An Giang"
89,An Giang,888,Phú Tân,30415,Long Hoà,Xã,"Xã Long Hoà, Huyện Phú Tân, Tỉnh An Giang"
89,An Giang,888,Phú Tân,30436,Phú An,Xã,"Xã Phú An, Huyện Phú Tân, Tỉnh An Giang"
89,An Giang,888,Phú Tân,30445,Phú Bình,Xã,"Xã Phú Bình, Huyện Phú Tân, Tỉnh An Giang"
89,An Giang,888,Phú Tân,30424,Phú Hiệp,Xã,"Xã Phú Hiệp, Huyện Phú Tân, Tỉnh An Giang"
89,An Giang,888,Phú Tân,30451,Phú Hưng,Xã,"Xã Phú Hưng, Huyện Phú Tân, Tỉnh An Giang"
89,An Giang,888,Phú Tân,30421,Phú Lâm,Xã,"Xã Phú Lâm, Huyện Phú Tân, Tỉnh An Giang"
89,An Giang,888,Phú Tân,30418,Phú Long,Xã,"Xã Phú Long, Huyện Phú Tân, Tỉnh An Giang"
89,An Giang,888,Phú Tân,30406,Phú Mỹ,Thị trấn,"Thị trấn Phú Mỹ, Huyện Phú Tân, Tỉnh An Giang"
89,An Giang,888,Phú Tân,30427,Phú Thạnh,Xã,"Xã Phú Thạnh, Huyện Phú Tân, Tỉnh An Giang"
89,An Giang,888,Phú Tân,30433,Phú Thành,Xã,"Xã Phú Thành, Huyện Phú Tân, Tỉnh An Giang"
89,An Giang,888,Phú Tân,30448,Phú Thọ,Xã,"Xã Phú Thọ, Huyện Phú Tân, Tỉnh An Giang"
89,An Giang,888,Phú Tân,30439,Phú Xuân,Xã,"Xã Phú Xuân, Huyện Phú Tân, Tỉnh An Giang"
89,An Giang,888,Phú Tân,30457,Tân Hòa,Xã,"Xã Tân Hòa, Huyện Phú Tân, Tỉnh An Giang"
89,An Giang,888,Phú Tân,30460,Tân Trung,Xã,"Xã Tân Trung, Huyện Phú Tân, Tỉnh An Giang"
89,An Giang,887,Tân Châu,30397,Châu Phong,Xã,"Xã Châu Phong, Thị xã Tân Châu, Tỉnh An Giang"
89,An Giang,887,Tân Châu,30403,Lê Chánh,Xã,"Xã Lê Chánh, Thị xã Tân Châu, Tỉnh An Giang"
89,An Giang,887,Tân Châu,30391,Long An,Xã,"Xã Long An, Thị xã Tân Châu, Tỉnh An Giang"
89,An Giang,887,Tân Châu,30378,Long Châu,Phường,"Phường Long Châu, Thị xã Tân Châu, Tỉnh An Giang"
89,An Giang,887,Tân Châu,30377,Long Hưng,Phường,"Phường Long Hưng, Thị xã Tân Châu, Tỉnh An Giang"
89,An Giang,887,Tân Châu,30394,Long Phú,Phường,"Phường Long Phú, Thị xã Tân Châu, Tỉnh An Giang"
89,An Giang,887,Tân Châu,30412,Long Sơn,Phường,"Phường Long Sơn, Thị xã Tân Châu, Tỉnh An Giang"
89,An Giang,887,Tân Châu,30376,Long Thạnh,Phường,"Phường Long Thạnh, Thị xã Tân Châu, Tỉnh An Giang"
89,An Giang,887,Tân Châu,30379,Phú Lộc,Xã,"Xã Phú Lộc, Thị xã Tân Châu, Tỉnh An Giang"
89,An Giang,887,Tân Châu,30400,Phú Vĩnh,Xã,"Xã Phú Vĩnh, Thị xã Tân Châu, Tỉnh An Giang"
89,An Giang,887,Tân Châu,30388,Tân An,Xã,"Xã Tân An, Thị xã Tân Châu, Tỉnh An Giang"
89,An Giang,887,Tân Châu,30387,Tân Thạnh,Xã,"Xã Tân Thạnh, Thị xã Tân Châu, Tỉnh An Giang"
89,An Giang,887,Tân Châu,30385,Vĩnh Hòa,Xã,"Xã Vĩnh Hòa, Thị xã Tân Châu, Tỉnh An Giang"
89,An Giang,887,Tân Châu,30382,Vĩnh Xương,Xã,"Xã Vĩnh Xương, Thị xã Tân Châu, Tỉnh An Giang"
89,An Giang,894,Thoại Sơn,30692,An Bình,Xã,"Xã An Bình, Huyện Thoại Sơn, Tỉnh An Giang"
89,An Giang,894,Thoại Sơn,30724,Bình Thành,Xã,"Xã Bình Thành, Huyện Thoại Sơn, Tỉnh An Giang"
89,An Giang,894,Thoại Sơn,30706,Định Mỹ,Xã,"Xã Định Mỹ, Huyện Thoại Sơn, Tỉnh An Giang"
89,An Giang,894,Thoại Sơn,30709,Định Thành,Xã,"Xã Định Thành, Huyện Thoại Sơn, Tỉnh An Giang"
89,An Giang,894,Thoại Sơn,30712,Mỹ Phú Đông,Xã,"Xã Mỹ Phú Đông, Huyện Thoại Sơn, Tỉnh An Giang"
89,An Giang,894,Thoại Sơn,30682,Núi Sập,Thị trấn,"Thị trấn Núi Sập, Huyện Thoại Sơn, Tỉnh An Giang"
89,An Giang,894,Thoại Sơn,30685,Phú Hoà,Thị trấn,"Thị trấn Phú Hoà, Huyện Thoại Sơn, Tỉnh An Giang"
89,An Giang,894,Thoại Sơn,30700,Phú Thuận,Xã,"Xã Phú Thuận, Huyện Thoại Sơn, Tỉnh An Giang"
89,An Giang,894,Thoại Sơn,30691,Tây Phú,Xã,"Xã Tây Phú, Huyện Thoại Sơn, Tỉnh An Giang"
89,An Giang,894,Thoại Sơn,30688,Thị Trấn Óc Eo,Thị trấn,"Thị trấn Thị Trấn Óc Eo, Huyện Thoại Sơn, Tỉnh An Giang"
89,An Giang,894,Thoại Sơn,30721,Thoại Giang,Xã,"Xã Thoại Giang, Huyện Thoại Sơn, Tỉnh An Giang"
89,An Giang,894,Thoại Sơn,30703,Vĩnh Chánh,Xã,"Xã Vĩnh Chánh, Huyện Thoại Sơn, Tỉnh An Giang"
89,An Giang,894,Thoại Sơn,30718,Vĩnh Khánh,Xã,"Xã Vĩnh Khánh, Huyện Thoại Sơn, Tỉnh An Giang"
89,An Giang,894,Thoại Sơn,30694,Vĩnh Phú,Xã,"Xã Vĩnh Phú, Huyện Thoại Sơn, Tỉnh An Giang"
89,An Giang,894,Thoại Sơn,30697,Vĩnh Trạch,Xã,"Xã Vĩnh Trạch, Huyện Thoại Sơn, Tỉnh An Giang"
89,An Giang,894,Thoại Sơn,30715,Vọng Đông,Xã,"Xã Vọng Đông, Huyện Thoại Sơn, Tỉnh An Giang"
89,An Giang,894,Thoại Sơn,30727,Vọng Thê,Xã,"Xã Vọng Thê, Huyện Thoại Sơn, Tỉnh An Giang"
89,An Giang,890,Tịnh Biên,30526,An Cư,Xã,"Xã An Cư, Thị xã Tịnh Biên, Tỉnh An Giang"
89,An Giang,890,Tịnh Biên,30538,An Hảo,Xã,"Xã An Hảo, Thị xã Tịnh Biên, Tỉnh An Giang"
89,An Giang,890,Tịnh Biên,30529,An Nông,Xã,"Xã An Nông, Thị xã Tịnh Biên, Tỉnh An Giang"
89,An Giang,890,Tịnh Biên,30514,An Phú,Phường,"Phường An Phú, Thị xã Tịnh Biên, Tỉnh An Giang"
89,An Giang,890,Tịnh Biên,30505,Chi Lăng,Phường,"Phường Chi Lăng, Thị xã Tịnh Biên, Tỉnh An Giang"
89,An Giang,890,Tịnh Biên,30502,Nhà Bàng,Phường,"Phường Nhà Bàng, Thị xã Tịnh Biên, Tỉnh An Giang"
89,An Giang,890,Tịnh Biên,30511,Nhơn Hưng,Phường,"Phường Nhơn Hưng, Thị xã Tịnh Biên, Tỉnh An Giang"
89,An Giang,890,Tịnh Biên,30508,Núi Voi,Phường,"Phường Núi Voi, Thị xã Tịnh Biên, Tỉnh An Giang"
89,An Giang,890,Tịnh Biên,30541,Tân Lập,Xã,"Xã Tân Lập, Thị xã Tịnh Biên, Tỉnh An Giang"
89,An Giang,890,Tịnh Biên,30535,Tân Lợi,Xã,"Xã Tân Lợi, Thị xã Tịnh Biên, Tỉnh An Giang"
89,An Giang,890,Tịnh Biên,30517,Thới Sơn,Phường,"Phường Thới Sơn, Thị xã Tịnh Biên, Tỉnh An Giang"
89,An Giang,890,Tịnh Biên,30520,Tịnh Biên,Phường,"Phường Tịnh Biên, Thị xã Tịnh Biên, Tỉnh An Giang"
89,An Giang,890,Tịnh Biên,30523,Văn Giáo,Xã,"Xã Văn Giáo, Thị xã Tịnh Biên, Tỉnh An Giang"
89,An Giang,890,Tịnh Biên,30532,Vĩnh Trung,Xã,"Xã Vĩnh Trung, Thị xã Tịnh Biên, Tỉnh An Giang"
89,An Giang,891,Tri Tôn,30577,An Tức,Xã,"Xã An Tức, Huyện Tri Tôn, Tỉnh An Giang"
89,An Giang,891,Tri Tôn,30547,Ba Chúc,Thị trấn,"Thị trấn Ba Chúc, Huyện Tri Tôn, Tỉnh An Giang"
89,An Giang,891,Tri Tôn,30562,Châu Lăng,Xã,"Xã Châu Lăng, Huyện Tri Tôn, Tỉnh An Giang"
89,An Giang,891,Tri Tôn,30580,Cô Tô,Thị trấn,"Thị trấn Cô Tô, Huyện Tri Tôn, Tỉnh An Giang"
89,An Giang,891,Tri Tôn,30550,Lạc Quới,Xã,"Xã Lạc Quới, Huyện Tri Tôn, Tỉnh An Giang"
89,An Giang,891,Tri Tôn,30553,Lê Trì,Xã,"Xã Lê Trì, Huyện Tri Tôn, Tỉnh An Giang"
89,An Giang,891,Tri Tôn,30568,Lương An Trà,Xã,"Xã Lương An Trà, Huyện Tri Tôn, Tỉnh An Giang"
89,An Giang,891,Tri Tôn,30565,Lương Phi,Xã,"Xã Lương Phi, Huyện Tri Tôn, Tỉnh An Giang"
89,An Giang,891,Tri Tôn,30574,Núi Tô,Xã,"Xã Núi Tô, Huyện Tri Tôn, Tỉnh An Giang"
89,An Giang,891,Tri Tôn,30586,Ô Lâm,Xã,"Xã Ô Lâm, Huyện Tri Tôn, Tỉnh An Giang"
89,An Giang,891,Tri Tôn,30571,Tà Đảnh,Xã,"Xã Tà Đảnh, Huyện Tri Tôn, Tỉnh An Giang"
89,An Giang,891,Tri Tôn,30583,Tân Tuyến,Xã,"Xã Tân Tuyến, Huyện Tri Tôn, Tỉnh An Giang"
89,An Giang,891,Tri Tôn,30544,Tri Tôn,Thị trấn,"Thị trấn Tri Tôn, Huyện Tri Tôn, Tỉnh An Giang"
89,An Giang,891,Tri Tôn,30556,Vĩnh Gia,Xã,"Xã Vĩnh Gia, Huyện Tri Tôn, Tỉnh An Giang"
89,An Giang,891,Tri Tôn,30559,Vĩnh Phước,Xã,"Xã Vĩnh Phước, Huyện Tri Tôn, Tỉnh An Giang"
77,Bà Rịa - Vũng Tàu,748,Bà Rịa,26572,Hoà Long,Xã,"Xã Hoà Long, Thành phố Bà Rịa, Tỉnh Bà Rịa - Vũng Tàu"
77,Bà Rịa - Vũng Tàu,748,Bà Rịa,26566,Kim Dinh,Phường,"Phường Kim Dinh, Thành phố Bà Rịa, Tỉnh Bà Rịa - Vũng Tàu"
77,Bà Rịa - Vũng Tàu,748,Bà Rịa,26563,Long Hương,Phường,"Phường Long Hương, Thành phố Bà Rịa, Tỉnh Bà Rịa - Vũng Tàu"
77,Bà Rịa - Vũng Tàu,748,Bà Rịa,26569,Long Phước,Xã,"Xã Long Phước, Thành phố Bà Rịa, Tỉnh Bà Rịa - Vũng Tàu"
77,Bà Rịa - Vũng Tàu,748,Bà Rịa,26558,Long Tâm,Phường,"Phường Long Tâm, Thành phố Bà Rịa, Tỉnh Bà Rịa - Vũng Tàu"
77,Bà Rịa - Vũng Tàu,748,Bà Rịa,26557,Long Toàn,Phường,"Phường Long Toàn, Thành phố Bà Rịa, Tỉnh Bà Rịa - Vũng Tàu"
77,Bà Rịa - Vũng Tàu,748,Bà Rịa,26548,Phước Hưng,Phường,"Phường Phước Hưng, Thành phố Bà Rịa, Tỉnh Bà Rịa - Vũng Tàu"
77,Bà Rịa - Vũng Tàu,748,Bà Rịa,26554,Phước Nguyên,Phường,"Phường Phước Nguyên, Thành phố Bà Rịa, Tỉnh Bà Rịa - Vũng Tàu"
77,Bà Rịa - Vũng Tàu,748,Bà Rịa,26560,Phước Trung,Phường,"Phường Phước Trung, Thành phố Bà Rịa, Tỉnh Bà Rịa - Vũng Tàu"
77,Bà Rịa - Vũng Tàu,748,Bà Rịa,26567,Tân Hưng,Xã,"Xã Tân Hưng, Thành phố Bà Rịa, Tỉnh Bà Rịa - Vũng Tàu"
77,Bà Rịa - Vũng Tàu,750,Châu Đức,26574,Bàu Chinh,Xã,"Xã Bàu Chinh, Huyện Châu Đức, Tỉnh Bà Rịa - Vũng Tàu"
77,Bà Rịa - Vũng Tàu,750,Châu Đức,26578,Bình Ba,Xã,"Xã Bình Ba, Huyện Châu Đức, Tỉnh Bà Rịa - Vũng Tàu"
77,Bà Rịa - Vũng Tàu,750,Châu Đức,26590,Bình Giã,Xã,"Xã Bình Giã, Huyện Châu Đức, Tỉnh Bà Rịa - Vũng Tàu"
77,Bà Rịa - Vũng Tàu,750,Châu Đức,26593,Bình Trung,Xã,"Xã Bình Trung, Huyện Châu Đức, Tỉnh Bà Rịa - Vũng Tàu"
77,Bà Rịa - Vũng Tàu,750,Châu Đức,26599,Cù Bị,Xã,"Xã Cù Bị, Huyện Châu Đức, Tỉnh Bà Rịa - Vũng Tàu"
77,Bà Rịa - Vũng Tàu,750,Châu Đức,26614,Đá Bạc,Xã,"Xã Đá Bạc, Huyện Châu Đức, Tỉnh Bà Rịa - Vũng Tàu"
77,Bà Rịa - Vũng Tàu,750,Châu Đức,26608,Kim Long,Thị trấn,"Thị trấn Kim Long, Huyện Châu Đức, Tỉnh Bà Rịa - Vũng Tàu"
77,Bà Rịa - Vũng Tàu,750,Châu Đức,26602,Láng Lớn,Xã,"Xã Láng Lớn, Huyện Châu Đức, Tỉnh Bà Rịa - Vũng Tàu"
77,Bà Rịa - Vũng Tàu,750,Châu Đức,26575,Ngãi Giao,Thị trấn,"Thị trấn Ngãi Giao, Huyện Châu Đức, Tỉnh Bà Rịa - Vũng Tàu"
77,Bà Rịa - Vũng Tàu,750,Châu Đức,26617,Nghĩa Thành,Xã,"Xã Nghĩa Thành, Huyện Châu Đức, Tỉnh Bà Rịa - Vũng Tàu"
77,Bà Rịa - Vũng Tàu,750,Châu Đức,26605,Quảng Thành,Xã,"Xã Quảng Thành, Huyện Châu Đức, Tỉnh Bà Rịa - Vũng Tàu"
77,Bà Rịa - Vũng Tàu,750,Châu Đức,26587,Sơn Bình,Xã,"Xã Sơn Bình, Huyện Châu Đức, Tỉnh Bà Rịa - Vũng Tàu"
77,Bà Rịa - Vũng Tàu,750,Châu Đức,26581,Suối Nghệ,Xã,"Xã Suối Nghệ, Huyện Châu Đức, Tỉnh Bà Rịa - Vũng Tàu"
77,Bà Rịa - Vũng Tàu,750,Châu Đức,26611,Suối Rao,Xã,"Xã Suối Rao, Huyện Châu Đức, Tỉnh Bà Rịa - Vũng Tàu"
77,Bà Rịa - Vũng Tàu,750,Châu Đức,26596,Xà Bang,Xã,"Xã Xà Bang, Huyện Châu Đức, Tỉnh Bà Rịa - Vũng Tàu"
77,Bà Rịa - Vũng Tàu,750,Châu Đức,26584,Xuân Sơn,Xã,"Xã Xuân Sơn, Huyện Châu Đức, Tỉnh Bà Rịa - Vũng Tàu"
77,Bà Rịa - Vũng Tàu,753,Long Đất,26680,Đất Đỏ,Thị trấn,"Thị trấn Đất Đỏ, Huyện Long Đất, Tỉnh Bà Rịa - Vũng Tàu"
77,Bà Rịa - Vũng Tàu,753,Long Đất,26698,Láng Dài,Xã,"Xã Láng Dài, Huyện Long Đất, Tỉnh Bà Rịa - Vũng Tàu"
77,Bà Rịa - Vũng Tàu,753,Long Đất,26659,Long Điền,Thị trấn,"Thị trấn Long Điền, Huyện Long Đất, Tỉnh Bà Rịa - Vũng Tàu"
77,Bà Rịa - Vũng Tàu,753,Long Đất,26662,Long Hải,Thị trấn,"Thị trấn Long Hải, Huyện Long Đất, Tỉnh Bà Rịa - Vũng Tàu"
77,Bà Rịa - Vũng Tàu,753,Long Đất,26695,Long Tân,Xã,"Xã Long Tân, Huyện Long Đất, Tỉnh Bà Rịa - Vũng Tàu"
77,Bà Rịa - Vũng Tàu,753,Long Đất,26689,Phước Hải,Thị trấn,"Thị trấn Phước Hải, Huyện Long Đất, Tỉnh Bà Rịa - Vũng Tàu"
77,Bà Rịa - Vũng Tàu,753,Long Đất,26686,Phước Hội,Xã,"Xã Phước Hội, Huyện Long Đất, Tỉnh Bà Rịa - Vũng Tàu"
77,Bà Rịa - Vũng Tàu,753,Long Đất,26677,Phước Hưng,Xã,"Xã Phước Hưng, Huyện Long Đất, Tỉnh Bà Rịa - Vũng Tàu"
77,Bà Rịa - Vũng Tàu,753,Long Đất,26683,Phước Long Thọ,Xã,"Xã Phước Long Thọ, Huyện Long Đất, Tỉnh Bà Rịa - Vũng Tàu"
77,Bà Rịa - Vũng Tàu,753,Long Đất,26674,Phước Tỉnh,Xã,"Xã Phước Tỉnh, Huyện Long Đất, Tỉnh Bà Rịa - Vũng Tàu"
77,Bà Rịa - Vũng Tàu,753,Long Đất,26668,Tam An,Xã,"Xã Tam An, Huyện Long Đất, Tỉnh Bà Rịa - Vũng Tàu"
77,Bà Rịa - Vũng Tàu,754,Phú Mỹ,26728,Châu Pha,Xã,"Xã Châu Pha, Thành phố Phú Mỹ, Tỉnh Bà Rịa - Vũng Tàu"
77,Bà Rịa - Vũng Tàu,754,Phú Mỹ,26725,Hắc Dịch,Phường,"Phường Hắc Dịch, Thành phố Phú Mỹ, Tỉnh Bà Rịa - Vũng Tàu"
77,Bà Rịa - Vũng Tàu,754,Phú Mỹ,26719,Mỹ Xuân,Phường,"Phường Mỹ Xuân, Thành phố Phú Mỹ, Tỉnh Bà Rịa - Vũng Tàu"
77,Bà Rịa - Vũng Tàu,754,Phú Mỹ,26704,Phú Mỹ,Phường,"Phường Phú Mỹ, Thành phố Phú Mỹ, Tỉnh Bà Rịa - Vũng Tàu"
77,Bà Rịa - Vũng Tàu,754,Phú Mỹ,26713,Phước Hoà,Phường,"Phường Phước Hoà, Thành phố Phú Mỹ, Tỉnh Bà Rịa - Vũng Tàu"
77,Bà Rịa - Vũng Tàu,754,Phú Mỹ,26722,Sông Xoài,Xã,"Xã Sông Xoài, Thành phố Phú Mỹ, Tỉnh Bà Rịa - Vũng Tàu"
77,Bà Rịa - Vũng Tàu,754,Phú Mỹ,26710,Tân Hải,Phường,"Phường Tân Hải, Thành phố Phú Mỹ, Tỉnh Bà Rịa - Vũng Tàu"
77,Bà Rịa - Vũng Tàu,754,Phú Mỹ,26707,Tân Hoà,Phường,"Phường Tân Hoà, Thành phố Phú Mỹ, Tỉnh Bà Rịa - Vũng Tàu"
77,Bà Rịa - Vũng Tàu,754,Phú Mỹ,26716,Tân Phước,Phường,"Phường Tân Phước, Thành phố Phú Mỹ, Tỉnh Bà Rịa - Vũng Tàu"
77,Bà Rịa - Vũng Tàu,754,Phú Mỹ,26731,Tóc Tiên,Xã,"Xã Tóc Tiên, Thành phố Phú Mỹ, Tỉnh Bà Rịa - Vũng Tàu"
77,Bà Rịa - Vũng Tàu,747,Vũng Tàu,26506,1,Phường,"Phường 1, Thành phố Vũng Tàu, Tỉnh Bà Rịa - Vũng Tàu"
77,Bà Rịa - Vũng Tàu,747,Vũng Tàu,26536,10,Phường,"Phường 10, Thành phố Vũng Tàu, Tỉnh Bà Rịa - Vũng Tàu"
77,Bà Rịa - Vũng Tàu,747,Vũng Tàu,26539,11,Phường,"Phường 11, Thành phố Vũng Tàu, Tỉnh Bà Rịa - Vũng Tàu"
77,Bà Rịa - Vũng Tàu,747,Vũng Tàu,26542,12,Phường,"Phường 12, Thành phố Vũng Tàu, Tỉnh Bà Rịa - Vũng Tàu"
77,Bà Rịa - Vũng Tàu,747,Vũng Tàu,26509,2,Phường,"Phường 2, Thành phố Vũng Tàu, Tỉnh Bà Rịa - Vũng Tàu"
77,Bà Rịa - Vũng Tàu,747,Vũng Tàu,26512,3,Phường,"Phường 3, Thành phố Vũng Tàu, Tỉnh Bà Rịa - Vũng Tàu"
77,Bà Rịa - Vũng Tàu,747,Vũng Tàu,26515,4,Phường,"Phường 4, Thành phố Vũng Tàu, Tỉnh Bà Rịa - Vũng Tàu"
77,Bà Rịa - Vũng Tàu,747,Vũng Tàu,26518,5,Phường,"Phường 5, Thành phố Vũng Tàu, Tỉnh Bà Rịa - Vũng Tàu"
77,Bà Rịa - Vũng Tàu,747,Vũng Tàu,26524,7,Phường,"Phường 7, Thành phố Vũng Tàu, Tỉnh Bà Rịa - Vũng Tàu"
77,Bà Rịa - Vũng Tàu,747,Vũng Tàu,26527,8,Phường,"Phường 8, Thành phố Vũng Tàu, Tỉnh Bà Rịa - Vũng Tàu"
77,Bà Rịa - Vũng Tàu,747,Vũng Tàu,26530,9,Phường,"Phường 9, Thành phố Vũng Tàu, Tỉnh Bà Rịa - Vũng Tàu"
77,Bà Rịa - Vũng Tàu,747,Vũng Tàu,26545,Long Sơn,Xã,"Xã Long Sơn, Thành phố Vũng Tàu, Tỉnh Bà Rịa - Vũng Tàu"
77,Bà Rịa - Vũng Tàu,747,Vũng Tàu,26526,Nguyễn An Ninh,Phường,"Phường Nguyễn An Ninh, Thành phố Vũng Tàu, Tỉnh Bà Rịa - Vũng Tàu"
77,Bà Rịa - Vũng Tàu,747,Vũng Tàu,26535,Rạch Dừa,Phường,"Phường Rạch Dừa, Thành phố Vũng Tàu, Tỉnh Bà Rịa - Vũng Tàu"
77,Bà Rịa - Vũng Tàu,747,Vũng Tàu,26533,Thắng Nhất,Phường,"Phường Thắng Nhất, Thành phố Vũng Tàu, Tỉnh Bà Rịa - Vũng Tàu"
77,Bà Rịa - Vũng Tàu,747,Vũng Tàu,26521,Thắng Nhì,Phường,"Phường Thắng Nhì, Thành phố Vũng Tàu, Tỉnh Bà Rịa - Vũng Tàu"
77,Bà Rịa - Vũng Tàu,747,Vũng Tàu,26508,Thắng Tam,Phường,"Phường Thắng Tam, Thành phố Vũng Tàu, Tỉnh Bà Rịa - Vũng Tàu"
77,Bà Rịa - Vũng Tàu,751,Xuyên Mộc,26638,Bàu Lâm,Xã,"Xã Bàu Lâm, Huyện Xuyên Mộc, Tỉnh Bà Rịa - Vũng Tàu"
77,Bà Rịa - Vũng Tàu,751,Xuyên Mộc,26656,Bình Châu,Xã,"Xã Bình Châu, Huyện Xuyên Mộc, Tỉnh Bà Rịa - Vũng Tàu"
77,Bà Rịa - Vũng Tàu,751,Xuyên Mộc,26632,Bông Trang,Xã,"Xã Bông Trang, Huyện Xuyên Mộc, Tỉnh Bà Rịa - Vũng Tàu"
77,Bà Rịa - Vũng Tàu,751,Xuyên Mộc,26653,Bưng Riềng,Xã,"Xã Bưng Riềng, Huyện Xuyên Mộc, Tỉnh Bà Rịa - Vũng Tàu"
77,Bà Rịa - Vũng Tàu,751,Xuyên Mộc,26641,Hòa Bình,Xã,"Xã Hòa Bình, Huyện Xuyên Mộc, Tỉnh Bà Rịa - Vũng Tàu"
77,Bà Rịa - Vũng Tàu,751,Xuyên Mộc,26647,Hòa Hiệp,Xã,"Xã Hòa Hiệp, Huyện Xuyên Mộc, Tỉnh Bà Rịa - Vũng Tàu"
77,Bà Rịa - Vũng Tàu,751,Xuyên Mộc,26650,Hòa Hội,Xã,"Xã Hòa Hội, Huyện Xuyên Mộc, Tỉnh Bà Rịa - Vũng Tàu"
77,Bà Rịa - Vũng Tàu,751,Xuyên Mộc,26644,Hòa Hưng,Xã,"Xã Hòa Hưng, Huyện Xuyên Mộc, Tỉnh Bà Rịa - Vũng Tàu"
77,Bà Rịa - Vũng Tàu,751,Xuyên Mộc,26620,Phước Bửu,Thị trấn,"Thị trấn Phước Bửu, Huyện Xuyên Mộc, Tỉnh Bà Rịa - Vũng Tàu"
77,Bà Rịa - Vũng Tàu,751,Xuyên Mộc,26626,Phước Tân,Xã,"Xã Phước Tân, Huyện Xuyên Mộc, Tỉnh Bà Rịa - Vũng Tàu"
77,Bà Rịa - Vũng Tàu,751,Xuyên Mộc,26623,Phước Thuận,Xã,"Xã Phước Thuận, Huyện Xuyên Mộc, Tỉnh Bà Rịa - Vũng Tàu"
77,Bà Rịa - Vũng Tàu,751,Xuyên Mộc,26635,Tân Lâm,Xã,"Xã Tân Lâm, Huyện Xuyên Mộc, Tỉnh Bà Rịa - Vũng Tàu"
77,Bà Rịa - Vũng Tàu,751,Xuyên Mộc,26629,Xuyên Mộc,Xã,"Xã Xuyên Mộc, Huyện Xuyên Mộc, Tỉnh Bà Rịa - Vũng Tàu"
24,Bắc Giang,213,Bắc Giang,07738,Cảnh Thụy,Phường,"Phường Cảnh Thụy, Thành phố Bắc Giang, Tỉnh Bắc Giang"
24,Bắc Giang,213,Bắc Giang,07231,Dĩnh Kế,Phường,"Phường Dĩnh Kế, Thành phố Bắc Giang, Tỉnh Bắc Giang"
24,Bắc Giang,213,Bắc Giang,07441,Dĩnh Trì,Phường,"Phường Dĩnh Trì, Thành phố Bắc Giang, Tỉnh Bắc Giang"
24,Bắc Giang,213,Bắc Giang,07228,Đa Mai,Phường,"Phường Đa Mai, Thành phố Bắc Giang, Tỉnh Bắc Giang"
24,Bắc Giang,213,Bắc Giang,07750,Đồng Phúc,Xã,"Xã Đồng Phúc, Thành phố Bắc Giang, Tỉnh Bắc Giang"
24,Bắc Giang,213,Bắc Giang,07696,Đồng Sơn,Phường,"Phường Đồng Sơn, Thành phố Bắc Giang, Tỉnh Bắc Giang"
24,Bắc Giang,213,Bắc Giang,07747,Đồng Việt,Xã,"Xã Đồng Việt, Thành phố Bắc Giang, Tỉnh Bắc Giang"
24,Bắc Giang,213,Bắc Giang,07735,Đức Giang,Xã,"Xã Đức Giang, Thành phố Bắc Giang, Tỉnh Bắc Giang"
24,Bắc Giang,213,Bắc Giang,07210,Hoàng Văn Thụ,Phường,"Phường Hoàng Văn Thụ, Thành phố Bắc Giang, Tỉnh Bắc Giang"
24,Bắc Giang,213,Bắc Giang,07690,Hương Gián,Phường,"Phường Hương Gián, Thành phố Bắc Giang, Tỉnh Bắc Giang"
24,Bắc Giang,213,Bắc Giang,07723,Lãng Sơn,Xã,"Xã Lãng Sơn, Thành phố Bắc Giang, Tỉnh Bắc Giang"
24,Bắc Giang,213,Bắc Giang,07216,Mỹ Độ,Phường,"Phường Mỹ Độ, Thành phố Bắc Giang, Tỉnh Bắc Giang"
24,Bắc Giang,213,Bắc Giang,07207,Ngô Quyền,Phường,"Phường Ngô Quyền, Thành phố Bắc Giang, Tỉnh Bắc Giang"
24,Bắc Giang,213,Bắc Giang,07681,Nham Biền,Phường,"Phường Nham Biền, Thành phố Bắc Giang, Tỉnh Bắc Giang"
24,Bắc Giang,213,Bắc Giang,07708,Nội Hoàng,Phường,"Phường Nội Hoàng, Thành phố Bắc Giang, Tỉnh Bắc Giang"
24,Bắc Giang,213,Bắc Giang,07702,Quỳnh Sơn,Xã,"Xã Quỳnh Sơn, Thành phố Bắc Giang, Tỉnh Bắc Giang"
24,Bắc Giang,213,Bắc Giang,07705,Song Khê,Phường,"Phường Song Khê, Thành phố Bắc Giang, Tỉnh Bắc Giang"
24,Bắc Giang,213,Bắc Giang,07222,Song Mai,Phường,"Phường Song Mai, Thành phố Bắc Giang, Tỉnh Bắc Giang"
24,Bắc Giang,213,Bắc Giang,07682,Tân An,Phường,"Phường Tân An, Thành phố Bắc Giang, Tỉnh Bắc Giang"
24,Bắc Giang,213,Bắc Giang,07717,Tân Liễu,Phường,"Phường Tân Liễu, Thành phố Bắc Giang, Tỉnh Bắc Giang"
24,Bắc Giang,213,Bắc Giang,07687,Tân Mỹ,Phường,"Phường Tân Mỹ, Thành phố Bắc Giang, Tỉnh Bắc Giang"
24,Bắc Giang,213,Bắc Giang,07699,Tân Tiến,Phường,"Phường Tân Tiến, Thành phố Bắc Giang, Tỉnh Bắc Giang"
24,Bắc Giang,213,Bắc Giang,07201,Thọ Xương,Phường,"Phường Thọ Xương, Thành phố Bắc Giang, Tỉnh Bắc Giang"
24,Bắc Giang,213,Bắc Giang,07729,Tiến Dũng,Xã,"Xã Tiến Dũng, Thành phố Bắc Giang, Tỉnh Bắc Giang"
24,Bắc Giang,213,Bắc Giang,07711,Tiền Phong,Phường,"Phường Tiền Phong, Thành phố Bắc Giang, Tỉnh Bắc Giang"
24,Bắc Giang,213,Bắc Giang,07213,Trần Phú,Phường,"Phường Trần Phú, Thành phố Bắc Giang, Tỉnh Bắc Giang"
24,Bắc Giang,213,Bắc Giang,07720,Trí Yên,Xã,"Xã Trí Yên, Thành phố Bắc Giang, Tỉnh Bắc Giang"
24,Bắc Giang,213,Bắc Giang,07741,Tư Mại,Xã,"Xã Tư Mại, Thành phố Bắc Giang, Tỉnh Bắc Giang"
24,Bắc Giang,213,Bắc Giang,07714,Xuân Phú,Xã,"Xã Xuân Phú, Thành phố Bắc Giang, Tỉnh Bắc Giang"
24,Bắc Giang,213,Bắc Giang,07225,Xương Giang,Phường,"Phường Xương Giang, Thành phố Bắc Giang, Tỉnh Bắc Giang"
24,Bắc Giang,213,Bắc Giang,07726,Yên Lư,Xã,"Xã Yên Lư, Thành phố Bắc Giang, Tỉnh Bắc Giang"
24,Bắc Giang,224,Chũ,07525,Chũ,Phường,"Phường Chũ, Thị xã Chũ, Tỉnh Bắc Giang"
24,Bắc Giang,224,Chũ,07561,Hồng Giang,Phường,"Phường Hồng Giang, Thị xã Chũ, Tỉnh Bắc Giang"
24,Bắc Giang,224,Chũ,07552,Kiên Lao,Xã,"Xã Kiên Lao, Thị xã Chũ, Tỉnh Bắc Giang"
24,Bắc Giang,224,Chũ,07558,Kiên Thành,Xã,"Xã Kiên Thành, Thị xã Chũ, Tỉnh Bắc Giang"
24,Bắc Giang,224,Chũ,07600,Mỹ An,Xã,"Xã Mỹ An, Thị xã Chũ, Tỉnh Bắc Giang"
24,Bắc Giang,224,Chũ,07603,Nam Dương,Xã,"Xã Nam Dương, Thị xã Chũ, Tỉnh Bắc Giang"
24,Bắc Giang,224,Chũ,07612,Phượng Sơn,Phường,"Phường Phượng Sơn, Thị xã Chũ, Tỉnh Bắc Giang"
24,Bắc Giang,224,Chũ,07576,Quý Sơn,Xã,"Xã Quý Sơn, Thị xã Chũ, Tỉnh Bắc Giang"
24,Bắc Giang,224,Chũ,07549,Thanh Hải,Phường,"Phường Thanh Hải, Thị xã Chũ, Tỉnh Bắc Giang"
24,Bắc Giang,224,Chũ,07579,Trù Hựu,Phường,"Phường Trù Hựu, Thị xã Chũ, Tỉnh Bắc Giang"
24,Bắc Giang,223,Hiệp Hòa,07870,Bắc Lý,Thị trấn,"Thị trấn Bắc Lý, Huyện Hiệp Hòa, Tỉnh Bắc Giang"
24,Bắc Giang,223,Hiệp Hòa,07882,Châu Minh,Xã,"Xã Châu Minh, Huyện Hiệp Hòa, Tỉnh Bắc Giang"
24,Bắc Giang,223,Hiệp Hòa,07861,Danh Thắng,Xã,"Xã Danh Thắng, Huyện Hiệp Hòa, Tỉnh Bắc Giang"
24,Bắc Giang,223,Hiệp Hòa,07867,Đoan Bái,Xã,"Xã Đoan Bái, Huyện Hiệp Hòa, Tỉnh Bắc Giang"
24,Bắc Giang,223,Hiệp Hòa,07879,Đông Lỗ,Xã,"Xã Đông Lỗ, Huyện Hiệp Hòa, Tỉnh Bắc Giang"
24,Bắc Giang,223,Hiệp Hòa,07816,Đồng Tiến,Xã,"Xã Đồng Tiến, Huyện Hiệp Hòa, Tỉnh Bắc Giang"
24,Bắc Giang,223,Hiệp Hòa,07822,Hoàng Vân,Xã,"Xã Hoàng Vân, Huyện Hiệp Hòa, Tỉnh Bắc Giang"
24,Bắc Giang,223,Hiệp Hòa,07858,Hợp Thịnh,Xã,"Xã Hợp Thịnh, Huyện Hiệp Hòa, Tỉnh Bắc Giang"
24,Bắc Giang,223,Hiệp Hòa,07849,Hùng Thái,Xã,"Xã Hùng Thái, Huyện Hiệp Hòa, Tỉnh Bắc Giang"
24,Bắc Giang,223,Hiệp Hòa,07876,Hương Lâm,Xã,"Xã Hương Lâm, Huyện Hiệp Hòa, Tỉnh Bắc Giang"
24,Bắc Giang,223,Hiệp Hòa,07846,Lương Phong,Xã,"Xã Lương Phong, Huyện Hiệp Hòa, Tỉnh Bắc Giang"
24,Bắc Giang,223,Hiệp Hòa,07885,Mai Đình,Xã,"Xã Mai Đình, Huyện Hiệp Hòa, Tỉnh Bắc Giang"
24,Bắc Giang,223,Hiệp Hòa,07864,Mai Trung,Xã,"Xã Mai Trung, Huyện Hiệp Hòa, Tỉnh Bắc Giang"
24,Bắc Giang,223,Hiệp Hòa,07831,Ngọc Sơn,Xã,"Xã Ngọc Sơn, Huyện Hiệp Hòa, Tỉnh Bắc Giang"
24,Bắc Giang,223,Hiệp Hòa,07843,Sơn Thịnh,Xã,"Xã Sơn Thịnh, Huyện Hiệp Hòa, Tỉnh Bắc Giang"
24,Bắc Giang,223,Hiệp Hòa,07840,Thắng,Thị trấn,"Thị trấn Thắng, Huyện Hiệp Hòa, Tỉnh Bắc Giang"
24,Bắc Giang,223,Hiệp Hòa,07855,Thường Thắng,Xã,"Xã Thường Thắng, Huyện Hiệp Hòa, Tỉnh Bắc Giang"
24,Bắc Giang,223,Hiệp Hòa,07825,Toàn Thắng,Xã,"Xã Toàn Thắng, Huyện Hiệp Hòa, Tỉnh Bắc Giang"
24,Bắc Giang,223,Hiệp Hòa,07873,Xuân Cẩm,Xã,"Xã Xuân Cẩm, Huyện Hiệp Hòa, Tỉnh Bắc Giang"
24,Bắc Giang,217,Lạng Giang,07396,An Hà,Xã,"Xã An Hà, Huyện Lạng Giang, Tỉnh Bắc Giang"
24,Bắc Giang,217,Lạng Giang,07408,Dương Đức,Xã,"Xã Dương Đức, Huyện Lạng Giang, Tỉnh Bắc Giang"
24,Bắc Giang,217,Lạng Giang,07435,Đại Lâm,Xã,"Xã Đại Lâm, Huyện Lạng Giang, Tỉnh Bắc Giang"
24,Bắc Giang,217,Lạng Giang,07390,Đào Mỹ,Xã,"Xã Đào Mỹ, Huyện Lạng Giang, Tỉnh Bắc Giang"
24,Bắc Giang,217,Lạng Giang,07405,Hương Lạc,Xã,"Xã Hương Lạc, Huyện Lạng Giang, Tỉnh Bắc Giang"
24,Bắc Giang,217,Lạng Giang,07387,Hương Sơn,Xã,"Xã Hương Sơn, Huyện Lạng Giang, Tỉnh Bắc Giang"
24,Bắc Giang,217,Lạng Giang,07399,Kép,Thị trấn,"Thị trấn Kép, Huyện Lạng Giang, Tỉnh Bắc Giang"
24,Bắc Giang,217,Lạng Giang,07420,Mỹ Thái,Xã,"Xã Mỹ Thái, Huyện Lạng Giang, Tỉnh Bắc Giang"
24,Bắc Giang,217,Lạng Giang,07378,Nghĩa Hòa,Xã,"Xã Nghĩa Hòa, Huyện Lạng Giang, Tỉnh Bắc Giang"
24,Bắc Giang,217,Lạng Giang,07381,Nghĩa Hưng,Xã,"Xã Nghĩa Hưng, Huyện Lạng Giang, Tỉnh Bắc Giang"
24,Bắc Giang,217,Lạng Giang,07384,Quang Thịnh,Xã,"Xã Quang Thịnh, Huyện Lạng Giang, Tỉnh Bắc Giang"
24,Bắc Giang,217,Lạng Giang,07432,Tân Dĩnh,Xã,"Xã Tân Dĩnh, Huyện Lạng Giang, Tỉnh Bắc Giang"
24,Bắc Giang,217,Lạng Giang,07417,Tân Hưng,Xã,"Xã Tân Hưng, Huyện Lạng Giang, Tỉnh Bắc Giang"
24,Bắc Giang,217,Lạng Giang,07411,Tân Thanh,Xã,"Xã Tân Thanh, Huyện Lạng Giang, Tỉnh Bắc Giang"
24,Bắc Giang,217,Lạng Giang,07438,Thái Đào,Xã,"Xã Thái Đào, Huyện Lạng Giang, Tỉnh Bắc Giang"
24,Bắc Giang,217,Lạng Giang,07393,Tiên Lục,Xã,"Xã Tiên Lục, Huyện Lạng Giang, Tỉnh Bắc Giang"
24,Bắc Giang,217,Lạng Giang,07375,Vôi,Thị trấn,"Thị trấn Vôi, Huyện Lạng Giang, Tỉnh Bắc Giang"
24,Bắc Giang,217,Lạng Giang,07429,Xuân Hương,Xã,"Xã Xuân Hương, Huyện Lạng Giang, Tỉnh Bắc Giang"
24,Bắc Giang,217,Lạng Giang,07426,Xương Lâm,Xã,"Xã Xương Lâm, Huyện Lạng Giang, Tỉnh Bắc Giang"
24,Bắc Giang,218,Lục Nam,07513,Bắc Lũng,Xã,"Xã Bắc Lũng, Huyện Lục Nam, Tỉnh Bắc Giang"
24,Bắc Giang,218,Lục Nam,07462,Bảo Đài,Xã,"Xã Bảo Đài, Huyện Lục Nam, Tỉnh Bắc Giang"
24,Bắc Giang,218,Lục Nam,07459,Bảo Sơn,Xã,"Xã Bảo Sơn, Huyện Lục Nam, Tỉnh Bắc Giang"
24,Bắc Giang,218,Lục Nam,07492,Bình Sơn,Xã,"Xã Bình Sơn, Huyện Lục Nam, Tỉnh Bắc Giang"
24,Bắc Giang,218,Lục Nam,07519,Cẩm Lý,Xã,"Xã Cẩm Lý, Huyện Lục Nam, Tỉnh Bắc Giang"
24,Bắc Giang,218,Lục Nam,07480,Chu Điện,Xã,"Xã Chu Điện, Huyện Lục Nam, Tỉnh Bắc Giang"
24,Bắc Giang,218,Lục Nam,07483,Cương Sơn,Xã,"Xã Cương Sơn, Huyện Lục Nam, Tỉnh Bắc Giang"
24,Bắc Giang,218,Lục Nam,07522,Đan Hội,Xã,"Xã Đan Hội, Huyện Lục Nam, Tỉnh Bắc Giang"
24,Bắc Giang,218,Lục Nam,07444,Đồi Ngô,Thị trấn,"Thị trấn Đồi Ngô, Huyện Lục Nam, Tỉnh Bắc Giang"
24,Bắc Giang,218,Lục Nam,07450,Đông Hưng,Xã,"Xã Đông Hưng, Huyện Lục Nam, Tỉnh Bắc Giang"
24,Bắc Giang,218,Lục Nam,07453,Đông Phú,Xã,"Xã Đông Phú, Huyện Lục Nam, Tỉnh Bắc Giang"
24,Bắc Giang,218,Lục Nam,07504,Huyền Sơn,Xã,"Xã Huyền Sơn, Huyện Lục Nam, Tỉnh Bắc Giang"
24,Bắc Giang,218,Lục Nam,07501,Khám Lạng,Xã,"Xã Khám Lạng, Huyện Lục Nam, Tỉnh Bắc Giang"
24,Bắc Giang,218,Lục Nam,07495,Lan Mẫu,Xã,"Xã Lan Mẫu, Huyện Lục Nam, Tỉnh Bắc Giang"
24,Bắc Giang,218,Lục Nam,07510,Lục Sơn,Xã,"Xã Lục Sơn, Huyện Lục Nam, Tỉnh Bắc Giang"
24,Bắc Giang,218,Lục Nam,07486,Nghĩa Phương,Xã,"Xã Nghĩa Phương, Huyện Lục Nam, Tỉnh Bắc Giang"
24,Bắc Giang,218,Lục Nam,07477,Phương Sơn,Thị trấn,"Thị trấn Phương Sơn, Huyện Lục Nam, Tỉnh Bắc Giang"
24,Bắc Giang,218,Lục Nam,07456,Tam Dị,Xã,"Xã Tam Dị, Huyện Lục Nam, Tỉnh Bắc Giang"
24,Bắc Giang,218,Lục Nam,07465,Thanh Lâm,Xã,"Xã Thanh Lâm, Huyện Lục Nam, Tỉnh Bắc Giang"
24,Bắc Giang,218,Lục Nam,07468,Tiên Nha,Xã,"Xã Tiên Nha, Huyện Lục Nam, Tỉnh Bắc Giang"
24,Bắc Giang,218,Lục Nam,07471,Trường Giang,Xã,"Xã Trường Giang, Huyện Lục Nam, Tỉnh Bắc Giang"
24,Bắc Giang,218,Lục Nam,07507,Trường Sơn,Xã,"Xã Trường Sơn, Huyện Lục Nam, Tỉnh Bắc Giang"
24,Bắc Giang,218,Lục Nam,07489,Vô Tranh,Xã,"Xã Vô Tranh, Huyện Lục Nam, Tỉnh Bắc Giang"
24,Bắc Giang,218,Lục Nam,07498,Yên Sơn,Xã,"Xã Yên Sơn, Huyện Lục Nam, Tỉnh Bắc Giang"
24,Bắc Giang,219,Lục Ngạn,07573,Biển Động,Thị trấn,"Thị trấn Biển Động, Huyện Lục Ngạn, Tỉnh Bắc Giang"
24,Bắc Giang,219,Lục Ngạn,07555,Biên Sơn,Xã,"Xã Biên Sơn, Huyện Lục Ngạn, Tỉnh Bắc Giang"
24,Bắc Giang,219,Lục Ngạn,07528,Cấm Sơn,Xã,"Xã Cấm Sơn, Huyện Lục Ngạn, Tỉnh Bắc Giang"
24,Bắc Giang,219,Lục Ngạn,07609,Đèo Gia,Xã,"Xã Đèo Gia, Huyện Lục Ngạn, Tỉnh Bắc Giang"
24,Bắc Giang,219,Lục Ngạn,07591,Đồng Cốc,Xã,"Xã Đồng Cốc, Huyện Lục Ngạn, Tỉnh Bắc Giang"
24,Bắc Giang,219,Lục Ngạn,07570,Giáp Sơn,Xã,"Xã Giáp Sơn, Huyện Lục Ngạn, Tỉnh Bắc Giang"
24,Bắc Giang,219,Lục Ngạn,07543,Hộ Đáp,Xã,"Xã Hộ Đáp, Huyện Lục Ngạn, Tỉnh Bắc Giang"
24,Bắc Giang,219,Lục Ngạn,07564,Kim Sơn,Xã,"Xã Kim Sơn, Huyện Lục Ngạn, Tỉnh Bắc Giang"
24,Bắc Giang,219,Lục Ngạn,07582,Phì Điền,Thị trấn,"Thị trấn Phì Điền, Huyện Lục Ngạn, Tỉnh Bắc Giang"
24,Bắc Giang,219,Lục Ngạn,07534,Phong Minh,Xã,"Xã Phong Minh, Huyện Lục Ngạn, Tỉnh Bắc Giang"
24,Bắc Giang,219,Lục Ngạn,07537,Phong Vân,Xã,"Xã Phong Vân, Huyện Lục Ngạn, Tỉnh Bắc Giang"
24,Bắc Giang,219,Lục Ngạn,07597,Phú Nhuận,Xã,"Xã Phú Nhuận, Huyện Lục Ngạn, Tỉnh Bắc Giang"
24,Bắc Giang,219,Lục Ngạn,07540,Sa Lý,Xã,"Xã Sa Lý, Huyện Lục Ngạn, Tỉnh Bắc Giang"
24,Bắc Giang,219,Lục Ngạn,07546,Sơn Hải,Xã,"Xã Sơn Hải, Huyện Lục Ngạn, Tỉnh Bắc Giang"
24,Bắc Giang,219,Lục Ngạn,07567,Tân Hoa,Xã,"Xã Tân Hoa, Huyện Lục Ngạn, Tỉnh Bắc Giang"
24,Bắc Giang,219,Lục Ngạn,07594,Tân Lập,Xã,"Xã Tân Lập, Huyện Lục Ngạn, Tỉnh Bắc Giang"
24,Bắc Giang,219,Lục Ngạn,07606,Tân Mộc,Xã,"Xã Tân Mộc, Huyện Lục Ngạn, Tỉnh Bắc Giang"
24,Bắc Giang,219,Lục Ngạn,07588,Tân Quang,Xã,"Xã Tân Quang, Huyện Lục Ngạn, Tỉnh Bắc Giang"
24,Bắc Giang,219,Lục Ngạn,07531,Tân Sơn,Xã,"Xã Tân Sơn, Huyện Lục Ngạn, Tỉnh Bắc Giang"
24,Bắc Giang,220,Sơn Động,07660,An Bá,Xã,"Xã An Bá, Huyện Sơn Động, Tỉnh Bắc Giang"
24,Bắc Giang,220,Sơn Động,07615,An Châu,Thị trấn,"Thị trấn An Châu, Huyện Sơn Động, Tỉnh Bắc Giang"
24,Bắc Giang,220,Sơn Động,07645,An Lạc,Xã,"Xã An Lạc, Huyện Sơn Động, Tỉnh Bắc Giang"
24,Bắc Giang,220,Sơn Động,07642,Cẩm Đàn,Xã,"Xã Cẩm Đàn, Huyện Sơn Động, Tỉnh Bắc Giang"
24,Bắc Giang,220,Sơn Động,07666,Dương Hưu,Xã,"Xã Dương Hưu, Huyện Sơn Động, Tỉnh Bắc Giang"
24,Bắc Giang,220,Sơn Động,07627,Đại Sơn,Xã,"Xã Đại Sơn, Huyện Sơn Động, Tỉnh Bắc Giang"
24,Bắc Giang,220,Sơn Động,07636,Giáo Liêm,Xã,"Xã Giáo Liêm, Huyện Sơn Động, Tỉnh Bắc Giang"
24,Bắc Giang,220,Sơn Động,07624,Hữu Sản,Xã,"Xã Hữu Sản, Huyện Sơn Động, Tỉnh Bắc Giang"
24,Bắc Giang,220,Sơn Động,07654,Lệ Viễn,Xã,"Xã Lệ Viễn, Huyện Sơn Động, Tỉnh Bắc Giang"
24,Bắc Giang,220,Sơn Động,07672,Long Sơn,Xã,"Xã Long Sơn, Huyện Sơn Động, Tỉnh Bắc Giang"
24,Bắc Giang,220,Sơn Động,07630,Phúc Sơn,Xã,"Xã Phúc Sơn, Huyện Sơn Động, Tỉnh Bắc Giang"
24,Bắc Giang,220,Sơn Động,07616,Tây Yên Tử,Thị trấn,"Thị trấn Tây Yên Tử, Huyện Sơn Động, Tỉnh Bắc Giang"
24,Bắc Giang,220,Sơn Động,07678,Thanh Luận,Xã,"Xã Thanh Luận, Huyện Sơn Động, Tỉnh Bắc Giang"
24,Bắc Giang,220,Sơn Động,07663,Tuấn Đạo,Xã,"Xã Tuấn Đạo, Huyện Sơn Động, Tỉnh Bắc Giang"
24,Bắc Giang,220,Sơn Động,07621,Vân Sơn,Xã,"Xã Vân Sơn, Huyện Sơn Động, Tỉnh Bắc Giang"
24,Bắc Giang,220,Sơn Động,07648,Vĩnh An,Xã,"Xã Vĩnh An, Huyện Sơn Động, Tỉnh Bắc Giang"
24,Bắc Giang,220,Sơn Động,07651,Yên Định,Xã,"Xã Yên Định, Huyện Sơn Động, Tỉnh Bắc Giang"
24,Bắc Giang,216,Tân Yên,07321,An Dương,Xã,"Xã An Dương, Huyện Tân Yên, Tỉnh Bắc Giang"
24,Bắc Giang,216,Tân Yên,07339,Cao Thượng,Thị trấn,"Thị trấn Cao Thượng, Huyện Tân Yên, Tỉnh Bắc Giang"
24,Bắc Giang,216,Tân Yên,07336,Cao Xá,Xã,"Xã Cao Xá, Huyện Tân Yên, Tỉnh Bắc Giang"
24,Bắc Giang,216,Tân Yên,07330,Hợp Đức,Xã,"Xã Hợp Đức, Huyện Tân Yên, Tỉnh Bắc Giang"
24,Bắc Giang,216,Tân Yên,07333,Lam Sơn,Xã,"Xã Lam Sơn, Huyện Tân Yên, Tỉnh Bắc Giang"
24,Bắc Giang,216,Tân Yên,07357,Liên Chung,Xã,"Xã Liên Chung, Huyện Tân Yên, Tỉnh Bắc Giang"
24,Bắc Giang,216,Tân Yên,07327,Liên Sơn,Xã,"Xã Liên Sơn, Huyện Tân Yên, Tỉnh Bắc Giang"
24,Bắc Giang,216,Tân Yên,07348,Ngọc Châu,Xã,"Xã Ngọc Châu, Huyện Tân Yên, Tỉnh Bắc Giang"
24,Bắc Giang,216,Tân Yên,07363,Ngọc Lý,Xã,"Xã Ngọc Lý, Huyện Tân Yên, Tỉnh Bắc Giang"
24,Bắc Giang,216,Tân Yên,07360,Ngọc Thiện,Xã,"Xã Ngọc Thiện, Huyện Tân Yên, Tỉnh Bắc Giang"
24,Bắc Giang,216,Tân Yên,07351,Ngọc Vân,Xã,"Xã Ngọc Vân, Huyện Tân Yên, Tỉnh Bắc Giang"
24,Bắc Giang,216,Tân Yên,07306,Nhã Nam,Thị trấn,"Thị trấn Nhã Nam, Huyện Tân Yên, Tỉnh Bắc Giang"
24,Bắc Giang,216,Tân Yên,07324,Phúc Hòa,Xã,"Xã Phúc Hòa, Huyện Tân Yên, Tỉnh Bắc Giang"
24,Bắc Giang,216,Tân Yên,07315,Quang Trung,Xã,"Xã Quang Trung, Huyện Tân Yên, Tỉnh Bắc Giang"
24,Bắc Giang,216,Tân Yên,07366,Quế Nham,Xã,"Xã Quế Nham, Huyện Tân Yên, Tỉnh Bắc Giang"
24,Bắc Giang,216,Tân Yên,07345,Song Vân,Xã,"Xã Song Vân, Huyện Tân Yên, Tỉnh Bắc Giang"
24,Bắc Giang,216,Tân Yên,07309,Tân Trung,Xã,"Xã Tân Trung, Huyện Tân Yên, Tỉnh Bắc Giang"
24,Bắc Giang,216,Tân Yên,07354,Việt Lập,Xã,"Xã Việt Lập, Huyện Tân Yên, Tỉnh Bắc Giang"
24,Bắc Giang,216,Tân Yên,07342,Việt Ngọc,Xã,"Xã Việt Ngọc, Huyện Tân Yên, Tỉnh Bắc Giang"
24,Bắc Giang,222,Thị Xã Việt Yên,07777,Bích Động,Phường,"Phường Bích Động, Thị xã Thị Xã Việt Yên, Tỉnh Bắc Giang"
24,Bắc Giang,222,Thị Xã Việt Yên,07783,Hồng Thái,Phường,"Phường Hồng Thái, Thị xã Thị Xã Việt Yên, Tỉnh Bắc Giang"
24,Bắc Giang,222,Thị Xã Việt Yên,07771,Hương Mai,Xã,"Xã Hương Mai, Thị xã Thị Xã Việt Yên, Tỉnh Bắc Giang"
24,Bắc Giang,222,Thị Xã Việt Yên,07768,Minh Đức,Xã,"Xã Minh Đức, Thị xã Thị Xã Việt Yên, Tỉnh Bắc Giang"
24,Bắc Giang,222,Thị Xã Việt Yên,07795,Nếnh,Phường,"Phường Nếnh, Thị xã Thị Xã Việt Yên, Tỉnh Bắc Giang"
24,Bắc Giang,222,Thị Xã Việt Yên,07765,Nghĩa Trung,Xã,"Xã Nghĩa Trung, Thị xã Thị Xã Việt Yên, Tỉnh Bắc Giang"
24,Bắc Giang,222,Thị Xã Việt Yên,07798,Ninh Sơn,Phường,"Phường Ninh Sơn, Thị xã Thị Xã Việt Yên, Tỉnh Bắc Giang"
24,Bắc Giang,222,Thị Xã Việt Yên,07807,Quang Châu,Phường,"Phường Quang Châu, Thị xã Thị Xã Việt Yên, Tỉnh Bắc Giang"
24,Bắc Giang,222,Thị Xã Việt Yên,07792,Quảng Minh,Phường,"Phường Quảng Minh, Thị xã Thị Xã Việt Yên, Tỉnh Bắc Giang"
24,Bắc Giang,222,Thị Xã Việt Yên,07789,Tăng Tiến,Phường,"Phường Tăng Tiến, Thị xã Thị Xã Việt Yên, Tỉnh Bắc Giang"
24,Bắc Giang,222,Thị Xã Việt Yên,07759,Thượng Lan,Xã,"Xã Thượng Lan, Thị xã Thị Xã Việt Yên, Tỉnh Bắc Giang"
24,Bắc Giang,222,Thị Xã Việt Yên,07786,Tiên Sơn,Xã,"Xã Tiên Sơn, Thị xã Thị Xã Việt Yên, Tỉnh Bắc Giang"
24,Bắc Giang,222,Thị Xã Việt Yên,07780,Trung Sơn,Xã,"Xã Trung Sơn, Thị xã Thị Xã Việt Yên, Tỉnh Bắc Giang"
24,Bắc Giang,222,Thị Xã Việt Yên,07774,Tự Lạn,Phường,"Phường Tự Lạn, Thị xã Thị Xã Việt Yên, Tỉnh Bắc Giang"
24,Bắc Giang,222,Thị Xã Việt Yên,07804,Vân Hà,Xã,"Xã Vân Hà, Thị xã Thị Xã Việt Yên, Tỉnh Bắc Giang"
24,Bắc Giang,222,Thị Xã Việt Yên,07801,Vân Trung,Phường,"Phường Vân Trung, Thị xã Thị Xã Việt Yên, Tỉnh Bắc Giang"
24,Bắc Giang,222,Thị Xã Việt Yên,07762,Việt Tiến,Xã,"Xã Việt Tiến, Thị xã Thị Xã Việt Yên, Tỉnh Bắc Giang"
24,Bắc Giang,215,Yên Thế,07285,An Thượng,Xã,"Xã An Thượng, Huyện Yên Thế, Tỉnh Bắc Giang"
24,Bắc Giang,215,Yên Thế,07294,Bố Hạ,Thị trấn,"Thị trấn Bố Hạ, Huyện Yên Thế, Tỉnh Bắc Giang"
24,Bắc Giang,215,Yên Thế,07246,Canh Nậu,Xã,"Xã Canh Nậu, Huyện Yên Thế, Tỉnh Bắc Giang"
24,Bắc Giang,215,Yên Thế,07258,Đồng Hưu,Xã,"Xã Đồng Hưu, Huyện Yên Thế, Tỉnh Bắc Giang"
24,Bắc Giang,215,Yên Thế,07282,Đồng Kỳ,Xã,"Xã Đồng Kỳ, Huyện Yên Thế, Tỉnh Bắc Giang"
24,Bắc Giang,215,Yên Thế,07270,Đồng Lạc,Xã,"Xã Đồng Lạc, Huyện Yên Thế, Tỉnh Bắc Giang"
24,Bắc Giang,215,Yên Thế,07273,Đông Sơn,Xã,"Xã Đông Sơn, Huyện Yên Thế, Tỉnh Bắc Giang"
24,Bắc Giang,215,Yên Thế,07260,Đồng Tâm,Xã,"Xã Đồng Tâm, Huyện Yên Thế, Tỉnh Bắc Giang"
24,Bắc Giang,215,Yên Thế,07243,Đồng Tiến,Xã,"Xã Đồng Tiến, Huyện Yên Thế, Tỉnh Bắc Giang"
24,Bắc Giang,215,Yên Thế,07255,Đồng Vương,Xã,"Xã Đồng Vương, Huyện Yên Thế, Tỉnh Bắc Giang"
24,Bắc Giang,215,Yên Thế,07279,Hương Vĩ,Xã,"Xã Hương Vĩ, Huyện Yên Thế, Tỉnh Bắc Giang"
24,Bắc Giang,215,Yên Thế,07288,Phồn Xương,Thị trấn,"Thị trấn Phồn Xương, Huyện Yên Thế, Tỉnh Bắc Giang"
24,Bắc Giang,215,Yên Thế,07252,Tam Tiến,Xã,"Xã Tam Tiến, Huyện Yên Thế, Tỉnh Bắc Giang"
24,Bắc Giang,215,Yên Thế,07261,Tân Hiệp,Xã,"Xã Tân Hiệp, Huyện Yên Thế, Tỉnh Bắc Giang"
24,Bắc Giang,215,Yên Thế,07291,Tân Sỏi,Xã,"Xã Tân Sỏi, Huyện Yên Thế, Tỉnh Bắc Giang"
24,Bắc Giang,215,Yên Thế,07264,Tiến Thắng,Xã,"Xã Tiến Thắng, Huyện Yên Thế, Tỉnh Bắc Giang"
24,Bắc Giang,215,Yên Thế,07249,Xuân Lương,Xã,"Xã Xuân Lương, Huyện Yên Thế, Tỉnh Bắc Giang"
06,Bắc Kạn,061,Ba Bể,01891,Bành Trạch,Xã,"Xã Bành Trạch, Huyện Ba Bể, Tỉnh Bắc Kạn"
06,Bắc Kạn,061,Ba Bể,01900,Cao Thượng,Xã,"Xã Cao Thượng, Huyện Ba Bể, Tỉnh Bắc Kạn"
06,Bắc Kạn,061,Ba Bể,01888,Chợ Rã,Thị trấn,"Thị trấn Chợ Rã, Huyện Ba Bể, Tỉnh Bắc Kạn"
06,Bắc Kạn,061,Ba Bể,01921,Chu Hương,Xã,"Xã Chu Hương, Huyện Ba Bể, Tỉnh Bắc Kạn"
06,Bắc Kạn,061,Ba Bể,01915,Địa Linh,Xã,"Xã Địa Linh, Huyện Ba Bể, Tỉnh Bắc Kạn"
06,Bắc Kạn,061,Ba Bể,01933,Đồng Phúc,Xã,"Xã Đồng Phúc, Huyện Ba Bể, Tỉnh Bắc Kạn"
06,Bắc Kạn,061,Ba Bể,01897,Hà Hiệu,Xã,"Xã Hà Hiệu, Huyện Ba Bể, Tỉnh Bắc Kạn"
06,Bắc Kạn,061,Ba Bể,01930,Hoàng Trĩ,Xã,"Xã Hoàng Trĩ, Huyện Ba Bể, Tỉnh Bắc Kạn"
06,Bắc Kạn,061,Ba Bể,01906,Khang Ninh,Xã,"Xã Khang Ninh, Huyện Ba Bể, Tỉnh Bắc Kạn"
06,Bắc Kạn,061,Ba Bể,01927,Mỹ Phương,Xã,"Xã Mỹ Phương, Huyện Ba Bể, Tỉnh Bắc Kạn"
06,Bắc Kạn,061,Ba Bể,01909,Nam Mẫu,Xã,"Xã Nam Mẫu, Huyện Ba Bể, Tỉnh Bắc Kạn"
06,Bắc Kạn,061,Ba Bể,01894,Phúc Lộc,Xã,"Xã Phúc Lộc, Huyện Ba Bể, Tỉnh Bắc Kạn"
06,Bắc Kạn,061,Ba Bể,01924,Quảng Khê,Xã,"Xã Quảng Khê, Huyện Ba Bể, Tỉnh Bắc Kạn"
06,Bắc Kạn,061,Ba Bể,01912,Thượng Giáo,Xã,"Xã Thượng Giáo, Huyện Ba Bể, Tỉnh Bắc Kạn"
06,Bắc Kạn,061,Ba Bể,01918,Yến Dương,Xã,"Xã Yến Dương, Huyện Ba Bể, Tỉnh Bắc Kạn"
06,Bắc Kạn,058,Bắc Kạn,01849,Dương Quang,Xã,"Xã Dương Quang, Thành phố Bắc Kạn, Tỉnh Bắc Kạn"
06,Bắc Kạn,058,Bắc Kạn,01840,Đức Xuân,Phường,"Phường Đức Xuân, Thành phố Bắc Kạn, Tỉnh Bắc Kạn"
06,Bắc Kạn,058,Bắc Kạn,01846,Huyền Tụng,Phường,"Phường Huyền Tụng, Thành phố Bắc Kạn, Tỉnh Bắc Kạn"
06,Bắc Kạn,058,Bắc Kạn,01834,Nguyễn Thị Minh Khai,Phường,"Phường Nguyễn Thị Minh Khai, Thành phố Bắc Kạn, Tỉnh Bắc Kạn"
06,Bắc Kạn,058,Bắc Kạn,01852,Nông Thượng,Xã,"Xã Nông Thượng, Thành phố Bắc Kạn, Tỉnh Bắc Kạn"
06,Bắc Kạn,058,Bắc Kạn,01843,Phùng Chí Kiên,Phường,"Phường Phùng Chí Kiên, Thành phố Bắc Kạn, Tỉnh Bắc Kạn"
06,Bắc Kạn,058,Bắc Kạn,01837,Sông Cầu,Phường,"Phường Sông Cầu, Thành phố Bắc Kạn, Tỉnh Bắc Kạn"
06,Bắc Kạn,058,Bắc Kạn,01855,Xuất Hóa,Phường,"Phường Xuất Hóa, Thành phố Bắc Kạn, Tỉnh Bắc Kạn"
06,Bắc Kạn,063,Bạch Thông,02008,Cẩm Giàng,Xã,"Xã Cẩm Giàng, Huyện Bạch Thông, Tỉnh Bắc Kạn"
06,Bắc Kạn,063,Bạch Thông,02002,Cao Sơn,Xã,"Xã Cao Sơn, Huyện Bạch Thông, Tỉnh Bắc Kạn"
06,Bắc Kạn,063,Bạch Thông,02014,Dương Phong,Xã,"Xã Dương Phong, Huyện Bạch Thông, Tỉnh Bắc Kạn"
06,Bắc Kạn,063,Bạch Thông,01984,Đôn Phong,Xã,"Xã Đôn Phong, Huyện Bạch Thông, Tỉnh Bắc Kạn"
06,Bắc Kạn,063,Bạch Thông,01990,Lục Bình,Xã,"Xã Lục Bình, Huyện Bạch Thông, Tỉnh Bắc Kạn"
06,Bắc Kạn,063,Bạch Thông,02011,Mỹ Thanh,Xã,"Xã Mỹ Thanh, Huyện Bạch Thông, Tỉnh Bắc Kạn"
06,Bắc Kạn,063,Bạch Thông,01999,Nguyên Phúc,Xã,"Xã Nguyên Phúc, Huyện Bạch Thông, Tỉnh Bắc Kạn"
06,Bắc Kạn,063,Bạch Thông,01969,Phủ Thông,Thị trấn,"Thị trấn Phủ Thông, Huyện Bạch Thông, Tỉnh Bắc Kạn"
06,Bắc Kạn,063,Bạch Thông,02005,Quân Hà,Xã,"Xã Quân Hà, Huyện Bạch Thông, Tỉnh Bắc Kạn"
06,Bắc Kạn,063,Bạch Thông,02017,Quang Thuận,Xã,"Xã Quang Thuận, Huyện Bạch Thông, Tỉnh Bắc Kạn"
06,Bắc Kạn,063,Bạch Thông,01978,Sỹ Bình,Xã,"Xã Sỹ Bình, Huyện Bạch Thông, Tỉnh Bắc Kạn"
06,Bắc Kạn,063,Bạch Thông,01993,Tân Tú,Xã,"Xã Tân Tú, Huyện Bạch Thông, Tỉnh Bắc Kạn"
06,Bắc Kạn,063,Bạch Thông,01975,Vi Hương,Xã,"Xã Vi Hương, Huyện Bạch Thông, Tỉnh Bắc Kạn"
06,Bắc Kạn,063,Bạch Thông,01981,Vũ Muộn,Xã,"Xã Vũ Muộn, Huyện Bạch Thông, Tỉnh Bắc Kạn"
06,Bắc Kạn,064,Chợ Đồn,02035,Bản Thi,Xã,"Xã Bản Thi, Huyện Chợ Đồn, Tỉnh Bắc Kạn"
06,Bắc Kạn,064,Chợ Đồn,02065,Bằng Lãng,Xã,"Xã Bằng Lãng, Huyện Chợ Đồn, Tỉnh Bắc Kạn"
06,Bắc Kạn,064,Chợ Đồn,02020,Bằng Lũng,Thị trấn,"Thị trấn Bằng Lũng, Huyện Chợ Đồn, Tỉnh Bắc Kạn"
06,Bắc Kạn,064,Chợ Đồn,02041,Bằng Phúc,Xã,"Xã Bằng Phúc, Huyện Chợ Đồn, Tỉnh Bắc Kạn"
06,Bắc Kạn,064,Chợ Đồn,02080,Bình Trung,Xã,"Xã Bình Trung, Huyện Chợ Đồn, Tỉnh Bắc Kạn"
06,Bắc Kạn,064,Chợ Đồn,02068,Đại Sảo,Xã,"Xã Đại Sảo, Huyện Chợ Đồn, Tỉnh Bắc Kạn"
06,Bắc Kạn,064,Chợ Đồn,02029,Đồng Lạc,Xã,"Xã Đồng Lạc, Huyện Chợ Đồn, Tỉnh Bắc Kạn"
06,Bắc Kạn,064,Chợ Đồn,02059,Đồng Thắng,Xã,"Xã Đồng Thắng, Huyện Chợ Đồn, Tỉnh Bắc Kạn"
06,Bắc Kạn,064,Chợ Đồn,02062,Lương Bằng,Xã,"Xã Lương Bằng, Huyện Chợ Đồn, Tỉnh Bắc Kạn"
06,Bắc Kạn,064,Chợ Đồn,02026,Nam Cường,Xã,"Xã Nam Cường, Huyện Chợ Đồn, Tỉnh Bắc Kạn"
06,Bắc Kạn,064,Chợ Đồn,02071,Nghĩa Tá,Xã,"Xã Nghĩa Tá, Huyện Chợ Đồn, Tỉnh Bắc Kạn"
06,Bắc Kạn,064,Chợ Đồn,02053,Ngọc Phái,Xã,"Xã Ngọc Phái, Huyện Chợ Đồn, Tỉnh Bắc Kạn"
06,Bắc Kạn,064,Chợ Đồn,02050,Phương Viên,Xã,"Xã Phương Viên, Huyện Chợ Đồn, Tỉnh Bắc Kạn"
06,Bắc Kạn,064,Chợ Đồn,02038,Quảng Bạch,Xã,"Xã Quảng Bạch, Huyện Chợ Đồn, Tỉnh Bắc Kạn"
06,Bắc Kạn,064,Chợ Đồn,02032,Tân Lập,Xã,"Xã Tân Lập, Huyện Chợ Đồn, Tỉnh Bắc Kạn"
06,Bắc Kạn,064,Chợ Đồn,02023,Xuân Lạc,Xã,"Xã Xuân Lạc, Huyện Chợ Đồn, Tỉnh Bắc Kạn"
06,Bắc Kạn,064,Chợ Đồn,02077,Yên Mỹ,Xã,"Xã Yên Mỹ, Huyện Chợ Đồn, Tỉnh Bắc Kạn"
06,Bắc Kạn,064,Chợ Đồn,02083,Yên Phong,Xã,"Xã Yên Phong, Huyện Chợ Đồn, Tỉnh Bắc Kạn"
06,Bắc Kạn,064,Chợ Đồn,02044,Yên Thịnh,Xã,"Xã Yên Thịnh, Huyện Chợ Đồn, Tỉnh Bắc Kạn"
06,Bắc Kạn,064,Chợ Đồn,02047,Yên Thượng,Xã,"Xã Yên Thượng, Huyện Chợ Đồn, Tỉnh Bắc Kạn"
06,Bắc Kạn,065,Chợ Mới,02125,Bình Văn,Xã,"Xã Bình Văn, Huyện Chợ Mới, Tỉnh Bắc Kạn"
06,Bắc Kạn,065,Chợ Mới,02104,Cao Kỳ,Xã,"Xã Cao Kỳ, Huyện Chợ Mới, Tỉnh Bắc Kạn"
06,Bắc Kạn,065,Chợ Mới,02086,Đồng Tâm,Thị trấn,"Thị trấn Đồng Tâm, Huyện Chợ Mới, Tỉnh Bắc Kạn"
06,Bắc Kạn,065,Chợ Mới,02098,Hoà Mục,Xã,"Xã Hoà Mục, Huyện Chợ Mới, Tỉnh Bắc Kạn"
06,Bắc Kạn,065,Chợ Mới,02095,Mai Lạp,Xã,"Xã Mai Lạp, Huyện Chợ Mới, Tỉnh Bắc Kạn"
06,Bắc Kạn,065,Chợ Mới,02122,Như Cố,Xã,"Xã Như Cố, Huyện Chợ Mới, Tỉnh Bắc Kạn"
06,Bắc Kạn,065,Chợ Mới,02107,Nông Hạ,Xã,"Xã Nông Hạ, Huyện Chợ Mới, Tỉnh Bắc Kạn"
06,Bắc Kạn,065,Chợ Mới,02131,Quảng Chu,Xã,"Xã Quảng Chu, Huyện Chợ Mới, Tỉnh Bắc Kạn"
06,Bắc Kạn,065,Chợ Mới,02089,Tân Sơn,Xã,"Xã Tân Sơn, Huyện Chợ Mới, Tỉnh Bắc Kạn"
06,Bắc Kạn,065,Chợ Mới,02101,Thanh Mai,Xã,"Xã Thanh Mai, Huyện Chợ Mới, Tỉnh Bắc Kạn"
06,Bắc Kạn,065,Chợ Mới,02113,Thanh Thịnh,Xã,"Xã Thanh Thịnh, Huyện Chợ Mới, Tỉnh Bắc Kạn"
06,Bắc Kạn,065,Chợ Mới,02092,Thanh Vận,Xã,"Xã Thanh Vận, Huyện Chợ Mới, Tỉnh Bắc Kạn"
06,Bắc Kạn,065,Chợ Mới,02110,Yên Cư,Xã,"Xã Yên Cư, Huyện Chợ Mới, Tỉnh Bắc Kạn"
06,Bắc Kạn,065,Chợ Mới,02116,Yên Hân,Xã,"Xã Yên Hân, Huyện Chợ Mới, Tỉnh Bắc Kạn"
06,Bắc Kạn,066,Na Rì,02173,Côn Minh,Xã,"Xã Côn Minh, Huyện Na Rì, Tỉnh Bắc Kạn"
06,Bắc Kạn,066,Na Rì,02176,Cư Lễ,Xã,"Xã Cư Lễ, Huyện Na Rì, Tỉnh Bắc Kạn"
06,Bắc Kạn,066,Na Rì,02152,Cường Lợi,Xã,"Xã Cường Lợi, Huyện Na Rì, Tỉnh Bắc Kạn"
06,Bắc Kạn,066,Na Rì,02188,Dương Sơn,Xã,"Xã Dương Sơn, Huyện Na Rì, Tỉnh Bắc Kạn"
06,Bắc Kạn,066,Na Rì,02194,Đổng Xá,Xã,"Xã Đổng Xá, Huyện Na Rì, Tỉnh Bắc Kạn"
06,Bắc Kạn,066,Na Rì,02146,Kim Hỷ,Xã,"Xã Kim Hỷ, Huyện Na Rì, Tỉnh Bắc Kạn"
06,Bắc Kạn,066,Na Rì,02158,Kim Lư,Xã,"Xã Kim Lư, Huyện Na Rì, Tỉnh Bắc Kạn"
06,Bắc Kạn,066,Na Rì,02197,Liêm Thuỷ,Xã,"Xã Liêm Thuỷ, Huyện Na Rì, Tỉnh Bắc Kạn"
06,Bắc Kạn,066,Na Rì,02143,Lương Thượng,Xã,"Xã Lương Thượng, Huyện Na Rì, Tỉnh Bắc Kạn"
06,Bắc Kạn,066,Na Rì,02185,Quang Phong,Xã,"Xã Quang Phong, Huyện Na Rì, Tỉnh Bắc Kạn"
06,Bắc Kạn,066,Na Rì,02161,Sơn Thành,Xã,"Xã Sơn Thành, Huyện Na Rì, Tỉnh Bắc Kạn"
06,Bắc Kạn,066,Na Rì,02179,Trần Phú,Xã,"Xã Trần Phú, Huyện Na Rì, Tỉnh Bắc Kạn"
06,Bắc Kạn,066,Na Rì,02140,Văn Lang,Xã,"Xã Văn Lang, Huyện Na Rì, Tỉnh Bắc Kạn"
06,Bắc Kạn,066,Na Rì,02170,Văn Minh,Xã,"Xã Văn Minh, Huyện Na Rì, Tỉnh Bắc Kạn"
06,Bắc Kạn,066,Na Rì,02137,Văn Vũ,Xã,"Xã Văn Vũ, Huyện Na Rì, Tỉnh Bắc Kạn"
06,Bắc Kạn,066,Na Rì,02191,Xuân Dương,Xã,"Xã Xuân Dương, Huyện Na Rì, Tỉnh Bắc Kạn"
06,Bắc Kạn,066,Na Rì,02155,Yến Lạc,Thị trấn,"Thị trấn Yến Lạc, Huyện Na Rì, Tỉnh Bắc Kạn"
06,Bắc Kạn,062,Ngân Sơn,01942,Bằng Vân,Xã,"Xã Bằng Vân, Huyện Ngân Sơn, Tỉnh Bắc Kạn"
06,Bắc Kạn,062,Ngân Sơn,01945,Cốc Đán,Xã,"Xã Cốc Đán, Huyện Ngân Sơn, Tỉnh Bắc Kạn"
06,Bắc Kạn,062,Ngân Sơn,01951,Đức Vân,Xã,"Xã Đức Vân, Huyện Ngân Sơn, Tỉnh Bắc Kạn"
06,Bắc Kạn,062,Ngân Sơn,01960,Hiệp Lực,Xã,"Xã Hiệp Lực, Huyện Ngân Sơn, Tỉnh Bắc Kạn"
06,Bắc Kạn,062,Ngân Sơn,01936,Nà Phặc,Thị trấn,"Thị trấn Nà Phặc, Huyện Ngân Sơn, Tỉnh Bắc Kạn"
06,Bắc Kạn,062,Ngân Sơn,01963,Thuần Mang,Xã,"Xã Thuần Mang, Huyện Ngân Sơn, Tỉnh Bắc Kạn"
06,Bắc Kạn,062,Ngân Sơn,01939,Thượng Ân,Xã,"Xã Thượng Ân, Huyện Ngân Sơn, Tỉnh Bắc Kạn"
06,Bắc Kạn,062,Ngân Sơn,01957,Thượng Quan,Xã,"Xã Thượng Quan, Huyện Ngân Sơn, Tỉnh Bắc Kạn"
06,Bắc Kạn,062,Ngân Sơn,01948,Trung Hoà,Xã,"Xã Trung Hoà, Huyện Ngân Sơn, Tỉnh Bắc Kạn"
06,Bắc Kạn,062,Ngân Sơn,01954,Vân Tùng,Thị trấn,"Thị trấn Vân Tùng, Huyện Ngân Sơn, Tỉnh Bắc Kạn"
06,Bắc Kạn,060,Pác Nặm,01876,An Thắng,Xã,"Xã An Thắng, Huyện Pác Nặm, Tỉnh Bắc Kạn"
06,Bắc Kạn,060,Pác Nặm,01858,Bằng Thành,Xã,"Xã Bằng Thành, Huyện Pác Nặm, Tỉnh Bắc Kạn"
06,Bắc Kạn,060,Pác Nặm,01864,Bộc Bố,Xã,"Xã Bộc Bố, Huyện Pác Nặm, Tỉnh Bắc Kạn"
06,Bắc Kạn,060,Pác Nặm,01885,Cao Tân,Xã,"Xã Cao Tân, Huyện Pác Nặm, Tỉnh Bắc Kạn"
06,Bắc Kạn,060,Pác Nặm,01879,Cổ Linh,Xã,"Xã Cổ Linh, Huyện Pác Nặm, Tỉnh Bắc Kạn"
06,Bắc Kạn,060,Pác Nặm,01867,Công Bằng,Xã,"Xã Công Bằng, Huyện Pác Nặm, Tỉnh Bắc Kạn"
06,Bắc Kạn,060,Pác Nặm,01870,Giáo Hiệu,Xã,"Xã Giáo Hiệu, Huyện Pác Nặm, Tỉnh Bắc Kạn"
06,Bắc Kạn,060,Pác Nặm,01882,Nghiên Loan,Xã,"Xã Nghiên Loan, Huyện Pác Nặm, Tỉnh Bắc Kạn"
06,Bắc Kạn,060,Pác Nặm,01861,Nhạn Môn,Xã,"Xã Nhạn Môn, Huyện Pác Nặm, Tỉnh Bắc Kạn"
06,Bắc Kạn,060,Pác Nặm,01873,Xuân La,Xã,"Xã Xuân La, Huyện Pác Nặm, Tỉnh Bắc Kạn"
95,Bạc Liêu,954,Bạc Liêu,31825,1,Phường,"Phường 1, Thành phố Bạc Liêu, Tỉnh Bạc Liêu"
95,Bạc Liêu,954,Bạc Liêu,31813,2,Phường,"Phường 2, Thành phố Bạc Liêu, Tỉnh Bạc Liêu"
95,Bạc Liêu,954,Bạc Liêu,31816,3,Phường,"Phường 3, Thành phố Bạc Liêu, Tỉnh Bạc Liêu"
95,Bạc Liêu,954,Bạc Liêu,31819,5,Phường,"Phường 5, Thành phố Bạc Liêu, Tỉnh Bạc Liêu"
95,Bạc Liêu,954,Bạc Liêu,31822,7,Phường,"Phường 7, Thành phố Bạc Liêu, Tỉnh Bạc Liêu"
95,Bạc Liêu,954,Bạc Liêu,31828,8,Phường,"Phường 8, Thành phố Bạc Liêu, Tỉnh Bạc Liêu"
95,Bạc Liêu,954,Bạc Liêu,31840,Hiệp Thành,Xã,"Xã Hiệp Thành, Thành phố Bạc Liêu, Tỉnh Bạc Liêu"
95,Bạc Liêu,954,Bạc Liêu,31831,Nhà Mát,Phường,"Phường Nhà Mát, Thành phố Bạc Liêu, Tỉnh Bạc Liêu"
95,Bạc Liêu,954,Bạc Liêu,31834,Vĩnh Trạch,Xã,"Xã Vĩnh Trạch, Thành phố Bạc Liêu, Tỉnh Bạc Liêu"
95,Bạc Liêu,954,Bạc Liêu,31837,Vĩnh Trạch Đông,Xã,"Xã Vĩnh Trạch Đông, Thành phố Bạc Liêu, Tỉnh Bạc Liêu"
95,Bạc Liêu,960,Đông Hải,31990,An Phúc,Xã,"Xã An Phúc, Huyện Đông Hải, Tỉnh Bạc Liêu"
95,Bạc Liêu,960,Đông Hải,31987,An Trạch,Xã,"Xã An Trạch, Huyện Đông Hải, Tỉnh Bạc Liêu"
95,Bạc Liêu,960,Đông Hải,31988,An Trạch A,Xã,"Xã An Trạch A, Huyện Đông Hải, Tỉnh Bạc Liêu"
95,Bạc Liêu,960,Đông Hải,31985,Điền Hải,Xã,"Xã Điền Hải, Huyện Đông Hải, Tỉnh Bạc Liêu"
95,Bạc Liêu,960,Đông Hải,31993,Định Thành,Xã,"Xã Định Thành, Huyện Đông Hải, Tỉnh Bạc Liêu"
95,Bạc Liêu,960,Đông Hải,31996,Định Thành A,Xã,"Xã Định Thành A, Huyện Đông Hải, Tỉnh Bạc Liêu"
95,Bạc Liêu,960,Đông Hải,31972,Gành Hào,Thị trấn,"Thị trấn Gành Hào, Huyện Đông Hải, Tỉnh Bạc Liêu"
95,Bạc Liêu,960,Đông Hải,31981,Long Điền,Xã,"Xã Long Điền, Huyện Đông Hải, Tỉnh Bạc Liêu"
95,Bạc Liêu,960,Đông Hải,31975,Long Điền Đông,Xã,"Xã Long Điền Đông, Huyện Đông Hải, Tỉnh Bạc Liêu"
95,Bạc Liêu,960,Đông Hải,31978,Long Điền Đông A,Xã,"Xã Long Điền Đông A, Huyện Đông Hải, Tỉnh Bạc Liêu"
95,Bạc Liêu,960,Đông Hải,31984,Long Điền Tây,Xã,"Xã Long Điền Tây, Huyện Đông Hải, Tỉnh Bạc Liêu"
95,Bạc Liêu,959,Giá Rai,31942,1,Phường,"Phường 1, Thị xã Giá Rai, Tỉnh Bạc Liêu"
95,Bạc Liêu,959,Giá Rai,31945,Hộ Phòng,Phường,"Phường Hộ Phòng, Thị xã Giá Rai, Tỉnh Bạc Liêu"
95,Bạc Liêu,959,Giá Rai,31951,Láng Tròn,Phường,"Phường Láng Tròn, Thị xã Giá Rai, Tỉnh Bạc Liêu"
95,Bạc Liêu,959,Giá Rai,31954,Phong Tân,Xã,"Xã Phong Tân, Thị xã Giá Rai, Tỉnh Bạc Liêu"
95,Bạc Liêu,959,Giá Rai,31960,Phong Thạnh,Xã,"Xã Phong Thạnh, Thị xã Giá Rai, Tỉnh Bạc Liêu"
95,Bạc Liêu,959,Giá Rai,31963,Phong Thạnh A,Xã,"Xã Phong Thạnh A, Thị xã Giá Rai, Tỉnh Bạc Liêu"
95,Bạc Liêu,959,Giá Rai,31948,Phong Thạnh Đông,Xã,"Xã Phong Thạnh Đông, Thị xã Giá Rai, Tỉnh Bạc Liêu"
95,Bạc Liêu,959,Giá Rai,31966,Phong Thạnh Tây,Xã,"Xã Phong Thạnh Tây, Thị xã Giá Rai, Tỉnh Bạc Liêu"
95,Bạc Liêu,959,Giá Rai,31957,Tân Phong,Xã,"Xã Tân Phong, Thị xã Giá Rai, Tỉnh Bạc Liêu"
95,Bạc Liêu,959,Giá Rai,31969,Tân Thạnh,Xã,"Xã Tân Thạnh, Thị xã Giá Rai, Tỉnh Bạc Liêu"
95,Bạc Liêu,961,Hoà Bình,31891,Hòa Bình,Thị trấn,"Thị trấn Hòa Bình, Huyện Hoà Bình, Tỉnh Bạc Liêu"
95,Bạc Liêu,961,Hoà Bình,31915,Minh Diệu,Xã,"Xã Minh Diệu, Huyện Hoà Bình, Tỉnh Bạc Liêu"
95,Bạc Liêu,961,Hoà Bình,31918,Vĩnh Bình,Xã,"Xã Vĩnh Bình, Huyện Hoà Bình, Tỉnh Bạc Liêu"
95,Bạc Liêu,961,Hoà Bình,31927,Vĩnh Hậu,Xã,"Xã Vĩnh Hậu, Huyện Hoà Bình, Tỉnh Bạc Liêu"
95,Bạc Liêu,961,Hoà Bình,31930,Vĩnh Hậu A,Xã,"Xã Vĩnh Hậu A, Huyện Hoà Bình, Tỉnh Bạc Liêu"
95,Bạc Liêu,961,Hoà Bình,31933,Vĩnh Mỹ A,Xã,"Xã Vĩnh Mỹ A, Huyện Hoà Bình, Tỉnh Bạc Liêu"
95,Bạc Liêu,961,Hoà Bình,31924,Vĩnh Mỹ B,Xã,"Xã Vĩnh Mỹ B, Huyện Hoà Bình, Tỉnh Bạc Liêu"
95,Bạc Liêu,961,Hoà Bình,31936,Vĩnh Thịnh,Xã,"Xã Vĩnh Thịnh, Huyện Hoà Bình, Tỉnh Bạc Liêu"
95,Bạc Liêu,956,Hồng Dân,31855,Lộc Ninh,Xã,"Xã Lộc Ninh, Huyện Hồng Dân, Tỉnh Bạc Liêu"
95,Bạc Liêu,956,Hồng Dân,31843,Ngan Dừa,Thị trấn,"Thị trấn Ngan Dừa, Huyện Hồng Dân, Tỉnh Bạc Liêu"
95,Bạc Liêu,956,Hồng Dân,31852,Ninh Hòa,Xã,"Xã Ninh Hòa, Huyện Hồng Dân, Tỉnh Bạc Liêu"
95,Bạc Liêu,956,Hồng Dân,31846,Ninh Quới,Xã,"Xã Ninh Quới, Huyện Hồng Dân, Tỉnh Bạc Liêu"
95,Bạc Liêu,956,Hồng Dân,31849,Ninh Quới A,Xã,"Xã Ninh Quới A, Huyện Hồng Dân, Tỉnh Bạc Liêu"
95,Bạc Liêu,956,Hồng Dân,31864,Ninh Thạnh Lợi,Xã,"Xã Ninh Thạnh Lợi, Huyện Hồng Dân, Tỉnh Bạc Liêu"
95,Bạc Liêu,956,Hồng Dân,31863,Ninh Thạnh Lợi A,Xã,"Xã Ninh Thạnh Lợi A, Huyện Hồng Dân, Tỉnh Bạc Liêu"
95,Bạc Liêu,956,Hồng Dân,31858,Vĩnh Lộc,Xã,"Xã Vĩnh Lộc, Huyện Hồng Dân, Tỉnh Bạc Liêu"
95,Bạc Liêu,956,Hồng Dân,31861,Vĩnh Lộc A,Xã,"Xã Vĩnh Lộc A, Huyện Hồng Dân, Tỉnh Bạc Liêu"
95,Bạc Liêu,957,Phước Long,31879,Hưng Phú,Xã,"Xã Hưng Phú, Huyện Phước Long, Tỉnh Bạc Liêu"
95,Bạc Liêu,957,Phước Long,31885,Phong Thạnh Tây A,Xã,"Xã Phong Thạnh Tây A, Huyện Phước Long, Tỉnh Bạc Liêu"
95,Bạc Liêu,957,Phước Long,31888,Phong Thạnh Tây B,Xã,"Xã Phong Thạnh Tây B, Huyện Phước Long, Tỉnh Bạc Liêu"
95,Bạc Liêu,957,Phước Long,31867,Phước Long,Thị trấn,"Thị trấn Phước Long, Huyện Phước Long, Tỉnh Bạc Liêu"
95,Bạc Liêu,957,Phước Long,31876,Phước Long,Xã,"Xã Phước Long, Huyện Phước Long, Tỉnh Bạc Liêu"
95,Bạc Liêu,957,Phước Long,31870,Vĩnh Phú Đông,Xã,"Xã Vĩnh Phú Đông, Huyện Phước Long, Tỉnh Bạc Liêu"
95,Bạc Liêu,957,Phước Long,31873,Vĩnh Phú Tây,Xã,"Xã Vĩnh Phú Tây, Huyện Phước Long, Tỉnh Bạc Liêu"
95,Bạc Liêu,957,Phước Long,31882,Vĩnh Thanh,Xã,"Xã Vĩnh Thanh, Huyện Phước Long, Tỉnh Bạc Liêu"
95,Bạc Liêu,958,Vĩnh Lợi,31900,Châu Hưng,Thị trấn,"Thị trấn Châu Hưng, Huyện Vĩnh Lợi, Tỉnh Bạc Liêu"
95,Bạc Liêu,958,Vĩnh Lợi,31903,Châu Hưng A,Xã,"Xã Châu Hưng A, Huyện Vĩnh Lợi, Tỉnh Bạc Liêu"
95,Bạc Liêu,958,Vĩnh Lợi,31912,Châu Thới,Xã,"Xã Châu Thới, Huyện Vĩnh Lợi, Tỉnh Bạc Liêu"
95,Bạc Liêu,958,Vĩnh Lợi,31909,Hưng Hội,Xã,"Xã Hưng Hội, Huyện Vĩnh Lợi, Tỉnh Bạc Liêu"
95,Bạc Liêu,958,Vĩnh Lợi,31906,Hưng Thành,Xã,"Xã Hưng Thành, Huyện Vĩnh Lợi, Tỉnh Bạc Liêu"
95,Bạc Liêu,958,Vĩnh Lợi,31921,Long Thạnh,Xã,"Xã Long Thạnh, Huyện Vĩnh Lợi, Tỉnh Bạc Liêu"
95,Bạc Liêu,958,Vĩnh Lợi,31894,Vĩnh Hưng,Xã,"Xã Vĩnh Hưng, Huyện Vĩnh Lợi, Tỉnh Bạc Liêu"
95,Bạc Liêu,958,Vĩnh Lợi,31897,Vĩnh Hưng A,Xã,"Xã Vĩnh Hưng A, Huyện Vĩnh Lợi, Tỉnh Bạc Liêu"
27,Bắc Ninh,256,Bắc Ninh,09181,Đại Phúc,Phường,"Phường Đại Phúc, Thành phố Bắc Ninh, Tỉnh Bắc Ninh"
27,Bắc Ninh,256,Bắc Ninh,09166,Đáp Cầu,Phường,"Phường Đáp Cầu, Thành phố Bắc Ninh, Tỉnh Bắc Ninh"
27,Bắc Ninh,256,Bắc Ninh,09331,Hạp Lĩnh,Phường,"Phường Hạp Lĩnh, Thành phố Bắc Ninh, Tỉnh Bắc Ninh"
27,Bắc Ninh,256,Bắc Ninh,09214,Hòa Long,Phường,"Phường Hòa Long, Thành phố Bắc Ninh, Tỉnh Bắc Ninh"
27,Bắc Ninh,256,Bắc Ninh,09325,Khắc Niệm,Phường,"Phường Khắc Niệm, Thành phố Bắc Ninh, Tỉnh Bắc Ninh"
27,Bắc Ninh,256,Bắc Ninh,09235,Khúc Xuyên,Phường,"Phường Khúc Xuyên, Thành phố Bắc Ninh, Tỉnh Bắc Ninh"
27,Bắc Ninh,256,Bắc Ninh,09256,Kim Chân,Phường,"Phường Kim Chân, Thành phố Bắc Ninh, Tỉnh Bắc Ninh"
27,Bắc Ninh,256,Bắc Ninh,09172,Kinh Bắc,Phường,"Phường Kinh Bắc, Thành phố Bắc Ninh, Tỉnh Bắc Ninh"
27,Bắc Ninh,256,Bắc Ninh,09286,Nam Sơn,Phường,"Phường Nam Sơn, Thành phố Bắc Ninh, Tỉnh Bắc Ninh"
27,Bắc Ninh,256,Bắc Ninh,09244,Phong Khê,Phường,"Phường Phong Khê, Thành phố Bắc Ninh, Tỉnh Bắc Ninh"
27,Bắc Ninh,256,Bắc Ninh,09187,Suối Hoa,Phường,"Phường Suối Hoa, Thành phố Bắc Ninh, Tỉnh Bắc Ninh"
27,Bắc Ninh,256,Bắc Ninh,09169,Thị Cầu,Phường,"Phường Thị Cầu, Thành phố Bắc Ninh, Tỉnh Bắc Ninh"
27,Bắc Ninh,256,Bắc Ninh,09184,Tiền Ninh Vệ,Phường,"Phường Tiền Ninh Vệ, Thành phố Bắc Ninh, Tỉnh Bắc Ninh"
27,Bắc Ninh,256,Bắc Ninh,09226,Vạn An,Phường,"Phường Vạn An, Thành phố Bắc Ninh, Tỉnh Bắc Ninh"
27,Bắc Ninh,256,Bắc Ninh,09271,Vân Dương,Phường,"Phường Vân Dương, Thành phố Bắc Ninh, Tỉnh Bắc Ninh"
27,Bắc Ninh,256,Bắc Ninh,09190,Võ Cường,Phường,"Phường Võ Cường, Thành phố Bắc Ninh, Tỉnh Bắc Ninh"
27,Bắc Ninh,256,Bắc Ninh,09163,Vũ Ninh,Phường,"Phường Vũ Ninh, Thành phố Bắc Ninh, Tỉnh Bắc Ninh"
27,Bắc Ninh,263,Gia Bình,09475,Bình Dương,Xã,"Xã Bình Dương, Huyện Gia Bình, Tỉnh Bắc Ninh"
27,Bắc Ninh,263,Gia Bình,09466,Cao Đức,Xã,"Xã Cao Đức, Huyện Gia Bình, Tỉnh Bắc Ninh"
27,Bắc Ninh,263,Gia Bình,09490,Đại Bái,Xã,"Xã Đại Bái, Huyện Gia Bình, Tỉnh Bắc Ninh"
27,Bắc Ninh,263,Gia Bình,09469,Đại Lai,Xã,"Xã Đại Lai, Huyện Gia Bình, Tỉnh Bắc Ninh"
27,Bắc Ninh,263,Gia Bình,09487,Đông Cứu,Xã,"Xã Đông Cứu, Huyện Gia Bình, Tỉnh Bắc Ninh"
27,Bắc Ninh,263,Gia Bình,09454,Gia Bình,Thị trấn,"Thị trấn Gia Bình, Huyện Gia Bình, Tỉnh Bắc Ninh"
27,Bắc Ninh,263,Gia Bình,09463,Giang Sơn,Xã,"Xã Giang Sơn, Huyện Gia Bình, Tỉnh Bắc Ninh"
27,Bắc Ninh,263,Gia Bình,09478,Lãng Ngâm,Xã,"Xã Lãng Ngâm, Huyện Gia Bình, Tỉnh Bắc Ninh"
27,Bắc Ninh,263,Gia Bình,09481,Nhân Thắng,Thị trấn,"Thị trấn Nhân Thắng, Huyện Gia Bình, Tỉnh Bắc Ninh"
27,Bắc Ninh,263,Gia Bình,09493,Quỳnh Phú,Xã,"Xã Quỳnh Phú, Huyện Gia Bình, Tỉnh Bắc Ninh"
27,Bắc Ninh,263,Gia Bình,09472,Song Giang,Xã,"Xã Song Giang, Huyện Gia Bình, Tỉnh Bắc Ninh"
27,Bắc Ninh,263,Gia Bình,09460,Thái Bảo,Xã,"Xã Thái Bảo, Huyện Gia Bình, Tỉnh Bắc Ninh"
27,Bắc Ninh,263,Gia Bình,09457,Vạn Ninh,Xã,"Xã Vạn Ninh, Huyện Gia Bình, Tỉnh Bắc Ninh"
27,Bắc Ninh,263,Gia Bình,09484,Xuân Lai,Xã,"Xã Xuân Lai, Huyện Gia Bình, Tỉnh Bắc Ninh"
27,Bắc Ninh,264,Lương Tài,09508,An Tập,Xã,"Xã An Tập, Huyện Lương Tài, Tỉnh Bắc Ninh"
27,Bắc Ninh,264,Lương Tài,09499,An Thịnh,Xã,"Xã An Thịnh, Huyện Lương Tài, Tỉnh Bắc Ninh"
27,Bắc Ninh,264,Lương Tài,09529,Bình Định,Xã,"Xã Bình Định, Huyện Lương Tài, Tỉnh Bắc Ninh"
27,Bắc Ninh,264,Lương Tài,09535,Lâm Thao,Xã,"Xã Lâm Thao, Huyện Lương Tài, Tỉnh Bắc Ninh"
27,Bắc Ninh,264,Lương Tài,09505,Phú Hòa,Xã,"Xã Phú Hòa, Huyện Lương Tài, Tỉnh Bắc Ninh"
27,Bắc Ninh,264,Lương Tài,09532,Phú Lương,Xã,"Xã Phú Lương, Huyện Lương Tài, Tỉnh Bắc Ninh"
27,Bắc Ninh,264,Lương Tài,09517,Quang Minh,Xã,"Xã Quang Minh, Huyện Lương Tài, Tỉnh Bắc Ninh"
27,Bắc Ninh,264,Lương Tài,09514,Quảng Phú,Xã,"Xã Quảng Phú, Huyện Lương Tài, Tỉnh Bắc Ninh"
27,Bắc Ninh,264,Lương Tài,09511,Tân Lãng,Xã,"Xã Tân Lãng, Huyện Lương Tài, Tỉnh Bắc Ninh"
27,Bắc Ninh,264,Lương Tài,09496,Thứa,Thị trấn,"Thị trấn Thứa, Huyện Lương Tài, Tỉnh Bắc Ninh"
27,Bắc Ninh,264,Lương Tài,09523,Trung Chính,Xã,"Xã Trung Chính, Huyện Lương Tài, Tỉnh Bắc Ninh"
27,Bắc Ninh,264,Lương Tài,09502,Trung Kênh,Xã,"Xã Trung Kênh, Huyện Lương Tài, Tỉnh Bắc Ninh"
27,Bắc Ninh,259,Quế Võ,09262,Bằng An,Phường,"Phường Bằng An, Thị xã Quế Võ, Tỉnh Bắc Ninh"
27,Bắc Ninh,259,Quế Võ,09295,Bồng Lai,Phường,"Phường Bồng Lai, Thị xã Quế Võ, Tỉnh Bắc Ninh"
27,Bắc Ninh,259,Quế Võ,09298,Cách Bi,Phường,"Phường Cách Bi, Thị xã Quế Võ, Tỉnh Bắc Ninh"
27,Bắc Ninh,259,Quế Võ,09292,Châu Phong,Xã,"Xã Châu Phong, Thị xã Quế Võ, Tỉnh Bắc Ninh"
27,Bắc Ninh,259,Quế Võ,09313,Chi Lăng,Xã,"Xã Chi Lăng, Thị xã Quế Võ, Tỉnh Bắc Ninh"
27,Bắc Ninh,259,Quế Võ,09253,Đại Xuân,Phường,"Phường Đại Xuân, Thị xã Quế Võ, Tỉnh Bắc Ninh"
27,Bắc Ninh,259,Quế Võ,09301,Đào Viên,Xã,"Xã Đào Viên, Thị xã Quế Võ, Tỉnh Bắc Ninh"
27,Bắc Ninh,259,Quế Võ,09310,Đức Long,Xã,"Xã Đức Long, Thị xã Quế Võ, Tỉnh Bắc Ninh"
27,Bắc Ninh,259,Quế Võ,09307,Mộ Đạo,Xã,"Xã Mộ Đạo, Thị xã Quế Võ, Tỉnh Bắc Ninh"
27,Bắc Ninh,259,Quế Võ,09289,Ngọc Xá,Xã,"Xã Ngọc Xá, Thị xã Quế Võ, Tỉnh Bắc Ninh"
27,Bắc Ninh,259,Quế Võ,09259,Nhân Hòa,Phường,"Phường Nhân Hòa, Thị xã Quế Võ, Tỉnh Bắc Ninh"
27,Bắc Ninh,259,Quế Võ,09247,Phố Mới,Phường,"Phường Phố Mới, Thị xã Quế Võ, Tỉnh Bắc Ninh"
27,Bắc Ninh,259,Quế Võ,09277,Phù Lãng,Xã,"Xã Phù Lãng, Thị xã Quế Võ, Tỉnh Bắc Ninh"
27,Bắc Ninh,259,Quế Võ,09274,Phù Lương,Phường,"Phường Phù Lương, Thị xã Quế Võ, Tỉnh Bắc Ninh"
27,Bắc Ninh,259,Quế Võ,09265,Phương Liễu,Phường,"Phường Phương Liễu, Thị xã Quế Võ, Tỉnh Bắc Ninh"
27,Bắc Ninh,259,Quế Võ,09280,Phượng Mao,Phường,"Phường Phượng Mao, Thị xã Quế Võ, Tỉnh Bắc Ninh"
27,Bắc Ninh,259,Quế Võ,09268,Quế Tân,Phường,"Phường Quế Tân, Thị xã Quế Võ, Tỉnh Bắc Ninh"
27,Bắc Ninh,259,Quế Võ,09283,Việt Hùng,Phường,"Phường Việt Hùng, Thị xã Quế Võ, Tỉnh Bắc Ninh"
27,Bắc Ninh,259,Quế Võ,09250,Việt Thống,Xã,"Xã Việt Thống, Thị xã Quế Võ, Tỉnh Bắc Ninh"
27,Bắc Ninh,259,Quế Võ,09304,Yên Giả,Xã,"Xã Yên Giả, Thị xã Quế Võ, Tỉnh Bắc Ninh"
27,Bắc Ninh,262,Thuận Thành,09418,An Bình,Phường,"Phường An Bình, Thị xã Thuận Thành, Tỉnh Bắc Ninh"
27,Bắc Ninh,262,Thuận Thành,09406,Đại Đồng Thành,Xã,"Xã Đại Đồng Thành, Thị xã Thuận Thành, Tỉnh Bắc Ninh"
27,Bắc Ninh,262,Thuận Thành,09415,Đình Tổ,Xã,"Xã Đình Tổ, Thị xã Thuận Thành, Tỉnh Bắc Ninh"
27,Bắc Ninh,262,Thuận Thành,09424,Gia Đông,Phường,"Phường Gia Đông, Thị xã Thuận Thành, Tỉnh Bắc Ninh"
27,Bắc Ninh,262,Thuận Thành,09436,Hà Mãn,Phường,"Phường Hà Mãn, Thị xã Thuận Thành, Tỉnh Bắc Ninh"
27,Bắc Ninh,262,Thuận Thành,09400,Hồ,Phường,"Phường Hồ, Thị xã Thuận Thành, Tỉnh Bắc Ninh"
27,Bắc Ninh,262,Thuận Thành,09403,Hoài Thượng,Xã,"Xã Hoài Thượng, Thị xã Thuận Thành, Tỉnh Bắc Ninh"
27,Bắc Ninh,262,Thuận Thành,09409,Mão Điền,Xã,"Xã Mão Điền, Thị xã Thuận Thành, Tỉnh Bắc Ninh"
27,Bắc Ninh,262,Thuận Thành,09448,Nghĩa Đạo,Xã,"Xã Nghĩa Đạo, Thị xã Thuận Thành, Tỉnh Bắc Ninh"
27,Bắc Ninh,262,Thuận Thành,09439,Ngũ Thái,Xã,"Xã Ngũ Thái, Thị xã Thuận Thành, Tỉnh Bắc Ninh"
27,Bắc Ninh,262,Thuận Thành,09442,Nguyệt Đức,Xã,"Xã Nguyệt Đức, Thị xã Thuận Thành, Tỉnh Bắc Ninh"
27,Bắc Ninh,262,Thuận Thành,09445,Ninh Xá,Phường,"Phường Ninh Xá, Thị xã Thuận Thành, Tỉnh Bắc Ninh"
27,Bắc Ninh,262,Thuận Thành,09412,Song Hồ,Phường,"Phường Song Hồ, Thị xã Thuận Thành, Tỉnh Bắc Ninh"
27,Bắc Ninh,262,Thuận Thành,09451,Song Liễu,Xã,"Xã Song Liễu, Thị xã Thuận Thành, Tỉnh Bắc Ninh"
27,Bắc Ninh,262,Thuận Thành,09427,Thanh Khương,Phường,"Phường Thanh Khương, Thị xã Thuận Thành, Tỉnh Bắc Ninh"
27,Bắc Ninh,262,Thuận Thành,09430,Trạm Lộ,Phường,"Phường Trạm Lộ, Thị xã Thuận Thành, Tỉnh Bắc Ninh"
27,Bắc Ninh,262,Thuận Thành,09421,Trí Quả,Phường,"Phường Trí Quả, Thị xã Thuận Thành, Tỉnh Bắc Ninh"
27,Bắc Ninh,262,Thuận Thành,09433,Xuân Lâm,Phường,"Phường Xuân Lâm, Thị xã Thuận Thành, Tỉnh Bắc Ninh"
27,Bắc Ninh,260,Tiên Du,09364,Cảnh Hưng,Xã,"Xã Cảnh Hưng, Huyện Tiên Du, Tỉnh Bắc Ninh"
27,Bắc Ninh,260,Tiên Du,09355,Đại Đồng,Xã,"Xã Đại Đồng, Huyện Tiên Du, Tỉnh Bắc Ninh"
27,Bắc Ninh,260,Tiên Du,09337,Hiên Vân,Xã,"Xã Hiên Vân, Huyện Tiên Du, Tỉnh Bắc Ninh"
27,Bắc Ninh,260,Tiên Du,09340,Hoàn Sơn,Xã,"Xã Hoàn Sơn, Huyện Tiên Du, Tỉnh Bắc Ninh"
27,Bắc Ninh,260,Tiên Du,09343,Lạc Vệ,Xã,"Xã Lạc Vệ, Huyện Tiên Du, Tỉnh Bắc Ninh"
27,Bắc Ninh,260,Tiên Du,09334,Liên Bão,Xã,"Xã Liên Bão, Huyện Tiên Du, Tỉnh Bắc Ninh"
27,Bắc Ninh,260,Tiên Du,09319,Lim,Thị trấn,"Thị trấn Lim, Huyện Tiên Du, Tỉnh Bắc Ninh"
27,Bắc Ninh,260,Tiên Du,09361,Minh Đạo,Xã,"Xã Minh Đạo, Huyện Tiên Du, Tỉnh Bắc Ninh"
27,Bắc Ninh,260,Tiên Du,09328,Nội Duệ,Xã,"Xã Nội Duệ, Huyện Tiên Du, Tỉnh Bắc Ninh"
27,Bắc Ninh,260,Tiên Du,09349,Phật Tích,Xã,"Xã Phật Tích, Huyện Tiên Du, Tỉnh Bắc Ninh"
27,Bắc Ninh,260,Tiên Du,09322,Phú Lâm,Xã,"Xã Phú Lâm, Huyện Tiên Du, Tỉnh Bắc Ninh"
27,Bắc Ninh,260,Tiên Du,09352,Tân Chi,Xã,"Xã Tân Chi, Huyện Tiên Du, Tỉnh Bắc Ninh"
27,Bắc Ninh,260,Tiên Du,09358,Tri Phương,Xã,"Xã Tri Phương, Huyện Tiên Du, Tỉnh Bắc Ninh"
27,Bắc Ninh,260,Tiên Du,09346,Việt Đoàn,Xã,"Xã Việt Đoàn, Huyện Tiên Du, Tỉnh Bắc Ninh"
27,Bắc Ninh,261,Từ Sơn,09388,Châu Khê,Phường,"Phường Châu Khê, Thành phố Từ Sơn, Tỉnh Bắc Ninh"
27,Bắc Ninh,261,Từ Sơn,09394,Đình Bảng,Phường,"Phường Đình Bảng, Thành phố Từ Sơn, Tỉnh Bắc Ninh"
27,Bắc Ninh,261,Từ Sơn,09382,Đồng Kỵ,Phường,"Phường Đồng Kỵ, Thành phố Từ Sơn, Tỉnh Bắc Ninh"
27,Bắc Ninh,261,Từ Sơn,09367,Đông Ngàn,Phường,"Phường Đông Ngàn, Thành phố Từ Sơn, Tỉnh Bắc Ninh"
27,Bắc Ninh,261,Từ Sơn,09385,Đồng Nguyên,Phường,"Phường Đồng Nguyên, Thành phố Từ Sơn, Tỉnh Bắc Ninh"
27,Bắc Ninh,261,Từ Sơn,09373,Hương Mạc,Phường,"Phường Hương Mạc, Thành phố Từ Sơn, Tỉnh Bắc Ninh"
27,Bắc Ninh,261,Từ Sơn,09397,Phù Chẩn,Phường,"Phường Phù Chẩn, Thành phố Từ Sơn, Tỉnh Bắc Ninh"
27,Bắc Ninh,261,Từ Sơn,09379,Phù Khê,Phường,"Phường Phù Khê, Thành phố Từ Sơn, Tỉnh Bắc Ninh"
27,Bắc Ninh,261,Từ Sơn,09370,Tam Sơn,Phường,"Phường Tam Sơn, Thành phố Từ Sơn, Tỉnh Bắc Ninh"
27,Bắc Ninh,261,Từ Sơn,09391,Tân Hồng,Phường,"Phường Tân Hồng, Thành phố Từ Sơn, Tỉnh Bắc Ninh"
27,Bắc Ninh,261,Từ Sơn,09383,Trang Hạ,Phường,"Phường Trang Hạ, Thành phố Từ Sơn, Tỉnh Bắc Ninh"
27,Bắc Ninh,261,Từ Sơn,09376,Tương Giang,Phường,"Phường Tương Giang, Thành phố Từ Sơn, Tỉnh Bắc Ninh"
27,Bắc Ninh,258,Yên Phong,09193,Chờ,Thị trấn,"Thị trấn Chờ, Huyện Yên Phong, Tỉnh Bắc Ninh"
27,Bắc Ninh,258,Yên Phong,09196,Dũng Liệt,Xã,"Xã Dũng Liệt, Huyện Yên Phong, Tỉnh Bắc Ninh"
27,Bắc Ninh,258,Yên Phong,09229,Đông Phong,Xã,"Xã Đông Phong, Huyện Yên Phong, Tỉnh Bắc Ninh"
27,Bắc Ninh,258,Yên Phong,09241,Đông Thọ,Xã,"Xã Đông Thọ, Huyện Yên Phong, Tỉnh Bắc Ninh"
27,Bắc Ninh,258,Yên Phong,09217,Đông Tiến,Xã,"Xã Đông Tiến, Huyện Yên Phong, Tỉnh Bắc Ninh"
27,Bắc Ninh,258,Yên Phong,09211,Hòa Tiến,Xã,"Xã Hòa Tiến, Huyện Yên Phong, Tỉnh Bắc Ninh"
27,Bắc Ninh,258,Yên Phong,09232,Long Châu,Xã,"Xã Long Châu, Huyện Yên Phong, Tỉnh Bắc Ninh"
27,Bắc Ninh,258,Yên Phong,09199,Tam Đa,Xã,"Xã Tam Đa, Huyện Yên Phong, Tỉnh Bắc Ninh"
27,Bắc Ninh,258,Yên Phong,09202,Tam Giang,Xã,"Xã Tam Giang, Huyện Yên Phong, Tỉnh Bắc Ninh"
27,Bắc Ninh,258,Yên Phong,09208,Thụy Hòa,Xã,"Xã Thụy Hòa, Huyện Yên Phong, Tỉnh Bắc Ninh"
27,Bắc Ninh,258,Yên Phong,09223,Trung Nghĩa,Xã,"Xã Trung Nghĩa, Huyện Yên Phong, Tỉnh Bắc Ninh"
27,Bắc Ninh,258,Yên Phong,09238,Văn Môn,Xã,"Xã Văn Môn, Huyện Yên Phong, Tỉnh Bắc Ninh"
27,Bắc Ninh,258,Yên Phong,09220,Yên Phụ,Xã,"Xã Yên Phụ, Huyện Yên Phong, Tỉnh Bắc Ninh"
27,Bắc Ninh,258,Yên Phong,09205,Yên Trung,Xã,"Xã Yên Trung, Huyện Yên Phong, Tỉnh Bắc Ninh"
83,Bến Tre,836,Ba Tri,29149,An Bình Tây,Xã,"Xã An Bình Tây, Huyện Ba Tri, Tỉnh Bến Tre"
83,Bến Tre,836,Ba Tri,29173,An Đức,Xã,"Xã An Đức, Huyện Ba Tri, Tỉnh Bến Tre"
83,Bến Tre,836,Ba Tri,29161,An Hiệp,Xã,"Xã An Hiệp, Huyện Ba Tri, Tỉnh Bến Tre"
83,Bến Tre,836,Ba Tri,29176,An Hòa Tây,Xã,"Xã An Hòa Tây, Huyện Ba Tri, Tỉnh Bến Tre"
83,Bến Tre,836,Ba Tri,29158,An Ngãi Tây,Xã,"Xã An Ngãi Tây, Huyện Ba Tri, Tỉnh Bến Tre"
83,Bến Tre,836,Ba Tri,29143,An Ngãi Trung,Xã,"Xã An Ngãi Trung, Huyện Ba Tri, Tỉnh Bến Tre"
83,Bến Tre,836,Ba Tri,29128,An Phú Trung,Xã,"Xã An Phú Trung, Huyện Ba Tri, Tỉnh Bến Tre"
83,Bến Tre,836,Ba Tri,29110,Ba Tri,Thị trấn,"Thị trấn Ba Tri, Huyện Ba Tri, Tỉnh Bến Tre"
83,Bến Tre,836,Ba Tri,29125,Bảo Thạnh,Xã,"Xã Bảo Thạnh, Huyện Ba Tri, Tỉnh Bến Tre"
83,Bến Tre,836,Ba Tri,29152,Bảo Thuận,Xã,"Xã Bảo Thuận, Huyện Ba Tri, Tỉnh Bến Tre"
83,Bến Tre,836,Ba Tri,29122,Mỹ Chánh,Xã,"Xã Mỹ Chánh, Huyện Ba Tri, Tỉnh Bến Tre"
83,Bến Tre,836,Ba Tri,29116,Mỹ Hòa,Xã,"Xã Mỹ Hòa, Huyện Ba Tri, Tỉnh Bến Tre"
83,Bến Tre,836,Ba Tri,29134,Mỹ Nhơn,Xã,"Xã Mỹ Nhơn, Huyện Ba Tri, Tỉnh Bến Tre"
83,Bến Tre,836,Ba Tri,29131,Mỹ Thạnh,Xã,"Xã Mỹ Thạnh, Huyện Ba Tri, Tỉnh Bến Tre"
83,Bến Tre,836,Ba Tri,29146,Phú Lễ,Xã,"Xã Phú Lễ, Huyện Ba Tri, Tỉnh Bến Tre"
83,Bến Tre,836,Ba Tri,29137,Phước Ngãi,Xã,"Xã Phước Ngãi, Huyện Ba Tri, Tỉnh Bến Tre"
83,Bến Tre,836,Ba Tri,29155,Tân Hưng,Xã,"Xã Tân Hưng, Huyện Ba Tri, Tỉnh Bến Tre"
83,Bến Tre,836,Ba Tri,29167,Tân Thủy,Xã,"Xã Tân Thủy, Huyện Ba Tri, Tỉnh Bến Tre"
83,Bến Tre,836,Ba Tri,29119,Tân Xuân,Xã,"Xã Tân Xuân, Huyện Ba Tri, Tỉnh Bến Tre"
83,Bến Tre,836,Ba Tri,29179,Tiệm Tôm,Thị trấn,"Thị trấn Tiệm Tôm, Huyện Ba Tri, Tỉnh Bến Tre"
83,Bến Tre,836,Ba Tri,29170,Vĩnh An,Xã,"Xã Vĩnh An, Huyện Ba Tri, Tỉnh Bến Tre"
83,Bến Tre,836,Ba Tri,29164,Vĩnh Hòa,Xã,"Xã Vĩnh Hòa, Huyện Ba Tri, Tỉnh Bến Tre"
83,Bến Tre,829,Bến Tre,28762,6,Phường,"Phường 6, Thành phố Bến Tre, Tỉnh Bến Tre"
83,Bến Tre,829,Bến Tre,28780,7,Phường,"Phường 7, Thành phố Bến Tre, Tỉnh Bến Tre"
83,Bến Tre,829,Bến Tre,28759,8,Phường,"Phường 8, Thành phố Bến Tre, Tỉnh Bến Tre"
83,Bến Tre,829,Bến Tre,28777,An Hội,Phường,"Phường An Hội, Thành phố Bến Tre, Tỉnh Bến Tre"
83,Bến Tre,829,Bến Tre,28789,Bình Phú,Xã,"Xã Bình Phú, Thành phố Bến Tre, Tỉnh Bến Tre"
83,Bến Tre,829,Bến Tre,28792,Mỹ Thạnh An,Xã,"Xã Mỹ Thạnh An, Thành phố Bến Tre, Tỉnh Bến Tre"
83,Bến Tre,829,Bến Tre,28795,Nhơn Thạnh,Xã,"Xã Nhơn Thạnh, Thành phố Bến Tre, Tỉnh Bến Tre"
83,Bến Tre,829,Bến Tre,28786,Phú Hưng,Xã,"Xã Phú Hưng, Thành phố Bến Tre, Tỉnh Bến Tre"
83,Bến Tre,829,Bến Tre,28756,Phú Khương,Phường,"Phường Phú Khương, Thành phố Bến Tre, Tỉnh Bến Tre"
83,Bến Tre,829,Bến Tre,28798,Phú Nhuận,Xã,"Xã Phú Nhuận, Thành phố Bến Tre, Tỉnh Bến Tre"
83,Bến Tre,829,Bến Tre,28757,Phú Tân,Phường,"Phường Phú Tân, Thành phố Bến Tre, Tỉnh Bến Tre"
83,Bến Tre,829,Bến Tre,28783,Sơn Đông,Xã,"Xã Sơn Đông, Thành phố Bến Tre, Tỉnh Bến Tre"
83,Bến Tre,835,Bình Đại,29050,Bình Đại,Thị trấn,"Thị trấn Bình Đại, Huyện Bình Đại, Tỉnh Bến Tre"
83,Bến Tre,835,Bình Đại,29092,Bình Thắng,Xã,"Xã Bình Thắng, Huyện Bình Đại, Tỉnh Bến Tre"
83,Bến Tre,835,Bình Đại,29086,Bình Thới,Xã,"Xã Bình Thới, Huyện Bình Đại, Tỉnh Bến Tre"
83,Bến Tre,835,Bình Đại,29071,Châu Hưng,Xã,"Xã Châu Hưng, Huyện Bình Đại, Tỉnh Bến Tre"
83,Bến Tre,835,Bình Đại,29098,Đại Hòa Lộc,Xã,"Xã Đại Hòa Lộc, Huyện Bình Đại, Tỉnh Bến Tre"
83,Bến Tre,835,Bình Đại,29080,Định Trung,Xã,"Xã Định Trung, Huyện Bình Đại, Tỉnh Bến Tre"
83,Bến Tre,835,Bình Đại,29077,Lộc Thuận,Xã,"Xã Lộc Thuận, Huyện Bình Đại, Tỉnh Bến Tre"
83,Bến Tre,835,Bình Đại,29056,Long Định,Xã,"Xã Long Định, Huyện Bình Đại, Tỉnh Bến Tre"
83,Bến Tre,835,Bình Đại,29059,Long Hòa,Xã,"Xã Long Hòa, Huyện Bình Đại, Tỉnh Bến Tre"
83,Bến Tre,835,Bình Đại,29089,Phú Long,Xã,"Xã Phú Long, Huyện Bình Đại, Tỉnh Bến Tre"
83,Bến Tre,835,Bình Đại,29062,Phú Thuận,Xã,"Xã Phú Thuận, Huyện Bình Đại, Tỉnh Bến Tre"
83,Bến Tre,835,Bình Đại,29053,Tam Hiệp,Xã,"Xã Tam Hiệp, Huyện Bình Đại, Tỉnh Bến Tre"
83,Bến Tre,835,Bình Đại,29104,Thạnh Phước,Xã,"Xã Thạnh Phước, Huyện Bình Đại, Tỉnh Bến Tre"
83,Bến Tre,835,Bình Đại,29095,Thạnh Trị,Xã,"Xã Thạnh Trị, Huyện Bình Đại, Tỉnh Bến Tre"
83,Bến Tre,835,Bình Đại,29083,Thới Lai,Xã,"Xã Thới Lai, Huyện Bình Đại, Tỉnh Bến Tre"
83,Bến Tre,835,Bình Đại,29107,Thới Thuận,Xã,"Xã Thới Thuận, Huyện Bình Đại, Tỉnh Bến Tre"
83,Bến Tre,835,Bình Đại,29101,Thừa Đức,Xã,"Xã Thừa Đức, Huyện Bình Đại, Tỉnh Bến Tre"
83,Bến Tre,835,Bình Đại,29068,Vang Quới Đông,Xã,"Xã Vang Quới Đông, Huyện Bình Đại, Tỉnh Bến Tre"
83,Bến Tre,835,Bình Đại,29065,Vang Quới Tây,Xã,"Xã Vang Quới Tây, Huyện Bình Đại, Tỉnh Bến Tre"
83,Bến Tre,831,Châu Thành,28828,An Phước,Xã,"Xã An Phước, Huyện Châu Thành, Tỉnh Bến Tre"
83,Bến Tre,831,Châu Thành,28810,Châu Thành,Thị trấn,"Thị trấn Châu Thành, Huyện Châu Thành, Tỉnh Bến Tre"
83,Bến Tre,831,Châu Thành,28813,Giao Long,Xã,"Xã Giao Long, Huyện Châu Thành, Tỉnh Bến Tre"
83,Bến Tre,831,Châu Thành,28858,Hữu Định,Xã,"Xã Hữu Định, Huyện Châu Thành, Tỉnh Bến Tre"
83,Bến Tre,831,Châu Thành,28822,Phú Đức,Xã,"Xã Phú Đức, Huyện Châu Thành, Tỉnh Bến Tre"
83,Bến Tre,831,Châu Thành,28819,Phú Túc,Xã,"Xã Phú Túc, Huyện Châu Thành, Tỉnh Bến Tre"
83,Bến Tre,831,Châu Thành,28846,Phước Thạnh,Xã,"Xã Phước Thạnh, Huyện Châu Thành, Tỉnh Bến Tre"
83,Bến Tre,831,Châu Thành,28807,Qưới Sơn,Xã,"Xã Qưới Sơn, Huyện Châu Thành, Tỉnh Bến Tre"
83,Bến Tre,831,Châu Thành,28843,Quới Thành,Xã,"Xã Quới Thành, Huyện Châu Thành, Tỉnh Bến Tre"
83,Bến Tre,831,Châu Thành,28831,Tam Phước,Xã,"Xã Tam Phước, Huyện Châu Thành, Tỉnh Bến Tre"
83,Bến Tre,831,Châu Thành,28840,Tân Phú,Xã,"Xã Tân Phú, Huyện Châu Thành, Tỉnh Bến Tre"
83,Bến Tre,831,Châu Thành,28804,Tân Thạch,Xã,"Xã Tân Thạch, Huyện Châu Thành, Tỉnh Bến Tre"
83,Bến Tre,831,Châu Thành,28834,Thành Triệu,Xã,"Xã Thành Triệu, Huyện Châu Thành, Tỉnh Bến Tre"
83,Bến Tre,831,Châu Thành,28852,Tiên Long,Xã,"Xã Tiên Long, Huyện Châu Thành, Tỉnh Bến Tre"
83,Bến Tre,831,Châu Thành,28861,Tiên Thủy,Thị trấn,"Thị trấn Tiên Thủy, Huyện Châu Thành, Tỉnh Bến Tre"
83,Bến Tre,831,Châu Thành,28855,Tường Đa,Xã,"Xã Tường Đa, Huyện Châu Thành, Tỉnh Bến Tre"
83,Bến Tre,832,Chợ Lách,28870,Chợ Lách,Thị trấn,"Thị trấn Chợ Lách, Huyện Chợ Lách, Tỉnh Bến Tre"
83,Bến Tre,832,Chợ Lách,28882,Hòa Nghĩa,Xã,"Xã Hòa Nghĩa, Huyện Chợ Lách, Tỉnh Bến Tre"
83,Bến Tre,832,Chợ Lách,28900,Hưng Khánh Trung B,Xã,"Xã Hưng Khánh Trung B, Huyện Chợ Lách, Tỉnh Bến Tre"
83,Bến Tre,832,Chợ Lách,28885,Long Thới,Xã,"Xã Long Thới, Huyện Chợ Lách, Tỉnh Bến Tre"
83,Bến Tre,832,Chợ Lách,28873,Phú Phụng,Xã,"Xã Phú Phụng, Huyện Chợ Lách, Tỉnh Bến Tre"
83,Bến Tre,832,Chợ Lách,28888,Phú Sơn,Xã,"Xã Phú Sơn, Huyện Chợ Lách, Tỉnh Bến Tre"
83,Bến Tre,832,Chợ Lách,28876,Sơn Định,Xã,"Xã Sơn Định, Huyện Chợ Lách, Tỉnh Bến Tre"
83,Bến Tre,832,Chợ Lách,28891,Tân Thiềng,Xã,"Xã Tân Thiềng, Huyện Chợ Lách, Tỉnh Bến Tre"
83,Bến Tre,832,Chợ Lách,28879,Vĩnh Bình,Xã,"Xã Vĩnh Bình, Huyện Chợ Lách, Tỉnh Bến Tre"
83,Bến Tre,832,Chợ Lách,28897,Vĩnh Hòa,Xã,"Xã Vĩnh Hòa, Huyện Chợ Lách, Tỉnh Bến Tre"
83,Bến Tre,832,Chợ Lách,28894,Vĩnh Thành,Xã,"Xã Vĩnh Thành, Huyện Chợ Lách, Tỉnh Bến Tre"
83,Bến Tre,834,Giồng Trôm,29017,Bình Hoà,Xã,"Xã Bình Hoà, Huyện Giồng Trôm, Tỉnh Bến Tre"
83,Bến Tre,834,Giồng Trôm,29032,Bình Thành,Xã,"Xã Bình Thành, Huyện Giồng Trôm, Tỉnh Bến Tre"
83,Bến Tre,834,Giồng Trôm,29008,Châu Bình,Xã,"Xã Châu Bình, Huyện Giồng Trôm, Tỉnh Bến Tre"
83,Bến Tre,834,Giồng Trôm,28996,Châu Hòa,Xã,"Xã Châu Hòa, Huyện Giồng Trôm, Tỉnh Bến Tre"
83,Bến Tre,834,Giồng Trôm,28984,Giồng Trôm,Thị trấn,"Thị trấn Giồng Trôm, Huyện Giồng Trôm, Tỉnh Bến Tre"
83,Bến Tre,834,Giồng Trôm,29047,Hưng Lễ,Xã,"Xã Hưng Lễ, Huyện Giồng Trôm, Tỉnh Bến Tre"
83,Bến Tre,834,Giồng Trôm,29044,Hưng Nhượng,Xã,"Xã Hưng Nhượng, Huyện Giồng Trôm, Tỉnh Bến Tre"
83,Bến Tre,834,Giồng Trôm,29023,Hưng Phong,Xã,"Xã Hưng Phong, Huyện Giồng Trôm, Tỉnh Bến Tre"
83,Bến Tre,834,Giồng Trôm,29026,Long Mỹ,Xã,"Xã Long Mỹ, Huyện Giồng Trôm, Tỉnh Bến Tre"
83,Bến Tre,834,Giồng Trôm,28999,Lương Hòa,Xã,"Xã Lương Hòa, Huyện Giồng Trôm, Tỉnh Bến Tre"
83,Bến Tre,834,Giồng Trôm,29005,Lương Phú,Xã,"Xã Lương Phú, Huyện Giồng Trôm, Tỉnh Bến Tre"
83,Bến Tre,834,Giồng Trôm,29002,Lương Quới,Xã,"Xã Lương Quới, Huyện Giồng Trôm, Tỉnh Bến Tre"
83,Bến Tre,834,Giồng Trôm,28993,Mỹ Thạnh,Xã,"Xã Mỹ Thạnh, Huyện Giồng Trôm, Tỉnh Bến Tre"
83,Bến Tre,834,Giồng Trôm,28987,Phong Nẫm,Xã,"Xã Phong Nẫm, Huyện Giồng Trôm, Tỉnh Bến Tre"
83,Bến Tre,834,Giồng Trôm,29020,Phước Long,Xã,"Xã Phước Long, Huyện Giồng Trôm, Tỉnh Bến Tre"
83,Bến Tre,834,Giồng Trôm,29014,Sơn Phú,Xã,"Xã Sơn Phú, Huyện Giồng Trôm, Tỉnh Bến Tre"
83,Bến Tre,834,Giồng Trôm,29029,Tân Hào,Xã,"Xã Tân Hào, Huyện Giồng Trôm, Tỉnh Bến Tre"
83,Bến Tre,834,Giồng Trôm,29038,Tân Lợi Thạnh,Xã,"Xã Tân Lợi Thạnh, Huyện Giồng Trôm, Tỉnh Bến Tre"
83,Bến Tre,834,Giồng Trôm,29035,Tân Thanh,Xã,"Xã Tân Thanh, Huyện Giồng Trôm, Tỉnh Bến Tre"
83,Bến Tre,834,Giồng Trôm,29041,Thạnh Phú Đông,Xã,"Xã Thạnh Phú Đông, Huyện Giồng Trôm, Tỉnh Bến Tre"
83,Bến Tre,834,Giồng Trôm,29011,Thuận Điền,Xã,"Xã Thuận Điền, Huyện Giồng Trôm, Tỉnh Bến Tre"
83,Bến Tre,838,Mỏ Cày Bắc,28924,Hòa Lộc,Xã,"Xã Hòa Lộc, Huyện Mỏ Cày Bắc, Tỉnh Bến Tre"
83,Bến Tre,838,Mỏ Cày Bắc,28901,Hưng Khánh Trung A,Xã,"Xã Hưng Khánh Trung A, Huyện Mỏ Cày Bắc, Tỉnh Bến Tre"
83,Bến Tre,838,Mỏ Cày Bắc,28948,Khánh Thạnh Tân,Xã,"Xã Khánh Thạnh Tân, Huyện Mỏ Cày Bắc, Tỉnh Bến Tre"
83,Bến Tre,838,Mỏ Cày Bắc,28936,Nhuận Phú Tân,Xã,"Xã Nhuận Phú Tân, Huyện Mỏ Cày Bắc, Tỉnh Bến Tre"
83,Bến Tre,838,Mỏ Cày Bắc,28889,Phú Mỹ,Xã,"Xã Phú Mỹ, Huyện Mỏ Cày Bắc, Tỉnh Bến Tre"
83,Bến Tre,838,Mỏ Cày Bắc,28915,Phước Mỹ Trung,Thị trấn,"Thị trấn Phước Mỹ Trung, Huyện Mỏ Cày Bắc, Tỉnh Bến Tre"
83,Bến Tre,838,Mỏ Cày Bắc,28933,Tân Bình,Xã,"Xã Tân Bình, Huyện Mỏ Cày Bắc, Tỉnh Bến Tre"
83,Bến Tre,838,Mỏ Cày Bắc,28912,Tân Phú Tây,Xã,"Xã Tân Phú Tây, Huyện Mỏ Cày Bắc, Tỉnh Bến Tre"
83,Bến Tre,838,Mỏ Cày Bắc,28918,Tân Thành Bình,Xã,"Xã Tân Thành Bình, Huyện Mỏ Cày Bắc, Tỉnh Bến Tre"
83,Bến Tre,838,Mỏ Cày Bắc,28927,Tân Thanh Tây,Xã,"Xã Tân Thanh Tây, Huyện Mỏ Cày Bắc, Tỉnh Bến Tre"
83,Bến Tre,838,Mỏ Cày Bắc,28921,Thành An,Xã,"Xã Thành An, Huyện Mỏ Cày Bắc, Tỉnh Bến Tre"
83,Bến Tre,838,Mỏ Cày Bắc,28909,Thạnh Ngãi,Xã,"Xã Thạnh Ngãi, Huyện Mỏ Cày Bắc, Tỉnh Bến Tre"
83,Bến Tre,838,Mỏ Cày Bắc,28906,Thanh Tân,Xã,"Xã Thanh Tân, Huyện Mỏ Cày Bắc, Tỉnh Bến Tre"
83,Bến Tre,833,Mỏ Cày Nam,28957,An Định,Xã,"Xã An Định, Huyện Mỏ Cày Nam, Tỉnh Bến Tre"
83,Bến Tre,833,Mỏ Cày Nam,28951,An Thạnh,Xã,"Xã An Thạnh, Huyện Mỏ Cày Nam, Tỉnh Bến Tre"
83,Bến Tre,833,Mỏ Cày Nam,28966,An Thới,Xã,"Xã An Thới, Huyện Mỏ Cày Nam, Tỉnh Bến Tre"
83,Bến Tre,833,Mỏ Cày Nam,28945,Bình Khánh,Xã,"Xã Bình Khánh , Huyện Mỏ Cày Nam, Tỉnh Bến Tre"
83,Bến Tre,833,Mỏ Cày Nam,28978,Cẩm Sơn,Xã,"Xã Cẩm Sơn, Huyện Mỏ Cày Nam, Tỉnh Bến Tre"
83,Bến Tre,833,Mỏ Cày Nam,28939,Đa Phước Hội,Xã,"Xã Đa Phước Hội, Huyện Mỏ Cày Nam, Tỉnh Bến Tre"
83,Bến Tre,833,Mỏ Cày Nam,28930,Định Thủy,Xã,"Xã Định Thủy, Huyện Mỏ Cày Nam, Tỉnh Bến Tre"
83,Bến Tre,833,Mỏ Cày Nam,28981,Hương Mỹ,Xã,"Xã Hương Mỹ, Huyện Mỏ Cày Nam, Tỉnh Bến Tre"
83,Bến Tre,833,Mỏ Cày Nam,28972,Minh Đức,Xã,"Xã Minh Đức, Huyện Mỏ Cày Nam, Tỉnh Bến Tre"
83,Bến Tre,833,Mỏ Cày Nam,28903,Mỏ Cày,Thị trấn,"Thị trấn Mỏ Cày, Huyện Mỏ Cày Nam, Tỉnh Bến Tre"
83,Bến Tre,833,Mỏ Cày Nam,28975,Ngãi Đăng,Xã,"Xã Ngãi Đăng, Huyện Mỏ Cày Nam, Tỉnh Bến Tre"
83,Bến Tre,833,Mỏ Cày Nam,28942,Phước Hiệp,Xã,"Xã Phước Hiệp, Huyện Mỏ Cày Nam, Tỉnh Bến Tre"
83,Bến Tre,833,Mỏ Cày Nam,28940,Tân Hội,Xã,"Xã Tân Hội, Huyện Mỏ Cày Nam, Tỉnh Bến Tre"
83,Bến Tre,833,Mỏ Cày Nam,28963,Tân Trung,Xã,"Xã Tân Trung, Huyện Mỏ Cày Nam, Tỉnh Bến Tre"
83,Bến Tre,833,Mỏ Cày Nam,28969,Thành Thới A,Xã,"Xã Thành Thới A, Huyện Mỏ Cày Nam, Tỉnh Bến Tre"
83,Bến Tre,833,Mỏ Cày Nam,28960,Thành Thới B,Xã,"Xã Thành Thới B, Huyện Mỏ Cày Nam, Tỉnh Bến Tre"
83,Bến Tre,837,Thạnh Phú,29209,An Điền,Xã,"Xã An Điền, Huyện Thạnh Phú, Tỉnh Bến Tre"
83,Bến Tre,837,Thạnh Phú,29224,An Nhơn,Xã,"Xã An Nhơn, Huyện Thạnh Phú, Tỉnh Bến Tre"
83,Bến Tre,837,Thạnh Phú,29218,An Quy,Xã,"Xã An Quy, Huyện Thạnh Phú, Tỉnh Bến Tre"
83,Bến Tre,837,Thạnh Phú,29200,An Thạnh,Xã,"Xã An Thạnh, Huyện Thạnh Phú, Tỉnh Bến Tre"
83,Bến Tre,837,Thạnh Phú,29215,An Thuận,Xã,"Xã An Thuận, Huyện Thạnh Phú, Tỉnh Bến Tre"
83,Bến Tre,837,Thạnh Phú,29212,Bình Thạnh,Xã,"Xã Bình Thạnh, Huyện Thạnh Phú, Tỉnh Bến Tre"
83,Bến Tre,837,Thạnh Phú,29188,Đại Điền,Xã,"Xã Đại Điền, Huyện Thạnh Phú, Tỉnh Bến Tre"
83,Bến Tre,837,Thạnh Phú,29227,Giao Thạnh,Xã,"Xã Giao Thạnh, Huyện Thạnh Phú, Tỉnh Bến Tre"
83,Bến Tre,837,Thạnh Phú,29206,Hòa Lợi,Xã,"Xã Hòa Lợi, Huyện Thạnh Phú, Tỉnh Bến Tre"
83,Bến Tre,837,Thạnh Phú,29233,Mỹ An,Xã,"Xã Mỹ An, Huyện Thạnh Phú, Tỉnh Bến Tre"
83,Bến Tre,837,Thạnh Phú,29197,Mỹ Hưng,Xã,"Xã Mỹ Hưng, Huyện Thạnh Phú, Tỉnh Bến Tre"
83,Bến Tre,837,Thạnh Phú,29185,Phú Khánh,Xã,"Xã Phú Khánh, Huyện Thạnh Phú, Tỉnh Bến Tre"
83,Bến Tre,837,Thạnh Phú,29191,Quới Điền,Xã,"Xã Quới Điền, Huyện Thạnh Phú, Tỉnh Bến Tre"
83,Bến Tre,837,Thạnh Phú,29194,Tân Phong,Xã,"Xã Tân Phong, Huyện Thạnh Phú, Tỉnh Bến Tre"
83,Bến Tre,837,Thạnh Phú,29221,Thạnh Hải,Xã,"Xã Thạnh Hải, Huyện Thạnh Phú, Tỉnh Bến Tre"
83,Bến Tre,837,Thạnh Phú,29230,Thạnh Phong,Xã,"Xã Thạnh Phong, Huyện Thạnh Phú, Tỉnh Bến Tre"
83,Bến Tre,837,Thạnh Phú,29182,Thạnh Phú,Thị trấn,"Thị trấn Thạnh Phú, Huyện Thạnh Phú, Tỉnh Bến Tre"
83,Bến Tre,837,Thạnh Phú,29203,Thới Thạnh,Xã,"Xã Thới Thạnh, Huyện Thạnh Phú, Tỉnh Bến Tre"
74,Bình Dương,726,Bắc Tân Uyên,25897,Bình Mỹ,Xã,"Xã Bình Mỹ, Huyện Bắc Tân Uyên, Tỉnh Bình Dương"
74,Bình Dương,726,Bắc Tân Uyên,25907,Đất Cuốc,Xã,"Xã Đất Cuốc, Huyện Bắc Tân Uyên, Tỉnh Bình Dương"
74,Bình Dương,726,Bắc Tân Uyên,25908,Hiếu Liêm,Xã,"Xã Hiếu Liêm, Huyện Bắc Tân Uyên, Tỉnh Bình Dương"
74,Bình Dương,726,Bắc Tân Uyên,25909,Lạc An,Xã,"Xã Lạc An, Huyện Bắc Tân Uyên, Tỉnh Bình Dương"
74,Bình Dương,726,Bắc Tân Uyên,25900,Tân Bình,Thị trấn,"Thị trấn Tân Bình, Huyện Bắc Tân Uyên, Tỉnh Bình Dương"
74,Bình Dương,726,Bắc Tân Uyên,25894,Tân Định,Xã,"Xã Tân Định, Huyện Bắc Tân Uyên, Tỉnh Bình Dương"
74,Bình Dương,726,Bắc Tân Uyên,25903,Tân Lập,Xã,"Xã Tân Lập, Huyện Bắc Tân Uyên, Tỉnh Bình Dương"
74,Bình Dương,726,Bắc Tân Uyên,25918,Tân Mỹ,Xã,"Xã Tân Mỹ, Huyện Bắc Tân Uyên, Tỉnh Bình Dương"
74,Bình Dương,726,Bắc Tân Uyên,25906,Tân Thành,Thị trấn,"Thị trấn Tân Thành, Huyện Bắc Tân Uyên, Tỉnh Bình Dương"
74,Bình Dương,726,Bắc Tân Uyên,25927,Thường Tân,Xã,"Xã Thường Tân, Huyện Bắc Tân Uyên, Tỉnh Bình Dương"
74,Bình Dương,719,Bàu Bàng,25819,Cây Trường II,Xã,"Xã Cây Trường II, Huyện Bàu Bàng, Tỉnh Bình Dương"
74,Bình Dương,719,Bàu Bàng,25831,Hưng Hòa,Xã,"Xã Hưng Hòa, Huyện Bàu Bàng, Tỉnh Bình Dương"
74,Bình Dương,719,Bàu Bàng,25834,Lai Hưng,Xã,"Xã Lai Hưng, Huyện Bàu Bàng, Tỉnh Bình Dương"
74,Bình Dương,719,Bàu Bàng,25822,Lai Uyên,Thị trấn,"Thị trấn Lai Uyên, Huyện Bàu Bàng, Tỉnh Bình Dương"
74,Bình Dương,719,Bàu Bàng,25828,Long Nguyên,Xã,"Xã Long Nguyên, Huyện Bàu Bàng, Tỉnh Bình Dương"
74,Bình Dương,719,Bàu Bàng,25825,Tân Hưng,Xã,"Xã Tân Hưng, Huyện Bàu Bàng, Tỉnh Bình Dương"
74,Bình Dương,719,Bàu Bàng,25816,Trừ Văn Thố,Xã,"Xã Trừ Văn Thố, Huyện Bàu Bàng, Tỉnh Bình Dương"
74,Bình Dương,721,Bến Cát,25840,An Điền,Phường,"Phường An Điền, Thành phố Bến Cát, Tỉnh Bình Dương"
74,Bình Dương,721,Bến Cát,25843,An Tây,Phường,"Phường An Tây, Thành phố Bến Cát, Tỉnh Bình Dương"
74,Bình Dương,721,Bến Cát,25837,Chánh Phú Hòa,Phường,"Phường Chánh Phú Hòa, Thành phố Bến Cát, Tỉnh Bình Dương"
74,Bình Dương,721,Bến Cát,25849,Hòa Lợi,Phường,"Phường Hòa Lợi, Thành phố Bến Cát, Tỉnh Bình Dương"
74,Bình Dương,721,Bến Cát,25813,Mỹ Phước,Phường,"Phường Mỹ Phước, Thành phố Bến Cát, Tỉnh Bình Dương"
74,Bình Dương,721,Bến Cát,25855,Phú An,Xã,"Xã Phú An, Thành phố Bến Cát, Tỉnh Bình Dương"
74,Bình Dương,721,Bến Cát,25852,Tân Định,Phường,"Phường Tân Định, Thành phố Bến Cát, Tỉnh Bình Dương"
74,Bình Dương,721,Bến Cát,25846,Thới Hòa,Phường,"Phường Thới Hòa, Thành phố Bến Cát, Tỉnh Bình Dương"
74,Bình Dương,720,Dầu Tiếng,25801,An Lập,Xã,"Xã An Lập, Huyện Dầu Tiếng, Tỉnh Bình Dương"
74,Bình Dương,720,Dầu Tiếng,25777,Dầu Tiếng,Thị trấn,"Thị trấn Dầu Tiếng, Huyện Dầu Tiếng, Tỉnh Bình Dương"
74,Bình Dương,720,Dầu Tiếng,25789,Định An,Xã,"Xã Định An, Huyện Dầu Tiếng, Tỉnh Bình Dương"
74,Bình Dương,720,Dầu Tiếng,25798,Định Hiệp,Xã,"Xã Định Hiệp, Huyện Dầu Tiếng, Tỉnh Bình Dương"
74,Bình Dương,720,Dầu Tiếng,25795,Định Thành,Xã,"Xã Định Thành, Huyện Dầu Tiếng, Tỉnh Bình Dương"
74,Bình Dương,720,Dầu Tiếng,25792,Long Hoà,Xã,"Xã Long Hoà, Huyện Dầu Tiếng, Tỉnh Bình Dương"
74,Bình Dương,720,Dầu Tiếng,25804,Long Tân,Xã,"Xã Long Tân, Huyện Dầu Tiếng, Tỉnh Bình Dương"
74,Bình Dương,720,Dầu Tiếng,25780,Minh Hoà,Xã,"Xã Minh Hoà, Huyện Dầu Tiếng, Tỉnh Bình Dương"
74,Bình Dương,720,Dầu Tiếng,25786,Minh Tân,Xã,"Xã Minh Tân, Huyện Dầu Tiếng, Tỉnh Bình Dương"
74,Bình Dương,720,Dầu Tiếng,25783,Minh Thạnh,Xã,"Xã Minh Thạnh, Huyện Dầu Tiếng, Tỉnh Bình Dương"
74,Bình Dương,720,Dầu Tiếng,25807,Thanh An,Xã,"Xã Thanh An, Huyện Dầu Tiếng, Tỉnh Bình Dương"
74,Bình Dương,720,Dầu Tiếng,25810,Thanh Tuyền,Xã,"Xã Thanh Tuyền, Huyện Dầu Tiếng, Tỉnh Bình Dương"
74,Bình Dương,724,Dĩ An,25960,An Bình,Phường,"Phường An Bình, Thành phố Dĩ An, Tỉnh Bình Dương"
74,Bình Dương,724,Dĩ An,25951,Bình An,Phường,"Phường Bình An, Thành phố Dĩ An, Tỉnh Bình Dương"
74,Bình Dương,724,Dĩ An,25954,Bình Thắng,Phường,"Phường Bình Thắng, Thành phố Dĩ An, Tỉnh Bình Dương"
74,Bình Dương,724,Dĩ An,25942,Dĩ An,Phường,"Phường Dĩ An, Thành phố Dĩ An, Tỉnh Bình Dương"
74,Bình Dương,724,Dĩ An,25957,Đông Hòa,Phường,"Phường Đông Hòa, Thành phố Dĩ An, Tỉnh Bình Dương"
74,Bình Dương,724,Dĩ An,25945,Tân Bình,Phường,"Phường Tân Bình, Thành phố Dĩ An, Tỉnh Bình Dương"
74,Bình Dương,724,Dĩ An,25948,Tân Đông Hiệp,Phường,"Phường Tân Đông Hiệp, Thành phố Dĩ An, Tỉnh Bình Dương"
74,Bình Dương,722,Phú Giáo,25870,An Bình,Xã,"Xã An Bình, Huyện Phú Giáo, Tỉnh Bình Dương"
74,Bình Dương,722,Phú Giáo,25861,An Linh,Xã,"Xã An Linh, Huyện Phú Giáo, Tỉnh Bình Dương"
74,Bình Dương,722,Phú Giáo,25867,An Long,Xã,"Xã An Long, Huyện Phú Giáo, Tỉnh Bình Dương"
74,Bình Dương,722,Phú Giáo,25865,An Thái,Xã,"Xã An Thái, Huyện Phú Giáo, Tỉnh Bình Dương"
74,Bình Dương,722,Phú Giáo,25885,Phước Hoà,Xã,"Xã Phước Hoà, Huyện Phú Giáo, Tỉnh Bình Dương"
74,Bình Dương,722,Phú Giáo,25864,Phước Sang,Xã,"Xã Phước Sang, Huyện Phú Giáo, Tỉnh Bình Dương"
74,Bình Dương,722,Phú Giáo,25858,Phước Vĩnh,Thị trấn,"Thị trấn Phước Vĩnh, Huyện Phú Giáo, Tỉnh Bình Dương"
74,Bình Dương,722,Phú Giáo,25876,Tam Lập,Xã,"Xã Tam Lập, Huyện Phú Giáo, Tỉnh Bình Dương"
74,Bình Dương,722,Phú Giáo,25873,Tân Hiệp,Xã,"Xã Tân Hiệp, Huyện Phú Giáo, Tỉnh Bình Dương"
74,Bình Dương,722,Phú Giáo,25879,Tân Long,Xã,"Xã Tân Long, Huyện Phú Giáo, Tỉnh Bình Dương"
74,Bình Dương,722,Phú Giáo,25882,Vĩnh Hoà,Xã,"Xã Vĩnh Hoà, Huyện Phú Giáo, Tỉnh Bình Dương"
74,Bình Dương,723,Tân Uyên,25930,Bạch Đằng,Xã,"Xã Bạch Đằng, Thành phố Tân Uyên, Tỉnh Bình Dương"
74,Bình Dương,723,Tân Uyên,25915,Hội Nghĩa,Phường,"Phường Hội Nghĩa, Thành phố Tân Uyên, Tỉnh Bình Dương"
74,Bình Dương,723,Tân Uyên,25921,Khánh Bình,Phường,"Phường Khánh Bình, Thành phố Tân Uyên, Tỉnh Bình Dương"
74,Bình Dương,723,Tân Uyên,25924,Phú Chánh,Phường,"Phường Phú Chánh, Thành phố Tân Uyên, Tỉnh Bình Dương"
74,Bình Dương,723,Tân Uyên,25920,Tân Hiệp,Phường,"Phường Tân Hiệp, Thành phố Tân Uyên, Tỉnh Bình Dương"
74,Bình Dương,723,Tân Uyên,25891,Tân Phước Khánh,Phường,"Phường Tân Phước Khánh, Thành phố Tân Uyên, Tỉnh Bình Dương"
74,Bình Dương,723,Tân Uyên,25933,Tân Vĩnh Hiệp,Phường,"Phường Tân Vĩnh Hiệp, Thành phố Tân Uyên, Tỉnh Bình Dương"
74,Bình Dương,723,Tân Uyên,25939,Thái Hòa,Phường,"Phường Thái Hòa, Thành phố Tân Uyên, Tỉnh Bình Dương"
74,Bình Dương,723,Tân Uyên,25937,Thạnh Hội,Xã,"Xã Thạnh Hội, Thành phố Tân Uyên, Tỉnh Bình Dương"
74,Bình Dương,723,Tân Uyên,25936,Thạnh Phước,Phường,"Phường Thạnh Phước, Thành phố Tân Uyên, Tỉnh Bình Dương"
74,Bình Dương,723,Tân Uyên,25888,Uyên Hưng,Phường,"Phường Uyên Hưng, Thành phố Tân Uyên, Tỉnh Bình Dương"
74,Bình Dương,723,Tân Uyên,25912,Vĩnh Tân,Phường,"Phường Vĩnh Tân, Thành phố Tân Uyên, Tỉnh Bình Dương"
74,Bình Dương,718,Thủ Dầu Một,25774,Chánh Mỹ,Phường,"Phường Chánh Mỹ, Thành phố Thủ Dầu Một, Tỉnh Bình Dương"
74,Bình Dương,718,Thủ Dầu Một,25756,Chánh Nghĩa,Phường,"Phường Chánh Nghĩa, Thành phố Thủ Dầu Một, Tỉnh Bình Dương"
74,Bình Dương,718,Thủ Dầu Một,25759,Định Hoà,Phường,"Phường Định Hoà, Thành phố Thủ Dầu Một, Tỉnh Bình Dương"
74,Bình Dương,718,Thủ Dầu Một,25768,Hiệp An,Phường,"Phường Hiệp An, Thành phố Thủ Dầu Một, Tỉnh Bình Dương"
74,Bình Dương,718,Thủ Dầu Một,25741,Hiệp Thành,Phường,"Phường Hiệp Thành, Thành phố Thủ Dầu Một, Tỉnh Bình Dương"
74,Bình Dương,718,Thủ Dầu Một,25760,Hoà Phú,Phường,"Phường Hoà Phú, Thành phố Thủ Dầu Một, Tỉnh Bình Dương"
74,Bình Dương,718,Thủ Dầu Một,25747,Phú Cường,Phường,"Phường Phú Cường, Thành phố Thủ Dầu Một, Tỉnh Bình Dương"
74,Bình Dương,718,Thủ Dầu Một,25750,Phú Hòa,Phường,"Phường Phú Hòa, Thành phố Thủ Dầu Một, Tỉnh Bình Dương"
74,Bình Dương,718,Thủ Dầu Một,25744,Phú Lợi,Phường,"Phường Phú Lợi, Thành phố Thủ Dầu Một, Tỉnh Bình Dương"
74,Bình Dương,718,Thủ Dầu Một,25762,Phú Mỹ,Phường,"Phường Phú Mỹ, Thành phố Thủ Dầu Một, Tỉnh Bình Dương"
74,Bình Dương,718,Thủ Dầu Một,25763,Phú Tân,Phường,"Phường Phú Tân, Thành phố Thủ Dầu Một, Tỉnh Bình Dương"
74,Bình Dương,718,Thủ Dầu Một,25753,Phú Thọ,Phường,"Phường Phú Thọ, Thành phố Thủ Dầu Một, Tỉnh Bình Dương"
74,Bình Dương,718,Thủ Dầu Một,25765,Tân An,Phường,"Phường Tân An, Thành phố Thủ Dầu Một, Tỉnh Bình Dương"
74,Bình Dương,718,Thủ Dầu Một,25771,Tương Bình Hiệp,Phường,"Phường Tương Bình Hiệp, Thành phố Thủ Dầu Một, Tỉnh Bình Dương"
74,Bình Dương,725,Thuận An,25975,An Phú,Phường,"Phường An Phú, Thành phố Thuận An, Tỉnh Bình Dương"
74,Bình Dương,725,Thuận An,25981,An Sơn,Xã,"Xã An Sơn, Thành phố Thuận An, Tỉnh Bình Dương"
74,Bình Dương,725,Thuận An,25963,An Thạnh,Phường,"Phường An Thạnh, Thành phố Thuận An, Tỉnh Bình Dương"
74,Bình Dương,725,Thuận An,25969,Bình Chuẩn,Phường,"Phường Bình Chuẩn, Thành phố Thuận An, Tỉnh Bình Dương"
74,Bình Dương,725,Thuận An,25987,Bình Hòa,Phường,"Phường Bình Hòa, Thành phố Thuận An, Tỉnh Bình Dương"
74,Bình Dương,725,Thuận An,25984,Bình Nhâm,Phường,"Phường Bình Nhâm, Thành phố Thuận An, Tỉnh Bình Dương"
74,Bình Dương,725,Thuận An,25978,Hưng Định,Phường,"Phường Hưng Định, Thành phố Thuận An, Tỉnh Bình Dương"
74,Bình Dương,725,Thuận An,25966,Lái Thiêu,Phường,"Phường Lái Thiêu, Thành phố Thuận An, Tỉnh Bình Dương"
74,Bình Dương,725,Thuận An,25972,Thuận Giao,Phường,"Phường Thuận Giao, Thành phố Thuận An, Tỉnh Bình Dương"
74,Bình Dương,725,Thuận An,25990,Vĩnh Phú,Phường,"Phường Vĩnh Phú, Thành phố Thuận An, Tỉnh Bình Dương"
52,Bình Định,542,An Lão,21616,An Dũng,Xã,"Xã An Dũng, Huyện An Lão, Tỉnh Bình Định"
52,Bình Định,542,An Lão,21628,An Hòa,Xã,"Xã An Hòa, Huyện An Lão, Tỉnh Bình Định"
52,Bình Định,542,An Lão,21610,An Hưng,Xã,"Xã An Hưng, Huyện An Lão, Tỉnh Bình Định"
52,Bình Định,542,An Lão,21609,An Lão,Thị trấn,"Thị trấn An Lão, Huyện An Lão, Tỉnh Bình Định"
52,Bình Định,542,An Lão,21634,An Nghĩa,Xã,"Xã An Nghĩa, Huyện An Lão, Tỉnh Bình Định"
52,Bình Định,542,An Lão,21631,An Quang,Xã,"Xã An Quang, Huyện An Lão, Tỉnh Bình Định"
52,Bình Định,542,An Lão,21625,An Tân,Xã,"Xã An Tân, Huyện An Lão, Tỉnh Bình Định"
52,Bình Định,542,An Lão,21622,An Toàn,Xã,"Xã An Toàn, Huyện An Lão, Tỉnh Bình Định"
52,Bình Định,542,An Lão,21613,An Trung,Xã,"Xã An Trung, Huyện An Lão, Tỉnh Bình Định"
52,Bình Định,542,An Lão,21619,An Vinh,Xã,"Xã An Vinh, Huyện An Lão, Tỉnh Bình Định"
52,Bình Định,549,An Nhơn,21907,Bình Định,Phường,"Phường Bình Định, Thị xã An Nhơn, Tỉnh Bình Định"
52,Bình Định,549,An Nhơn,21910,Đập Đá,Phường,"Phường Đập Đá, Thị xã An Nhơn, Tỉnh Bình Định"
52,Bình Định,549,An Nhơn,21928,Nhơn An,Xã,"Xã Nhơn An, Thị xã An Nhơn, Tỉnh Bình Định"
52,Bình Định,549,An Nhơn,21919,Nhơn Hạnh,Xã,"Xã Nhơn Hạnh, Thị xã An Nhơn, Tỉnh Bình Định"
52,Bình Định,549,An Nhơn,21922,Nhơn Hậu,Xã,"Xã Nhơn Hậu, Thị xã An Nhơn, Tỉnh Bình Định"
52,Bình Định,549,An Nhơn,21943,Nhơn Hoà,Phường,"Phường Nhơn Hoà, Thị xã An Nhơn, Tỉnh Bình Định"
52,Bình Định,549,An Nhơn,21934,Nhơn Hưng,Phường,"Phường Nhơn Hưng, Thị xã An Nhơn, Tỉnh Bình Định"
52,Bình Định,549,An Nhơn,21937,Nhơn Khánh,Xã,"Xã Nhơn Khánh, Thị xã An Nhơn, Tỉnh Bình Định"
52,Bình Định,549,An Nhơn,21940,Nhơn Lộc,Xã,"Xã Nhơn Lộc, Thị xã An Nhơn, Tỉnh Bình Định"
52,Bình Định,549,An Nhơn,21913,Nhơn Mỹ,Xã,"Xã Nhơn Mỹ, Thị xã An Nhơn, Tỉnh Bình Định"
52,Bình Định,549,An Nhơn,21925,Nhơn Phong,Xã,"Xã Nhơn Phong, Thị xã An Nhơn, Tỉnh Bình Định"
52,Bình Định,549,An Nhơn,21931,Nhơn Phúc,Xã,"Xã Nhơn Phúc, Thị xã An Nhơn, Tỉnh Bình Định"
52,Bình Định,549,An Nhơn,21946,Nhơn Tân,Xã,"Xã Nhơn Tân, Thị xã An Nhơn, Tỉnh Bình Định"
52,Bình Định,549,An Nhơn,21916,Nhơn Thành,Phường,"Phường Nhơn Thành, Thị xã An Nhơn, Tỉnh Bình Định"
52,Bình Định,549,An Nhơn,21949,Nhơn Thọ,Xã,"Xã Nhơn Thọ, Thị xã An Nhơn, Tỉnh Bình Định"
52,Bình Định,544,Hoài Ân,21712,Ân Đức,Xã,"Xã Ân Đức, Huyện Hoài Ân, Tỉnh Bình Định"
52,Bình Định,544,Hoài Ân,21691,Ân Hảo Đông,Xã,"Xã Ân Hảo Đông, Huyện Hoài Ân, Tỉnh Bình Định"
52,Bình Định,544,Hoài Ân,21690,Ân Hảo Tây,Xã,"Xã Ân Hảo Tây, Huyện Hoài Ân, Tỉnh Bình Định"
52,Bình Định,544,Hoài Ân,21715,Ân Hữu,Xã,"Xã Ân Hữu, Huyện Hoài Ân, Tỉnh Bình Định"
52,Bình Định,544,Hoài Ân,21697,Ân Mỹ,Xã,"Xã Ân Mỹ, Huyện Hoài Ân, Tỉnh Bình Định"
52,Bình Định,544,Hoài Ân,21727,Ân Nghĩa,Xã,"Xã Ân Nghĩa, Huyện Hoài Ân, Tỉnh Bình Định"
52,Bình Định,544,Hoài Ân,21709,Ân Phong,Xã,"Xã Ân Phong, Huyện Hoài Ân, Tỉnh Bình Định"
52,Bình Định,544,Hoài Ân,21694,Ân Sơn,Xã,"Xã Ân Sơn, Huyện Hoài Ân, Tỉnh Bình Định"
52,Bình Định,544,Hoài Ân,21706,Ân Thạnh,Xã,"Xã Ân Thạnh, Huyện Hoài Ân, Tỉnh Bình Định"
52,Bình Định,544,Hoài Ân,21703,Ân Tín,Xã,"Xã Ân Tín, Huyện Hoài Ân, Tỉnh Bình Định"
52,Bình Định,544,Hoài Ân,21724,Ân Tường Đông,Xã,"Xã Ân Tường Đông, Huyện Hoài Ân, Tỉnh Bình Định"
52,Bình Định,544,Hoài Ân,21721,Ân Tường Tây,Xã,"Xã Ân Tường Tây, Huyện Hoài Ân, Tỉnh Bình Định"
52,Bình Định,544,Hoài Ân,21718,Bok Tới,Xã,"Xã Bok Tới, Huyện Hoài Ân, Tỉnh Bình Định"
52,Bình Định,544,Hoài Ân,21700,Đak Mang,Xã,"Xã Đak Mang, Huyện Hoài Ân, Tỉnh Bình Định"
52,Bình Định,544,Hoài Ân,21688,Tăng Bạt Hổ,Thị trấn,"Thị trấn Tăng Bạt Hổ, Huyện Hoài Ân, Tỉnh Bình Định"
52,Bình Định,543,Hoài Nhơn,21640,Bồng Sơn,Phường,"Phường Bồng Sơn, Thị xã Hoài Nhơn, Tỉnh Bình Định"
52,Bình Định,543,Hoài Nhơn,21649,Hoài Châu,Xã,"Xã Hoài Châu, Thị xã Hoài Nhơn, Tỉnh Bình Định"
52,Bình Định,543,Hoài Nhơn,21646,Hoài Châu Bắc,Xã,"Xã Hoài Châu Bắc, Thị xã Hoài Nhơn, Tỉnh Bình Định"
52,Bình Định,543,Hoài Nhơn,21685,Hoài Đức,Phường,"Phường Hoài Đức, Thị xã Hoài Nhơn, Tỉnh Bình Định"
52,Bình Định,543,Hoài Nhơn,21676,Hoài Hải,Xã,"Xã Hoài Hải, Thị xã Hoài Nhơn, Tỉnh Bình Định"
52,Bình Định,543,Hoài Nhơn,21661,Hoài Hảo,Phường,"Phường Hoài Hảo, Thị xã Hoài Nhơn, Tỉnh Bình Định"
52,Bình Định,543,Hoài Nhơn,21670,Hoài Hương,Phường,"Phường Hoài Hương, Thị xã Hoài Nhơn, Tỉnh Bình Định"
52,Bình Định,543,Hoài Nhơn,21682,Hoài Mỹ,Xã,"Xã Hoài Mỹ, Thị xã Hoài Nhơn, Tỉnh Bình Định"
52,Bình Định,543,Hoài Nhơn,21652,Hoài Phú,Xã,"Xã Hoài Phú, Thị xã Hoài Nhơn, Tỉnh Bình Định"
52,Bình Định,543,Hoài Nhơn,21643,Hoài Sơn,Xã,"Xã Hoài Sơn, Thị xã Hoài Nhơn, Tỉnh Bình Định"
52,Bình Định,543,Hoài Nhơn,21673,Hoài Tân,Phường,"Phường Hoài Tân, Thị xã Hoài Nhơn, Tỉnh Bình Định"
52,Bình Định,543,Hoài Nhơn,21667,Hoài Thanh,Phường,"Phường Hoài Thanh, Thị xã Hoài Nhơn, Tỉnh Bình Định"
52,Bình Định,543,Hoài Nhơn,21664,Hoài Thanh Tây,Phường,"Phường Hoài Thanh Tây, Thị xã Hoài Nhơn, Tỉnh Bình Định"
52,Bình Định,543,Hoài Nhơn,21679,Hoài Xuân,Phường,"Phường Hoài Xuân, Thị xã Hoài Nhơn, Tỉnh Bình Định"
52,Bình Định,543,Hoài Nhơn,21637,Tam Quan,Phường,"Phường Tam Quan, Thị xã Hoài Nhơn, Tỉnh Bình Định"
52,Bình Định,543,Hoài Nhơn,21655,Tam Quan Bắc,Phường,"Phường Tam Quan Bắc, Thị xã Hoài Nhơn, Tỉnh Bình Định"
52,Bình Định,543,Hoài Nhơn,21658,Tam Quan Nam,Phường,"Phường Tam Quan Nam, Thị xã Hoài Nhơn, Tỉnh Bình Định"
52,Bình Định,548,Phù Cát,21904,Cát Chánh,Xã,"Xã Cát Chánh, Huyện Phù Cát, Tỉnh Bình Định"
52,Bình Định,548,Phù Cát,21880,Cát Hải,Xã,"Xã Cát Hải, Huyện Phù Cát, Tỉnh Bình Định"
52,Bình Định,548,Phù Cát,21871,Cát Hanh,Xã,"Xã Cát Hanh, Huyện Phù Cát, Tỉnh Bình Định"
52,Bình Định,548,Phù Cát,21883,Cát Hiệp,Xã,"Xã Cát Hiệp, Huyện Phù Cát, Tỉnh Bình Định"
52,Bình Định,548,Phù Cát,21889,Cát Hưng,Xã,"Xã Cát Hưng, Huyện Phù Cát, Tỉnh Bình Định"
52,Bình Định,548,Phù Cát,21862,Cát Khánh,Thị trấn,"Thị trấn Cát Khánh, Huyện Phù Cát, Tỉnh Bình Định"
52,Bình Định,548,Phù Cát,21868,Cát Lâm,Xã,"Xã Cát Lâm, Huyện Phù Cát, Tỉnh Bình Định"
52,Bình Định,548,Phù Cát,21859,Cát Minh,Xã,"Xã Cát Minh, Huyện Phù Cát, Tỉnh Bình Định"
52,Bình Định,548,Phù Cát,21886,Cát Nhơn,Xã,"Xã Cát Nhơn, Huyện Phù Cát, Tỉnh Bình Định"
52,Bình Định,548,Phù Cát,21856,Cát Sơn,Xã,"Xã Cát Sơn, Huyện Phù Cát, Tỉnh Bình Định"
52,Bình Định,548,Phù Cát,21865,Cát Tài,Xã,"Xã Cát Tài, Huyện Phù Cát, Tỉnh Bình Định"
52,Bình Định,548,Phù Cát,21895,Cát Tân,Xã,"Xã Cát Tân, Huyện Phù Cát, Tỉnh Bình Định"
52,Bình Định,548,Phù Cát,21901,Cát Thắng,Xã,"Xã Cát Thắng, Huyện Phù Cát, Tỉnh Bình Định"
52,Bình Định,548,Phù Cát,21874,Cát Thành,Xã,"Xã Cát Thành, Huyện Phù Cát, Tỉnh Bình Định"
52,Bình Định,548,Phù Cát,21898,Cát Tiến,Thị trấn,"Thị trấn Cát Tiến, Huyện Phù Cát, Tỉnh Bình Định"
52,Bình Định,548,Phù Cát,21877,Cát Trinh,Xã,"Xã Cát Trinh, Huyện Phù Cát, Tỉnh Bình Định"
52,Bình Định,548,Phù Cát,21892,Cát Tường,Xã,"Xã Cát Tường, Huyện Phù Cát, Tỉnh Bình Định"
52,Bình Định,548,Phù Cát,21853,Ngô Mây,Thị trấn,"Thị trấn Ngô Mây, Huyện Phù Cát, Tỉnh Bình Định"
52,Bình Định,545,Phù Mỹ,21733,Bình Dương,Thị trấn,"Thị trấn Bình Dương, Huyện Phù Mỹ, Tỉnh Bình Định"
52,Bình Định,545,Phù Mỹ,21751,Mỹ An,Xã,"Xã Mỹ An, Huyện Phù Mỹ, Tỉnh Bình Định"
52,Bình Định,545,Phù Mỹ,21781,Mỹ Cát,Xã,"Xã Mỹ Cát, Huyện Phù Mỹ, Tỉnh Bình Định"
52,Bình Định,545,Phù Mỹ,21769,Mỹ Chánh,Xã,"Xã Mỹ Chánh, Huyện Phù Mỹ, Tỉnh Bình Định"
52,Bình Định,545,Phù Mỹ,21784,Mỹ Chánh Tây,Xã,"Xã Mỹ Chánh Tây, Huyện Phù Mỹ, Tỉnh Bình Định"
52,Bình Định,545,Phù Mỹ,21739,Mỹ Châu,Xã,"Xã Mỹ Châu, Huyện Phù Mỹ, Tỉnh Bình Định"
52,Bình Định,545,Phù Mỹ,21736,Mỹ Đức,Xã,"Xã Mỹ Đức, Huyện Phù Mỹ, Tỉnh Bình Định"
52,Bình Định,545,Phù Mỹ,21775,Mỹ Hiệp,Xã,"Xã Mỹ Hiệp, Huyện Phù Mỹ, Tỉnh Bình Định"
52,Bình Định,545,Phù Mỹ,21763,Mỹ Hòa,Xã,"Xã Mỹ Hòa, Huyện Phù Mỹ, Tỉnh Bình Định"
52,Bình Định,545,Phù Mỹ,21745,Mỹ Lộc,Xã,"Xã Mỹ Lộc, Huyện Phù Mỹ, Tỉnh Bình Định"
52,Bình Định,545,Phù Mỹ,21748,Mỹ Lợi,Xã,"Xã Mỹ Lợi, Huyện Phù Mỹ, Tỉnh Bình Định"
52,Bình Định,545,Phù Mỹ,21754,Mỹ Phong,Xã,"Xã Mỹ Phong, Huyện Phù Mỹ, Tỉnh Bình Định"
52,Bình Định,545,Phù Mỹ,21772,Mỹ Quang,Xã,"Xã Mỹ Quang, Huyện Phù Mỹ, Tỉnh Bình Định"
52,Bình Định,545,Phù Mỹ,21778,Mỹ Tài,Xã,"Xã Mỹ Tài, Huyện Phù Mỹ, Tỉnh Bình Định"
52,Bình Định,545,Phù Mỹ,21742,Mỹ Thắng,Xã,"Xã Mỹ Thắng, Huyện Phù Mỹ, Tỉnh Bình Định"
52,Bình Định,545,Phù Mỹ,21766,Mỹ Thành,Xã,"Xã Mỹ Thành, Huyện Phù Mỹ, Tỉnh Bình Định"
52,Bình Định,545,Phù Mỹ,21760,Mỹ Thọ,Xã,"Xã Mỹ Thọ, Huyện Phù Mỹ, Tỉnh Bình Định"
52,Bình Định,545,Phù Mỹ,21757,Mỹ Trinh,Xã,"Xã Mỹ Trinh, Huyện Phù Mỹ, Tỉnh Bình Định"
52,Bình Định,545,Phù Mỹ,21730,Phù Mỹ,Thị trấn,"Thị trấn Phù Mỹ, Huyện Phù Mỹ, Tỉnh Bình Định"
52,Bình Định,540,Quy Nhơn,21589,Bùi Thị Xuân,Phường,"Phường Bùi Thị Xuân, Thành phố Quy Nhơn, Tỉnh Bình Định"
52,Bình Định,540,Quy Nhơn,21556,Đống Đa,Phường,"Phường Đống Đa, Thành phố Quy Nhơn, Tỉnh Bình Định"
52,Bình Định,540,Quy Nhơn,21595,Ghềnh Ráng,Phường,"Phường Ghềnh Ráng, Thành phố Quy Nhơn, Tỉnh Bình Định"
52,Bình Định,540,Quy Nhơn,21562,Hải Cảng,Phường,"Phường Hải Cảng, Thành phố Quy Nhơn, Tỉnh Bình Định"
52,Bình Định,540,Quy Nhơn,21577,Ngô Mây,Phường,"Phường Ngô Mây, Thành phố Quy Nhơn, Tỉnh Bình Định"
52,Bình Định,540,Quy Nhơn,21592,Nguyễn Văn Cừ,Phường,"Phường Nguyễn Văn Cừ, Thành phố Quy Nhơn, Tỉnh Bình Định"
52,Bình Định,540,Quy Nhơn,21550,Nhơn Bình,Phường,"Phường Nhơn Bình, Thành phố Quy Nhơn, Tỉnh Bình Định"
52,Bình Định,540,Quy Nhơn,21607,Nhơn Châu,Xã,"Xã Nhơn Châu, Thành phố Quy Nhơn, Tỉnh Bình Định"
52,Bình Định,540,Quy Nhơn,21604,Nhơn Hải,Xã,"Xã Nhơn Hải, Thành phố Quy Nhơn, Tỉnh Bình Định"
52,Bình Định,540,Quy Nhơn,21601,Nhơn Hội,Xã,"Xã Nhơn Hội, Thành phố Quy Nhơn, Tỉnh Bình Định"
52,Bình Định,540,Quy Nhơn,21598,Nhơn Lý,Xã,"Xã Nhơn Lý, Thành phố Quy Nhơn, Tỉnh Bình Định"
52,Bình Định,540,Quy Nhơn,21553,Nhơn Phú,Phường,"Phường Nhơn Phú, Thành phố Quy Nhơn, Tỉnh Bình Định"
52,Bình Định,540,Quy Nhơn,21991,Phước Mỹ,Xã,"Xã Phước Mỹ, Thành phố Quy Nhơn, Tỉnh Bình Định"
52,Bình Định,540,Quy Nhơn,21565,Quang Trung,Phường,"Phường Quang Trung, Thành phố Quy Nhơn, Tỉnh Bình Định"
52,Bình Định,540,Quy Nhơn,21583,Thị Nại,Phường,"Phường Thị Nại, Thành phố Quy Nhơn, Tỉnh Bình Định"
52,Bình Định,540,Quy Nhơn,21580,Trần Phú,Phường,"Phường Trần Phú, Thành phố Quy Nhơn, Tỉnh Bình Định"
52,Bình Định,540,Quy Nhơn,21559,Trần Quang Diệu,Phường,"Phường Trần Quang Diệu, Thành phố Quy Nhơn, Tỉnh Bình Định"
52,Bình Định,547,Tây Sơn,21829,Bình Hòa,Xã,"Xã Bình Hòa, Huyện Tây Sơn, Tỉnh Bình Định"
52,Bình Định,547,Tây Sơn,21847,Bình Nghi,Xã,"Xã Bình Nghi, Huyện Tây Sơn, Tỉnh Bình Định"
52,Bình Định,547,Tây Sơn,21811,Bình Tân,Xã,"Xã Bình Tân, Huyện Tây Sơn, Tỉnh Bình Định"
52,Bình Định,547,Tây Sơn,21823,Bình Thành,Xã,"Xã Bình Thành, Huyện Tây Sơn, Tỉnh Bình Định"
52,Bình Định,547,Tây Sơn,21817,Bình Thuận,Xã,"Xã Bình Thuận, Huyện Tây Sơn, Tỉnh Bình Định"
52,Bình Định,547,Tây Sơn,21835,Bình Tường,Xã,"Xã Bình Tường, Huyện Tây Sơn, Tỉnh Bình Định"
52,Bình Định,547,Tây Sơn,21808,Phú Phong,Thị trấn,"Thị trấn Phú Phong, Huyện Tây Sơn, Tỉnh Bình Định"
52,Bình Định,547,Tây Sơn,21826,Tây An,Xã,"Xã Tây An, Huyện Tây Sơn, Tỉnh Bình Định"
52,Bình Định,547,Tây Sơn,21832,Tây Bình,Xã,"Xã Tây Bình, Huyện Tây Sơn, Tỉnh Bình Định"
52,Bình Định,547,Tây Sơn,21820,Tây Giang,Xã,"Xã Tây Giang, Huyện Tây Sơn, Tỉnh Bình Định"
52,Bình Định,547,Tây Sơn,21850,Tây Phú,Xã,"Xã Tây Phú, Huyện Tây Sơn, Tỉnh Bình Định"
52,Bình Định,547,Tây Sơn,21814,Tây Thuận,Xã,"Xã Tây Thuận, Huyện Tây Sơn, Tỉnh Bình Định"
52,Bình Định,547,Tây Sơn,21838,Tây Vinh,Xã,"Xã Tây Vinh, Huyện Tây Sơn, Tỉnh Bình Định"
52,Bình Định,547,Tây Sơn,21844,Tây Xuân,Xã,"Xã Tây Xuân, Huyện Tây Sơn, Tỉnh Bình Định"
52,Bình Định,547,Tây Sơn,21841,Vĩnh An,Xã,"Xã Vĩnh An, Huyện Tây Sơn, Tỉnh Bình Định"
52,Bình Định,550,Tuy Phước,21955,Diêu Trì,Thị trấn,"Thị trấn Diêu Trì, Huyện Tuy Phước, Tỉnh Bình Định"
52,Bình Định,550,Tuy Phước,21985,Phước An,Xã,"Xã Phước An, Huyện Tuy Phước, Tỉnh Bình Định"
52,Bình Định,550,Tuy Phước,21973,Phước Hiệp,Xã,"Xã Phước Hiệp, Huyện Tuy Phước, Tỉnh Bình Định"
52,Bình Định,550,Tuy Phước,21967,Phước Hòa,Xã,"Xã Phước Hòa, Huyện Tuy Phước, Tỉnh Bình Định"
52,Bình Định,550,Tuy Phước,21961,Phước Hưng,Xã,"Xã Phước Hưng, Huyện Tuy Phước, Tỉnh Bình Định"
52,Bình Định,550,Tuy Phước,21976,Phước Lộc,Xã,"Xã Phước Lộc, Huyện Tuy Phước, Tỉnh Bình Định"
52,Bình Định,550,Tuy Phước,21979,Phước Nghĩa,Xã,"Xã Phước Nghĩa, Huyện Tuy Phước, Tỉnh Bình Định"
52,Bình Định,550,Tuy Phước,21964,Phước Quang,Xã,"Xã Phước Quang, Huyện Tuy Phước, Tỉnh Bình Định"
52,Bình Định,550,Tuy Phước,21970,Phước Sơn,Xã,"Xã Phước Sơn, Huyện Tuy Phước, Tỉnh Bình Định"
52,Bình Định,550,Tuy Phước,21958,Phước Thắng,Xã,"Xã Phước Thắng, Huyện Tuy Phước, Tỉnh Bình Định"
52,Bình Định,550,Tuy Phước,21988,Phước Thành,Xã,"Xã Phước Thành, Huyện Tuy Phước, Tỉnh Bình Định"
52,Bình Định,550,Tuy Phước,21982,Phước Thuận,Xã,"Xã Phước Thuận, Huyện Tuy Phước, Tỉnh Bình Định"
52,Bình Định,550,Tuy Phước,21952,Tuy Phước,Thị trấn,"Thị trấn Tuy Phước, Huyện Tuy Phước, Tỉnh Bình Định"
52,Bình Định,551,Vân Canh,22006,Canh Hiển,Xã,"Xã Canh Hiển, Huyện Vân Canh, Tỉnh Bình Định"
52,Bình Định,551,Vân Canh,22000,Canh Hiệp,Xã,"Xã Canh Hiệp, Huyện Vân Canh, Tỉnh Bình Định"
52,Bình Định,551,Vân Canh,22012,Canh Hòa,Xã,"Xã Canh Hòa, Huyện Vân Canh, Tỉnh Bình Định"
52,Bình Định,551,Vân Canh,21997,Canh Liên,Xã,"Xã Canh Liên, Huyện Vân Canh, Tỉnh Bình Định"
52,Bình Định,551,Vân Canh,22009,Canh Thuận,Xã,"Xã Canh Thuận, Huyện Vân Canh, Tỉnh Bình Định"
52,Bình Định,551,Vân Canh,22003,Canh Vinh,Xã,"Xã Canh Vinh, Huyện Vân Canh, Tỉnh Bình Định"
52,Bình Định,551,Vân Canh,21994,Vân Canh,Thị trấn,"Thị trấn Vân Canh, Huyện Vân Canh, Tỉnh Bình Định"
52,Bình Định,546,Vĩnh Thạnh,21799,Vĩnh Hảo,Xã,"Xã Vĩnh Hảo, Huyện Vĩnh Thạnh, Tỉnh Bình Định"
52,Bình Định,546,Vĩnh Thạnh,21796,Vĩnh Hiệp,Xã,"Xã Vĩnh Hiệp, Huyện Vĩnh Thạnh, Tỉnh Bình Định"
52,Bình Định,546,Vĩnh Thạnh,21801,Vĩnh Hòa,Xã,"Xã Vĩnh Hòa, Huyện Vĩnh Thạnh, Tỉnh Bình Định"
52,Bình Định,546,Vĩnh Thạnh,21790,Vĩnh Kim,Xã,"Xã Vĩnh Kim, Huyện Vĩnh Thạnh, Tỉnh Bình Định"
52,Bình Định,546,Vĩnh Thạnh,21805,Vĩnh Quang,Xã,"Xã Vĩnh Quang, Huyện Vĩnh Thạnh, Tỉnh Bình Định"
52,Bình Định,546,Vĩnh Thạnh,21787,Vĩnh Sơn,Xã,"Xã Vĩnh Sơn, Huyện Vĩnh Thạnh, Tỉnh Bình Định"
52,Bình Định,546,Vĩnh Thạnh,21786,Vĩnh Thạnh,Thị trấn,"Thị trấn Vĩnh Thạnh, Huyện Vĩnh Thạnh, Tỉnh Bình Định"
52,Bình Định,546,Vĩnh Thạnh,21802,Vĩnh Thịnh,Xã,"Xã Vĩnh Thịnh, Huyện Vĩnh Thạnh, Tỉnh Bình Định"
52,Bình Định,546,Vĩnh Thạnh,21804,Vĩnh Thuận,Xã,"Xã Vĩnh Thuận, Huyện Vĩnh Thạnh, Tỉnh Bình Định"
70,Bình Phước,690,Bình Long,25324,An Lộc,Phường,"Phường An Lộc, Thị xã Bình Long, Tỉnh Bình Phước"
70,Bình Phước,690,Bình Long,25320,Hưng Chiến,Phường,"Phường Hưng Chiến, Thị xã Bình Long, Tỉnh Bình Phước"
70,Bình Phước,690,Bình Long,25326,Phú Đức,Phường,"Phường Phú Đức, Thị xã Bình Long, Tỉnh Bình Phước"
70,Bình Phước,690,Bình Long,25325,Phú Thịnh,Phường,"Phường Phú Thịnh, Thị xã Bình Long, Tỉnh Bình Phước"
70,Bình Phước,690,Bình Long,25333,Thanh Lương,Xã,"Xã Thanh Lương, Thị xã Bình Long, Tỉnh Bình Phước"
70,Bình Phước,690,Bình Long,25336,Thanh Phú,Xã,"Xã Thanh Phú, Thị xã Bình Long, Tỉnh Bình Phước"
70,Bình Phước,696,Bù Đăng,25404,Bình Minh,Xã,"Xã Bình Minh, Huyện Bù Đăng, Tỉnh Bình Phước"
70,Bình Phước,696,Bù Đăng,25405,Bom Bo,Xã,"Xã Bom Bo, Huyện Bù Đăng, Tỉnh Bình Phước"
70,Bình Phước,696,Bù Đăng,25399,Đak Nhau,Xã,"Xã Đak Nhau, Huyện Bù Đăng, Tỉnh Bình Phước"
70,Bình Phước,696,Bù Đăng,25426,Đăng Hà,Xã,"Xã Đăng Hà, Huyện Bù Đăng, Tỉnh Bình Phước"
70,Bình Phước,696,Bù Đăng,25411,Đoàn Kết,Xã,"Xã Đoàn Kết, Huyện Bù Đăng, Tỉnh Bình Phước"
70,Bình Phước,696,Bù Đăng,25414,Đồng Nai,Xã,"Xã Đồng Nai, Huyện Bù Đăng, Tỉnh Bình Phước"
70,Bình Phước,696,Bù Đăng,25417,Đức Liễu,Xã,"Xã Đức Liễu, Huyện Bù Đăng, Tỉnh Bình Phước"
70,Bình Phước,696,Bù Đăng,25396,Đức Phong,Thị trấn,"Thị trấn Đức Phong, Huyện Bù Đăng, Tỉnh Bình Phước"
70,Bình Phước,696,Bù Đăng,25398,Đường 10,Xã,"Xã Đường 10, Huyện Bù Đăng, Tỉnh Bình Phước"
70,Bình Phước,696,Bù Đăng,25408,Minh Hưng,Xã,"Xã Minh Hưng, Huyện Bù Đăng, Tỉnh Bình Phước"
70,Bình Phước,696,Bù Đăng,25424,Nghĩa Bình,Xã,"Xã Nghĩa Bình, Huyện Bù Đăng, Tỉnh Bình Phước"
70,Bình Phước,696,Bù Đăng,25423,Nghĩa Trung,Xã,"Xã Nghĩa Trung, Huyện Bù Đăng, Tỉnh Bình Phước"
70,Bình Phước,696,Bù Đăng,25400,Phú Sơn,Xã,"Xã Phú Sơn, Huyện Bù Đăng, Tỉnh Bình Phước"
70,Bình Phước,696,Bù Đăng,25429,Phước Sơn,Xã,"Xã Phước Sơn, Huyện Bù Đăng, Tỉnh Bình Phước"
70,Bình Phước,696,Bù Đăng,25402,Thọ Sơn,Xã,"Xã Thọ Sơn, Huyện Bù Đăng, Tỉnh Bình Phước"
70,Bình Phước,696,Bù Đăng,25420,Thống Nhất,Xã,"Xã Thống Nhất, Huyện Bù Đăng, Tỉnh Bình Phước"
70,Bình Phước,693,Bù Đốp,25309,Hưng Phước,Xã,"Xã Hưng Phước, Huyện Bù Đốp, Tỉnh Bình Phước"
70,Bình Phước,693,Bù Đốp,25310,Phước Thiện,Xã,"Xã Phước Thiện, Huyện Bù Đốp, Tỉnh Bình Phước"
70,Bình Phước,693,Bù Đốp,25318,Tân Thành,Xã,"Xã Tân Thành, Huyện Bù Đốp, Tỉnh Bình Phước"
70,Bình Phước,693,Bù Đốp,25321,Tân Tiến,Xã,"Xã Tân Tiến, Huyện Bù Đốp, Tỉnh Bình Phước"
70,Bình Phước,693,Bù Đốp,25308,Thanh Bình,Thị trấn,"Thị trấn Thanh Bình, Huyện Bù Đốp, Tỉnh Bình Phước"
70,Bình Phước,693,Bù Đốp,25315,Thanh Hòa,Xã,"Xã Thanh Hòa, Huyện Bù Đốp, Tỉnh Bình Phước"
70,Bình Phước,693,Bù Đốp,25312,Thiện Hưng,Xã,"Xã Thiện Hưng, Huyện Bù Đốp, Tỉnh Bình Phước"
70,Bình Phước,691,Bù Gia Mập,25234,Bình Thắng,Xã,"Xã Bình Thắng, Huyện Bù Gia Mập, Tỉnh Bình Phước"
70,Bình Phước,691,Bù Gia Mập,25222,Bù Gia Mập,Xã,"Xã Bù Gia Mập, Huyện Bù Gia Mập, Tỉnh Bình Phước"
70,Bình Phước,691,Bù Gia Mập,25231,Đa Kia,Xã,"Xã Đa Kia, Huyện Bù Gia Mập, Tỉnh Bình Phước"
70,Bình Phước,691,Bù Gia Mập,25225,Đak Ơ,Xã,"Xã Đak Ơ, Huyện Bù Gia Mập, Tỉnh Bình Phước"
70,Bình Phước,691,Bù Gia Mập,25228,Đức Hạnh,Xã,"Xã Đức Hạnh, Huyện Bù Gia Mập, Tỉnh Bình Phước"
70,Bình Phước,691,Bù Gia Mập,25267,Phú Nghĩa,Xã,"Xã Phú Nghĩa, Huyện Bù Gia Mập, Tỉnh Bình Phước"
70,Bình Phước,691,Bù Gia Mập,25229,Phú Văn,Xã,"Xã Phú Văn, Huyện Bù Gia Mập, Tỉnh Bình Phước"
70,Bình Phước,691,Bù Gia Mập,25232,Phước Minh,Xã,"Xã Phước Minh, Huyện Bù Gia Mập, Tỉnh Bình Phước"
70,Bình Phước,697,Chơn Thành,25432,Hưng Long,Phường,"Phường Hưng Long, Thị xã Chơn Thành, Tỉnh Bình Phước"
70,Bình Phước,697,Chơn Thành,25441,Minh Hưng,Phường,"Phường Minh Hưng, Thị xã Chơn Thành, Tỉnh Bình Phước"
70,Bình Phước,697,Chơn Thành,25435,Minh Lập,Xã,"Xã Minh Lập, Thị xã Chơn Thành, Tỉnh Bình Phước"
70,Bình Phước,697,Chơn Thành,25444,Minh Long,Phường,"Phường Minh Long, Thị xã Chơn Thành, Tỉnh Bình Phước"
70,Bình Phước,697,Chơn Thành,25453,Minh Thắng,Xã,"Xã Minh Thắng, Thị xã Chơn Thành, Tỉnh Bình Phước"
70,Bình Phước,697,Chơn Thành,25447,Minh Thành,Phường,"Phường Minh Thành, Thị xã Chơn Thành, Tỉnh Bình Phước"
70,Bình Phước,697,Chơn Thành,25450,Nha Bích,Xã,"Xã Nha Bích, Thị xã Chơn Thành, Tỉnh Bình Phước"
70,Bình Phước,697,Chơn Thành,25439,Quang Minh,Xã,"Xã Quang Minh, Thị xã Chơn Thành, Tỉnh Bình Phước"
70,Bình Phước,697,Chơn Thành,25433,Thành Tâm,Phường,"Phường Thành Tâm, Thị xã Chơn Thành, Tỉnh Bình Phước"
70,Bình Phước,695,Đồng Phú,25369,Đồng Tâm,Xã,"Xã Đồng Tâm, Huyện Đồng Phú, Tỉnh Bình Phước"
70,Bình Phước,695,Đồng Phú,25390,Đồng Tiến,Xã,"Xã Đồng Tiến, Huyện Đồng Phú, Tỉnh Bình Phước"
70,Bình Phước,695,Đồng Phú,25384,Tân Hòa,Xã,"Xã Tân Hòa, Huyện Đồng Phú, Tỉnh Bình Phước"
70,Bình Phước,695,Đồng Phú,25375,Tân Hưng,Xã,"Xã Tân Hưng, Huyện Đồng Phú, Tỉnh Bình Phước"
70,Bình Phước,695,Đồng Phú,25381,Tân Lập,Xã,"Xã Tân Lập, Huyện Đồng Phú, Tỉnh Bình Phước"
70,Bình Phước,695,Đồng Phú,25378,Tân Lợi,Xã,"Xã Tân Lợi, Huyện Đồng Phú, Tỉnh Bình Phước"
70,Bình Phước,695,Đồng Phú,25363,Tân Phú,Thị trấn,"Thị trấn Tân Phú, Huyện Đồng Phú, Tỉnh Bình Phước"
70,Bình Phước,695,Đồng Phú,25372,Tân Phước,Xã,"Xã Tân Phước, Huyện Đồng Phú, Tỉnh Bình Phước"
70,Bình Phước,695,Đồng Phú,25393,Tân Tiến,Xã,"Xã Tân Tiến, Huyện Đồng Phú, Tỉnh Bình Phước"
70,Bình Phước,695,Đồng Phú,25366,Thuận Lợi,Xã,"Xã Thuận Lợi, Huyện Đồng Phú, Tỉnh Bình Phước"
70,Bình Phước,695,Đồng Phú,25387,Thuận Phú,Xã,"Xã Thuận Phú, Huyện Đồng Phú, Tỉnh Bình Phước"
70,Bình Phước,689,Đồng Xoài,25201,Tân Bình,Phường,"Phường Tân Bình, Thành phố Đồng Xoài, Tỉnh Bình Phước"
70,Bình Phước,689,Đồng Xoài,25198,Tân Đồng,Phường,"Phường Tân Đồng, Thành phố Đồng Xoài, Tỉnh Bình Phước"
70,Bình Phước,689,Đồng Xoài,25195,Tân Phú,Phường,"Phường Tân Phú, Thành phố Đồng Xoài, Tỉnh Bình Phước"
70,Bình Phước,689,Đồng Xoài,25207,Tân Thành,Xã,"Xã Tân Thành, Thành phố Đồng Xoài, Tỉnh Bình Phước"
70,Bình Phước,689,Đồng Xoài,25205,Tân Thiện,Phường,"Phường Tân Thiện, Thành phố Đồng Xoài, Tỉnh Bình Phước"
70,Bình Phước,689,Đồng Xoài,25204,Tân Xuân,Phường,"Phường Tân Xuân, Thành phố Đồng Xoài, Tỉnh Bình Phước"
70,Bình Phước,689,Đồng Xoài,25213,Tiến Hưng,Xã,"Xã Tiến Hưng, Thành phố Đồng Xoài, Tỉnh Bình Phước"
70,Bình Phước,689,Đồng Xoài,25210,Tiến Thành,Phường,"Phường Tiến Thành, Thành phố Đồng Xoài, Tỉnh Bình Phước"
70,Bình Phước,694,Hớn Quản,25330,An Khương,Xã,"Xã An Khương, Huyện Hớn Quản, Tỉnh Bình Phước"
70,Bình Phước,694,Hớn Quản,25339,An Phú,Xã,"Xã An Phú, Huyện Hớn Quản, Tỉnh Bình Phước"
70,Bình Phước,694,Hớn Quản,25360,Đồng Nơ,Xã,"Xã Đồng Nơ, Huyện Hớn Quản, Tỉnh Bình Phước"
70,Bình Phước,694,Hớn Quản,25348,Minh Đức,Xã,"Xã Minh Đức, Huyện Hớn Quản, Tỉnh Bình Phước"
70,Bình Phước,694,Hớn Quản,25349,Minh Tâm,Xã,"Xã Minh Tâm, Huyện Hớn Quản, Tỉnh Bình Phước"
70,Bình Phước,694,Hớn Quản,25351,Phước An,Xã,"Xã Phước An, Huyện Hớn Quản, Tỉnh Bình Phước"
70,Bình Phước,694,Hớn Quản,25361,Tân Hiệp,Xã,"Xã Tân Hiệp, Huyện Hớn Quản, Tỉnh Bình Phước"
70,Bình Phước,694,Hớn Quản,25345,Tân Hưng,Xã,"Xã Tân Hưng, Huyện Hớn Quản, Tỉnh Bình Phước"
70,Bình Phước,694,Hớn Quản,25357,Tân Khai,Thị trấn,"Thị trấn Tân Khai, Huyện Hớn Quản, Tỉnh Bình Phước"
70,Bình Phước,694,Hớn Quản,25342,Tân Lợi,Xã,"Xã Tân Lợi, Huyện Hớn Quản, Tỉnh Bình Phước"
70,Bình Phước,694,Hớn Quản,25438,Tân Quan,Xã,"Xã Tân Quan, Huyện Hớn Quản, Tỉnh Bình Phước"
70,Bình Phước,694,Hớn Quản,25327,Thanh An,Xã,"Xã Thanh An, Huyện Hớn Quản, Tỉnh Bình Phước"
70,Bình Phước,694,Hớn Quản,25354,Thanh Bình,Xã,"Xã Thanh Bình, Huyện Hớn Quản, Tỉnh Bình Phước"
70,Bình Phước,692,Lộc Ninh,25276,Lộc An,Xã,"Xã Lộc An, Huyện Lộc Ninh, Tỉnh Bình Phước"
70,Bình Phước,692,Lộc Ninh,25300,Lộc Điền,Xã,"Xã Lộc Điền, Huyện Lộc Ninh, Tỉnh Bình Phước"
70,Bình Phước,692,Lộc Ninh,25282,Lộc Hiệp,Xã,"Xã Lộc Hiệp, Huyện Lộc Ninh, Tỉnh Bình Phước"
70,Bình Phước,692,Lộc Ninh,25273,Lộc Hòa,Xã,"Xã Lộc Hòa, Huyện Lộc Ninh, Tỉnh Bình Phước"
70,Bình Phước,692,Lộc Ninh,25303,Lộc Hưng,Xã,"Xã Lộc Hưng, Huyện Lộc Ninh, Tỉnh Bình Phước"
70,Bình Phước,692,Lộc Ninh,25306,Lộc Khánh,Xã,"Xã Lộc Khánh, Huyện Lộc Ninh, Tỉnh Bình Phước"
70,Bình Phước,692,Lộc Ninh,25270,Lộc Ninh,Thị trấn,"Thị trấn Lộc Ninh, Huyện Lộc Ninh, Tỉnh Bình Phước"
70,Bình Phước,692,Lộc Ninh,25292,Lộc Phú,Xã,"Xã Lộc Phú, Huyện Lộc Ninh, Tỉnh Bình Phước"
70,Bình Phước,692,Lộc Ninh,25291,Lộc Quang,Xã,"Xã Lộc Quang, Huyện Lộc Ninh, Tỉnh Bình Phước"
70,Bình Phước,692,Lộc Ninh,25279,Lộc Tấn,Xã,"Xã Lộc Tấn, Huyện Lộc Ninh, Tỉnh Bình Phước"
70,Bình Phước,692,Lộc Ninh,25297,Lộc Thái,Xã,"Xã Lộc Thái, Huyện Lộc Ninh, Tỉnh Bình Phước"
70,Bình Phước,692,Lộc Ninh,25280,Lộc Thạnh,Xã,"Xã Lộc Thạnh, Huyện Lộc Ninh, Tỉnh Bình Phước"
70,Bình Phước,692,Lộc Ninh,25294,Lộc Thành,Xã,"Xã Lộc Thành, Huyện Lộc Ninh, Tỉnh Bình Phước"
70,Bình Phước,692,Lộc Ninh,25285,Lộc Thiện,Xã,"Xã Lộc Thiện, Huyện Lộc Ninh, Tỉnh Bình Phước"
70,Bình Phước,692,Lộc Ninh,25305,Lộc Thịnh,Xã,"Xã Lộc Thịnh, Huyện Lộc Ninh, Tỉnh Bình Phước"
70,Bình Phước,692,Lộc Ninh,25288,Lộc Thuận,Xã,"Xã Lộc Thuận, Huyện Lộc Ninh, Tỉnh Bình Phước"
70,Bình Phước,698,Phú Riềng,25244,Bình Sơn,Xã,"Xã Bình Sơn, Huyện Phú Riềng, Tỉnh Bình Phước"
70,Bình Phước,698,Phú Riềng,25243,Bình Tân,Xã,"Xã Bình Tân, Huyện Phú Riềng, Tỉnh Bình Phước"
70,Bình Phước,698,Phú Riềng,25252,Bù Nho,Xã,"Xã Bù Nho, Huyện Phú Riềng, Tỉnh Bình Phước"
70,Bình Phước,698,Phú Riềng,25240,Long Bình,Xã,"Xã Long Bình, Huyện Phú Riềng, Tỉnh Bình Phước"
70,Bình Phước,698,Phú Riềng,25255,Long Hà,Xã,"Xã Long Hà, Huyện Phú Riềng, Tỉnh Bình Phước"
70,Bình Phước,698,Phú Riềng,25246,Long Hưng,Xã,"Xã Long Hưng, Huyện Phú Riềng, Tỉnh Bình Phước"
70,Bình Phước,698,Phú Riềng,25258,Long Tân,Xã,"Xã Long Tân, Huyện Phú Riềng, Tỉnh Bình Phước"
70,Bình Phước,698,Phú Riềng,25264,Phú Riềng,Xã,"Xã Phú Riềng, Huyện Phú Riềng, Tỉnh Bình Phước"
70,Bình Phước,698,Phú Riềng,25261,Phú Trung,Xã,"Xã Phú Trung, Huyện Phú Riềng, Tỉnh Bình Phước"
70,Bình Phước,698,Phú Riềng,25250,Phước Tân,Xã,"Xã Phước Tân, Huyện Phú Riềng, Tỉnh Bình Phước"
70,Bình Phước,688,Phước Long,25245,Long Giang,Xã,"Xã Long Giang, Thị xã Phước Long, Tỉnh Bình Phước"
70,Bình Phước,688,Phước Long,25220,Long Phước,Phường,"Phường Long Phước, Thị xã Phước Long, Tỉnh Bình Phước"
70,Bình Phước,688,Phước Long,25217,Long Thủy,Phường,"Phường Long Thủy, Thị xã Phước Long, Tỉnh Bình Phước"
70,Bình Phước,688,Phước Long,25219,Phước Bình,Phường,"Phường Phước Bình, Thị xã Phước Long, Tỉnh Bình Phước"
70,Bình Phước,688,Phước Long,25249,Phước Tín,Xã,"Xã Phước Tín, Thị xã Phước Long, Tỉnh Bình Phước"
70,Bình Phước,688,Phước Long,25237,Sơn Giang,Phường,"Phường Sơn Giang, Thị xã Phước Long, Tỉnh Bình Phước"
70,Bình Phước,688,Phước Long,25216,Thác Mơ,Phường,"Phường Thác Mơ, Thị xã Phước Long, Tỉnh Bình Phước"
60,Bình Thuận,596,Bắc Bình,23014,Bình An,Xã,"Xã Bình An, Huyện Bắc Bình, Tỉnh Bình Thuận"
60,Bình Thuận,596,Bắc Bình,23047,Bình Tân,Xã,"Xã Bình Tân, Huyện Bắc Bình, Tỉnh Bình Thuận"
60,Bình Thuận,596,Bắc Bình,23005,Chợ Lầu,Thị trấn,"Thị trấn Chợ Lầu, Huyện Bắc Bình, Tỉnh Bình Thuận"
60,Bình Thuận,596,Bắc Bình,23020,Hải Ninh,Xã,"Xã Hải Ninh, Huyện Bắc Bình, Tỉnh Bình Thuận"
60,Bình Thuận,596,Bắc Bình,23053,Hòa Thắng,Xã,"Xã Hòa Thắng, Huyện Bắc Bình, Tỉnh Bình Thuận"
60,Bình Thuận,596,Bắc Bình,23056,Hồng Phong,Xã,"Xã Hồng Phong, Huyện Bắc Bình, Tỉnh Bình Thuận"
60,Bình Thuận,596,Bắc Bình,23041,Hồng Thái,Xã,"Xã Hồng Thái, Huyện Bắc Bình, Tỉnh Bình Thuận"
60,Bình Thuận,596,Bắc Bình,23032,Lương Sơn,Thị trấn,"Thị trấn Lương Sơn, Huyện Bắc Bình, Tỉnh Bình Thuận"
60,Bình Thuận,596,Bắc Bình,23017,Phan Điền,Xã,"Xã Phan Điền, Huyện Bắc Bình, Tỉnh Bình Thuận"
60,Bình Thuận,596,Bắc Bình,23044,Phan Hiệp,Xã,"Xã Phan Hiệp, Huyện Bắc Bình, Tỉnh Bình Thuận"
60,Bình Thuận,596,Bắc Bình,23035,Phan Hòa,Xã,"Xã Phan Hòa, Huyện Bắc Bình, Tỉnh Bình Thuận"
60,Bình Thuận,596,Bắc Bình,23011,Phan Lâm,Xã,"Xã Phan Lâm, Huyện Bắc Bình, Tỉnh Bình Thuận"
60,Bình Thuận,596,Bắc Bình,23050,Phan Rí Thành,Xã,"Xã Phan Rí Thành, Huyện Bắc Bình, Tỉnh Bình Thuận"
60,Bình Thuận,596,Bắc Bình,23008,Phan Sơn,Xã,"Xã Phan Sơn, Huyện Bắc Bình, Tỉnh Bình Thuận"
60,Bình Thuận,596,Bắc Bình,23038,Phan Thanh,Xã,"Xã Phan Thanh, Huyện Bắc Bình, Tỉnh Bình Thuận"
60,Bình Thuận,596,Bắc Bình,23026,Phan Tiến,Xã,"Xã Phan Tiến, Huyện Bắc Bình, Tỉnh Bình Thuận"
60,Bình Thuận,596,Bắc Bình,23029,Sông Bình,Xã,"Xã Sông Bình, Huyện Bắc Bình, Tỉnh Bình Thuận"
60,Bình Thuận,596,Bắc Bình,23023,Sông Lũy,Xã,"Xã Sông Lũy, Huyện Bắc Bình, Tỉnh Bình Thuận"
60,Bình Thuận,600,Đức Linh,23197,Đa Kai,Xã,"Xã Đa Kai, Huyện Đức Linh, Tỉnh Bình Thuận"
60,Bình Thuận,600,Đức Linh,23224,Đông Hà,Xã,"Xã Đông Hà, Huyện Đức Linh, Tỉnh Bình Thuận"
60,Bình Thuận,600,Đức Linh,23212,Đức Hạnh,Xã,"Xã Đức Hạnh, Huyện Đức Linh, Tỉnh Bình Thuận"
60,Bình Thuận,600,Đức Linh,23194,Đức Tài,Thị trấn,"Thị trấn Đức Tài, Huyện Đức Linh, Tỉnh Bình Thuận"
60,Bình Thuận,600,Đức Linh,23215,Đức Tín,Xã,"Xã Đức Tín, Huyện Đức Linh, Tỉnh Bình Thuận"
60,Bình Thuận,600,Đức Linh,23203,Mê Pu,Xã,"Xã Mê Pu, Huyện Đức Linh, Tỉnh Bình Thuận"
60,Bình Thuận,600,Đức Linh,23206,Nam Chính,Xã,"Xã Nam Chính, Huyện Đức Linh, Tỉnh Bình Thuận"
60,Bình Thuận,600,Đức Linh,23200,Sùng Nhơn,Xã,"Xã Sùng Nhơn, Huyện Đức Linh, Tỉnh Bình Thuận"
60,Bình Thuận,600,Đức Linh,23221,Tân Hà,Xã,"Xã Tân Hà, Huyện Đức Linh, Tỉnh Bình Thuận"
60,Bình Thuận,600,Đức Linh,23227,Trà Tân,Xã,"Xã Trà Tân, Huyện Đức Linh, Tỉnh Bình Thuận"
60,Bình Thuận,600,Đức Linh,23191,Võ Xu,Thị trấn,"Thị trấn Võ Xu, Huyện Đức Linh, Tỉnh Bình Thuận"
60,Bình Thuận,600,Đức Linh,23218,Vũ Hoà,Xã,"Xã Vũ Hoà, Huyện Đức Linh, Tỉnh Bình Thuận"
60,Bình Thuận,601,Hàm Tân,23266,Sơn Mỹ,Xã,"Xã Sơn Mỹ, Huyện Hàm Tân, Tỉnh Bình Thuận"
60,Bình Thuận,601,Hàm Tân,23239,Sông Phan,Xã,"Xã Sông Phan, Huyện Hàm Tân, Tỉnh Bình Thuận"
60,Bình Thuận,601,Hàm Tân,23251,Tân Đức,Xã,"Xã Tân Đức, Huyện Hàm Tân, Tỉnh Bình Thuận"
60,Bình Thuận,601,Hàm Tân,23257,Tân Hà,Xã,"Xã Tân Hà, Huyện Hàm Tân, Tỉnh Bình Thuận"
60,Bình Thuận,601,Hàm Tân,23230,Tân Minh,Thị trấn,"Thị trấn Tân Minh, Huyện Hàm Tân, Tỉnh Bình Thuận"
60,Bình Thuận,601,Hàm Tân,23236,Tân Nghĩa,Thị trấn,"Thị trấn Tân Nghĩa, Huyện Hàm Tân, Tỉnh Bình Thuận"
60,Bình Thuận,601,Hàm Tân,23242,Tân Phúc,Xã,"Xã Tân Phúc, Huyện Hàm Tân, Tỉnh Bình Thuận"
60,Bình Thuận,601,Hàm Tân,23254,Tân Thắng,Xã,"Xã Tân Thắng, Huyện Hàm Tân, Tỉnh Bình Thuận"
60,Bình Thuận,601,Hàm Tân,23260,Tân Xuân,Xã,"Xã Tân Xuân, Huyện Hàm Tân, Tỉnh Bình Thuận"
60,Bình Thuận,601,Hàm Tân,23255,Thắng Hải,Xã,"Xã Thắng Hải, Huyện Hàm Tân, Tỉnh Bình Thuận"
60,Bình Thuận,597,Hàm Thuận Bắc,23107,Đa Mi,Xã,"Xã Đa Mi, Huyện Hàm Thuận Bắc, Tỉnh Bình Thuận"
60,Bình Thuận,597,Hàm Thuận Bắc,23074,Đông Giang,Xã,"Xã Đông Giang, Huyện Hàm Thuận Bắc, Tỉnh Bình Thuận"
60,Bình Thuận,597,Hàm Thuận Bắc,23068,Đông Tiến,Xã,"Xã Đông Tiến, Huyện Hàm Thuận Bắc, Tỉnh Bình Thuận"
60,Bình Thuận,597,Hàm Thuận Bắc,23098,Hàm Chính,Xã,"Xã Hàm Chính, Huyện Hàm Thuận Bắc, Tỉnh Bình Thuận"
60,Bình Thuận,597,Hàm Thuận Bắc,23092,Hàm Đức,Xã,"Xã Hàm Đức, Huyện Hàm Thuận Bắc, Tỉnh Bình Thuận"
60,Bình Thuận,597,Hàm Thuận Bắc,23101,Hàm Hiệp,Xã,"Xã Hàm Hiệp, Huyện Hàm Thuận Bắc, Tỉnh Bình Thuận"
60,Bình Thuận,597,Hàm Thuận Bắc,23095,Hàm Liêm,Xã,"Xã Hàm Liêm, Huyện Hàm Thuận Bắc, Tỉnh Bình Thuận"
60,Bình Thuận,597,Hàm Thuận Bắc,23077,Hàm Phú,Xã,"Xã Hàm Phú, Huyện Hàm Thuận Bắc, Tỉnh Bình Thuận"
60,Bình Thuận,597,Hàm Thuận Bắc,23104,Hàm Thắng,Xã,"Xã Hàm Thắng, Huyện Hàm Thuận Bắc, Tỉnh Bình Thuận"
60,Bình Thuận,597,Hàm Thuận Bắc,23089,Hàm Trí,Xã,"Xã Hàm Trí, Huyện Hàm Thuận Bắc, Tỉnh Bình Thuận"
60,Bình Thuận,597,Hàm Thuận Bắc,23080,Hồng Liêm,Xã,"Xã Hồng Liêm, Huyện Hàm Thuận Bắc, Tỉnh Bình Thuận"
60,Bình Thuận,597,Hàm Thuận Bắc,23086,Hồng Sơn,Xã,"Xã Hồng Sơn, Huyện Hàm Thuận Bắc, Tỉnh Bình Thuận"
60,Bình Thuận,597,Hàm Thuận Bắc,23065,La Dạ,Xã,"Xã La Dạ, Huyện Hàm Thuận Bắc, Tỉnh Bình Thuận"
60,Bình Thuận,597,Hàm Thuận Bắc,23059,Ma Lâm,Thị trấn,"Thị trấn Ma Lâm, Huyện Hàm Thuận Bắc, Tỉnh Bình Thuận"
60,Bình Thuận,597,Hàm Thuận Bắc,23062,Phú Long,Thị trấn,"Thị trấn Phú Long, Huyện Hàm Thuận Bắc, Tỉnh Bình Thuận"
60,Bình Thuận,597,Hàm Thuận Bắc,23071,Thuận Hòa,Xã,"Xã Thuận Hòa, Huyện Hàm Thuận Bắc, Tỉnh Bình Thuận"
60,Bình Thuận,597,Hàm Thuận Bắc,23083,Thuận Minh,Xã,"Xã Thuận Minh, Huyện Hàm Thuận Bắc, Tỉnh Bình Thuận"
60,Bình Thuận,598,Hàm Thuận Nam,23116,Hàm Cần,Xã,"Xã Hàm Cần, Huyện Hàm Thuận Nam, Tỉnh Bình Thuận"
60,Bình Thuận,598,Hàm Thuận Nam,23128,Hàm Cường,Xã,"Xã Hàm Cường, Huyện Hàm Thuận Nam, Tỉnh Bình Thuận"
60,Bình Thuận,598,Hàm Thuận Nam,23125,Hàm Kiệm,Xã,"Xã Hàm Kiệm, Huyện Hàm Thuận Nam, Tỉnh Bình Thuận"
60,Bình Thuận,598,Hàm Thuận Nam,23137,Hàm Minh,Xã,"Xã Hàm Minh, Huyện Hàm Thuận Nam, Tỉnh Bình Thuận"
60,Bình Thuận,598,Hàm Thuận Nam,23131,Hàm Mỹ,Xã,"Xã Hàm Mỹ, Huyện Hàm Thuận Nam, Tỉnh Bình Thuận"
60,Bình Thuận,598,Hàm Thuận Nam,23122,Hàm Thạnh,Xã,"Xã Hàm Thạnh, Huyện Hàm Thuận Nam, Tỉnh Bình Thuận"
60,Bình Thuận,598,Hàm Thuận Nam,23119,Mương Mán,Xã,"Xã Mương Mán, Huyện Hàm Thuận Nam, Tỉnh Bình Thuận"
60,Bình Thuận,598,Hàm Thuận Nam,23113,Mỹ Thạnh,Xã,"Xã Mỹ Thạnh, Huyện Hàm Thuận Nam, Tỉnh Bình Thuận"
60,Bình Thuận,598,Hàm Thuận Nam,23134,Tân Lập,Xã,"Xã Tân Lập, Huyện Hàm Thuận Nam, Tỉnh Bình Thuận"
60,Bình Thuận,598,Hàm Thuận Nam,23146,Tân Thành,Xã,"Xã Tân Thành, Huyện Hàm Thuận Nam, Tỉnh Bình Thuận"
60,Bình Thuận,598,Hàm Thuận Nam,23143,Tân Thuận,Xã,"Xã Tân Thuận, Huyện Hàm Thuận Nam, Tỉnh Bình Thuận"
60,Bình Thuận,598,Hàm Thuận Nam,23110,Thuận Nam,Thị trấn,"Thị trấn Thuận Nam, Huyện Hàm Thuận Nam, Tỉnh Bình Thuận"
60,Bình Thuận,598,Hàm Thuận Nam,23140,Thuận Quý,Xã,"Xã Thuận Quý, Huyện Hàm Thuận Nam, Tỉnh Bình Thuận"
60,Bình Thuận,594,La Gi,23237,Bình Tân,Phường,"Phường Bình Tân, Thị xã La Gi, Tỉnh Bình Thuận"
60,Bình Thuận,594,La Gi,23231,Phước Hội,Phường,"Phường Phước Hội, Thị xã La Gi, Tỉnh Bình Thuận"
60,Bình Thuận,594,La Gi,23232,Phước Lộc,Phường,"Phường Phước Lộc, Thị xã La Gi, Tỉnh Bình Thuận"
60,Bình Thuận,594,La Gi,23235,Tân An,Phường,"Phường Tân An, Thị xã La Gi, Tỉnh Bình Thuận"
60,Bình Thuận,594,La Gi,23248,Tân Bình,Xã,"Xã Tân Bình, Thị xã La Gi, Tỉnh Bình Thuận"
60,Bình Thuận,594,La Gi,23245,Tân Hải,Xã,"Xã Tân Hải, Thị xã La Gi, Tỉnh Bình Thuận"
60,Bình Thuận,594,La Gi,23268,Tân Phước,Xã,"Xã Tân Phước, Thị xã La Gi, Tỉnh Bình Thuận"
60,Bình Thuận,594,La Gi,23234,Tân Thiện,Phường,"Phường Tân Thiện, Thị xã La Gi, Tỉnh Bình Thuận"
60,Bình Thuận,594,La Gi,23246,Tân Tiến,Xã,"Xã Tân Tiến, Thị xã La Gi, Tỉnh Bình Thuận"
60,Bình Thuận,593,Phan Thiết,22951,Bình Hưng,Phường,"Phường Bình Hưng, Thành phố Phan Thiết, Tỉnh Bình Thuận"
60,Bình Thuận,593,Phan Thiết,22954,Đức Long,Phường,"Phường Đức Long, Thành phố Phan Thiết, Tỉnh Bình Thuận"
60,Bình Thuận,593,Phan Thiết,22918,Hàm Tiến,Phường,"Phường Hàm Tiến, Thành phố Phan Thiết, Tỉnh Bình Thuận"
60,Bình Thuận,593,Phan Thiết,22945,Lạc Đạo,Phường,"Phường Lạc Đạo, Thành phố Phan Thiết, Tỉnh Bình Thuận"
60,Bình Thuận,593,Phan Thiết,22915,Mũi Né,Phường,"Phường Mũi Né, Thành phố Phan Thiết, Tỉnh Bình Thuận"
60,Bình Thuận,593,Phan Thiết,22960,Phong Nẫm,Xã,"Xã Phong Nẫm, Thành phố Phan Thiết, Tỉnh Bình Thuận"
60,Bình Thuận,593,Phan Thiết,22921,Phú Hài,Phường,"Phường Phú Hài, Thành phố Phan Thiết, Tỉnh Bình Thuận"
60,Bình Thuận,593,Phan Thiết,22927,Phú Tài,Phường,"Phường Phú Tài, Thành phố Phan Thiết, Tỉnh Bình Thuận"
60,Bình Thuận,593,Phan Thiết,22924,Phú Thủy,Phường,"Phường Phú Thủy, Thành phố Phan Thiết, Tỉnh Bình Thuận"
60,Bình Thuận,593,Phan Thiết,22930,Phú Trinh,Phường,"Phường Phú Trinh, Thành phố Phan Thiết, Tỉnh Bình Thuận"
60,Bình Thuận,593,Phan Thiết,22936,Thanh Hải,Phường,"Phường Thanh Hải, Thành phố Phan Thiết, Tỉnh Bình Thuận"
60,Bình Thuận,593,Phan Thiết,22957,Thiện Nghiệp,Xã,"Xã Thiện Nghiệp, Thành phố Phan Thiết, Tỉnh Bình Thuận"
60,Bình Thuận,593,Phan Thiết,22963,Tiến Lợi,Xã,"Xã Tiến Lợi, Thành phố Phan Thiết, Tỉnh Bình Thuận"
60,Bình Thuận,593,Phan Thiết,22966,Tiến Thành,Xã,"Xã Tiến Thành, Thành phố Phan Thiết, Tỉnh Bình Thuận"
60,Bình Thuận,593,Phan Thiết,22933,Xuân An,Phường,"Phường Xuân An, Thành phố Phan Thiết, Tỉnh Bình Thuận"
60,Bình Thuận,602,Phú Quí,23275,Long Hải,Xã,"Xã Long Hải, Huyện Phú Quí, Tỉnh Bình Thuận"
60,Bình Thuận,602,Phú Quí,23272,Ngũ Phụng,Xã,"Xã Ngũ Phụng, Huyện Phú Quí, Tỉnh Bình Thuận"
60,Bình Thuận,602,Phú Quí,23278,Tam Thanh,Xã,"Xã Tam Thanh, Huyện Phú Quí, Tỉnh Bình Thuận"
60,Bình Thuận,599,Tánh Linh,23152,Bắc Ruộng,Xã,"Xã Bắc Ruộng, Huyện Tánh Linh, Tỉnh Bình Thuận"
60,Bình Thuận,599,Tánh Linh,23173,Đồng Kho,Xã,"Xã Đồng Kho, Huyện Tánh Linh, Tỉnh Bình Thuận"
60,Bình Thuận,599,Tánh Linh,23179,Đức Bình,Xã,"Xã Đức Bình, Huyện Tánh Linh, Tỉnh Bình Thuận"
60,Bình Thuận,599,Tánh Linh,23170,Đức Phú,Xã,"Xã Đức Phú, Huyện Tánh Linh, Tỉnh Bình Thuận"
60,Bình Thuận,599,Tánh Linh,23185,Đức Thuận,Xã,"Xã Đức Thuận, Huyện Tánh Linh, Tỉnh Bình Thuận"
60,Bình Thuận,599,Tánh Linh,23176,Gia An,Xã,"Xã Gia An, Huyện Tánh Linh, Tỉnh Bình Thuận"
60,Bình Thuận,599,Tánh Linh,23182,Gia Huynh,Xã,"Xã Gia Huynh, Huyện Tánh Linh, Tỉnh Bình Thuận"
60,Bình Thuận,599,Tánh Linh,23164,Huy Khiêm,Xã,"Xã Huy Khiêm, Huyện Tánh Linh, Tỉnh Bình Thuận"
60,Bình Thuận,599,Tánh Linh,23161,La Ngâu,Xã,"Xã La Ngâu, Huyện Tánh Linh, Tỉnh Bình Thuận"
60,Bình Thuận,599,Tánh Linh,23149,Lạc Tánh,Thị trấn,"Thị trấn Lạc Tánh, Huyện Tánh Linh, Tỉnh Bình Thuận"
60,Bình Thuận,599,Tánh Linh,23167,Măng Tố,Xã,"Xã Măng Tố, Huyện Tánh Linh, Tỉnh Bình Thuận"
60,Bình Thuận,599,Tánh Linh,23158,Nghị Đức,Xã,"Xã Nghị Đức, Huyện Tánh Linh, Tỉnh Bình Thuận"
60,Bình Thuận,599,Tánh Linh,23188,Suối Kiết,Xã,"Xã Suối Kiết, Huyện Tánh Linh, Tỉnh Bình Thuận"
60,Bình Thuận,595,Tuy Phong,22999,Bình Thạnh,Xã,"Xã Bình Thạnh, Huyện Tuy Phong, Tỉnh Bình Thuận"
60,Bình Thuận,595,Tuy Phong,22996,Chí Công,Xã,"Xã Chí Công, Huyện Tuy Phong, Tỉnh Bình Thuận"
60,Bình Thuận,595,Tuy Phong,22993,Hòa Minh,Xã,"Xã Hòa Minh, Huyện Tuy Phong, Tỉnh Bình Thuận"
60,Bình Thuận,595,Tuy Phong,22969,Liên Hương,Thị trấn,"Thị trấn Liên Hương, Huyện Tuy Phong, Tỉnh Bình Thuận"
60,Bình Thuận,595,Tuy Phong,22975,Phan Dũng,Xã,"Xã Phan Dũng, Huyện Tuy Phong, Tỉnh Bình Thuận"
60,Bình Thuận,595,Tuy Phong,22972,Phan Rí Cửa,Thị trấn,"Thị trấn Phan Rí Cửa, Huyện Tuy Phong, Tỉnh Bình Thuận"
60,Bình Thuận,595,Tuy Phong,22978,Phong Phú,Xã,"Xã Phong Phú, Huyện Tuy Phong, Tỉnh Bình Thuận"
60,Bình Thuận,595,Tuy Phong,22987,Phú Lạc,Xã,"Xã Phú Lạc, Huyện Tuy Phong, Tỉnh Bình Thuận"
60,Bình Thuận,595,Tuy Phong,22990,Phước Thể,Xã,"Xã Phước Thể, Huyện Tuy Phong, Tỉnh Bình Thuận"
60,Bình Thuận,595,Tuy Phong,22981,Vĩnh Hảo,Xã,"Xã Vĩnh Hảo, Huyện Tuy Phong, Tỉnh Bình Thuận"
60,Bình Thuận,595,Tuy Phong,22984,Vĩnh Tân,Xã,"Xã Vĩnh Tân, Huyện Tuy Phong, Tỉnh Bình Thuận"
96,Cà Mau,964,Cà Mau,32005,1,Phường,"Phường 1, Thành phố Cà Mau, Tỉnh Cà Mau"
96,Cà Mau,964,Cà Mau,32002,2,Phường,"Phường 2, Thành phố Cà Mau, Tỉnh Cà Mau"
96,Cà Mau,964,Cà Mau,32008,5,Phường,"Phường 5, Thành phố Cà Mau, Tỉnh Cà Mau"
96,Cà Mau,964,Cà Mau,32017,6,Phường,"Phường 6, Thành phố Cà Mau, Tỉnh Cà Mau"
96,Cà Mau,964,Cà Mau,32020,7,Phường,"Phường 7, Thành phố Cà Mau, Tỉnh Cà Mau"
96,Cà Mau,964,Cà Mau,32014,8,Phường,"Phường 8, Thành phố Cà Mau, Tỉnh Cà Mau"
96,Cà Mau,964,Cà Mau,31999,9,Phường,"Phường 9, Thành phố Cà Mau, Tỉnh Cà Mau"
96,Cà Mau,964,Cà Mau,32023,An Xuyên,Xã,"Xã An Xuyên, Thành phố Cà Mau, Tỉnh Cà Mau"
96,Cà Mau,964,Cà Mau,32035,Định Bình,Xã,"Xã Định Bình, Thành phố Cà Mau, Tỉnh Cà Mau"
96,Cà Mau,964,Cà Mau,32041,Hòa Tân,Xã,"Xã Hòa Tân, Thành phố Cà Mau, Tỉnh Cà Mau"
96,Cà Mau,964,Cà Mau,32038,Hòa Thành,Xã,"Xã Hòa Thành, Thành phố Cà Mau, Tỉnh Cà Mau"
96,Cà Mau,964,Cà Mau,32032,Lý Văn Lâm,Xã,"Xã Lý Văn Lâm, Thành phố Cà Mau, Tỉnh Cà Mau"
96,Cà Mau,964,Cà Mau,32029,Tắc Vân,Xã,"Xã Tắc Vân, Thành phố Cà Mau, Tỉnh Cà Mau"
96,Cà Mau,964,Cà Mau,32025,Tân Thành,Phường,"Phường Tân Thành, Thành phố Cà Mau, Tỉnh Cà Mau"
96,Cà Mau,964,Cà Mau,32026,Tân Thành,Xã,"Xã Tân Thành, Thành phố Cà Mau, Tỉnh Cà Mau"
96,Cà Mau,964,Cà Mau,32022,Tân Xuyên,Phường,"Phường Tân Xuyên, Thành phố Cà Mau, Tỉnh Cà Mau"
96,Cà Mau,969,Cái Nước,32128,Cái Nước,Thị trấn,"Thị trấn Cái Nước, Huyện Cái Nước, Tỉnh Cà Mau"
96,Cà Mau,969,Cái Nước,32142,Đông Hưng,Xã,"Xã Đông Hưng, Huyện Cái Nước, Tỉnh Cà Mau"
96,Cà Mau,969,Cái Nước,32143,Đông Thới,Xã,"Xã Đông Thới, Huyện Cái Nước, Tỉnh Cà Mau"
96,Cà Mau,969,Cái Nước,32141,Hoà Mỹ,Xã,"Xã Hoà Mỹ, Huyện Cái Nước, Tỉnh Cà Mau"
96,Cà Mau,969,Cái Nước,32140,Hưng Mỹ,Xã,"Xã Hưng Mỹ, Huyện Cái Nước, Tỉnh Cà Mau"
96,Cà Mau,969,Cái Nước,32131,Lương Thế Trân,Xã,"Xã Lương Thế Trân, Huyện Cái Nước, Tỉnh Cà Mau"
96,Cà Mau,969,Cái Nước,32134,Phú Hưng,Xã,"Xã Phú Hưng, Huyện Cái Nước, Tỉnh Cà Mau"
96,Cà Mau,969,Cái Nước,32137,Tân Hưng,Xã,"Xã Tân Hưng, Huyện Cái Nước, Tỉnh Cà Mau"
96,Cà Mau,969,Cái Nước,32146,Tân Hưng Đông,Xã,"Xã Tân Hưng Đông, Huyện Cái Nước, Tỉnh Cà Mau"
96,Cà Mau,969,Cái Nước,32130,Thạnh Phú,Xã,"Xã Thạnh Phú, Huyện Cái Nước, Tỉnh Cà Mau"
96,Cà Mau,969,Cái Nước,32149,Trần Thới,Xã,"Xã Trần Thới, Huyện Cái Nước, Tỉnh Cà Mau"
96,Cà Mau,970,Đầm Dơi,32152,Đầm Dơi,Thị trấn,"Thị trấn Đầm Dơi, Huyện Đầm Dơi, Tỉnh Cà Mau"
96,Cà Mau,970,Đầm Dơi,32186,Ngọc Chánh,Xã,"Xã Ngọc Chánh, Huyện Đầm Dơi, Tỉnh Cà Mau"
96,Cà Mau,970,Đầm Dơi,32188,Nguyễn Huân,Xã,"Xã Nguyễn Huân, Huyện Đầm Dơi, Tỉnh Cà Mau"
96,Cà Mau,970,Đầm Dơi,32182,Quách Phẩm,Xã,"Xã Quách Phẩm, Huyện Đầm Dơi, Tỉnh Cà Mau"
96,Cà Mau,970,Đầm Dơi,32179,Quách Phẩm Bắc,Xã,"Xã Quách Phẩm Bắc, Huyện Đầm Dơi, Tỉnh Cà Mau"
96,Cà Mau,970,Đầm Dơi,32155,Tạ An Khương,Xã,"Xã Tạ An Khương, Huyện Đầm Dơi, Tỉnh Cà Mau"
96,Cà Mau,970,Đầm Dơi,32158,Tạ An Khương Đông,Xã,"Xã Tạ An Khương Đông, Huyện Đầm Dơi, Tỉnh Cà Mau"
96,Cà Mau,970,Đầm Dơi,32170,Tạ An Khương Nam,Xã,"Xã Tạ An Khương Nam, Huyện Đầm Dơi, Tỉnh Cà Mau"
96,Cà Mau,970,Đầm Dơi,32174,Tân Dân,Xã,"Xã Tân Dân, Huyện Đầm Dơi, Tỉnh Cà Mau"
96,Cà Mau,970,Đầm Dơi,32173,Tân Duyệt,Xã,"Xã Tân Duyệt, Huyện Đầm Dơi, Tỉnh Cà Mau"
96,Cà Mau,970,Đầm Dơi,32164,Tân Đức,Xã,"Xã Tân Đức, Huyện Đầm Dơi, Tỉnh Cà Mau"
96,Cà Mau,970,Đầm Dơi,32167,Tân Thuận,Xã,"Xã Tân Thuận, Huyện Đầm Dơi, Tỉnh Cà Mau"
96,Cà Mau,970,Đầm Dơi,32176,Tân Tiến,Xã,"Xã Tân Tiến, Huyện Đầm Dơi, Tỉnh Cà Mau"
96,Cà Mau,970,Đầm Dơi,32162,Tân Trung,Xã,"Xã Tân Trung, Huyện Đầm Dơi, Tỉnh Cà Mau"
96,Cà Mau,970,Đầm Dơi,32185,Thanh Tùng,Xã,"Xã Thanh Tùng, Huyện Đầm Dơi, Tỉnh Cà Mau"
96,Cà Mau,970,Đầm Dơi,32161,Trần Phán,Xã,"Xã Trần Phán, Huyện Đầm Dơi, Tỉnh Cà Mau"
96,Cà Mau,971,Năm Căn,32200,Đất Mới,Xã,"Xã Đất Mới, Huyện Năm Căn, Tỉnh Cà Mau"
96,Cà Mau,971,Năm Căn,32194,Hàm Rồng,Xã,"Xã Hàm Rồng, Huyện Năm Căn, Tỉnh Cà Mau"
96,Cà Mau,971,Năm Căn,32203,Hàng Vịnh,Xã,"Xã Hàng Vịnh, Huyện Năm Căn, Tỉnh Cà Mau"
96,Cà Mau,971,Năm Căn,32197,Hiệp Tùng,Xã,"Xã Hiệp Tùng, Huyện Năm Căn, Tỉnh Cà Mau"
96,Cà Mau,971,Năm Căn,32201,Lâm Hải,Xã,"Xã Lâm Hải, Huyện Năm Căn, Tỉnh Cà Mau"
96,Cà Mau,971,Năm Căn,32206,Tam Giang,Xã,"Xã Tam Giang, Huyện Năm Căn, Tỉnh Cà Mau"
96,Cà Mau,971,Năm Căn,32209,Tam Giang Đông,Xã,"Xã Tam Giang Đông, Huyện Năm Căn, Tỉnh Cà Mau"
96,Cà Mau,971,Năm Căn,32191,Thị Trấn Năm Căn,Thị trấn,"Thị trấn Thị Trấn Năm Căn, Huyện Năm Căn, Tỉnh Cà Mau"
96,Cà Mau,973,Ngọc Hiển,32248,Đất Mũi,Xã,"Xã Đất Mũi, Huyện Ngọc Hiển, Tỉnh Cà Mau"
96,Cà Mau,973,Ngọc Hiển,32244,Rạch Gốc,Thị trấn,"Thị trấn Rạch Gốc, Huyện Ngọc Hiển, Tỉnh Cà Mau"
96,Cà Mau,973,Ngọc Hiển,32233,Tam Giang Tây,Xã,"Xã Tam Giang Tây, Huyện Ngọc Hiển, Tỉnh Cà Mau"
96,Cà Mau,973,Ngọc Hiển,32245,Tân Ân,Xã,"Xã Tân Ân, Huyện Ngọc Hiển, Tỉnh Cà Mau"
96,Cà Mau,973,Ngọc Hiển,32236,Tân Ân Tây,Xã,"Xã Tân Ân Tây, Huyện Ngọc Hiển, Tỉnh Cà Mau"
96,Cà Mau,973,Ngọc Hiển,32242,Viên An,Xã,"Xã Viên An, Huyện Ngọc Hiển, Tỉnh Cà Mau"
96,Cà Mau,973,Ngọc Hiển,32239,Viên An Đông,Xã,"Xã Viên An Đông, Huyện Ngọc Hiển, Tỉnh Cà Mau"
96,Cà Mau,972,Phú Tân,32212,Cái Đôi Vàm,Thị trấn,"Thị trấn Cái Đôi Vàm, Huyện Phú Tân, Tỉnh Cà Mau"
96,Cà Mau,972,Phú Tân,32230,Nguyễn Việt Khái,Xã,"Xã Nguyễn Việt Khái, Huyện Phú Tân, Tỉnh Cà Mau"
96,Cà Mau,972,Phú Tân,32215,Phú Mỹ,Xã,"Xã Phú Mỹ, Huyện Phú Tân, Tỉnh Cà Mau"
96,Cà Mau,972,Phú Tân,32218,Phú Tân,Xã,"Xã Phú Tân, Huyện Phú Tân, Tỉnh Cà Mau"
96,Cà Mau,972,Phú Tân,32214,Phú Thuận,Xã,"Xã Phú Thuận, Huyện Phú Tân, Tỉnh Cà Mau"
96,Cà Mau,972,Phú Tân,32228,Rạch Chèo,Xã,"Xã Rạch Chèo, Huyện Phú Tân, Tỉnh Cà Mau"
96,Cà Mau,972,Phú Tân,32221,Tân Hải,Xã,"Xã Tân Hải, Huyện Phú Tân, Tỉnh Cà Mau"
96,Cà Mau,972,Phú Tân,32227,Tân Hưng Tây,Xã,"Xã Tân Hưng Tây, Huyện Phú Tân, Tỉnh Cà Mau"
96,Cà Mau,972,Phú Tân,32224,Việt Thắng,Xã,"Xã Việt Thắng, Huyện Phú Tân, Tỉnh Cà Mau"
96,Cà Mau,967,Thới Bình,32068,Biển Bạch,Xã,"Xã Biển Bạch, Huyện Thới Bình, Tỉnh Cà Mau"
96,Cà Mau,967,Thới Bình,32074,Biển Bạch Đông,Xã,"Xã Biển Bạch Đông, Huyện Thới Bình, Tỉnh Cà Mau"
96,Cà Mau,967,Thới Bình,32092,Hồ Thị Kỷ,Xã,"Xã Hồ Thị Kỷ, Huyện Thới Bình, Tỉnh Cà Mau"
96,Cà Mau,967,Thới Bình,32069,Tân Bằng,Xã,"Xã Tân Bằng, Huyện Thới Bình, Tỉnh Cà Mau"
96,Cà Mau,967,Thới Bình,32086,Tân Lộc,Xã,"Xã Tân Lộc, Huyện Thới Bình, Tỉnh Cà Mau"
96,Cà Mau,967,Thới Bình,32083,Tân Lộc Bắc,Xã,"Xã Tân Lộc Bắc, Huyện Thới Bình, Tỉnh Cà Mau"
96,Cà Mau,967,Thới Bình,32089,Tân Lộc Đông,Xã,"Xã Tân Lộc Đông, Huyện Thới Bình, Tỉnh Cà Mau"
96,Cà Mau,967,Thới Bình,32080,Tân Phú,Xã,"Xã Tân Phú, Huyện Thới Bình, Tỉnh Cà Mau"
96,Cà Mau,967,Thới Bình,32065,Thới Bình,Thị trấn,"Thị trấn Thới Bình, Huyện Thới Bình, Tỉnh Cà Mau"
96,Cà Mau,967,Thới Bình,32077,Thới Bình,Xã,"Xã Thới Bình, Huyện Thới Bình, Tỉnh Cà Mau"
96,Cà Mau,967,Thới Bình,32072,Trí Lực,Xã,"Xã Trí Lực, Huyện Thới Bình, Tỉnh Cà Mau"
96,Cà Mau,967,Thới Bình,32071,Trí Phải,Xã,"Xã Trí Phải, Huyện Thới Bình, Tỉnh Cà Mau"
96,Cà Mau,968,Trần Văn Thời,32110,Khánh Bình,Xã,"Xã Khánh Bình, Huyện Trần Văn Thời, Tỉnh Cà Mau"
96,Cà Mau,968,Trần Văn Thời,32116,Khánh Bình Đông,Xã,"Xã Khánh Bình Đông, Huyện Trần Văn Thời, Tỉnh Cà Mau"
96,Cà Mau,968,Trần Văn Thời,32104,Khánh Bình Tây,Xã,"Xã Khánh Bình Tây, Huyện Trần Văn Thời, Tỉnh Cà Mau"
96,Cà Mau,968,Trần Văn Thời,32101,Khánh Bình Tây Bắc,Xã,"Xã Khánh Bình Tây Bắc, Huyện Trần Văn Thời, Tỉnh Cà Mau"
96,Cà Mau,968,Trần Văn Thời,32119,Khánh Hải,Xã,"Xã Khánh Hải, Huyện Trần Văn Thời, Tỉnh Cà Mau"
96,Cà Mau,968,Trần Văn Thời,32113,Khánh Hưng,Xã,"Xã Khánh Hưng, Huyện Trần Văn Thời, Tỉnh Cà Mau"
96,Cà Mau,968,Trần Văn Thời,32108,Khánh Lộc,Xã,"Xã Khánh Lộc, Huyện Trần Văn Thời, Tỉnh Cà Mau"
96,Cà Mau,968,Trần Văn Thời,32122,Lợi An,Xã,"Xã Lợi An, Huyện Trần Văn Thời, Tỉnh Cà Mau"
96,Cà Mau,968,Trần Văn Thời,32124,Phong Điền,Xã,"Xã Phong Điền, Huyện Trần Văn Thời, Tỉnh Cà Mau"
96,Cà Mau,968,Trần Văn Thời,32125,Phong Lạc,Xã,"Xã Phong Lạc, Huyện Trần Văn Thời, Tỉnh Cà Mau"
96,Cà Mau,968,Trần Văn Thời,32098,Sông Đốc,Thị trấn,"Thị trấn Sông Đốc, Huyện Trần Văn Thời, Tỉnh Cà Mau"
96,Cà Mau,968,Trần Văn Thời,32107,Trần Hợi,Xã,"Xã Trần Hợi, Huyện Trần Văn Thời, Tỉnh Cà Mau"
96,Cà Mau,968,Trần Văn Thời,32095,Trần Văn Thời,Thị trấn,"Thị trấn Trần Văn Thời, Huyện Trần Văn Thời, Tỉnh Cà Mau"
96,Cà Mau,966,U Minh,32059,Khánh An,Xã,"Xã Khánh An, Huyện U Minh, Tỉnh Cà Mau"
96,Cà Mau,966,U Minh,32047,Khánh Hòa,Xã,"Xã Khánh Hòa, Huyện U Minh, Tỉnh Cà Mau"
96,Cà Mau,966,U Minh,32062,Khánh Hội,Xã,"Xã Khánh Hội, Huyện U Minh, Tỉnh Cà Mau"
96,Cà Mau,966,U Minh,32056,Khánh Lâm,Xã,"Xã Khánh Lâm, Huyện U Minh, Tỉnh Cà Mau"
96,Cà Mau,966,U Minh,32048,Khánh Thuận,Xã,"Xã Khánh Thuận, Huyện U Minh, Tỉnh Cà Mau"
96,Cà Mau,966,U Minh,32050,Khánh Tiến,Xã,"Xã Khánh Tiến, Huyện U Minh, Tỉnh Cà Mau"
96,Cà Mau,966,U Minh,32053,Nguyễn Phích,Xã,"Xã Nguyễn Phích, Huyện U Minh, Tỉnh Cà Mau"
96,Cà Mau,966,U Minh,32044,U Minh,Thị trấn,"Thị trấn U Minh, Huyện U Minh, Tỉnh Cà Mau"
92,Cần Thơ,918,Bình Thuỷ,31177,An Thới,Phường,"Phường An Thới, Quận Bình Thuỷ, Thành phố Cần Thơ"
92,Cần Thơ,918,Bình Thuỷ,31168,Bình Thủy,Phường,"Phường Bình Thủy, Quận Bình Thuỷ, Thành phố Cần Thơ"
92,Cần Thơ,918,Bình Thuỷ,31178,Bùi Hữu Nghĩa,Phường,"Phường Bùi Hữu Nghĩa, Quận Bình Thuỷ, Thành phố Cần Thơ"
92,Cần Thơ,918,Bình Thuỷ,31180,Long Hòa,Phường,"Phường Long Hòa, Quận Bình Thuỷ, Thành phố Cần Thơ"
92,Cần Thơ,918,Bình Thuỷ,31183,Long Tuyền,Phường,"Phường Long Tuyền, Quận Bình Thuỷ, Thành phố Cần Thơ"
92,Cần Thơ,918,Bình Thuỷ,31174,Thới An Đông,Phường,"Phường Thới An Đông, Quận Bình Thuỷ, Thành phố Cần Thơ"
92,Cần Thơ,918,Bình Thuỷ,31169,Trà An,Phường,"Phường Trà An, Quận Bình Thuỷ, Thành phố Cần Thơ"
92,Cần Thơ,918,Bình Thuỷ,31171,Trà Nóc,Phường,"Phường Trà Nóc, Quận Bình Thuỷ, Thành phố Cần Thơ"
92,Cần Thơ,919,Cái Răng,31195,Ba Láng,Phường,"Phường Ba Láng, Quận Cái Răng, Thành phố Cần Thơ"
92,Cần Thơ,919,Cái Răng,31189,Hưng Phú,Phường,"Phường Hưng Phú, Quận Cái Răng, Thành phố Cần Thơ"
92,Cần Thơ,919,Cái Răng,31192,Hưng Thạnh,Phường,"Phường Hưng Thạnh, Quận Cái Răng, Thành phố Cần Thơ"
92,Cần Thơ,919,Cái Răng,31186,Lê Bình,Phường,"Phường Lê Bình, Quận Cái Răng, Thành phố Cần Thơ"
92,Cần Thơ,919,Cái Răng,31201,Phú Thứ,Phường,"Phường Phú Thứ, Quận Cái Răng, Thành phố Cần Thơ"
92,Cần Thơ,919,Cái Răng,31204,Tân Phú,Phường,"Phường Tân Phú, Quận Cái Răng, Thành phố Cần Thơ"
92,Cần Thơ,919,Cái Răng,31198,Thường Thạnh,Phường,"Phường Thường Thạnh, Quận Cái Răng, Thành phố Cần Thơ"
92,Cần Thơ,925,Cờ Đỏ,31261,Cờ Đỏ,Thị trấn,"Thị trấn Cờ Đỏ, Huyện Cờ Đỏ, Thành phố Cần Thơ"
92,Cần Thơ,925,Cờ Đỏ,31273,Đông Hiệp,Xã,"Xã Đông Hiệp, Huyện Cờ Đỏ, Thành phố Cần Thơ"
92,Cần Thơ,925,Cờ Đỏ,31274,Đông Thắng,Xã,"Xã Đông Thắng, Huyện Cờ Đỏ, Thành phố Cần Thơ"
92,Cần Thơ,925,Cờ Đỏ,31249,Thạnh Phú,Xã,"Xã Thạnh Phú, Huyện Cờ Đỏ, Thành phố Cần Thơ"
92,Cần Thơ,925,Cờ Đỏ,31276,Thới Đông,Xã,"Xã Thới Đông, Huyện Cờ Đỏ, Thành phố Cần Thơ"
92,Cần Thơ,925,Cờ Đỏ,31264,Thới Hưng,Xã,"Xã Thới Hưng, Huyện Cờ Đỏ, Thành phố Cần Thơ"
92,Cần Thơ,925,Cờ Đỏ,31277,Thới Xuân,Xã,"Xã Thới Xuân, Huyện Cờ Đỏ, Thành phố Cần Thơ"
92,Cần Thơ,925,Cờ Đỏ,31222,Trung An,Xã,"Xã Trung An, Huyện Cờ Đỏ, Thành phố Cần Thơ"
92,Cần Thơ,925,Cờ Đỏ,31255,Trung Hưng,Xã,"Xã Trung Hưng, Huyện Cờ Đỏ, Thành phố Cần Thơ"
92,Cần Thơ,925,Cờ Đỏ,31225,Trung Thạnh,Xã,"Xã Trung Thạnh, Huyện Cờ Đỏ, Thành phố Cần Thơ"
92,Cần Thơ,916,Ninh Kiều,31150,An Bình,Phường,"Phường An Bình, Quận Ninh Kiều, Thành phố Cần Thơ"
92,Cần Thơ,916,Ninh Kiều,31120,An Hòa,Phường,"Phường An Hòa, Quận Ninh Kiều, Thành phố Cần Thơ"
92,Cần Thơ,916,Ninh Kiều,31149,An Khánh,Phường,"Phường An Khánh, Quận Ninh Kiều, Thành phố Cần Thơ"
92,Cần Thơ,916,Ninh Kiều,31117,Cái Khế,Phường,"Phường Cái Khế, Quận Ninh Kiều, Thành phố Cần Thơ"
92,Cần Thơ,916,Ninh Kiều,31147,Hưng Lợi,Phường,"Phường Hưng Lợi, Quận Ninh Kiều, Thành phố Cần Thơ"
92,Cần Thơ,916,Ninh Kiều,31135,Tân An,Phường,"Phường Tân An, Quận Ninh Kiều, Thành phố Cần Thơ"
92,Cần Thơ,916,Ninh Kiều,31123,Thới Bình,Phường,"Phường Thới Bình, Quận Ninh Kiều, Thành phố Cần Thơ"
92,Cần Thơ,916,Ninh Kiều,31144,Xuân Khánh,Phường,"Phường Xuân Khánh, Quận Ninh Kiều, Thành phố Cần Thơ"
92,Cần Thơ,917,Ô Môn,31153,Châu Văn Liêm,Phường,"Phường Châu Văn Liêm, Quận Ô Môn, Thành phố Cần Thơ"
92,Cần Thơ,917,Ô Môn,31157,Long Hưng,Phường,"Phường Long Hưng, Quận Ô Môn, Thành phố Cần Thơ"
92,Cần Thơ,917,Ô Môn,31162,Phước Thới,Phường,"Phường Phước Thới, Quận Ô Môn, Thành phố Cần Thơ"
92,Cần Thơ,917,Ô Môn,31159,Thới An,Phường,"Phường Thới An, Quận Ô Môn, Thành phố Cần Thơ"
92,Cần Thơ,917,Ô Môn,31154,Thới Hòa,Phường,"Phường Thới Hòa, Quận Ô Môn, Thành phố Cần Thơ"
92,Cần Thơ,917,Ô Môn,31156,Thới Long,Phường,"Phường Thới Long, Quận Ô Môn, Thành phố Cần Thơ"
92,Cần Thơ,917,Ô Môn,31165,Trường Lạc,Phường,"Phường Trường Lạc, Quận Ô Môn, Thành phố Cần Thơ"
92,Cần Thơ,926,Phong Điền,31303,Giai Xuân,Xã,"Xã Giai Xuân, Huyện Phong Điền, Thành phố Cần Thơ"
92,Cần Thơ,926,Phong Điền,31312,Mỹ Khánh,Xã,"Xã Mỹ Khánh, Huyện Phong Điền, Thành phố Cần Thơ"
92,Cần Thơ,926,Phong Điền,31300,Nhơn Ái,Xã,"Xã Nhơn Ái, Huyện Phong Điền, Thành phố Cần Thơ"
92,Cần Thơ,926,Phong Điền,31315,Nhơn Nghĩa,Xã,"Xã Nhơn Nghĩa, Huyện Phong Điền, Thành phố Cần Thơ"
92,Cần Thơ,926,Phong Điền,31299,Phong Điền,Thị trấn,"Thị trấn Phong Điền, Huyện Phong Điền, Thành phố Cần Thơ"
92,Cần Thơ,926,Phong Điền,31306,Tân Thới,Xã,"Xã Tân Thới, Huyện Phong Điền, Thành phố Cần Thơ"
92,Cần Thơ,926,Phong Điền,31309,Trường Long,Xã,"Xã Trường Long, Huyện Phong Điền, Thành phố Cần Thơ"
92,Cần Thơ,927,Thới Lai,31288,Định Môn,Xã,"Xã Định Môn, Huyện Thới Lai, Thành phố Cần Thơ"
92,Cần Thơ,927,Thới Lai,31279,Đông Bình,Xã,"Xã Đông Bình, Huyện Thới Lai, Thành phố Cần Thơ"
92,Cần Thơ,927,Thới Lai,31282,Đông Thuận,Xã,"Xã Đông Thuận, Huyện Thới Lai, Thành phố Cần Thơ"
92,Cần Thơ,927,Thới Lai,31268,Tân Thạnh,Xã,"Xã Tân Thạnh, Huyện Thới Lai, Thành phố Cần Thơ"
92,Cần Thơ,927,Thới Lai,31258,Thới Lai,Thị trấn,"Thị trấn Thới Lai, Huyện Thới Lai, Thành phố Cần Thơ"
92,Cần Thơ,927,Thới Lai,31285,Thới Tân,Xã,"Xã Thới Tân, Huyện Thới Lai, Thành phố Cần Thơ"
92,Cần Thơ,927,Thới Lai,31267,Thới Thạnh,Xã,"Xã Thới Thạnh, Huyện Thới Lai, Thành phố Cần Thơ"
92,Cần Thơ,927,Thới Lai,31286,Trường Thắng,Xã,"Xã Trường Thắng, Huyện Thới Lai, Thành phố Cần Thơ"
92,Cần Thơ,927,Thới Lai,31291,Trường Thành,Xã,"Xã Trường Thành, Huyện Thới Lai, Thành phố Cần Thơ"
92,Cần Thơ,927,Thới Lai,31294,Trường Xuân,Xã,"Xã Trường Xuân, Huyện Thới Lai, Thành phố Cần Thơ"
92,Cần Thơ,927,Thới Lai,31297,Trường Xuân A,Xã,"Xã Trường Xuân A, Huyện Thới Lai, Thành phố Cần Thơ"
92,Cần Thơ,927,Thới Lai,31298,Trường Xuân B,Xã,"Xã Trường Xuân B, Huyện Thới Lai, Thành phố Cần Thơ"
92,Cần Thơ,927,Thới Lai,31270,Xuân Thắng,Xã,"Xã Xuân Thắng, Huyện Thới Lai, Thành phố Cần Thơ"
92,Cần Thơ,923,Thốt Nốt,31227,Tân Hưng,Phường,"Phường Tân Hưng, Quận Thốt Nốt, Thành phố Cần Thơ"
92,Cần Thơ,923,Thốt Nốt,31213,Tân Lộc,Phường,"Phường Tân Lộc, Quận Thốt Nốt, Thành phố Cần Thơ"
92,Cần Thơ,923,Thốt Nốt,31217,Thạnh Hoà,Phường,"Phường Thạnh Hoà, Quận Thốt Nốt, Thành phố Cần Thơ"
92,Cần Thơ,923,Thốt Nốt,31210,Thới Thuận,Phường,"Phường Thới Thuận, Quận Thốt Nốt, Thành phố Cần Thơ"
92,Cần Thơ,923,Thốt Nốt,31207,Thốt Nốt,Phường,"Phường Thốt Nốt, Quận Thốt Nốt, Thành phố Cần Thơ"
92,Cần Thơ,923,Thốt Nốt,31212,Thuận An,Phường,"Phường Thuận An, Quận Thốt Nốt, Thành phố Cần Thơ"
92,Cần Thơ,923,Thốt Nốt,31228,Thuận Hưng,Phường,"Phường Thuận Hưng, Quận Thốt Nốt, Thành phố Cần Thơ"
92,Cần Thơ,923,Thốt Nốt,31219,Trung Kiên,Phường,"Phường Trung Kiên, Quận Thốt Nốt, Thành phố Cần Thơ"
92,Cần Thơ,923,Thốt Nốt,31216,Trung Nhứt,Phường,"Phường Trung Nhứt, Quận Thốt Nốt, Thành phố Cần Thơ"
92,Cần Thơ,924,Vĩnh Thạnh,31231,Thanh An,Thị trấn,"Thị trấn Thanh An, Huyện Vĩnh Thạnh, Thành phố Cần Thơ"
92,Cần Thơ,924,Vĩnh Thạnh,31240,Thạnh An,Xã,"Xã Thạnh An, Huyện Vĩnh Thạnh, Thành phố Cần Thơ"
92,Cần Thơ,924,Vĩnh Thạnh,31252,Thạnh Lộc,Xã,"Xã Thạnh Lộc, Huyện Vĩnh Thạnh, Thành phố Cần Thơ"
92,Cần Thơ,924,Vĩnh Thạnh,31244,Thạnh Lợi,Xã,"Xã Thạnh Lợi, Huyện Vĩnh Thạnh, Thành phố Cần Thơ"
92,Cần Thơ,924,Vĩnh Thạnh,31234,Thạnh Mỹ,Xã,"Xã Thạnh Mỹ, Huyện Vĩnh Thạnh, Thành phố Cần Thơ"
92,Cần Thơ,924,Vĩnh Thạnh,31246,Thạnh Quới,Xã,"Xã Thạnh Quới, Huyện Vĩnh Thạnh, Thành phố Cần Thơ"
92,Cần Thơ,924,Vĩnh Thạnh,31243,Thạnh Thắng,Xã,"Xã Thạnh Thắng, Huyện Vĩnh Thạnh, Thành phố Cần Thơ"
92,Cần Thơ,924,Vĩnh Thạnh,31241,Thạnh Tiến,Xã,"Xã Thạnh Tiến, Huyện Vĩnh Thạnh, Thành phố Cần Thơ"
92,Cần Thơ,924,Vĩnh Thạnh,31211,Vĩnh Bình,Xã,"Xã Vĩnh Bình, Huyện Vĩnh Thạnh, Thành phố Cần Thơ"
92,Cần Thơ,924,Vĩnh Thạnh,31232,Vĩnh Thạnh,Thị trấn,"Thị trấn Vĩnh Thạnh, Huyện Vĩnh Thạnh, Thành phố Cần Thơ"
92,Cần Thơ,924,Vĩnh Thạnh,31237,Vĩnh Trinh,Xã,"Xã Vĩnh Trinh, Huyện Vĩnh Thạnh, Thành phố Cần Thơ"
04,Cao Bằng,043,Bảo Lạc,01321,Bảo Lạc,Thị trấn,"Thị trấn Bảo Lạc, Huyện Bảo Lạc, Tỉnh Cao Bằng"
04,Cao Bằng,043,Bảo Lạc,01333,Bảo Toàn,Xã,"Xã Bảo Toàn, Huyện Bảo Lạc, Tỉnh Cao Bằng"
04,Cao Bằng,043,Bảo Lạc,01330,Cô Ba,Xã,"Xã Cô Ba, Huyện Bảo Lạc, Tỉnh Cao Bằng"
04,Cao Bằng,043,Bảo Lạc,01324,Cốc Pàng,Xã,"Xã Cốc Pàng, Huyện Bảo Lạc, Tỉnh Cao Bằng"
04,Cao Bằng,043,Bảo Lạc,01357,Đình Phùng,Xã,"Xã Đình Phùng, Huyện Bảo Lạc, Tỉnh Cao Bằng"
04,Cao Bằng,043,Bảo Lạc,01348,Hồng An,Xã,"Xã Hồng An, Huyện Bảo Lạc, Tỉnh Cao Bằng"
04,Cao Bằng,043,Bảo Lạc,01342,Hồng Trị,Xã,"Xã Hồng Trị, Huyện Bảo Lạc, Tỉnh Cao Bằng"
04,Cao Bằng,043,Bảo Lạc,01351,Hưng Đạo,Xã,"Xã Hưng Đạo, Huyện Bảo Lạc, Tỉnh Cao Bằng"
04,Cao Bằng,043,Bảo Lạc,01352,Hưng Thịnh,Xã,"Xã Hưng Thịnh, Huyện Bảo Lạc, Tỉnh Cao Bằng"
04,Cao Bằng,043,Bảo Lạc,01354,Huy Giáp,Xã,"Xã Huy Giáp, Huyện Bảo Lạc, Tỉnh Cao Bằng"
04,Cao Bằng,043,Bảo Lạc,01336,Khánh Xuân,Xã,"Xã Khánh Xuân, Huyện Bảo Lạc, Tỉnh Cao Bằng"
04,Cao Bằng,043,Bảo Lạc,01343,Kim Cúc,Xã,"Xã Kim Cúc, Huyện Bảo Lạc, Tỉnh Cao Bằng"
04,Cao Bằng,043,Bảo Lạc,01345,Phan Thanh,Xã,"Xã Phan Thanh, Huyện Bảo Lạc, Tỉnh Cao Bằng"
04,Cao Bằng,043,Bảo Lạc,01359,Sơn Lập,Xã,"Xã Sơn Lập, Huyện Bảo Lạc, Tỉnh Cao Bằng"
04,Cao Bằng,043,Bảo Lạc,01360,Sơn Lộ,Xã,"Xã Sơn Lộ, Huyện Bảo Lạc, Tỉnh Cao Bằng"
04,Cao Bằng,043,Bảo Lạc,01327,Thượng Hà,Xã,"Xã Thượng Hà, Huyện Bảo Lạc, Tỉnh Cao Bằng"
04,Cao Bằng,043,Bảo Lạc,01339,Xuân Trường,Xã,"Xã Xuân Trường, Huyện Bảo Lạc, Tỉnh Cao Bằng"
04,Cao Bằng,042,Bảo Lâm,01291,Đức Hạnh,Xã,"Xã Đức Hạnh, Huyện Bảo Lâm, Tỉnh Cao Bằng"
04,Cao Bằng,042,Bảo Lâm,01294,Lý Bôn,Xã,"Xã Lý Bôn, Huyện Bảo Lâm, Tỉnh Cao Bằng"
04,Cao Bằng,042,Bảo Lâm,01312,Mông Ân,Xã,"Xã Mông Ân, Huyện Bảo Lâm, Tỉnh Cao Bằng"
04,Cao Bằng,042,Bảo Lâm,01296,Nam Cao,Xã,"Xã Nam Cao, Huyện Bảo Lâm, Tỉnh Cao Bằng"
04,Cao Bằng,042,Bảo Lâm,01297,Nam Quang,Xã,"Xã Nam Quang, Huyện Bảo Lâm, Tỉnh Cao Bằng"
04,Cao Bằng,042,Bảo Lâm,01290,Pác Miầu,Thị trấn,"Thị trấn Pác Miầu, Huyện Bảo Lâm, Tỉnh Cao Bằng"
04,Cao Bằng,042,Bảo Lâm,01303,Quảng Lâm,Xã,"Xã Quảng Lâm, Huyện Bảo Lâm, Tỉnh Cao Bằng"
04,Cao Bằng,042,Bảo Lâm,01304,Thạch Lâm,Xã,"Xã Thạch Lâm, Huyện Bảo Lâm, Tỉnh Cao Bằng"
04,Cao Bằng,042,Bảo Lâm,01315,Thái Học,Xã,"Xã Thái Học, Huyện Bảo Lâm, Tỉnh Cao Bằng"
04,Cao Bằng,042,Bảo Lâm,01316,Thái Sơn,Xã,"Xã Thái Sơn, Huyện Bảo Lâm, Tỉnh Cao Bằng"
04,Cao Bằng,042,Bảo Lâm,01309,Vĩnh Phong,Xã,"Xã Vĩnh Phong, Huyện Bảo Lâm, Tỉnh Cao Bằng"
04,Cao Bằng,042,Bảo Lâm,01300,Vĩnh Quang,Xã,"Xã Vĩnh Quang, Huyện Bảo Lâm, Tỉnh Cao Bằng"
04,Cao Bằng,042,Bảo Lâm,01318,Yên Thổ,Xã,"Xã Yên Thổ, Huyện Bảo Lâm, Tỉnh Cao Bằng"
04,Cao Bằng,040,Cao Bằng,01720,Chu Trinh,Xã,"Xã Chu Trinh, Thành phố Cao Bằng, Tỉnh Cao Bằng"
04,Cao Bằng,040,Cao Bằng,01288,Duyệt Trung,Phường,"Phường Duyệt Trung, Thành phố Cao Bằng, Tỉnh Cao Bằng"
04,Cao Bằng,040,Cao Bằng,01282,Đề Thám,Phường,"Phường Đề Thám, Thành phố Cao Bằng, Tỉnh Cao Bằng"
04,Cao Bằng,040,Cao Bằng,01285,Hoà Chung,Phường,"Phường Hoà Chung, Thành phố Cao Bằng, Tỉnh Cao Bằng"
04,Cao Bằng,040,Cao Bằng,01273,Hợp Giang,Phường,"Phường Hợp Giang, Thành phố Cao Bằng, Tỉnh Cao Bằng"
04,Cao Bằng,040,Cao Bằng,01705,Hưng Đạo,Xã,"Xã Hưng Đạo, Thành phố Cao Bằng, Tỉnh Cao Bằng"
04,Cao Bằng,040,Cao Bằng,01279,Ngọc Xuân,Phường,"Phường Ngọc Xuân, Thành phố Cao Bằng, Tỉnh Cao Bằng"
04,Cao Bằng,040,Cao Bằng,01270,Sông Bằng,Phường,"Phường Sông Bằng, Thành phố Cao Bằng, Tỉnh Cao Bằng"
04,Cao Bằng,040,Cao Bằng,01267,Sông Hiến,Phường,"Phường Sông Hiến, Thành phố Cao Bằng, Tỉnh Cao Bằng"
04,Cao Bằng,040,Cao Bằng,01276,Tân Giang,Phường,"Phường Tân Giang, Thành phố Cao Bằng, Tỉnh Cao Bằng"
04,Cao Bằng,040,Cao Bằng,01693,Vĩnh Quang,Xã,"Xã Vĩnh Quang, Thành phố Cao Bằng, Tỉnh Cao Bằng"
04,Cao Bằng,048,Hạ Lang,01555,An Lạc,Xã,"Xã An Lạc, Huyện Hạ Lang, Tỉnh Cao Bằng"
04,Cao Bằng,048,Hạ Lang,01567,Cô Ngân,Xã,"Xã Cô Ngân, Huyện Hạ Lang, Tỉnh Cao Bằng"
04,Cao Bằng,048,Hạ Lang,01543,Đồng Loan,Xã,"Xã Đồng Loan, Huyện Hạ Lang, Tỉnh Cao Bằng"
04,Cao Bằng,048,Hạ Lang,01546,Đức Quang,Xã,"Xã Đức Quang, Huyện Hạ Lang, Tỉnh Cao Bằng"
04,Cao Bằng,048,Hạ Lang,01549,Kim Loan,Xã,"Xã Kim Loan, Huyện Hạ Lang, Tỉnh Cao Bằng"
04,Cao Bằng,048,Hạ Lang,01537,Lý Quốc,Xã,"Xã Lý Quốc, Huyện Hạ Lang, Tỉnh Cao Bằng"
04,Cao Bằng,048,Hạ Lang,01534,Minh Long,Xã,"Xã Minh Long, Huyện Hạ Lang, Tỉnh Cao Bằng"
04,Cao Bằng,048,Hạ Lang,01552,Quang Long,Xã,"Xã Quang Long, Huyện Hạ Lang, Tỉnh Cao Bằng"
04,Cao Bằng,048,Hạ Lang,01540,Thắng Lợi,Xã,"Xã Thắng Lợi, Huyện Hạ Lang, Tỉnh Cao Bằng"
04,Cao Bằng,048,Hạ Lang,01558,Thanh Nhật,Thị trấn,"Thị trấn Thanh Nhật, Huyện Hạ Lang, Tỉnh Cao Bằng"
04,Cao Bằng,048,Hạ Lang,01573,Thị Hoa,Xã,"Xã Thị Hoa, Huyện Hạ Lang, Tỉnh Cao Bằng"
04,Cao Bằng,048,Hạ Lang,01564,Thống Nhất,Xã,"Xã Thống Nhất, Huyện Hạ Lang, Tỉnh Cao Bằng"
04,Cao Bằng,048,Hạ Lang,01561,Vinh Quý,Xã,"Xã Vinh Quý, Huyện Hạ Lang, Tỉnh Cao Bằng"
04,Cao Bằng,045,Hà Quảng,01402,Cải Viên,Xã,"Xã Cải Viên, Huyện Hà Quảng, Tỉnh Cao Bằng"
04,Cao Bằng,045,Hà Quảng,01367,Cần Nông,Xã,"Xã Cần Nông, Huyện Hà Quảng, Tỉnh Cao Bằng"
04,Cao Bằng,045,Hà Quảng,01366,Cần Yên,Xã,"Xã Cần Yên, Huyện Hà Quảng, Tỉnh Cao Bằng"
04,Cao Bằng,045,Hà Quảng,01375,Đa Thông,Xã,"Xã Đa Thông, Huyện Hà Quảng, Tỉnh Cao Bằng"
04,Cao Bằng,045,Hà Quảng,01429,Hồng Sỹ,Xã,"Xã Hồng Sỹ, Huyện Hà Quảng, Tỉnh Cao Bằng"
04,Cao Bằng,045,Hà Quảng,01393,Lũng Nặm,Xã,"Xã Lũng Nặm, Huyện Hà Quảng, Tỉnh Cao Bằng"
04,Cao Bằng,045,Hà Quảng,01384,Lương Can,Xã,"Xã Lương Can, Huyện Hà Quảng, Tỉnh Cao Bằng"
04,Cao Bằng,045,Hà Quảng,01372,Lương Thông,Xã,"Xã Lương Thông, Huyện Hà Quảng, Tỉnh Cao Bằng"
04,Cao Bằng,045,Hà Quảng,01435,Mã Ba,Xã,"Xã Mã Ba, Huyện Hà Quảng, Tỉnh Cao Bằng"
04,Cao Bằng,045,Hà Quảng,01438,Ngọc Đào,Xã,"Xã Ngọc Đào, Huyện Hà Quảng, Tỉnh Cao Bằng"
04,Cao Bằng,045,Hà Quảng,01378,Ngọc Động,Xã,"Xã Ngọc Động, Huyện Hà Quảng, Tỉnh Cao Bằng"
04,Cao Bằng,045,Hà Quảng,01411,Nội Thôn,Xã,"Xã Nội Thôn, Huyện Hà Quảng, Tỉnh Cao Bằng"
04,Cao Bằng,045,Hà Quảng,01432,Quý Quân,Xã,"Xã Quý Quân, Huyện Hà Quảng, Tỉnh Cao Bằng"
04,Cao Bằng,045,Hà Quảng,01417,Sóc Hà,Xã,"Xã Sóc Hà, Huyện Hà Quảng, Tỉnh Cao Bằng"
04,Cao Bằng,045,Hà Quảng,01387,Thanh Long,Xã,"Xã Thanh Long, Huyện Hà Quảng, Tỉnh Cao Bằng"
04,Cao Bằng,045,Hà Quảng,01363,Thông Nông,Thị trấn,"Thị trấn Thông Nông, Huyện Hà Quảng, Tỉnh Cao Bằng"
04,Cao Bằng,045,Hà Quảng,01420,Thượng Thôn,Xã,"Xã Thượng Thôn, Huyện Hà Quảng, Tỉnh Cao Bằng"
04,Cao Bằng,045,Hà Quảng,01414,Tổng Cọt,Xã,"Xã Tổng Cọt, Huyện Hà Quảng, Tỉnh Cao Bằng"
04,Cao Bằng,045,Hà Quảng,01399,Trường Hà,Xã,"Xã Trường Hà, Huyện Hà Quảng, Tỉnh Cao Bằng"
04,Cao Bằng,045,Hà Quảng,01392,Xuân Hòa,Thị trấn,"Thị trấn Xuân Hòa, Huyện Hà Quảng, Tỉnh Cao Bằng"
04,Cao Bằng,045,Hà Quảng,01381,Yên Sơn,Xã,"Xã Yên Sơn, Huyện Hà Quảng, Tỉnh Cao Bằng"
04,Cao Bằng,051,Hoà An,01708,Bạch Đằng,Xã,"Xã Bạch Đằng, Huyện Hoà An, Tỉnh Cao Bằng"
04,Cao Bằng,051,Hoà An,01711,Bình Dương,Xã,"Xã Bình Dương, Huyện Hoà An, Tỉnh Cao Bằng"
04,Cao Bằng,051,Hoà An,01657,Dân Chủ,Xã,"Xã Dân Chủ, Huyện Hoà An, Tỉnh Cao Bằng"
04,Cao Bằng,051,Hoà An,01666,Đại Tiến,Xã,"Xã Đại Tiến, Huyện Hoà An, Tỉnh Cao Bằng"
04,Cao Bằng,051,Hoà An,01669,Đức Long,Xã,"Xã Đức Long, Huyện Hoà An, Tỉnh Cao Bằng"
04,Cao Bằng,051,Hoà An,01696,Hoàng Tung,Xã,"Xã Hoàng Tung, Huyện Hoà An, Tỉnh Cao Bằng"
04,Cao Bằng,051,Hoà An,01723,Hồng Nam,Xã,"Xã Hồng Nam, Huyện Hoà An, Tỉnh Cao Bằng"
04,Cao Bằng,051,Hoà An,01687,Hồng Việt,Xã,"Xã Hồng Việt, Huyện Hoà An, Tỉnh Cao Bằng"
04,Cao Bằng,051,Hoà An,01714,Lê Chung,Xã,"Xã Lê Chung, Huyện Hoà An, Tỉnh Cao Bằng"
04,Cao Bằng,051,Hoà An,01660,Nam Tuấn,Xã,"Xã Nam Tuấn, Huyện Hoà An, Tỉnh Cao Bằng"
04,Cao Bằng,051,Hoà An,01672,Ngũ Lão,Xã,"Xã Ngũ Lão, Huyện Hoà An, Tỉnh Cao Bằng"
04,Cao Bằng,051,Hoà An,01699,Nguyễn Huệ,Xã,"Xã Nguyễn Huệ, Huyện Hoà An, Tỉnh Cao Bằng"
04,Cao Bằng,051,Hoà An,01654,Nước Hai,Thị trấn,"Thị trấn Nước Hai, Huyện Hoà An, Tỉnh Cao Bằng"
04,Cao Bằng,051,Hoà An,01702,Quang Trung,Xã,"Xã Quang Trung, Huyện Hoà An, Tỉnh Cao Bằng"
04,Cao Bằng,051,Hoà An,01675,Trương Lương,Xã,"Xã Trương Lương, Huyện Hoà An, Tỉnh Cao Bằng"
04,Cao Bằng,052,Nguyên Bình,01738,Ca Thành,Xã,"Xã Ca Thành, Huyện Nguyên Bình, Tỉnh Cao Bằng"
04,Cao Bằng,052,Nguyên Bình,01765,Hoa Thám,Xã,"Xã Hoa Thám, Huyện Nguyên Bình, Tỉnh Cao Bằng"
04,Cao Bằng,052,Nguyên Bình,01783,Hưng Đạo,Xã,"Xã Hưng Đạo, Huyện Nguyên Bình, Tỉnh Cao Bằng"
04,Cao Bằng,052,Nguyên Bình,01756,Mai Long,Xã,"Xã Mai Long, Huyện Nguyên Bình, Tỉnh Cao Bằng"
04,Cao Bằng,052,Nguyên Bình,01747,Minh Tâm,Xã,"Xã Minh Tâm, Huyện Nguyên Bình, Tỉnh Cao Bằng"
04,Cao Bằng,052,Nguyên Bình,01726,Nguyên Bình,Thị trấn,"Thị trấn Nguyên Bình, Huyện Nguyên Bình, Tỉnh Cao Bằng"
04,Cao Bằng,052,Nguyên Bình,01768,Phan Thanh,Xã,"Xã Phan Thanh, Huyện Nguyên Bình, Tỉnh Cao Bằng"
04,Cao Bằng,052,Nguyên Bình,01771,Quang Thành,Xã,"Xã Quang Thành, Huyện Nguyên Bình, Tỉnh Cao Bằng"
04,Cao Bằng,052,Nguyên Bình,01774,Tam Kim,Xã,"Xã Tam Kim, Huyện Nguyên Bình, Tỉnh Cao Bằng"
04,Cao Bằng,052,Nguyên Bình,01777,Thành Công,Xã,"Xã Thành Công, Huyện Nguyên Bình, Tỉnh Cao Bằng"
04,Cao Bằng,052,Nguyên Bình,01750,Thể Dục,Xã,"Xã Thể Dục, Huyện Nguyên Bình, Tỉnh Cao Bằng"
04,Cao Bằng,052,Nguyên Bình,01780,Thịnh Vượng,Xã,"Xã Thịnh Vượng, Huyện Nguyên Bình, Tỉnh Cao Bằng"
04,Cao Bằng,052,Nguyên Bình,01729,Tĩnh Túc,Thị trấn,"Thị trấn Tĩnh Túc, Huyện Nguyên Bình, Tỉnh Cao Bằng"
04,Cao Bằng,052,Nguyên Bình,01735,Triệu Nguyên,Xã,"Xã Triệu Nguyên, Huyện Nguyên Bình, Tỉnh Cao Bằng"
04,Cao Bằng,052,Nguyên Bình,01762,Vũ Minh,Xã,"Xã Vũ Minh, Huyện Nguyên Bình, Tỉnh Cao Bằng"
04,Cao Bằng,052,Nguyên Bình,01744,Vũ Nông,Xã,"Xã Vũ Nông, Huyện Nguyên Bình, Tỉnh Cao Bằng"
04,Cao Bằng,052,Nguyên Bình,01732,Yên Lạc,Xã,"Xã Yên Lạc, Huyện Nguyên Bình, Tỉnh Cao Bằng"
04,Cao Bằng,049,Quảng Hòa,01630,Bế Văn Đàn,Xã,"Xã Bế Văn Đàn, Huyện Quảng Hòa, Tỉnh Cao Bằng"
04,Cao Bằng,049,Quảng Hòa,01636,Cách Linh,Xã,"Xã Cách Linh, Huyện Quảng Hòa, Tỉnh Cao Bằng"
04,Cao Bằng,049,Quảng Hòa,01597,Cai Bộ,Xã,"Xã Cai Bộ, Huyện Quảng Hòa, Tỉnh Cao Bằng"
04,Cao Bằng,049,Quảng Hòa,01606,Chí Thảo,Xã,"Xã Chí Thảo, Huyện Quảng Hòa, Tỉnh Cao Bằng"
04,Cao Bằng,049,Quảng Hòa,01639,Đại Sơn,Xã,"Xã Đại Sơn, Huyện Quảng Hòa, Tỉnh Cao Bằng"
04,Cao Bằng,049,Quảng Hòa,01594,Độc Lập,Xã,"Xã Độc Lập, Huyện Quảng Hòa, Tỉnh Cao Bằng"
04,Cao Bằng,049,Quảng Hòa,01624,Hạnh Phúc,Xã,"Xã Hạnh Phúc, Huyện Quảng Hòa, Tỉnh Cao Bằng"
04,Cao Bằng,049,Quảng Hòa,01648,Hoà Thuận,Thị trấn,"Thị trấn Hoà Thuận, Huyện Quảng Hòa, Tỉnh Cao Bằng"
04,Cao Bằng,049,Quảng Hòa,01615,Hồng Quang,Xã,"Xã Hồng Quang, Huyện Quảng Hòa, Tỉnh Cao Bằng"
04,Cao Bằng,049,Quảng Hòa,01651,Mỹ Hưng,Xã,"Xã Mỹ Hưng, Huyện Quảng Hòa, Tỉnh Cao Bằng"
04,Cao Bằng,049,Quảng Hòa,01618,Ngọc Động,Xã,"Xã Ngọc Động, Huyện Quảng Hòa, Tỉnh Cao Bằng"
04,Cao Bằng,049,Quảng Hòa,01579,Phi Hải,Xã,"Xã Phi Hải, Huyện Quảng Hòa, Tỉnh Cao Bằng"
04,Cao Bằng,049,Quảng Hòa,01603,Phúc Sen,Xã,"Xã Phúc Sen, Huyện Quảng Hòa, Tỉnh Cao Bằng"
04,Cao Bằng,049,Quảng Hòa,01582,Quảng Hưng,Xã,"Xã Quảng Hưng, Huyện Quảng Hòa, Tỉnh Cao Bằng"
04,Cao Bằng,049,Quảng Hòa,01576,Quảng Uyên,Thị trấn,"Thị trấn Quảng Uyên, Huyện Quảng Hòa, Tỉnh Cao Bằng"
04,Cao Bằng,049,Quảng Hòa,01474,Quốc Toản,Xã,"Xã Quốc Toản, Huyện Quảng Hòa, Tỉnh Cao Bằng"
04,Cao Bằng,049,Quảng Hòa,01627,Tà Lùng,Thị trấn,"Thị trấn Tà Lùng, Huyện Quảng Hòa, Tỉnh Cao Bằng"
04,Cao Bằng,049,Quảng Hòa,01645,Tiên Thành,Xã,"Xã Tiên Thành, Huyện Quảng Hòa, Tỉnh Cao Bằng"
04,Cao Bằng,049,Quảng Hòa,01609,Tự Do,Xã,"Xã Tự Do, Huyện Quảng Hòa, Tỉnh Cao Bằng"
04,Cao Bằng,053,Thạch An,01789,Canh Tân,Xã,"Xã Canh Tân, Huyện Thạch An, Tỉnh Cao Bằng"
04,Cao Bằng,053,Thạch An,01786,Đông Khê,Thị trấn,"Thị trấn Đông Khê, Huyện Thạch An, Tỉnh Cao Bằng"
04,Cao Bằng,053,Thạch An,01822,Đức Long,Xã,"Xã Đức Long, Huyện Thạch An, Tỉnh Cao Bằng"
04,Cao Bằng,053,Thạch An,01801,Đức Thông,Xã,"Xã Đức Thông, Huyện Thạch An, Tỉnh Cao Bằng"
04,Cao Bằng,053,Thạch An,01831,Đức Xuân,Xã,"Xã Đức Xuân, Huyện Thạch An, Tỉnh Cao Bằng"
04,Cao Bằng,053,Thạch An,01792,Kim Đồng,Xã,"Xã Kim Đồng, Huyện Thạch An, Tỉnh Cao Bằng"
04,Cao Bằng,053,Thạch An,01819,Lê Lai,Xã,"Xã Lê Lai, Huyện Thạch An, Tỉnh Cao Bằng"
04,Cao Bằng,053,Thạch An,01828,Lê Lợi,Xã,"Xã Lê Lợi, Huyện Thạch An, Tỉnh Cao Bằng"
04,Cao Bằng,053,Thạch An,01795,Minh Khai,Xã,"Xã Minh Khai, Huyện Thạch An, Tỉnh Cao Bằng"
04,Cao Bằng,053,Thạch An,01813,Quang Trọng,Xã,"Xã Quang Trọng, Huyện Thạch An, Tỉnh Cao Bằng"
04,Cao Bằng,053,Thạch An,01804,Thái Cường,Xã,"Xã Thái Cường, Huyện Thạch An, Tỉnh Cao Bằng"
04,Cao Bằng,053,Thạch An,01810,Thụy Hùng,Xã,"Xã Thụy Hùng, Huyện Thạch An, Tỉnh Cao Bằng"
04,Cao Bằng,053,Thạch An,01816,Trọng Con,Xã,"Xã Trọng Con, Huyện Thạch An, Tỉnh Cao Bằng"
04,Cao Bằng,053,Thạch An,01807,Vân Trình,Xã,"Xã Vân Trình, Huyện Thạch An, Tỉnh Cao Bằng"
04,Cao Bằng,047,Trùng Khánh,01471,Cao Chương,Xã,"Xã Cao Chương, Huyện Trùng Khánh, Tỉnh Cao Bằng"
04,Cao Bằng,047,Trùng Khánh,01519,Cao Thăng,Xã,"Xã Cao Thăng, Huyện Trùng Khánh, Tỉnh Cao Bằng"
04,Cao Bằng,047,Trùng Khánh,01501,Chí Viễn,Xã,"Xã Chí Viễn, Huyện Trùng Khánh, Tỉnh Cao Bằng"
04,Cao Bằng,047,Trùng Khánh,01495,Đàm Thuỷ,Xã,"Xã Đàm Thuỷ, Huyện Trùng Khánh, Tỉnh Cao Bằng"
04,Cao Bằng,047,Trùng Khánh,01489,Đình Phong,Xã,"Xã Đình Phong, Huyện Trùng Khánh, Tỉnh Cao Bằng"
04,Cao Bằng,047,Trùng Khánh,01525,Đoài Dương,Xã,"Xã Đoài Dương, Huyện Trùng Khánh, Tỉnh Cao Bằng"
04,Cao Bằng,047,Trùng Khánh,01522,Đức Hồng,Xã,"Xã Đức Hồng, Huyện Trùng Khánh, Tỉnh Cao Bằng"
04,Cao Bằng,047,Trùng Khánh,01498,Khâm Thành,Xã,"Xã Khâm Thành, Huyện Trùng Khánh, Tỉnh Cao Bằng"
04,Cao Bằng,047,Trùng Khánh,01504,Lăng Hiếu,Xã,"Xã Lăng Hiếu, Huyện Trùng Khánh, Tỉnh Cao Bằng"
04,Cao Bằng,047,Trùng Khánh,01481,Ngọc Côn,Xã,"Xã Ngọc Côn, Huyện Trùng Khánh, Tỉnh Cao Bằng"
04,Cao Bằng,047,Trùng Khánh,01480,Ngọc Khê,Xã,"Xã Ngọc Khê, Huyện Trùng Khánh, Tỉnh Cao Bằng"
04,Cao Bằng,047,Trùng Khánh,01507,Phong Châu,Xã,"Xã Phong Châu, Huyện Trùng Khánh, Tỉnh Cao Bằng"
04,Cao Bằng,047,Trùng Khánh,01483,Phong Nậm,Xã,"Xã Phong Nậm, Huyện Trùng Khánh, Tỉnh Cao Bằng"
04,Cao Bằng,047,Trùng Khánh,01456,Quang Hán,Xã,"Xã Quang Hán, Huyện Trùng Khánh, Tỉnh Cao Bằng"
04,Cao Bằng,047,Trùng Khánh,01465,Quang Trung,Xã,"Xã Quang Trung, Huyện Trùng Khánh, Tỉnh Cao Bằng"
04,Cao Bằng,047,Trùng Khánh,01468,Quang Vinh,Xã,"Xã Quang Vinh, Huyện Trùng Khánh, Tỉnh Cao Bằng"
04,Cao Bằng,047,Trùng Khánh,01447,Trà Lĩnh,Thị trấn,"Thị trấn Trà Lĩnh, Huyện Trùng Khánh, Tỉnh Cao Bằng"
04,Cao Bằng,047,Trùng Khánh,01453,Tri Phương,Xã,"Xã Tri Phương, Huyện Trùng Khánh, Tỉnh Cao Bằng"
04,Cao Bằng,047,Trùng Khánh,01477,Trùng Khánh,Thị trấn,"Thị trấn Trùng Khánh, Huyện Trùng Khánh, Tỉnh Cao Bằng"
04,Cao Bằng,047,Trùng Khánh,01516,Trung Phúc,Xã,"Xã Trung Phúc, Huyện Trùng Khánh, Tỉnh Cao Bằng"
04,Cao Bằng,047,Trùng Khánh,01462,Xuân Nội,Xã,"Xã Xuân Nội, Huyện Trùng Khánh, Tỉnh Cao Bằng"
48,Đà Nẵng,495,Cẩm Lệ,20306,Hòa An,Phường,"Phường Hòa An, Quận Cẩm Lệ, Thành phố Đà Nẵng"
48,Đà Nẵng,495,Cẩm Lệ,20305,Hòa Phát,Phường,"Phường Hòa Phát, Quận Cẩm Lệ, Thành phố Đà Nẵng"
48,Đà Nẵng,495,Cẩm Lệ,20312,Hòa Thọ Đông,Phường,"Phường Hòa Thọ Đông, Quận Cẩm Lệ, Thành phố Đà Nẵng"
48,Đà Nẵng,495,Cẩm Lệ,20311,Hòa Thọ Tây,Phường,"Phường Hòa Thọ Tây, Quận Cẩm Lệ, Thành phố Đà Nẵng"
48,Đà Nẵng,495,Cẩm Lệ,20314,Hòa Xuân,Phường,"Phường Hòa Xuân, Quận Cẩm Lệ, Thành phố Đà Nẵng"
48,Đà Nẵng,495,Cẩm Lệ,20260,Khuê Trung,Phường,"Phường Khuê Trung, Quận Cẩm Lệ, Thành phố Đà Nẵng"
48,Đà Nẵng,492,Hải Châu,20254,Bình Thuận,Phường,"Phường Bình Thuận, Quận Hải Châu, Thành phố Đà Nẵng"
48,Đà Nẵng,492,Hải Châu,20236,Hải Châu,Phường,"Phường Hải Châu, Quận Hải Châu, Thành phố Đà Nẵng"
48,Đà Nẵng,492,Hải Châu,20257,Hòa Cường Bắc,Phường,"Phường Hòa Cường Bắc, Quận Hải Châu, Thành phố Đà Nẵng"
48,Đà Nẵng,492,Hải Châu,20258,Hòa Cường Nam,Phường,"Phường Hòa Cường Nam, Quận Hải Châu, Thành phố Đà Nẵng"
48,Đà Nẵng,492,Hải Châu,20245,Hòa Thuận Tây,Phường,"Phường Hòa Thuận Tây, Quận Hải Châu, Thành phố Đà Nẵng"
48,Đà Nẵng,492,Hải Châu,20242,Phước Ninh,Phường,"Phường Phước Ninh, Quận Hải Châu, Thành phố Đà Nẵng"
48,Đà Nẵng,492,Hải Châu,20233,Thạch Thang,Phường,"Phường Thạch Thang, Quận Hải Châu, Thành phố Đà Nẵng"
48,Đà Nẵng,492,Hải Châu,20227,Thanh Bình,Phường,"Phường Thanh Bình, Quận Hải Châu, Thành phố Đà Nẵng"
48,Đà Nẵng,492,Hải Châu,20230,Thuận Phước,Phường,"Phường Thuận Phước, Quận Hải Châu, Thành phố Đà Nẵng"
48,Đà Nẵng,497,Hòa Vang,20293,Hòa Bắc,Xã,"Xã Hòa Bắc, Huyện Hòa Vang, Thành phố Đà Nẵng"
48,Đà Nẵng,497,Hòa Vang,20323,Hòa Châu,Xã,"Xã Hòa Châu, Huyện Hòa Vang, Thành phố Đà Nẵng"
48,Đà Nẵng,497,Hòa Vang,20332,Hòa Khương,Xã,"Xã Hòa Khương, Huyện Hòa Vang, Thành phố Đà Nẵng"
48,Đà Nẵng,497,Hòa Vang,20296,Hòa Liên,Xã,"Xã Hòa Liên, Huyện Hòa Vang, Thành phố Đà Nẵng"
48,Đà Nẵng,497,Hòa Vang,20308,Hòa Nhơn,Xã,"Xã Hòa Nhơn, Huyện Hòa Vang, Thành phố Đà Nẵng"
48,Đà Nẵng,497,Hòa Vang,20299,Hòa Ninh,Xã,"Xã Hòa Ninh, Huyện Hòa Vang, Thành phố Đà Nẵng"
48,Đà Nẵng,497,Hòa Vang,20320,Hòa Phong,Xã,"Xã Hòa Phong, Huyện Hòa Vang, Thành phố Đà Nẵng"
48,Đà Nẵng,497,Hòa Vang,20317,Hòa Phú,Xã,"Xã Hòa Phú, Huyện Hòa Vang, Thành phố Đà Nẵng"
48,Đà Nẵng,497,Hòa Vang,20329,Hòa Phước,Xã,"Xã Hòa Phước, Huyện Hòa Vang, Thành phố Đà Nẵng"
48,Đà Nẵng,497,Hòa Vang,20302,Hòa Sơn,Xã,"Xã Hòa Sơn, Huyện Hòa Vang, Thành phố Đà Nẵng"
48,Đà Nẵng,497,Hòa Vang,20326,Hòa Tiến,Xã,"Xã Hòa Tiến, Huyện Hòa Vang, Thành phố Đà Nẵng"
48,Đà Nẵng,490,Liên Chiểu,20194,Hòa Hiệp Bắc,Phường,"Phường Hòa Hiệp Bắc, Quận Liên Chiểu, Thành phố Đà Nẵng"
48,Đà Nẵng,490,Liên Chiểu,20195,Hòa Hiệp Nam,Phường,"Phường Hòa Hiệp Nam, Quận Liên Chiểu, Thành phố Đà Nẵng"
48,Đà Nẵng,490,Liên Chiểu,20197,Hòa Khánh Bắc,Phường,"Phường Hòa Khánh Bắc, Quận Liên Chiểu, Thành phố Đà Nẵng"
48,Đà Nẵng,490,Liên Chiểu,20198,Hòa Khánh Nam,Phường,"Phường Hòa Khánh Nam, Quận Liên Chiểu, Thành phố Đà Nẵng"
48,Đà Nẵng,490,Liên Chiểu,20200,Hòa Minh,Phường,"Phường Hòa Minh, Quận Liên Chiểu, Thành phố Đà Nẵng"
48,Đà Nẵng,494,Ngũ Hành Sơn,20290,Hoà Hải,Phường,"Phường Hoà Hải, Quận Ngũ Hành Sơn, Thành phố Đà Nẵng"
48,Đà Nẵng,494,Ngũ Hành Sơn,20287,Hoà Quý,Phường,"Phường Hoà Quý, Quận Ngũ Hành Sơn, Thành phố Đà Nẵng"
48,Đà Nẵng,494,Ngũ Hành Sơn,20285,Khuê Mỹ,Phường,"Phường Khuê Mỹ, Quận Ngũ Hành Sơn, Thành phố Đà Nẵng"
48,Đà Nẵng,494,Ngũ Hành Sơn,20284,Mỹ An,Phường,"Phường Mỹ An, Quận Ngũ Hành Sơn, Thành phố Đà Nẵng"
48,Đà Nẵng,493,Sơn Trà,20272,An Hải Bắc,Phường,"Phường An Hải Bắc, Quận Sơn Trà, Thành phố Đà Nẵng"
48,Đà Nẵng,493,Sơn Trà,20278,An Hải Nam,Phường,"Phường An Hải Nam, Quận Sơn Trà, Thành phố Đà Nẵng"
48,Đà Nẵng,493,Sơn Trà,20269,Mân Thái,Phường,"Phường Mân Thái, Quận Sơn Trà, Thành phố Đà Nẵng"
48,Đà Nẵng,493,Sơn Trà,20266,Nại Hiên Đông,Phường,"Phường Nại Hiên Đông, Quận Sơn Trà, Thành phố Đà Nẵng"
48,Đà Nẵng,493,Sơn Trà,20275,Phước Mỹ,Phường,"Phường Phước Mỹ, Quận Sơn Trà, Thành phố Đà Nẵng"
48,Đà Nẵng,493,Sơn Trà,20263,Thọ Quang,Phường,"Phường Thọ Quang, Quận Sơn Trà, Thành phố Đà Nẵng"
48,Đà Nẵng,491,Thanh Khê,20224,An Khê,Phường,"Phường An Khê, Quận Thanh Khê, Thành phố Đà Nẵng"
48,Đà Nẵng,491,Thanh Khê,20215,Chính Gián,Phường,"Phường Chính Gián, Quận Thanh Khê, Thành phố Đà Nẵng"
48,Đà Nẵng,491,Thanh Khê,20218,Thạc Gián,Phường,"Phường Thạc Gián, Quận Thanh Khê, Thành phố Đà Nẵng"
48,Đà Nẵng,491,Thanh Khê,20207,Thanh Khê Đông,Phường,"Phường Thanh Khê Đông, Quận Thanh Khê, Thành phố Đà Nẵng"
48,Đà Nẵng,491,Thanh Khê,20206,Thanh Khê Tây,Phường,"Phường Thanh Khê Tây, Quận Thanh Khê, Thành phố Đà Nẵng"
48,Đà Nẵng,491,Thanh Khê,20209,Xuân Hà,Phường,"Phường Xuân Hà, Quận Thanh Khê, Thành phố Đà Nẵng"
66,Đắk Lắk,647,Buôn Đôn,24247,Cuôr KNia,Xã,"Xã Cuôr KNia, Huyện Buôn Đôn, Tỉnh Đắk Lắk"
66,Đắk Lắk,647,Buôn Đôn,24250,Ea Bar,Xã,"Xã Ea Bar, Huyện Buôn Đôn, Tỉnh Đắk Lắk"
66,Đắk Lắk,647,Buôn Đôn,24238,Ea Huar,Xã,"Xã Ea Huar, Huyện Buôn Đôn, Tỉnh Đắk Lắk"
66,Đắk Lắk,647,Buôn Đôn,24253,Ea Nuôl,Xã,"Xã Ea Nuôl, Huyện Buôn Đôn, Tỉnh Đắk Lắk"
66,Đắk Lắk,647,Buôn Đôn,24241,Ea Wer,Xã,"Xã Ea Wer, Huyện Buôn Đôn, Tỉnh Đắk Lắk"
66,Đắk Lắk,647,Buôn Đôn,24235,Krông Na,Xã,"Xã Krông Na, Huyện Buôn Đôn, Tỉnh Đắk Lắk"
66,Đắk Lắk,647,Buôn Đôn,24244,Tân Hoà,Xã,"Xã Tân Hoà, Huyện Buôn Đôn, Tỉnh Đắk Lắk"
66,Đắk Lắk,643,Buôn Ma Thuột,24160,Cư ÊBur,Xã,"Xã Cư ÊBur, Thành phố Buôn Ma Thuột, Tỉnh Đắk Lắk"
66,Đắk Lắk,643,Buôn Ma Thuột,24169,Ea Kao,Xã,"Xã Ea Kao, Thành phố Buôn Ma Thuột, Tỉnh Đắk Lắk"
66,Đắk Lắk,643,Buôn Ma Thuột,24151,Ea Tam,Phường,"Phường Ea Tam, Thành phố Buôn Ma Thuột, Tỉnh Đắk Lắk"
66,Đắk Lắk,643,Buôn Ma Thuột,24163,Ea Tu,Xã,"Xã Ea Tu, Thành phố Buôn Ma Thuột, Tỉnh Đắk Lắk"
66,Đắk Lắk,643,Buôn Ma Thuột,24175,Hòa Khánh,Xã,"Xã Hòa Khánh, Thành phố Buôn Ma Thuột, Tỉnh Đắk Lắk"
66,Đắk Lắk,643,Buôn Ma Thuột,24172,Hòa Phú,Xã,"Xã Hòa Phú, Thành phố Buôn Ma Thuột, Tỉnh Đắk Lắk"
66,Đắk Lắk,643,Buôn Ma Thuột,24166,Hòa Thắng,Xã,"Xã Hòa Thắng, Thành phố Buôn Ma Thuột, Tỉnh Đắk Lắk"
66,Đắk Lắk,643,Buôn Ma Thuột,24157,Hòa Thuận,Xã,"Xã Hòa Thuận, Thành phố Buôn Ma Thuột, Tỉnh Đắk Lắk"
66,Đắk Lắk,643,Buôn Ma Thuột,24178,Hòa Xuân,Xã,"Xã Hòa Xuân, Thành phố Buôn Ma Thuột, Tỉnh Đắk Lắk"
66,Đắk Lắk,643,Buôn Ma Thuột,24154,Khánh Xuân,Phường,"Phường Khánh Xuân, Thành phố Buôn Ma Thuột, Tỉnh Đắk Lắk"
66,Đắk Lắk,643,Buôn Ma Thuột,24124,Tân An,Phường,"Phường Tân An, Thành phố Buôn Ma Thuột, Tỉnh Đắk Lắk"
66,Đắk Lắk,643,Buôn Ma Thuột,24121,Tân Hòa,Phường,"Phường Tân Hòa, Thành phố Buôn Ma Thuột, Tỉnh Đắk Lắk"
66,Đắk Lắk,643,Buôn Ma Thuột,24118,Tân Lập,Phường,"Phường Tân Lập, Thành phố Buôn Ma Thuột, Tỉnh Đắk Lắk"
66,Đắk Lắk,643,Buôn Ma Thuột,24136,Tân Lợi,Phường,"Phường Tân Lợi, Thành phố Buôn Ma Thuột, Tỉnh Đắk Lắk"
66,Đắk Lắk,643,Buôn Ma Thuột,24142,Tân Thành,Phường,"Phường Tân Thành, Thành phố Buôn Ma Thuột, Tỉnh Đắk Lắk"
66,Đắk Lắk,643,Buôn Ma Thuột,24145,Tân Tiến,Phường,"Phường Tân Tiến, Thành phố Buôn Ma Thuột, Tỉnh Đắk Lắk"
66,Đắk Lắk,643,Buôn Ma Thuột,24133,Thành Công,Phường,"Phường Thành Công, Thành phố Buôn Ma Thuột, Tỉnh Đắk Lắk"
66,Đắk Lắk,643,Buôn Ma Thuột,24130,Thành Nhất,Phường,"Phường Thành Nhất, Thành phố Buôn Ma Thuột, Tỉnh Đắk Lắk"
66,Đắk Lắk,643,Buôn Ma Thuột,24148,Tự An,Phường,"Phường Tự An, Thành phố Buôn Ma Thuột, Tỉnh Đắk Lắk"
66,Đắk Lắk,657,Cư Kuin,24541,Cư Ê Wi,Xã,"Xã Cư Ê Wi, Huyện Cư Kuin, Tỉnh Đắk Lắk"
66,Đắk Lắk,657,Cư Kuin,24561,Dray Bhăng,Xã,"Xã Dray Bhăng, Huyện Cư Kuin, Tỉnh Đắk Lắk"
66,Đắk Lắk,657,Cư Kuin,24550,Ea BHốk,Xã,"Xã Ea BHốk, Huyện Cư Kuin, Tỉnh Đắk Lắk"
66,Đắk Lắk,657,Cư Kuin,24553,Ea Hu,Xã,"Xã Ea Hu, Huyện Cư Kuin, Tỉnh Đắk Lắk"
66,Đắk Lắk,657,Cư Kuin,24544,Ea Ktur,Xã,"Xã Ea Ktur, Huyện Cư Kuin, Tỉnh Đắk Lắk"
66,Đắk Lắk,657,Cư Kuin,24540,Ea Ning,Xã,"Xã Ea Ning, Huyện Cư Kuin, Tỉnh Đắk Lắk"
66,Đắk Lắk,657,Cư Kuin,24547,Ea Tiêu,Xã,"Xã Ea Tiêu, Huyện Cư Kuin, Tỉnh Đắk Lắk"
66,Đắk Lắk,657,Cư Kuin,24562,Hòa Hiệp,Xã,"Xã Hòa Hiệp, Huyện Cư Kuin, Tỉnh Đắk Lắk"
66,Đắk Lắk,648,Cư M'gar,24271,Cư Dliê Mnông,Xã,"Xã Cư Dliê Mnông, Huyện Cư M'gar, Tỉnh Đắk Lắk"
66,Đắk Lắk,648,Cư M'gar,24289,Cư M'gar,Xã,"Xã Cư M'gar, Huyện Cư M'gar, Tỉnh Đắk Lắk"
66,Đắk Lắk,648,Cư M'gar,24298,Cư Suê,Xã,"Xã Cư Suê, Huyện Cư M'gar, Tỉnh Đắk Lắk"
66,Đắk Lắk,648,Cư M'gar,24301,Cuor Đăng,Xã,"Xã Cuor Đăng, Huyện Cư M'gar, Tỉnh Đắk Lắk"
66,Đắk Lắk,648,Cư M'gar,24292,Ea D'Rơng,Xã,"Xã Ea D'Rơng, Huyện Cư M'gar, Tỉnh Đắk Lắk"
66,Đắk Lắk,648,Cư M'gar,24274,Ea H'đinh,Xã,"Xã Ea H'đinh, Huyện Cư M'gar, Tỉnh Đắk Lắk"
66,Đắk Lắk,648,Cư M'gar,24265,Ea Kiết,Xã,"Xã Ea Kiết, Huyện Cư M'gar, Tỉnh Đắk Lắk"
66,Đắk Lắk,648,Cư M'gar,24280,Ea KPam,Xã,"Xã Ea KPam, Huyện Cư M'gar, Tỉnh Đắk Lắk"
66,Đắk Lắk,648,Cư M'gar,24264,Ea Kuêh,Xã,"Xã Ea Kuêh, Huyện Cư M'gar, Tỉnh Đắk Lắk"
66,Đắk Lắk,648,Cư M'gar,24295,Ea M'nang,Xã,"Xã Ea M'nang, Huyện Cư M'gar, Tỉnh Đắk Lắk"
66,Đắk Lắk,648,Cư M'gar,24283,Ea M’Droh,Xã,"Xã Ea M’Droh, Huyện Cư M'gar, Tỉnh Đắk Lắk"
66,Đắk Lắk,648,Cư M'gar,24256,Ea Pốk,Thị trấn,"Thị trấn Ea Pốk, Huyện Cư M'gar, Tỉnh Đắk Lắk"
66,Đắk Lắk,648,Cư M'gar,24268,Ea Tar,Xã,"Xã Ea Tar, Huyện Cư M'gar, Tỉnh Đắk Lắk"
66,Đắk Lắk,648,Cư M'gar,24277,Ea Tul,Xã,"Xã Ea Tul, Huyện Cư M'gar, Tỉnh Đắk Lắk"
66,Đắk Lắk,648,Cư M'gar,24286,Quảng Hiệp,Xã,"Xã Quảng Hiệp, Huyện Cư M'gar, Tỉnh Đắk Lắk"
66,Đắk Lắk,648,Cư M'gar,24259,Quảng Phú,Thị trấn,"Thị trấn Quảng Phú, Huyện Cư M'gar, Tỉnh Đắk Lắk"
66,Đắk Lắk,648,Cư M'gar,24262,Quảng Tiến,Xã,"Xã Quảng Tiến, Huyện Cư M'gar, Tỉnh Đắk Lắk"
66,Đắk Lắk,645,Ea H'leo,24194,Cư A Mung,Xã,"Xã Cư A Mung, Huyện Ea H'leo, Tỉnh Đắk Lắk"
66,Đắk Lắk,645,Ea H'leo,24196,Cư Mốt,Xã,"Xã Cư Mốt, Huyện Ea H'leo, Tỉnh Đắk Lắk"
66,Đắk Lắk,645,Ea H'leo,24205,Dliê Yang,Xã,"Xã Dliê Yang, Huyện Ea H'leo, Tỉnh Đắk Lắk"
66,Đắk Lắk,645,Ea H'leo,24181,Ea Drăng,Thị trấn,"Thị trấn Ea Drăng, Huyện Ea H'leo, Tỉnh Đắk Lắk"
66,Đắk Lắk,645,Ea H'leo,24184,Ea H'leo,Xã,"Xã Ea H'leo, Huyện Ea H'leo, Tỉnh Đắk Lắk"
66,Đắk Lắk,645,Ea H'leo,24199,Ea Hiao,Xã,"Xã Ea Hiao, Huyện Ea H'leo, Tỉnh Đắk Lắk"
66,Đắk Lắk,645,Ea H'leo,24202,Ea Khal,Xã,"Xã Ea Khal, Huyện Ea H'leo, Tỉnh Đắk Lắk"
66,Đắk Lắk,645,Ea H'leo,24208,Ea Nam,Xã,"Xã Ea Nam, Huyện Ea H'leo, Tỉnh Đắk Lắk"
66,Đắk Lắk,645,Ea H'leo,24190,Ea Ral,Xã,"Xã Ea Ral, Huyện Ea H'leo, Tỉnh Đắk Lắk"
66,Đắk Lắk,645,Ea H'leo,24187,Ea Sol,Xã,"Xã Ea Sol, Huyện Ea H'leo, Tỉnh Đắk Lắk"
66,Đắk Lắk,645,Ea H'leo,24207,Ea Tir,Xã,"Xã Ea Tir, Huyện Ea H'leo, Tỉnh Đắk Lắk"
66,Đắk Lắk,645,Ea H'leo,24193,Ea Wy,Xã,"Xã Ea Wy, Huyện Ea H'leo, Tỉnh Đắk Lắk"
66,Đắk Lắk,651,Ea Kar,24406,Cư Bông,Xã,"Xã Cư Bông, Huyện Ea Kar, Tỉnh Đắk Lắk"
66,Đắk Lắk,651,Ea Kar,24404,Cư ELang,Xã,"Xã Cư ELang, Huyện Ea Kar, Tỉnh Đắk Lắk"
66,Đắk Lắk,651,Ea Kar,24385,Cư Huê,Xã,"Xã Cư Huê, Huyện Ea Kar, Tỉnh Đắk Lắk"
66,Đắk Lắk,651,Ea Kar,24397,Cư Ni,Xã,"Xã Cư Ni, Huyện Ea Kar, Tỉnh Đắk Lắk"
66,Đắk Lắk,651,Ea Kar,24401,Cư Prông,Xã,"Xã Cư Prông, Huyện Ea Kar, Tỉnh Đắk Lắk"
66,Đắk Lắk,651,Ea Kar,24409,Cư Yang,Xã,"Xã Cư Yang, Huyện Ea Kar, Tỉnh Đắk Lắk"
66,Đắk Lắk,651,Ea Kar,24391,Ea Đar,Xã,"Xã Ea Đar, Huyện Ea Kar, Tỉnh Đắk Lắk"
66,Đắk Lắk,651,Ea Kar,24373,Ea Kar,Thị trấn,"Thị trấn Ea Kar, Huyện Ea Kar, Tỉnh Đắk Lắk"
66,Đắk Lắk,651,Ea Kar,24394,Ea Kmút,Xã,"Xã Ea Kmút, Huyện Ea Kar, Tỉnh Đắk Lắk"
66,Đắk Lắk,651,Ea Kar,24376,Ea Knốp,Thị trấn,"Thị trấn Ea Knốp, Huyện Ea Kar, Tỉnh Đắk Lắk"
66,Đắk Lắk,651,Ea Kar,24403,Ea Ô,Xã,"Xã Ea Ô, Huyện Ea Kar, Tỉnh Đắk Lắk"
66,Đắk Lắk,651,Ea Kar,24400,Ea Păl,Xã,"Xã Ea Păl, Huyện Ea Kar, Tỉnh Đắk Lắk"
66,Đắk Lắk,651,Ea Kar,24380,Ea Sar,Xã,"Xã Ea Sar, Huyện Ea Kar, Tỉnh Đắk Lắk"
66,Đắk Lắk,651,Ea Kar,24379,Ea Sô,Xã,"Xã Ea Sô, Huyện Ea Kar, Tỉnh Đắk Lắk"
66,Đắk Lắk,651,Ea Kar,24388,Ea Tih,Xã,"Xã Ea Tih, Huyện Ea Kar, Tỉnh Đắk Lắk"
66,Đắk Lắk,651,Ea Kar,24382,Xuân Phú,Xã,"Xã Xuân Phú, Huyện Ea Kar, Tỉnh Đắk Lắk"
66,Đắk Lắk,646,Ea Súp,24226,Cư KBang,Xã,"Xã Cư KBang, Huyện Ea Súp, Tỉnh Đắk Lắk"
66,Đắk Lắk,646,Ea Súp,24232,Cư M'Lan,Xã,"Xã Cư M'Lan, Huyện Ea Súp, Tỉnh Đắk Lắk"
66,Đắk Lắk,646,Ea Súp,24229,Ea Bung,Xã,"Xã Ea Bung, Huyện Ea Súp, Tỉnh Đắk Lắk"
66,Đắk Lắk,646,Ea Súp,24223,Ea Lê,Xã,"Xã Ea Lê, Huyện Ea Súp, Tỉnh Đắk Lắk"
66,Đắk Lắk,646,Ea Súp,24217,Ea Rốk,Xã,"Xã Ea Rốk, Huyện Ea Súp, Tỉnh Đắk Lắk"
66,Đắk Lắk,646,Ea Súp,24211,Ea Súp,Thị trấn,"Thị trấn Ea Súp, Huyện Ea Súp, Tỉnh Đắk Lắk"
66,Đắk Lắk,646,Ea Súp,24215,Ia JLơi,Xã,"Xã Ia JLơi, Huyện Ea Súp, Tỉnh Đắk Lắk"
66,Đắk Lắk,646,Ea Súp,24214,Ia Lốp,Xã,"Xã Ia Lốp, Huyện Ea Súp, Tỉnh Đắk Lắk"
66,Đắk Lắk,646,Ea Súp,24221,Ia RVê,Xã,"Xã Ia RVê, Huyện Ea Súp, Tỉnh Đắk Lắk"
66,Đắk Lắk,646,Ea Súp,24220,Ya Tờ Mốt,Xã,"Xã Ya Tờ Mốt, Huyện Ea Súp, Tỉnh Đắk Lắk"
66,Đắk Lắk,655,Krông A Na,24568,Băng A Drênh,Xã,"Xã Băng A Drênh, Huyện Krông A Na, Tỉnh Đắk Lắk"
66,Đắk Lắk,655,Krông A Na,24574,Bình Hòa,Xã,"Xã Bình Hòa, Huyện Krông A Na, Tỉnh Đắk Lắk"
66,Đắk Lắk,655,Krông A Na,24538,Buôn Trấp,Thị trấn,"Thị trấn Buôn Trấp, Huyện Krông A Na, Tỉnh Đắk Lắk"
66,Đắk Lắk,655,Krông A Na,24556,Dray Sáp,Xã,"Xã Dray Sáp, Huyện Krông A Na, Tỉnh Đắk Lắk"
66,Đắk Lắk,655,Krông A Na,24571,Dur KMăl,Xã,"Xã Dur KMăl, Huyện Krông A Na, Tỉnh Đắk Lắk"
66,Đắk Lắk,655,Krông A Na,24565,Ea Bông,Xã,"Xã Ea Bông, Huyện Krông A Na, Tỉnh Đắk Lắk"
66,Đắk Lắk,655,Krông A Na,24559,Ea Na,Xã,"Xã Ea Na, Huyện Krông A Na, Tỉnh Đắk Lắk"
66,Đắk Lắk,655,Krông A Na,24577,Quảng Điền,Xã,"Xã Quảng Điền, Huyện Krông A Na, Tỉnh Đắk Lắk"
66,Đắk Lắk,653,Krông Bông,24484,Cư Drăm,Xã,"Xã Cư Drăm, Huyện Krông Bông, Tỉnh Đắk Lắk"
66,Đắk Lắk,653,Krông Bông,24454,Cư KTy,Xã,"Xã Cư KTy, Huyện Krông Bông, Tỉnh Đắk Lắk"
66,Đắk Lắk,653,Krông Bông,24478,Cư Pui,Xã,"Xã Cư Pui, Huyện Krông Bông, Tỉnh Đắk Lắk"
66,Đắk Lắk,653,Krông Bông,24451,Dang Kang,Xã,"Xã Dang Kang, Huyện Krông Bông, Tỉnh Đắk Lắk"
66,Đắk Lắk,653,Krông Bông,24472,Ea Trul,Xã,"Xã Ea Trul, Huyện Krông Bông, Tỉnh Đắk Lắk"
66,Đắk Lắk,653,Krông Bông,24466,Hòa Lễ,Xã,"Xã Hòa Lễ, Huyện Krông Bông, Tỉnh Đắk Lắk"
66,Đắk Lắk,653,Krông Bông,24463,Hòa Phong,Xã,"Xã Hòa Phong, Huyện Krông Bông, Tỉnh Đắk Lắk"
66,Đắk Lắk,653,Krông Bông,24481,Hòa Sơn,Xã,"Xã Hòa Sơn, Huyện Krông Bông, Tỉnh Đắk Lắk"
66,Đắk Lắk,653,Krông Bông,24457,Hòa Thành,Xã,"Xã Hòa Thành, Huyện Krông Bông, Tỉnh Đắk Lắk"
66,Đắk Lắk,653,Krông Bông,24475,Khuê Ngọc Điền,Xã,"Xã Khuê Ngọc Điền, Huyện Krông Bông, Tỉnh Đắk Lắk"
66,Đắk Lắk,653,Krông Bông,24448,Krông Kmar,Thị trấn,"Thị trấn Krông Kmar, Huyện Krông Bông, Tỉnh Đắk Lắk"
66,Đắk Lắk,653,Krông Bông,24487,Yang Mao,Xã,"Xã Yang Mao, Huyện Krông Bông, Tỉnh Đắk Lắk"
66,Đắk Lắk,653,Krông Bông,24469,Yang Reh,Xã,"Xã Yang Reh, Huyện Krông Bông, Tỉnh Đắk Lắk"
66,Đắk Lắk,649,Krông Búk,24310,Chư KBô,Xã,"Xã Chư KBô, Huyện Krông Búk, Tỉnh Đắk Lắk"
66,Đắk Lắk,649,Krông Búk,24307,Cư Né,Xã,"Xã Cư Né, Huyện Krông Búk, Tỉnh Đắk Lắk"
66,Đắk Lắk,649,Krông Búk,24313,Cư Pơng,Xã,"Xã Cư Pơng, Huyện Krông Búk, Tỉnh Đắk Lắk"
66,Đắk Lắk,649,Krông Búk,24319,Ea Ngai,Xã,"Xã Ea Ngai, Huyện Krông Búk, Tỉnh Đắk Lắk"
66,Đắk Lắk,649,Krông Búk,24314,Ea Sin,Xã,"Xã Ea Sin, Huyện Krông Búk, Tỉnh Đắk Lắk"
66,Đắk Lắk,649,Krông Búk,24316,Pơng Drang,Thị trấn,"Thị trấn Pơng Drang, Huyện Krông Búk, Tỉnh Đắk Lắk"
66,Đắk Lắk,649,Krông Búk,24317,Tân Lập,Xã,"Xã Tân Lập, Huyện Krông Búk, Tỉnh Đắk Lắk"
66,Đắk Lắk,650,Krông Năng,24367,Cư Klông,Xã,"Xã Cư Klông, Huyện Krông Năng, Tỉnh Đắk Lắk"
66,Đắk Lắk,650,Krông Năng,24346,ĐLiê Ya,Xã,"Xã ĐLiê Ya, Huyện Krông Năng, Tỉnh Đắk Lắk"
66,Đắk Lắk,650,Krông Năng,24360,Ea Dăh,Xã,"Xã Ea Dăh, Huyện Krông Năng, Tỉnh Đắk Lắk"
66,Đắk Lắk,650,Krông Năng,24361,Ea Hồ,Xã,"Xã Ea Hồ, Huyện Krông Năng, Tỉnh Đắk Lắk"
66,Đắk Lắk,650,Krông Năng,24359,Ea Puk,Xã,"Xã Ea Puk, Huyện Krông Năng, Tỉnh Đắk Lắk"
66,Đắk Lắk,650,Krông Năng,24352,Ea Tam,Xã,"Xã Ea Tam, Huyện Krông Năng, Tỉnh Đắk Lắk"
66,Đắk Lắk,650,Krông Năng,24370,Ea Tân,Xã,"Xã Ea Tân, Huyện Krông Năng, Tỉnh Đắk Lắk"
66,Đắk Lắk,650,Krông Năng,24349,Ea Tóh,Xã,"Xã Ea Tóh, Huyện Krông Năng, Tỉnh Đắk Lắk"
66,Đắk Lắk,650,Krông Năng,24343,Krông Năng,Thị trấn,"Thị trấn Krông Năng, Huyện Krông Năng, Tỉnh Đắk Lắk"
66,Đắk Lắk,650,Krông Năng,24355,Phú Lộc,Xã,"Xã Phú Lộc, Huyện Krông Năng, Tỉnh Đắk Lắk"
66,Đắk Lắk,650,Krông Năng,24364,Phú Xuân,Xã,"Xã Phú Xuân, Huyện Krông Năng, Tỉnh Đắk Lắk"
66,Đắk Lắk,650,Krông Năng,24358,Tam Giang,Xã,"Xã Tam Giang, Huyện Krông Năng, Tỉnh Đắk Lắk"
66,Đắk Lắk,654,Krông Pắc,24520,Ea Hiu,Xã,"Xã Ea Hiu, Huyện Krông Pắc, Tỉnh Đắk Lắk"
66,Đắk Lắk,654,Krông Pắc,24499,Ea Kênh,Xã,"Xã Ea Kênh, Huyện Krông Pắc, Tỉnh Đắk Lắk"
66,Đắk Lắk,654,Krông Pắc,24496,Ea Kly,Xã,"Xã Ea Kly, Huyện Krông Pắc, Tỉnh Đắk Lắk"
66,Đắk Lắk,654,Krông Pắc,24505,Ea KNuec,Xã,"Xã Ea KNuec, Huyện Krông Pắc, Tỉnh Đắk Lắk"
66,Đắk Lắk,654,Krông Pắc,24514,Ea Kuăng,Xã,"Xã Ea Kuăng, Huyện Krông Pắc, Tỉnh Đắk Lắk"
66,Đắk Lắk,654,Krông Pắc,24502,Ea Phê,Xã,"Xã Ea Phê, Huyện Krông Pắc, Tỉnh Đắk Lắk"
66,Đắk Lắk,654,Krông Pắc,24532,Ea Uy,Xã,"Xã Ea Uy, Huyện Krông Pắc, Tỉnh Đắk Lắk"
66,Đắk Lắk,654,Krông Pắc,24535,Ea Yiêng,Xã,"Xã Ea Yiêng, Huyện Krông Pắc, Tỉnh Đắk Lắk"
66,Đắk Lắk,654,Krông Pắc,24508,Ea Yông,Xã,"Xã Ea Yông, Huyện Krông Pắc, Tỉnh Đắk Lắk"
66,Đắk Lắk,654,Krông Pắc,24511,Hòa An,Xã,"Xã Hòa An, Huyện Krông Pắc, Tỉnh Đắk Lắk"
66,Đắk Lắk,654,Krông Pắc,24517,Hòa Đông,Xã,"Xã Hòa Đông, Huyện Krông Pắc, Tỉnh Đắk Lắk"
66,Đắk Lắk,654,Krông Pắc,24523,Hòa Tiến,Xã,"Xã Hòa Tiến, Huyện Krông Pắc, Tỉnh Đắk Lắk"
66,Đắk Lắk,654,Krông Pắc,24493,KRông Búk,Xã,"Xã KRông Búk, Huyện Krông Pắc, Tỉnh Đắk Lắk"
66,Đắk Lắk,654,Krông Pắc,24490,Phước An,Thị trấn,"Thị trấn Phước An, Huyện Krông Pắc, Tỉnh Đắk Lắk"
66,Đắk Lắk,654,Krông Pắc,24526,Tân Tiến,Xã,"Xã Tân Tiến, Huyện Krông Pắc, Tỉnh Đắk Lắk"
66,Đắk Lắk,654,Krông Pắc,24529,Vụ Bổn,Xã,"Xã Vụ Bổn, Huyện Krông Pắc, Tỉnh Đắk Lắk"
66,Đắk Lắk,656,Lắk,24586,Bông Krang,Xã,"Xã Bông Krang, Huyện Lắk, Tỉnh Đắk Lắk"
66,Đắk Lắk,656,Lắk,24595,Buôn Tría,Xã,"Xã Buôn Tría, Huyện Lắk, Tỉnh Đắk Lắk"
66,Đắk Lắk,656,Lắk,24592,Buôn Triết,Xã,"Xã Buôn Triết, Huyện Lắk, Tỉnh Đắk Lắk"
66,Đắk Lắk,656,Lắk,24589,Đắk Liêng,Xã,"Xã Đắk Liêng, Huyện Lắk, Tỉnh Đắk Lắk"
66,Đắk Lắk,656,Lắk,24601,Đắk Nuê,Xã,"Xã Đắk Nuê, Huyện Lắk, Tỉnh Đắk Lắk"
66,Đắk Lắk,656,Lắk,24598,Đắk Phơi,Xã,"Xã Đắk Phơi, Huyện Lắk, Tỉnh Đắk Lắk"
66,Đắk Lắk,656,Lắk,24610,Ea R'Bin,Xã,"Xã Ea R'Bin, Huyện Lắk, Tỉnh Đắk Lắk"
66,Đắk Lắk,656,Lắk,24604,Krông Nô,Xã,"Xã Krông Nô, Huyện Lắk, Tỉnh Đắk Lắk"
66,Đắk Lắk,656,Lắk,24580,Liên Sơn,Thị trấn,"Thị trấn Liên Sơn, Huyện Lắk, Tỉnh Đắk Lắk"
66,Đắk Lắk,656,Lắk,24607,Nam Ka,Xã,"Xã Nam Ka, Huyện Lắk, Tỉnh Đắk Lắk"
66,Đắk Lắk,656,Lắk,24583,Yang Tao,Xã,"Xã Yang Tao, Huyện Lắk, Tỉnh Đắk Lắk"
66,Đắk Lắk,652,M'Đrắk,24439,Cư K Róa,Xã,"Xã Cư K Róa, Huyện M'Đrắk, Tỉnh Đắk Lắk"
66,Đắk Lắk,652,M'Đrắk,24436,Cư M'ta,Xã,"Xã Cư M'ta, Huyện M'Đrắk, Tỉnh Đắk Lắk"
66,Đắk Lắk,652,M'Đrắk,24415,Cư Prao,Xã,"Xã Cư Prao, Huyện M'Đrắk, Tỉnh Đắk Lắk"
66,Đắk Lắk,652,M'Đrắk,24444,Cư San,Xã,"Xã Cư San, Huyện M'Đrắk, Tỉnh Đắk Lắk"
66,Đắk Lắk,652,M'Đrắk,24424,Ea H'MLay,Xã,"Xã Ea H'MLay, Huyện M'Đrắk, Tỉnh Đắk Lắk"
66,Đắk Lắk,652,M'Đrắk,24421,Ea Lai,Xã,"Xã Ea Lai, Huyện M'Đrắk, Tỉnh Đắk Lắk"
66,Đắk Lắk,652,M'Đrắk,24430,Ea M'Doal,Xã,"Xã Ea M'Doal, Huyện M'Đrắk, Tỉnh Đắk Lắk"
66,Đắk Lắk,652,M'Đrắk,24418,Ea Pil,Xã,"Xã Ea Pil, Huyện M'Đrắk, Tỉnh Đắk Lắk"
66,Đắk Lắk,652,M'Đrắk,24433,Ea Riêng,Xã,"Xã Ea Riêng, Huyện M'Đrắk, Tỉnh Đắk Lắk"
66,Đắk Lắk,652,M'Đrắk,24445,Ea Trang,Xã,"Xã Ea Trang, Huyện M'Đrắk, Tỉnh Đắk Lắk"
66,Đắk Lắk,652,M'Đrắk,24442,Krông Á,Xã,"Xã Krông Á, Huyện M'Đrắk, Tỉnh Đắk Lắk"
66,Đắk Lắk,652,M'Đrắk,24427,Krông Jing,Xã,"Xã Krông Jing, Huyện M'Đrắk, Tỉnh Đắk Lắk"
66,Đắk Lắk,652,M'Đrắk,24412,M'Đrắk,Thị trấn,"Thị trấn M'Đrắk, Huyện M'Đrắk, Tỉnh Đắk Lắk"
66,Đắk Lắk,644,Thị Xã Buôn Hồ,24308,An Bình,Phường,"Phường An Bình, Thị xã Thị Xã Buôn Hồ, Tỉnh Đắk Lắk"
66,Đắk Lắk,644,Thị Xã Buôn Hồ,24305,An Lạc,Phường,"Phường An Lạc, Thị xã Thị Xã Buôn Hồ, Tỉnh Đắk Lắk"
66,Đắk Lắk,644,Thị Xã Buôn Hồ,24332,Bình Tân,Phường,"Phường Bình Tân, Thị xã Thị Xã Buôn Hồ, Tỉnh Đắk Lắk"
66,Đắk Lắk,644,Thị Xã Buôn Hồ,24337,Bình Thuận,Xã,"Xã Bình Thuận, Thị xã Thị Xã Buôn Hồ, Tỉnh Đắk Lắk"
66,Đắk Lắk,644,Thị Xã Buôn Hồ,24340,Cư Bao,Xã,"Xã Cư Bao, Thị xã Thị Xã Buôn Hồ, Tỉnh Đắk Lắk"
66,Đắk Lắk,644,Thị Xã Buôn Hồ,24318,Đạt Hiếu,Phường,"Phường Đạt Hiếu, Thị xã Thị Xã Buôn Hồ, Tỉnh Đắk Lắk"
66,Đắk Lắk,644,Thị Xã Buôn Hồ,24322,Đoàn Kết,Phường,"Phường Đoàn Kết, Thị xã Thị Xã Buôn Hồ, Tỉnh Đắk Lắk"
66,Đắk Lắk,644,Thị Xã Buôn Hồ,24328,Ea Drông,Xã,"Xã Ea Drông, Thị xã Thị Xã Buôn Hồ, Tỉnh Đắk Lắk"
66,Đắk Lắk,644,Thị Xã Buôn Hồ,24334,Ea Siên,Xã,"Xã Ea Siên, Thị xã Thị Xã Buôn Hồ, Tỉnh Đắk Lắk"
66,Đắk Lắk,644,Thị Xã Buôn Hồ,24311,Thiện An,Phường,"Phường Thiện An, Thị xã Thị Xã Buôn Hồ, Tỉnh Đắk Lắk"
66,Đắk Lắk,644,Thị Xã Buôn Hồ,24331,Thống Nhất,Phường,"Phường Thống Nhất, Thị xã Thị Xã Buôn Hồ, Tỉnh Đắk Lắk"
67,Đắk Nông,662,Cư Jút,24658,Cư Knia,Xã,"Xã Cư Knia, Huyện Cư Jút, Tỉnh Đắk Nông"
67,Đắk Nông,662,Cư Jút,24652,Đắk D'rông,Xã,"Xã Đắk D'rông, Huyện Cư Jút, Tỉnh Đắk Nông"
67,Đắk Nông,662,Cư Jút,24643,Đắk Wil,Xã,"Xã Đắk Wil, Huyện Cư Jút, Tỉnh Đắk Nông"
67,Đắk Nông,662,Cư Jút,24646,Ea Pô,Xã,"Xã Ea Pô, Huyện Cư Jút, Tỉnh Đắk Nông"
67,Đắk Nông,662,Cư Jút,24640,Ea T'Ling,Thị trấn,"Thị trấn Ea T'Ling, Huyện Cư Jút, Tỉnh Đắk Nông"
67,Đắk Nông,662,Cư Jút,24649,Nam Dong,Xã,"Xã Nam Dong, Huyện Cư Jút, Tỉnh Đắk Nông"
67,Đắk Nông,662,Cư Jút,24655,Tâm Thắng,Xã,"Xã Tâm Thắng, Huyện Cư Jút, Tỉnh Đắk Nông"
67,Đắk Nông,662,Cư Jút,24661,Trúc Sơn,Xã,"Xã Trúc Sơn, Huyện Cư Jút, Tỉnh Đắk Nông"
67,Đắk Nông,661,Đăk Glong,24622,Đắk Ha,Xã,"Xã Đắk Ha, Huyện Đăk Glong, Tỉnh Đắk Nông"
67,Đắk Nông,661,Đăk Glong,24634,Đắk Plao,Xã,"Xã Đắk Plao, Huyện Đăk Glong, Tỉnh Đắk Nông"
67,Đắk Nông,661,Đăk Glong,24625,Đắk R'Măng,Xã,"Xã Đắk R'Măng, Huyện Đăk Glong, Tỉnh Đắk Nông"
67,Đắk Nông,661,Đăk Glong,24637,Đắk Som,Xã,"Xã Đắk Som, Huyện Đăk Glong, Tỉnh Đắk Nông"
67,Đắk Nông,661,Đăk Glong,24620,Quảng Hoà,Xã,"Xã Quảng Hoà, Huyện Đăk Glong, Tỉnh Đắk Nông"
67,Đắk Nông,661,Đăk Glong,24631,Quảng Khê,Xã,"Xã Quảng Khê, Huyện Đăk Glong, Tỉnh Đắk Nông"
67,Đắk Nông,661,Đăk Glong,24616,Quảng Sơn,Xã,"Xã Quảng Sơn, Huyện Đăk Glong, Tỉnh Đắk Nông"
67,Đắk Nông,663,Đắk Mil,24673,Đắk Gằn,Xã,"Xã Đắk Gằn, Huyện Đắk Mil, Tỉnh Đắk Nông"
67,Đắk Nông,663,Đắk Mil,24667,Đắk Lao,Xã,"Xã Đắk Lao, Huyện Đắk Mil, Tỉnh Đắk Nông"
67,Đắk Nông,663,Đắk Mil,24664,Đắk Mil,Thị trấn,"Thị trấn Đắk Mil, Huyện Đắk Mil, Tỉnh Đắk Nông"
67,Đắk Nông,663,Đắk Mil,24677,Đắk N'Drót,Xã,"Xã Đắk N'Drót, Huyện Đắk Mil, Tỉnh Đắk Nông"
67,Đắk Nông,663,Đắk Mil,24670,Đắk R'La,Xã,"Xã Đắk R'La, Huyện Đắk Mil, Tỉnh Đắk Nông"
67,Đắk Nông,663,Đắk Mil,24679,Đắk Sắk,Xã,"Xã Đắk Sắk, Huyện Đắk Mil, Tỉnh Đắk Nông"
67,Đắk Nông,663,Đắk Mil,24676,Đức Mạnh,Xã,"Xã Đức Mạnh, Huyện Đắk Mil, Tỉnh Đắk Nông"
67,Đắk Nông,663,Đắk Mil,24685,Đức Minh,Xã,"Xã Đức Minh, Huyện Đắk Mil, Tỉnh Đắk Nông"
67,Đắk Nông,663,Đắk Mil,24678,Long Sơn,Xã,"Xã Long Sơn, Huyện Đắk Mil, Tỉnh Đắk Nông"
67,Đắk Nông,663,Đắk Mil,24682,Thuận An,Xã,"Xã Thuận An, Huyện Đắk Mil, Tỉnh Đắk Nông"
67,Đắk Nông,666,Đắk R'Lấp,24763,Đắk Ru,Xã,"Xã Đắk Ru, Huyện Đắk R'Lấp, Tỉnh Đắk Nông"
67,Đắk Nông,666,Đắk R'Lấp,24760,Đắk Sin,Xã,"Xã Đắk Sin, Huyện Đắk R'Lấp, Tỉnh Đắk Nông"
67,Đắk Nông,666,Đắk R'Lấp,24750,Đắk Wer,Xã,"Xã Đắk Wer, Huyện Đắk R'Lấp, Tỉnh Đắk Nông"
67,Đắk Nông,666,Đắk R'Lấp,24757,Đạo Nghĩa,Xã,"Xã Đạo Nghĩa, Huyện Đắk R'Lấp, Tỉnh Đắk Nông"
67,Đắk Nông,666,Đắk R'Lấp,24761,Hưng Bình,Xã,"Xã Hưng Bình, Huyện Đắk R'Lấp, Tỉnh Đắk Nông"
67,Đắk Nông,666,Đắk R'Lấp,24733,Kiến Đức,Thị trấn,"Thị trấn Kiến Đức, Huyện Đắk R'Lấp, Tỉnh Đắk Nông"
67,Đắk Nông,666,Đắk R'Lấp,24754,Kiến Thành,Xã,"Xã Kiến Thành, Huyện Đắk R'Lấp, Tỉnh Đắk Nông"
67,Đắk Nông,666,Đắk R'Lấp,24756,Nghĩa Thắng,Xã,"Xã Nghĩa Thắng, Huyện Đắk R'Lấp, Tỉnh Đắk Nông"
67,Đắk Nông,666,Đắk R'Lấp,24751,Nhân Cơ,Xã,"Xã Nhân Cơ, Huyện Đắk R'Lấp, Tỉnh Đắk Nông"
67,Đắk Nông,666,Đắk R'Lấp,24766,Nhân Đạo,Xã,"Xã Nhân Đạo, Huyện Đắk R'Lấp, Tỉnh Đắk Nông"
67,Đắk Nông,666,Đắk R'Lấp,24745,Quảng Tín,Xã,"Xã Quảng Tín, Huyện Đắk R'Lấp, Tỉnh Đắk Nông"
67,Đắk Nông,665,Đắk Song,24719,Đắk Hòa,Xã,"Xã Đắk Hòa, Huyện Đắk Song, Tỉnh Đắk Nông"
67,Đắk Nông,665,Đắk Song,24718,Đắk Môl,Xã,"Xã Đắk Môl, Huyện Đắk Song, Tỉnh Đắk Nông"
67,Đắk Nông,665,Đắk Song,24727,Đắk N'Drung,Xã,"Xã Đắk N'Drung, Huyện Đắk Song, Tỉnh Đắk Nông"
67,Đắk Nông,665,Đắk Song,24717,Đức An,Thị trấn,"Thị trấn Đức An, Huyện Đắk Song, Tỉnh Đắk Nông"
67,Đắk Nông,665,Đắk Song,24721,Nam Bình,Xã,"Xã Nam Bình, Huyện Đắk Song, Tỉnh Đắk Nông"
67,Đắk Nông,665,Đắk Song,24728,Nâm N'Jang,Xã,"Xã Nâm N'Jang, Huyện Đắk Song, Tỉnh Đắk Nông"
67,Đắk Nông,665,Đắk Song,24722,Thuận Hà,Xã,"Xã Thuận Hà, Huyện Đắk Song, Tỉnh Đắk Nông"
67,Đắk Nông,665,Đắk Song,24724,Thuận Hạnh,Xã,"Xã Thuận Hạnh, Huyện Đắk Song, Tỉnh Đắk Nông"
67,Đắk Nông,665,Đắk Song,24730,Trường Xuân,Xã,"Xã Trường Xuân, Huyện Đắk Song, Tỉnh Đắk Nông"
67,Đắk Nông,660,Gia Nghĩa,24628,Đắk Nia,Xã,"Xã Đắk Nia, Thành phố Gia Nghĩa, Tỉnh Đắk Nông"
67,Đắk Nông,660,Gia Nghĩa,24618,Đăk R'Moan,Xã,"Xã Đăk R'Moan, Thành phố Gia Nghĩa, Tỉnh Đắk Nông"
67,Đắk Nông,660,Gia Nghĩa,24611,Nghĩa Đức,Phường,"Phường Nghĩa Đức, Thành phố Gia Nghĩa, Tỉnh Đắk Nông"
67,Đắk Nông,660,Gia Nghĩa,24614,Nghĩa Phú,Phường,"Phường Nghĩa Phú, Thành phố Gia Nghĩa, Tỉnh Đắk Nông"
67,Đắk Nông,660,Gia Nghĩa,24615,Nghĩa Tân,Phường,"Phường Nghĩa Tân, Thành phố Gia Nghĩa, Tỉnh Đắk Nông"
67,Đắk Nông,660,Gia Nghĩa,24612,Nghĩa Thành,Phường,"Phường Nghĩa Thành, Thành phố Gia Nghĩa, Tỉnh Đắk Nông"
67,Đắk Nông,660,Gia Nghĩa,24617,Nghĩa Trung,Phường,"Phường Nghĩa Trung, Thành phố Gia Nghĩa, Tỉnh Đắk Nông"
67,Đắk Nông,660,Gia Nghĩa,24619,Quảng Thành,Phường,"Phường Quảng Thành, Thành phố Gia Nghĩa, Tỉnh Đắk Nông"
67,Đắk Nông,664,Krông Nô,24694,Buôn Choah,Xã,"Xã Buôn Choah, Huyện Krông Nô, Tỉnh Đắk Nông"
67,Đắk Nông,664,Krông Nô,24700,Đắk Drô,Xã,"Xã Đắk Drô, Huyện Krông Nô, Tỉnh Đắk Nông"
67,Đắk Nông,664,Krông Nô,24688,Đắk Mâm,Thị trấn,"Thị trấn Đắk Mâm, Huyện Krông Nô, Tỉnh Đắk Nông"
67,Đắk Nông,664,Krông Nô,24709,Đắk Nang,Xã,"Xã Đắk Nang, Huyện Krông Nô, Tỉnh Đắk Nông"
67,Đắk Nông,664,Krông Nô,24691,Đắk Sôr,Xã,"Xã Đắk Sôr, Huyện Krông Nô, Tỉnh Đắk Nông"
67,Đắk Nông,664,Krông Nô,24706,Đức Xuyên,Xã,"Xã Đức Xuyên, Huyện Krông Nô, Tỉnh Đắk Nông"
67,Đắk Nông,664,Krông Nô,24697,Nam Đà,Xã,"Xã Nam Đà, Huyện Krông Nô, Tỉnh Đắk Nông"
67,Đắk Nông,664,Krông Nô,24715,Nâm N'Đir,Xã,"Xã Nâm N'Đir, Huyện Krông Nô, Tỉnh Đắk Nông"
67,Đắk Nông,664,Krông Nô,24703,Nâm Nung,Xã,"Xã Nâm Nung, Huyện Krông Nô, Tỉnh Đắk Nông"
67,Đắk Nông,664,Krông Nô,24692,Nam Xuân,Xã,"Xã Nam Xuân, Huyện Krông Nô, Tỉnh Đắk Nông"
67,Đắk Nông,664,Krông Nô,24712,Quảng Phú,Xã,"Xã Quảng Phú, Huyện Krông Nô, Tỉnh Đắk Nông"
67,Đắk Nông,664,Krông Nô,24699,Tân Thành,Xã,"Xã Tân Thành, Huyện Krông Nô, Tỉnh Đắk Nông"
67,Đắk Nông,667,Tuy Đức,24739,Đắk Búk So,Xã,"Xã Đắk Búk So, Huyện Tuy Đức, Tỉnh Đắk Nông"
67,Đắk Nông,667,Tuy Đức,24746,Đắk Ngo,Xã,"Xã Đắk Ngo, Huyện Tuy Đức, Tỉnh Đắk Nông"
67,Đắk Nông,667,Tuy Đức,24742,Đắk R'Tíh,Xã,"Xã Đắk R'Tíh, Huyện Tuy Đức, Tỉnh Đắk Nông"
67,Đắk Nông,667,Tuy Đức,24740,Quảng Tâm,Xã,"Xã Quảng Tâm, Huyện Tuy Đức, Tỉnh Đắk Nông"
67,Đắk Nông,667,Tuy Đức,24748,Quảng Tân,Xã,"Xã Quảng Tân, Huyện Tuy Đức, Tỉnh Đắk Nông"
67,Đắk Nông,667,Tuy Đức,24736,Quảng Trực,Xã,"Xã Quảng Trực, Huyện Tuy Đức, Tỉnh Đắk Nông"
11,Điện Biên,100,Điện Biên,03359,Hẹ Muông,Xã,"Xã Hẹ Muông, Huyện Điện Biên, Tỉnh Điện Biên"
11,Điện Biên,100,Điện Biên,03323,Hua Thanh,Xã,"Xã Hua Thanh, Huyện Điện Biên, Tỉnh Điện Biên"
11,Điện Biên,100,Điện Biên,03367,Mường Lói,Xã,"Xã Mường Lói, Huyện Điện Biên, Tỉnh Điện Biên"
11,Điện Biên,100,Điện Biên,03364,Mường Nhà,Xã,"Xã Mường Nhà, Huyện Điện Biên, Tỉnh Điện Biên"
11,Điện Biên,100,Điện Biên,03319,Mường Pồn,Xã,"Xã Mường Pồn, Huyện Điện Biên, Tỉnh Điện Biên"
11,Điện Biên,100,Điện Biên,03365,Na Tông,Xã,"Xã Na Tông, Huyện Điện Biên, Tỉnh Điện Biên"
11,Điện Biên,100,Điện Biên,03361,Na Ư,Xã,"Xã Na Ư, Huyện Điện Biên, Tỉnh Điện Biên"
11,Điện Biên,100,Điện Biên,03352,Noọng Hẹt,Xã,"Xã Noọng Hẹt, Huyện Điện Biên, Tỉnh Điện Biên"
11,Điện Biên,100,Điện Biên,03349,Noong Luống,Xã,"Xã Noong Luống, Huyện Điện Biên, Tỉnh Điện Biên"
11,Điện Biên,100,Điện Biên,03358,Núa Ngam,Xã,"Xã Núa Ngam, Huyện Điện Biên, Tỉnh Điện Biên"
11,Điện Biên,100,Điện Biên,03340,Pa Thơm,Xã,"Xã Pa Thơm, Huyện Điện Biên, Tỉnh Điện Biên"
11,Điện Biên,100,Điện Biên,03368,Phu Luông,Xã,"Xã Phu Luông, Huyện Điện Biên, Tỉnh Điện Biên"
11,Điện Biên,100,Điện Biên,03356,Pom Lót,Xã,"Xã Pom Lót, Huyện Điện Biên, Tỉnh Điện Biên"
11,Điện Biên,100,Điện Biên,03355,Sam Mứn,Xã,"Xã Sam Mứn, Huyện Điện Biên, Tỉnh Điện Biên"
11,Điện Biên,100,Điện Biên,03343,Thanh An,Xã,"Xã Thanh An, Huyện Điện Biên, Tỉnh Điện Biên"
11,Điện Biên,100,Điện Biên,03337,Thanh Chăn,Xã,"Xã Thanh Chăn, Huyện Điện Biên, Tỉnh Điện Biên"
11,Điện Biên,100,Điện Biên,03331,Thanh Hưng,Xã,"Xã Thanh Hưng, Huyện Điện Biên, Tỉnh Điện Biên"
11,Điện Biên,100,Điện Biên,03328,Thanh Luông,Xã,"Xã Thanh Luông, Huyện Điện Biên, Tỉnh Điện Biên"
11,Điện Biên,100,Điện Biên,03322,Thanh Nưa,Xã,"Xã Thanh Nưa, Huyện Điện Biên, Tỉnh Điện Biên"
11,Điện Biên,100,Điện Biên,03334,Thanh Xương,Xã,"Xã Thanh Xương, Huyện Điện Biên, Tỉnh Điện Biên"
11,Điện Biên,100,Điện Biên,03346,Thanh Yên,Xã,"Xã Thanh Yên, Huyện Điện Biên, Tỉnh Điện Biên"
11,Điện Biên,101,Điện Biên Đông,03211,Chiềng Sơ,Xã,"Xã Chiềng Sơ, Huyện Điện Biên Đông, Tỉnh Điện Biên"
11,Điện Biên,101,Điện Biên Đông,03203,Điện Biên Đông,Thị trấn,"Thị trấn Điện Biên Đông, Huyện Điện Biên Đông, Tỉnh Điện Biên"
11,Điện Biên,101,Điện Biên Đông,03385,Háng Lìa,Xã,"Xã Háng Lìa, Huyện Điện Biên Đông, Tỉnh Điện Biên"
11,Điện Biên,101,Điện Biên Đông,03376,Keo Lôm,Xã,"Xã Keo Lôm, Huyện Điện Biên Đông, Tỉnh Điện Biên"
11,Điện Biên,101,Điện Biên Đông,03379,Luân Giới,Xã,"Xã Luân Giới, Huyện Điện Biên Đông, Tỉnh Điện Biên"
11,Điện Biên,101,Điện Biên Đông,03214,Mường Luân,Xã,"Xã Mường Luân, Huyện Điện Biên Đông, Tỉnh Điện Biên"
11,Điện Biên,101,Điện Biên Đông,03205,Na Son,Xã,"Xã Na Son, Huyện Điện Biên Đông, Tỉnh Điện Biên"
11,Điện Biên,101,Điện Biên Đông,03371,Nong U,Xã,"Xã Nong U, Huyện Điện Biên Đông, Tỉnh Điện Biên"
11,Điện Biên,101,Điện Biên Đông,03208,Phì Nhừ,Xã,"Xã Phì Nhừ, Huyện Điện Biên Đông, Tỉnh Điện Biên"
11,Điện Biên,101,Điện Biên Đông,03382,Phình Giàng,Xã,"Xã Phình Giàng, Huyện Điện Biên Đông, Tỉnh Điện Biên"
11,Điện Biên,101,Điện Biên Đông,03383,Pú Hồng,Xã,"Xã Pú Hồng, Huyện Điện Biên Đông, Tỉnh Điện Biên"
11,Điện Biên,101,Điện Biên Đông,03370,Pú Nhi,Xã,"Xã Pú Nhi, Huyện Điện Biên Đông, Tỉnh Điện Biên"
11,Điện Biên,101,Điện Biên Đông,03384,Tìa Dình,Xã,"Xã Tìa Dình, Huyện Điện Biên Đông, Tỉnh Điện Biên"
11,Điện Biên,101,Điện Biên Đông,03373,Xa Dung,Xã,"Xã Xa Dung, Huyện Điện Biên Đông, Tỉnh Điện Biên"
11,Điện Biên,094,Điện Biên Phủ,03127,Him Lam,Phường,"Phường Him Lam, Thành phố Điện Biên Phủ, Tỉnh Điện Biên"
11,Điện Biên,094,Điện Biên Phủ,03325,Mường Phăng,Xã,"Xã Mường Phăng, Thành phố Điện Biên Phủ, Tỉnh Điện Biên"
11,Điện Biên,094,Điện Biên Phủ,03136,Mường Thanh,Phường,"Phường Mường Thanh, Thành phố Điện Biên Phủ, Tỉnh Điện Biên"
11,Điện Biên,094,Điện Biên Phủ,03317,Nà Nhạn,Xã,"Xã Nà Nhạn, Thành phố Điện Biên Phủ, Tỉnh Điện Biên"
11,Điện Biên,094,Điện Biên Phủ,03316,Nà Tấu,Xã,"Xã Nà Tấu, Thành phố Điện Biên Phủ, Tỉnh Điện Biên"
11,Điện Biên,094,Điện Biên Phủ,03139,Nam Thanh,Phường,"Phường Nam Thanh, Thành phố Điện Biên Phủ, Tỉnh Điện Biên"
11,Điện Biên,094,Điện Biên Phủ,03124,Noong Bua,Phường,"Phường Noong Bua, Thành phố Điện Biên Phủ, Tỉnh Điện Biên"
11,Điện Biên,094,Điện Biên Phủ,03326,Pá Khoang,Xã,"Xã Pá Khoang, Thành phố Điện Biên Phủ, Tỉnh Điện Biên"
11,Điện Biên,094,Điện Biên Phủ,03133,Tân Thanh,Phường,"Phường Tân Thanh, Thành phố Điện Biên Phủ, Tỉnh Điện Biên"
11,Điện Biên,094,Điện Biên Phủ,03130,Thanh Bình,Phường,"Phường Thanh Bình, Thành phố Điện Biên Phủ, Tỉnh Điện Biên"
11,Điện Biên,094,Điện Biên Phủ,03145,Thanh Minh,Xã,"Xã Thanh Minh, Thành phố Điện Biên Phủ, Tỉnh Điện Biên"
11,Điện Biên,094,Điện Biên Phủ,03142,Thanh Trường,Phường,"Phường Thanh Trường, Thành phố Điện Biên Phủ, Tỉnh Điện Biên"
11,Điện Biên,102,Mường Ảng,03310,Ẳng Cang,Xã,"Xã Ẳng Cang, Huyện Mường Ảng, Tỉnh Điện Biên"
11,Điện Biên,102,Mường Ảng,03307,Ẳng Nưa,Xã,"Xã Ẳng Nưa, Huyện Mường Ảng, Tỉnh Điện Biên"
11,Điện Biên,102,Mường Ảng,03292,Ẳng Tở,Xã,"Xã Ẳng Tở, Huyện Mường Ảng, Tỉnh Điện Biên"
11,Điện Biên,102,Mường Ảng,03301,Búng Lao,Xã,"Xã Búng Lao, Huyện Mường Ảng, Tỉnh Điện Biên"
11,Điện Biên,102,Mường Ảng,03256,Mường Ảng,Thị trấn,"Thị trấn Mường Ảng, Huyện Mường Ảng, Tỉnh Điện Biên"
11,Điện Biên,102,Mường Ảng,03286,Mường Đăng,Xã,"Xã Mường Đăng, Huyện Mường Ảng, Tỉnh Điện Biên"
11,Điện Biên,102,Mường Ảng,03313,Mường Lạn,Xã,"Xã Mường Lạn, Huyện Mường Ảng, Tỉnh Điện Biên"
11,Điện Biên,102,Mường Ảng,03312,Nặm Lịch,Xã,"Xã Nặm Lịch, Huyện Mường Ảng, Tỉnh Điện Biên"
11,Điện Biên,102,Mường Ảng,03287,Ngối Cáy,Xã,"Xã Ngối Cáy, Huyện Mường Ảng, Tỉnh Điện Biên"
11,Điện Biên,102,Mường Ảng,03302,Xuân Lao,Xã,"Xã Xuân Lao, Huyện Mường Ảng, Tỉnh Điện Biên"
11,Điện Biên,097,Mường Chà,03190,Hừa Ngài,Xã,"Xã Hừa Ngài, Huyện Mường Chà, Tỉnh Điện Biên"
11,Điện Biên,097,Mường Chà,03196,Huổi Lèng,Xã,"Xã Huổi Lèng, Huyện Mường Chà, Tỉnh Điện Biên"
11,Điện Biên,097,Mường Chà,03191,Huổi Mí,Xã,"Xã Huổi Mí, Huyện Mường Chà, Tỉnh Điện Biên"
11,Điện Biên,097,Mường Chà,03200,Ma Thì Hồ,Xã,"Xã Ma Thì Hồ, Huyện Mường Chà, Tỉnh Điện Biên"
11,Điện Biên,097,Mường Chà,03172,Mường Chà,Thị trấn,"Thị trấn Mường Chà, Huyện Mường Chà, Tỉnh Điện Biên"
11,Điện Biên,097,Mường Chà,03202,Mường Mươn,Xã,"Xã Mường Mươn, Huyện Mường Chà, Tỉnh Điện Biên"
11,Điện Biên,097,Mường Chà,03181,Mường Tùng,Xã,"Xã Mường Tùng, Huyện Mường Chà, Tỉnh Điện Biên"
11,Điện Biên,097,Mường Chà,03201,Na Sang,Xã,"Xã Na Sang, Huyện Mường Chà, Tỉnh Điện Biên"
11,Điện Biên,097,Mường Chà,03194,Nậm Nèn,Xã,"Xã Nậm Nèn, Huyện Mường Chà, Tỉnh Điện Biên"
11,Điện Biên,097,Mường Chà,03193,Pa Ham,Xã,"Xã Pa Ham, Huyện Mường Chà, Tỉnh Điện Biên"
11,Điện Biên,097,Mường Chà,03197,Sa Lông,Xã,"Xã Sa Lông, Huyện Mường Chà, Tỉnh Điện Biên"
11,Điện Biên,097,Mường Chà,03178,Sá Tổng,Xã,"Xã Sá Tổng, Huyện Mường Chà, Tỉnh Điện Biên"
11,Điện Biên,096,Mường Nhé,03157,Chung Chải,Xã,"Xã Chung Chải, Huyện Mường Nhé, Tỉnh Điện Biên"
11,Điện Biên,096,Mường Nhé,03177,Huổi Lếch,Xã,"Xã Huổi Lếch, Huyện Mường Nhé, Tỉnh Điện Biên"
11,Điện Biên,096,Mường Nhé,03158,Leng Su Sìn,Xã,"Xã Leng Su Sìn, Huyện Mường Nhé, Tỉnh Điện Biên"
11,Điện Biên,096,Mường Nhé,03160,Mường Nhé,Xã,"Xã Mường Nhé, Huyện Mường Nhé, Tỉnh Điện Biên"
11,Điện Biên,096,Mường Nhé,03163,Mường Toong,Xã,"Xã Mường Toong, Huyện Mường Nhé, Tỉnh Điện Biên"
11,Điện Biên,096,Mường Nhé,03162,Nậm Kè,Xã,"Xã Nậm Kè, Huyện Mường Nhé, Tỉnh Điện Biên"
11,Điện Biên,096,Mường Nhé,03161,Nậm Vì,Xã,"Xã Nậm Vì, Huyện Mường Nhé, Tỉnh Điện Biên"
11,Điện Biên,096,Mường Nhé,03159,Pá Mỳ,Xã,"Xã Pá Mỳ, Huyện Mường Nhé, Tỉnh Điện Biên"
11,Điện Biên,096,Mường Nhé,03164,Quảng Lâm,Xã,"Xã Quảng Lâm, Huyện Mường Nhé, Tỉnh Điện Biên"
11,Điện Biên,096,Mường Nhé,03155,Sen Thượng,Xã,"Xã Sen Thượng, Huyện Mường Nhé, Tỉnh Điện Biên"
11,Điện Biên,096,Mường Nhé,03154,Sín Thầu,Xã,"Xã Sín Thầu, Huyện Mường Nhé, Tỉnh Điện Biên"
11,Điện Biên,103,Nậm Pồ,03166,Chà Cang,Xã,"Xã Chà Cang, Huyện Nậm Pồ, Tỉnh Điện Biên"
11,Điện Biên,103,Nậm Pồ,03187,Chà Nưa,Xã,"Xã Chà Nưa, Huyện Nậm Pồ, Tỉnh Điện Biên"
11,Điện Biên,103,Nậm Pồ,03175,Chà Tở,Xã,"Xã Chà Tở, Huyện Nậm Pồ, Tỉnh Điện Biên"
11,Điện Biên,103,Nậm Pồ,03170,Nà Bủng,Xã,"Xã Nà Bủng, Huyện Nậm Pồ, Tỉnh Điện Biên"
11,Điện Biên,103,Nậm Pồ,03167,Na Cô Sa,Xã,"Xã Na Cô Sa, Huyện Nậm Pồ, Tỉnh Điện Biên"
11,Điện Biên,103,Nậm Pồ,03169,Nà Hỳ,Xã,"Xã Nà Hỳ, Huyện Nậm Pồ, Tỉnh Điện Biên"
11,Điện Biên,103,Nậm Pồ,03168,Nà Khoa,Xã,"Xã Nà Khoa, Huyện Nậm Pồ, Tỉnh Điện Biên"
11,Điện Biên,103,Nậm Pồ,03173,Nậm Chua,Xã,"Xã Nậm Chua, Huyện Nậm Pồ, Tỉnh Điện Biên"
11,Điện Biên,103,Nậm Pồ,03174,Nậm Khăn,Xã,"Xã Nậm Khăn, Huyện Nậm Pồ, Tỉnh Điện Biên"
11,Điện Biên,103,Nậm Pồ,03171,Nậm Nhừ,Xã,"Xã Nậm Nhừ, Huyện Nậm Pồ, Tỉnh Điện Biên"
11,Điện Biên,103,Nậm Pồ,03156,Nậm Tin,Xã,"Xã Nậm Tin, Huyện Nậm Pồ, Tỉnh Điện Biên"
11,Điện Biên,103,Nậm Pồ,03165,Pa Tần,Xã,"Xã Pa Tần, Huyện Nậm Pồ, Tỉnh Điện Biên"
11,Điện Biên,103,Nậm Pồ,03198,Phìn Hồ,Xã,"Xã Phìn Hồ, Huyện Nậm Pồ, Tỉnh Điện Biên"
11,Điện Biên,103,Nậm Pồ,03199,Si Pa Phìn,Xã,"Xã Si Pa Phìn, Huyện Nậm Pồ, Tỉnh Điện Biên"
11,Điện Biên,103,Nậm Pồ,03176,Vàng Đán,Xã,"Xã Vàng Đán, Huyện Nậm Pồ, Tỉnh Điện Biên"
11,Điện Biên,095,Thị Xã Mường Lay,03184,Lay Nưa,Xã,"Xã Lay Nưa, Thị xã Thị Xã Mường Lay, Tỉnh Điện Biên"
11,Điện Biên,095,Thị Xã Mường Lay,03151,Na Lay,Phường,"Phường Na Lay, Thị xã Thị Xã Mường Lay, Tỉnh Điện Biên"
11,Điện Biên,095,Thị Xã Mường Lay,03148,Sông Đà,Phường,"Phường Sông Đà, Thị xã Thị Xã Mường Lay, Tỉnh Điện Biên"
11,Điện Biên,098,Tủa Chùa,03220,Huổi Só,Xã,"Xã Huổi Só, Huyện Tủa Chùa, Tỉnh Điện Biên"
11,Điện Biên,098,Tủa Chùa,03229,Lao Xả Phình,Xã,"Xã Lao Xả Phình, Huyện Tủa Chùa, Tỉnh Điện Biên"
11,Điện Biên,098,Tủa Chùa,03250,Mường Báng,Xã,"Xã Mường Báng, Huyện Tủa Chùa, Tỉnh Điện Biên"
11,Điện Biên,098,Tủa Chùa,03247,Mường Đun,Xã,"Xã Mường Đun, Huyện Tủa Chùa, Tỉnh Điện Biên"
11,Điện Biên,098,Tủa Chùa,03223,Sín Chải,Xã,"Xã Sín Chải, Huyện Tủa Chùa, Tỉnh Điện Biên"
11,Điện Biên,098,Tủa Chùa,03241,Sính Phình,Xã,"Xã Sính Phình, Huyện Tủa Chùa, Tỉnh Điện Biên"
11,Điện Biên,098,Tủa Chùa,03232,Tả Phìn,Xã,"Xã Tả Phìn, Huyện Tủa Chùa, Tỉnh Điện Biên"
11,Điện Biên,098,Tủa Chùa,03226,Tả Sìn Thàng,Xã,"Xã Tả Sìn Thàng, Huyện Tủa Chùa, Tỉnh Điện Biên"
11,Điện Biên,098,Tủa Chùa,03238,Trung Thu,Xã,"Xã Trung Thu, Huyện Tủa Chùa, Tỉnh Điện Biên"
11,Điện Biên,098,Tủa Chùa,03217,Tủa Chùa,Thị trấn,"Thị trấn Tủa Chùa, Huyện Tủa Chùa, Tỉnh Điện Biên"
11,Điện Biên,098,Tủa Chùa,03235,Tủa Thàng,Xã,"Xã Tủa Thàng, Huyện Tủa Chùa, Tỉnh Điện Biên"
11,Điện Biên,098,Tủa Chùa,03244,Xá Nhè,Xã,"Xã Xá Nhè, Huyện Tủa Chùa, Tỉnh Điện Biên"
11,Điện Biên,099,Tuần Giáo,03299,Chiềng Đông,Xã,"Xã Chiềng Đông, Huyện Tuần Giáo, Tỉnh Điện Biên"
11,Điện Biên,099,Tuần Giáo,03298,Chiềng Sinh,Xã,"Xã Chiềng Sinh, Huyện Tuần Giáo, Tỉnh Điện Biên"
11,Điện Biên,099,Tuần Giáo,03262,Mùn Chung,Xã,"Xã Mùn Chung, Huyện Tuần Giáo, Tỉnh Điện Biên"
11,Điện Biên,099,Tuần Giáo,03284,Mường Khong,Xã,"Xã Mường Khong, Huyện Tuần Giáo, Tỉnh Điện Biên"
11,Điện Biên,099,Tuần Giáo,03268,Mường Mùn,Xã,"Xã Mường Mùn, Huyện Tuần Giáo, Tỉnh Điện Biên"
11,Điện Biên,099,Tuần Giáo,03277,Mường Thín,Xã,"Xã Mường Thín, Huyện Tuần Giáo, Tỉnh Điện Biên"
11,Điện Biên,099,Tuần Giáo,03283,Nà Sáy,Xã,"Xã Nà Sáy, Huyện Tuần Giáo, Tỉnh Điện Biên"
11,Điện Biên,099,Tuần Giáo,03263,Nà Tòng,Xã,"Xã Nà Tòng, Huyện Tuần Giáo, Tỉnh Điện Biên"
11,Điện Biên,099,Tuần Giáo,03259,Phình Sáng,Xã,"Xã Phình Sáng, Huyện Tuần Giáo, Tỉnh Điện Biên"
11,Điện Biên,099,Tuần Giáo,03271,Pú Nhung,Xã,"Xã Pú Nhung, Huyện Tuần Giáo, Tỉnh Điện Biên"
11,Điện Biên,099,Tuần Giáo,03269,Pú Xi,Xã,"Xã Pú Xi, Huyện Tuần Giáo, Tỉnh Điện Biên"
11,Điện Biên,099,Tuần Giáo,03289,Quài Cang,Xã,"Xã Quài Cang, Huyện Tuần Giáo, Tỉnh Điện Biên"
11,Điện Biên,099,Tuần Giáo,03274,Quài Nưa,Xã,"Xã Quài Nưa, Huyện Tuần Giáo, Tỉnh Điện Biên"
11,Điện Biên,099,Tuần Giáo,03295,Quài Tở,Xã,"Xã Quài Tở, Huyện Tuần Giáo, Tỉnh Điện Biên"
11,Điện Biên,099,Tuần Giáo,03260,Rạng Đông,Xã,"Xã Rạng Đông, Huyện Tuần Giáo, Tỉnh Điện Biên"
11,Điện Biên,099,Tuần Giáo,03265,Ta Ma,Xã,"Xã Ta Ma, Huyện Tuần Giáo, Tỉnh Điện Biên"
11,Điện Biên,099,Tuần Giáo,03304,Tênh Phông,Xã,"Xã Tênh Phông, Huyện Tuần Giáo, Tỉnh Điện Biên"
11,Điện Biên,099,Tuần Giáo,03280,Tỏa Tình,Xã,"Xã Tỏa Tình, Huyện Tuần Giáo, Tỉnh Điện Biên"
11,Điện Biên,099,Tuần Giáo,03253,Tuần Giáo,Thị trấn,"Thị trấn Tuần Giáo, Huyện Tuần Giáo, Tỉnh Điện Biên"
75,Đồng Nai,731,Biên Hòa,26050,An Bình,Phường,"Phường An Bình, Thành phố Biên Hòa, Tỉnh Đồng Nai"
75,Đồng Nai,731,Biên Hòa,26371,An Hòa,Phường,"Phường An Hòa, Thành phố Biên Hòa, Tỉnh Đồng Nai"
75,Đồng Nai,731,Biên Hòa,26047,Bình Đa,Phường,"Phường Bình Đa, Thành phố Biên Hòa, Tỉnh Đồng Nai"
75,Đồng Nai,731,Biên Hòa,26053,Bửu Hòa,Phường,"Phường Bửu Hòa, Thành phố Biên Hòa, Tỉnh Đồng Nai"
75,Đồng Nai,731,Biên Hòa,26011,Bửu Long,Phường,"Phường Bửu Long, Thành phố Biên Hòa, Tỉnh Đồng Nai"
75,Đồng Nai,731,Biên Hòa,26065,Hiệp Hòa,Phường,"Phường Hiệp Hòa, Thành phố Biên Hòa, Tỉnh Đồng Nai"
75,Đồng Nai,731,Biên Hòa,26002,Hố Nai,Phường,"Phường Hố Nai, Thành phố Biên Hòa, Tỉnh Đồng Nai"
75,Đồng Nai,731,Biên Hòa,26068,Hóa An,Phường,"Phường Hóa An, Thành phố Biên Hòa, Tỉnh Đồng Nai"
75,Đồng Nai,731,Biên Hòa,26020,Long Bình,Phường,"Phường Long Bình, Thành phố Biên Hòa, Tỉnh Đồng Nai"
75,Đồng Nai,731,Biên Hòa,26056,Long Bình Tân,Phường,"Phường Long Bình Tân, Thành phố Biên Hòa, Tỉnh Đồng Nai"
75,Đồng Nai,731,Biên Hòa,26380,Long Hưng,Xã,"Xã Long Hưng, Thành phố Biên Hòa, Tỉnh Đồng Nai"
75,Đồng Nai,731,Biên Hòa,26377,Phước Tân,Phường,"Phường Phước Tân, Thành phố Biên Hòa, Tỉnh Đồng Nai"
75,Đồng Nai,731,Biên Hòa,26023,Quang Vinh,Phường,"Phường Quang Vinh, Thành phố Biên Hòa, Tỉnh Đồng Nai"
75,Đồng Nai,731,Biên Hòa,26017,Tam Hiệp,Phường,"Phường Tam Hiệp, Thành phố Biên Hòa, Tỉnh Đồng Nai"
75,Đồng Nai,731,Biên Hòa,26374,Tam Phước,Phường,"Phường Tam Phước, Thành phố Biên Hòa, Tỉnh Đồng Nai"
75,Đồng Nai,731,Biên Hòa,25999,Tân Biên,Phường,"Phường Tân Biên, Thành phố Biên Hòa, Tỉnh Đồng Nai"
75,Đồng Nai,731,Biên Hòa,26062,Tân Hạnh,Phường,"Phường Tân Hạnh, Thành phố Biên Hòa, Tỉnh Đồng Nai"
75,Đồng Nai,731,Biên Hòa,26008,Tân Hiệp,Phường,"Phường Tân Hiệp, Thành phố Biên Hòa, Tỉnh Đồng Nai"
75,Đồng Nai,731,Biên Hòa,26005,Tân Hòa,Phường,"Phường Tân Hòa, Thành phố Biên Hòa, Tỉnh Đồng Nai"
75,Đồng Nai,731,Biên Hòa,26014,Tân Mai,Phường,"Phường Tân Mai, Thành phố Biên Hòa, Tỉnh Đồng Nai"
75,Đồng Nai,731,Biên Hòa,25996,Tân Phong,Phường,"Phường Tân Phong, Thành phố Biên Hòa, Tỉnh Đồng Nai"
75,Đồng Nai,731,Biên Hòa,26059,Tân Vạn,Phường,"Phường Tân Vạn, Thành phố Biên Hòa, Tỉnh Đồng Nai"
75,Đồng Nai,731,Biên Hòa,26029,Thống Nhất,Phường,"Phường Thống Nhất, Thành phố Biên Hòa, Tỉnh Đồng Nai"
75,Đồng Nai,731,Biên Hòa,25993,Trảng Dài,Phường,"Phường Trảng Dài, Thành phố Biên Hòa, Tỉnh Đồng Nai"
75,Đồng Nai,731,Biên Hòa,26041,Trung Dũng,Phường,"Phường Trung Dũng, Thành phố Biên Hòa, Tỉnh Đồng Nai"
75,Đồng Nai,739,Cẩm Mỹ,26350,Bảo Bình,Xã,"Xã Bảo Bình, Huyện Cẩm Mỹ, Tỉnh Đồng Nai"
75,Đồng Nai,739,Cẩm Mỹ,26365,Lâm San,Xã,"Xã Lâm San, Huyện Cẩm Mỹ, Tỉnh Đồng Nai"
75,Đồng Nai,739,Cẩm Mỹ,26341,Long Giao,Thị trấn,"Thị trấn Long Giao, Huyện Cẩm Mỹ, Tỉnh Đồng Nai"
75,Đồng Nai,739,Cẩm Mỹ,26335,Nhân Nghĩa,Xã,"Xã Nhân Nghĩa, Huyện Cẩm Mỹ, Tỉnh Đồng Nai"
75,Đồng Nai,739,Cẩm Mỹ,26329,Sông Nhạn,Xã,"Xã Sông Nhạn, Huyện Cẩm Mỹ, Tỉnh Đồng Nai"
75,Đồng Nai,739,Cẩm Mỹ,26362,Sông Ray,Xã,"Xã Sông Ray, Huyện Cẩm Mỹ, Tỉnh Đồng Nai"
75,Đồng Nai,739,Cẩm Mỹ,26347,Thừa Đức,Xã,"Xã Thừa Đức, Huyện Cẩm Mỹ, Tỉnh Đồng Nai"
75,Đồng Nai,739,Cẩm Mỹ,26353,Xuân Bảo,Xã,"Xã Xuân Bảo, Huyện Cẩm Mỹ, Tỉnh Đồng Nai"
75,Đồng Nai,739,Cẩm Mỹ,26359,Xuân Đông,Xã,"Xã Xuân Đông, Huyện Cẩm Mỹ, Tỉnh Đồng Nai"
75,Đồng Nai,739,Cẩm Mỹ,26338,Xuân Đường,Xã,"Xã Xuân Đường, Huyện Cẩm Mỹ, Tỉnh Đồng Nai"
75,Đồng Nai,739,Cẩm Mỹ,26344,Xuân Mỹ,Xã,"Xã Xuân Mỹ, Huyện Cẩm Mỹ, Tỉnh Đồng Nai"
75,Đồng Nai,739,Cẩm Mỹ,26332,Xuân Quế,Xã,"Xã Xuân Quế, Huyện Cẩm Mỹ, Tỉnh Đồng Nai"
75,Đồng Nai,739,Cẩm Mỹ,26356,Xuân Tây,Xã,"Xã Xuân Tây, Huyện Cẩm Mỹ, Tỉnh Đồng Nai"
75,Đồng Nai,736,Định Quán,26206,Định Quán,Thị trấn,"Thị trấn Định Quán, Huyện Định Quán, Tỉnh Đồng Nai"
75,Đồng Nai,736,Định Quán,26230,Gia Canh,Xã,"Xã Gia Canh, Huyện Định Quán, Tỉnh Đồng Nai"
75,Đồng Nai,736,Định Quán,26227,La Ngà,Xã,"Xã La Ngà, Huyện Định Quán, Tỉnh Đồng Nai"
75,Đồng Nai,736,Định Quán,26224,Ngọc Định,Xã,"Xã Ngọc Định, Huyện Định Quán, Tỉnh Đồng Nai"
75,Đồng Nai,736,Định Quán,26236,Phú Cường,Xã,"Xã Phú Cường, Huyện Định Quán, Tỉnh Đồng Nai"
75,Đồng Nai,736,Định Quán,26221,Phú Hòa,Xã,"Xã Phú Hòa, Huyện Định Quán, Tỉnh Đồng Nai"
75,Đồng Nai,736,Định Quán,26218,Phú Lợi,Xã,"Xã Phú Lợi, Huyện Định Quán, Tỉnh Đồng Nai"
75,Đồng Nai,736,Định Quán,26233,Phú Ngọc,Xã,"Xã Phú Ngọc, Huyện Định Quán, Tỉnh Đồng Nai"
75,Đồng Nai,736,Định Quán,26212,Phú Tân,Xã,"Xã Phú Tân, Huyện Định Quán, Tỉnh Đồng Nai"
75,Đồng Nai,736,Định Quán,26242,Phú Túc,Xã,"Xã Phú Túc, Huyện Định Quán, Tỉnh Đồng Nai"
75,Đồng Nai,736,Định Quán,26215,Phú Vinh,Xã,"Xã Phú Vinh, Huyện Định Quán, Tỉnh Đồng Nai"
75,Đồng Nai,736,Định Quán,26245,Suối Nho,Xã,"Xã Suối Nho, Huyện Định Quán, Tỉnh Đồng Nai"
75,Đồng Nai,736,Định Quán,26209,Thanh Sơn,Xã,"Xã Thanh Sơn, Huyện Định Quán, Tỉnh Đồng Nai"
75,Đồng Nai,736,Định Quán,26239,Túc Trưng,Xã,"Xã Túc Trưng, Huyện Định Quán, Tỉnh Đồng Nai"
75,Đồng Nai,732,Long Khánh,26092,Bảo Quang,Xã,"Xã Bảo Quang, Thành phố Long Khánh, Tỉnh Đồng Nai"
75,Đồng Nai,732,Long Khánh,26098,Bảo Vinh,Phường,"Phường Bảo Vinh, Thành phố Long Khánh, Tỉnh Đồng Nai"
75,Đồng Nai,732,Long Khánh,26104,Bàu Sen,Phường,"Phường Bàu Sen, Thành phố Long Khánh, Tỉnh Đồng Nai"
75,Đồng Nai,732,Long Khánh,26107,Bàu Trâm,Xã,"Xã Bàu Trâm, Thành phố Long Khánh, Tỉnh Đồng Nai"
75,Đồng Nai,732,Long Khánh,26089,Bình Lộc,Xã,"Xã Bình Lộc, Thành phố Long Khánh, Tỉnh Đồng Nai"
75,Đồng Nai,732,Long Khánh,26113,Hàng Gòn,Xã,"Xã Hàng Gòn, Thành phố Long Khánh, Tỉnh Đồng Nai"
75,Đồng Nai,732,Long Khánh,26086,Phú Bình,Phường,"Phường Phú Bình, Thành phố Long Khánh, Tỉnh Đồng Nai"
75,Đồng Nai,732,Long Khánh,26095,Suối Tre,Phường,"Phường Suối Tre, Thành phố Long Khánh, Tỉnh Đồng Nai"
75,Đồng Nai,732,Long Khánh,26080,Xuân An,Phường,"Phường Xuân An, Thành phố Long Khánh, Tỉnh Đồng Nai"
75,Đồng Nai,732,Long Khánh,26077,Xuân Bình,Phường,"Phường Xuân Bình, Thành phố Long Khánh, Tỉnh Đồng Nai"
75,Đồng Nai,732,Long Khánh,26083,Xuân Hoà,Phường,"Phường Xuân Hoà, Thành phố Long Khánh, Tỉnh Đồng Nai"
75,Đồng Nai,732,Long Khánh,26101,Xuân Lập,Phường,"Phường Xuân Lập, Thành phố Long Khánh, Tỉnh Đồng Nai"
75,Đồng Nai,732,Long Khánh,26110,Xuân Tân,Phường,"Phường Xuân Tân, Thành phố Long Khánh, Tỉnh Đồng Nai"
75,Đồng Nai,740,Long Thành,26383,An Phước,Xã,"Xã An Phước, Huyện Long Thành, Tỉnh Đồng Nai"
75,Đồng Nai,740,Long Thành,26410,Bàu Cạn,Xã,"Xã Bàu Cạn, Huyện Long Thành, Tỉnh Đồng Nai"
75,Đồng Nai,740,Long Thành,26386,Bình An,Xã,"Xã Bình An, Huyện Long Thành, Tỉnh Đồng Nai"
75,Đồng Nai,740,Long Thành,26395,Bình Sơn,Xã,"Xã Bình Sơn, Huyện Long Thành, Tỉnh Đồng Nai"
75,Đồng Nai,740,Long Thành,26401,Cẩm Đường,Xã,"Xã Cẩm Đường, Huyện Long Thành, Tỉnh Đồng Nai"
75,Đồng Nai,740,Long Thành,26392,Lộc An,Xã,"Xã Lộc An, Huyện Long Thành, Tỉnh Đồng Nai"
75,Đồng Nai,740,Long Thành,26404,Long An,Xã,"Xã Long An, Huyện Long Thành, Tỉnh Đồng Nai"
75,Đồng Nai,740,Long Thành,26389,Long Đức,Xã,"Xã Long Đức, Huyện Long Thành, Tỉnh Đồng Nai"
75,Đồng Nai,740,Long Thành,26413,Long Phước,Xã,"Xã Long Phước, Huyện Long Thành, Tỉnh Đồng Nai"
75,Đồng Nai,740,Long Thành,26368,Long Thành,Thị trấn,"Thị trấn Long Thành, Huyện Long Thành, Tỉnh Đồng Nai"
75,Đồng Nai,740,Long Thành,26416,Phước Bình,Xã,"Xã Phước Bình, Huyện Long Thành, Tỉnh Đồng Nai"
75,Đồng Nai,740,Long Thành,26422,Phước Thái,Xã,"Xã Phước Thái, Huyện Long Thành, Tỉnh Đồng Nai"
75,Đồng Nai,740,Long Thành,26398,Tam An,Xã,"Xã Tam An, Huyện Long Thành, Tỉnh Đồng Nai"
75,Đồng Nai,740,Long Thành,26419,Tân Hiệp,Xã,"Xã Tân Hiệp, Huyện Long Thành, Tỉnh Đồng Nai"
75,Đồng Nai,742,Nhơn Trạch,26476,Đại Phước,Xã,"Xã Đại Phước, Huyện Nhơn Trạch, Tỉnh Đồng Nai"
75,Đồng Nai,742,Nhơn Trạch,26479,Hiệp Phước,Thị trấn,"Thị trấn Hiệp Phước, Huyện Nhơn Trạch, Tỉnh Đồng Nai"
75,Đồng Nai,742,Nhơn Trạch,26473,Long Tân,Xã,"Xã Long Tân, Huyện Nhơn Trạch, Tỉnh Đồng Nai"
75,Đồng Nai,742,Nhơn Trạch,26494,Long Thọ,Xã,"Xã Long Thọ, Huyện Nhơn Trạch, Tỉnh Đồng Nai"
75,Đồng Nai,742,Nhơn Trạch,26491,Phú Đông,Xã,"Xã Phú Đông, Huyện Nhơn Trạch, Tỉnh Đồng Nai"
75,Đồng Nai,742,Nhơn Trạch,26485,Phú Hội,Xã,"Xã Phú Hội, Huyện Nhơn Trạch, Tỉnh Đồng Nai"
75,Đồng Nai,742,Nhơn Trạch,26482,Phú Hữu,Xã,"Xã Phú Hữu, Huyện Nhơn Trạch, Tỉnh Đồng Nai"
75,Đồng Nai,742,Nhơn Trạch,26488,Phú Thạnh,Xã,"Xã Phú Thạnh, Huyện Nhơn Trạch, Tỉnh Đồng Nai"
75,Đồng Nai,742,Nhơn Trạch,26503,Phước An,Xã,"Xã Phước An, Huyện Nhơn Trạch, Tỉnh Đồng Nai"
75,Đồng Nai,742,Nhơn Trạch,26500,Phước Khánh,Xã,"Xã Phước Khánh, Huyện Nhơn Trạch, Tỉnh Đồng Nai"
75,Đồng Nai,742,Nhơn Trạch,26470,Phước Thiền,Xã,"Xã Phước Thiền, Huyện Nhơn Trạch, Tỉnh Đồng Nai"
75,Đồng Nai,742,Nhơn Trạch,26497,Vĩnh Thanh,Xã,"Xã Vĩnh Thanh, Huyện Nhơn Trạch, Tỉnh Đồng Nai"
75,Đồng Nai,734,Tân Phú,26119,Dak Lua,Xã,"Xã Dak Lua, Huyện Tân Phú, Tỉnh Đồng Nai"
75,Đồng Nai,734,Tân Phú,26122,Nam Cát Tiên,Xã,"Xã Nam Cát Tiên, Huyện Tân Phú, Tỉnh Đồng Nai"
75,Đồng Nai,734,Tân Phú,26125,Phú An,Xã,"Xã Phú An, Huyện Tân Phú, Tỉnh Đồng Nai"
75,Đồng Nai,734,Tân Phú,26158,Phú Bình,Xã,"Xã Phú Bình, Huyện Tân Phú, Tỉnh Đồng Nai"
75,Đồng Nai,734,Tân Phú,26167,Phú Điền,Xã,"Xã Phú Điền, Huyện Tân Phú, Tỉnh Đồng Nai"
75,Đồng Nai,734,Tân Phú,26155,Phú Lâm,Xã,"Xã Phú Lâm, Huyện Tân Phú, Tỉnh Đồng Nai"
75,Đồng Nai,734,Tân Phú,26134,Phú Lập,Xã,"Xã Phú Lập, Huyện Tân Phú, Tỉnh Đồng Nai"
75,Đồng Nai,734,Tân Phú,26152,Phú Lộc,Xã,"Xã Phú Lộc, Huyện Tân Phú, Tỉnh Đồng Nai"
75,Đồng Nai,734,Tân Phú,26146,Phú Sơn,Xã,"Xã Phú Sơn, Huyện Tân Phú, Tỉnh Đồng Nai"
75,Đồng Nai,734,Tân Phú,26161,Phú Thanh,Xã,"Xã Phú Thanh, Huyện Tân Phú, Tỉnh Đồng Nai"
75,Đồng Nai,734,Tân Phú,26140,Phú Thịnh,Xã,"Xã Phú Thịnh, Huyện Tân Phú, Tỉnh Đồng Nai"
75,Đồng Nai,734,Tân Phú,26149,Phú Xuân,Xã,"Xã Phú Xuân, Huyện Tân Phú, Tỉnh Đồng Nai"
75,Đồng Nai,734,Tân Phú,26131,Tà Lài,Xã,"Xã Tà Lài, Huyện Tân Phú, Tỉnh Đồng Nai"
75,Đồng Nai,734,Tân Phú,26116,Tân Phú,Thị trấn,"Thị trấn Tân Phú, Huyện Tân Phú, Tỉnh Đồng Nai"
75,Đồng Nai,734,Tân Phú,26143,Thanh Sơn,Xã,"Xã Thanh Sơn, Huyện Tân Phú, Tỉnh Đồng Nai"
75,Đồng Nai,734,Tân Phú,26164,Trà Cổ,Xã,"Xã Trà Cổ, Huyện Tân Phú, Tỉnh Đồng Nai"
75,Đồng Nai,738,Thống Nhất,26314,Bàu Hàm 2,Xã,"Xã Bàu Hàm 2, Huyện Thống Nhất, Tỉnh Đồng Nai"
75,Đồng Nai,738,Thống Nhất,26326,Dầu Giây,Thị trấn,"Thị trấn Dầu Giây, Huyện Thống Nhất, Tỉnh Đồng Nai"
75,Đồng Nai,738,Thống Nhất,26308,Gia Kiệm,Xã,"Xã Gia Kiệm, Huyện Thống Nhất, Tỉnh Đồng Nai"
75,Đồng Nai,738,Thống Nhất,26299,Gia Tân 1,Xã,"Xã Gia Tân 1, Huyện Thống Nhất, Tỉnh Đồng Nai"
75,Đồng Nai,738,Thống Nhất,26302,Gia Tân 2,Xã,"Xã Gia Tân 2, Huyện Thống Nhất, Tỉnh Đồng Nai"
75,Đồng Nai,738,Thống Nhất,26305,Gia Tân 3,Xã,"Xã Gia Tân 3, Huyện Thống Nhất, Tỉnh Đồng Nai"
75,Đồng Nai,738,Thống Nhất,26317,Hưng Lộc,Xã,"Xã Hưng Lộc, Huyện Thống Nhất, Tỉnh Đồng Nai"
75,Đồng Nai,738,Thống Nhất,26320,Lộ 25,Xã,"Xã Lộ 25, Huyện Thống Nhất, Tỉnh Đồng Nai"
75,Đồng Nai,738,Thống Nhất,26311,Quang Trung,Xã,"Xã Quang Trung, Huyện Thống Nhất, Tỉnh Đồng Nai"
75,Đồng Nai,738,Thống Nhất,26323,Xuân Thiện,Xã,"Xã Xuân Thiện, Huyện Thống Nhất, Tỉnh Đồng Nai"
75,Đồng Nai,737,Trảng Bom,26296,An Viễn,Xã,"Xã An Viễn, Huyện Trảng Bom, Tỉnh Đồng Nai"
75,Đồng Nai,737,Trảng Bom,26269,Bắc Sơn,Xã,"Xã Bắc Sơn, Huyện Trảng Bom, Tỉnh Đồng Nai"
75,Đồng Nai,737,Trảng Bom,26257,Bàu Hàm,Xã,"Xã Bàu Hàm, Huyện Trảng Bom, Tỉnh Đồng Nai"
75,Đồng Nai,737,Trảng Bom,26278,Bình Minh,Xã,"Xã Bình Minh, Huyện Trảng Bom, Tỉnh Đồng Nai"
75,Đồng Nai,737,Trảng Bom,26254,Cây Gáo,Xã,"Xã Cây Gáo, Huyện Trảng Bom, Tỉnh Đồng Nai"
75,Đồng Nai,737,Trảng Bom,26284,Đồi 61,Xã,"Xã Đồi 61, Huyện Trảng Bom, Tỉnh Đồng Nai"
75,Đồng Nai,737,Trảng Bom,26266,Đông Hoà,Xã,"Xã Đông Hoà, Huyện Trảng Bom, Tỉnh Đồng Nai"
75,Đồng Nai,737,Trảng Bom,26293,Giang Điền,Xã,"Xã Giang Điền, Huyện Trảng Bom, Tỉnh Đồng Nai"
75,Đồng Nai,737,Trảng Bom,26272,Hố Nai 3,Xã,"Xã Hố Nai 3, Huyện Trảng Bom, Tỉnh Đồng Nai"
75,Đồng Nai,737,Trảng Bom,26287,Hưng Thịnh,Xã,"Xã Hưng Thịnh, Huyện Trảng Bom, Tỉnh Đồng Nai"
75,Đồng Nai,737,Trảng Bom,26290,Quảng Tiến,Xã,"Xã Quảng Tiến, Huyện Trảng Bom, Tỉnh Đồng Nai"
75,Đồng Nai,737,Trảng Bom,26260,Sông Thao,Xã,"Xã Sông Thao, Huyện Trảng Bom, Tỉnh Đồng Nai"
75,Đồng Nai,737,Trảng Bom,26263,Sông Trầu,Xã,"Xã Sông Trầu, Huyện Trảng Bom, Tỉnh Đồng Nai"
75,Đồng Nai,737,Trảng Bom,26275,Tây Hoà,Xã,"Xã Tây Hoà, Huyện Trảng Bom, Tỉnh Đồng Nai"
75,Đồng Nai,737,Trảng Bom,26251,Thanh Bình,Xã,"Xã Thanh Bình, Huyện Trảng Bom, Tỉnh Đồng Nai"
75,Đồng Nai,737,Trảng Bom,26248,Trảng Bom,Thị trấn,"Thị trấn Trảng Bom, Huyện Trảng Bom, Tỉnh Đồng Nai"
75,Đồng Nai,737,Trảng Bom,26281,Trung Hoà,Xã,"Xã Trung Hoà, Huyện Trảng Bom, Tỉnh Đồng Nai"
75,Đồng Nai,735,Vĩnh Cửu,26185,Bình Lợi,Xã,"Xã Bình Lợi, Huyện Vĩnh Cửu, Tỉnh Đồng Nai"
75,Đồng Nai,735,Vĩnh Cửu,26200,Mã Đà,Xã,"Xã Mã Đà, Huyện Vĩnh Cửu, Tỉnh Đồng Nai"
75,Đồng Nai,735,Vĩnh Cửu,26173,Phú Lý,Xã,"Xã Phú Lý, Huyện Vĩnh Cửu, Tỉnh Đồng Nai"
75,Đồng Nai,735,Vĩnh Cửu,26179,Tân An,Xã,"Xã Tân An, Huyện Vĩnh Cửu, Tỉnh Đồng Nai"
75,Đồng Nai,735,Vĩnh Cửu,26194,Tân Bình,Xã,"Xã Tân Bình, Huyện Vĩnh Cửu, Tỉnh Đồng Nai"
75,Đồng Nai,735,Vĩnh Cửu,26188,Thạnh Phú,Xã,"Xã Thạnh Phú, Huyện Vĩnh Cửu, Tỉnh Đồng Nai"
75,Đồng Nai,735,Vĩnh Cửu,26191,Thiện Tân,Xã,"Xã Thiện Tân, Huyện Vĩnh Cửu, Tỉnh Đồng Nai"
75,Đồng Nai,735,Vĩnh Cửu,26176,Trị An,Xã,"Xã Trị An, Huyện Vĩnh Cửu, Tỉnh Đồng Nai"
75,Đồng Nai,735,Vĩnh Cửu,26170,Vĩnh An,Thị trấn,"Thị trấn Vĩnh An, Huyện Vĩnh Cửu, Tỉnh Đồng Nai"
75,Đồng Nai,735,Vĩnh Cửu,26182,Vĩnh Tân,Xã,"Xã Vĩnh Tân, Huyện Vĩnh Cửu, Tỉnh Đồng Nai"
75,Đồng Nai,741,Xuân Lộc,26464,Bảo Hoà,Xã,"Xã Bảo Hoà, Huyện Xuân Lộc, Tỉnh Đồng Nai"
75,Đồng Nai,741,Xuân Lộc,26425,Gia Ray,Thị trấn,"Thị trấn Gia Ray, Huyện Xuân Lộc, Tỉnh Đồng Nai"
75,Đồng Nai,741,Xuân Lộc,26467,Lang Minh,Xã,"Xã Lang Minh, Huyện Xuân Lộc, Tỉnh Đồng Nai"
75,Đồng Nai,741,Xuân Lộc,26431,Suối Cao,Xã,"Xã Suối Cao, Huyện Xuân Lộc, Tỉnh Đồng Nai"
75,Đồng Nai,741,Xuân Lộc,26452,Suối Cát,Xã,"Xã Suối Cát, Huyện Xuân Lộc, Tỉnh Đồng Nai"
75,Đồng Nai,741,Xuân Lộc,26428,Xuân Bắc,Xã,"Xã Xuân Bắc, Huyện Xuân Lộc, Tỉnh Đồng Nai"
75,Đồng Nai,741,Xuân Lộc,26461,Xuân Định,Xã,"Xã Xuân Định, Huyện Xuân Lộc, Tỉnh Đồng Nai"
75,Đồng Nai,741,Xuân Lộc,26455,Xuân Hiệp,Xã,"Xã Xuân Hiệp, Huyện Xuân Lộc, Tỉnh Đồng Nai"
75,Đồng Nai,741,Xuân Lộc,26443,Xuân Hòa,Xã,"Xã Xuân Hòa, Huyện Xuân Lộc, Tỉnh Đồng Nai"
75,Đồng Nai,741,Xuân Lộc,26446,Xuân Hưng,Xã,"Xã Xuân Hưng, Huyện Xuân Lộc, Tỉnh Đồng Nai"
75,Đồng Nai,741,Xuân Lộc,26458,Xuân Phú,Xã,"Xã Xuân Phú, Huyện Xuân Lộc, Tỉnh Đồng Nai"
75,Đồng Nai,741,Xuân Lộc,26449,Xuân Tâm,Xã,"Xã Xuân Tâm, Huyện Xuân Lộc, Tỉnh Đồng Nai"
75,Đồng Nai,741,Xuân Lộc,26434,Xuân Thành,Xã,"Xã Xuân Thành, Huyện Xuân Lộc, Tỉnh Đồng Nai"
75,Đồng Nai,741,Xuân Lộc,26437,Xuân Thọ,Xã,"Xã Xuân Thọ, Huyện Xuân Lộc, Tỉnh Đồng Nai"
75,Đồng Nai,741,Xuân Lộc,26440,Xuân Trường,Xã,"Xã Xuân Trường, Huyện Xuân Lộc, Tỉnh Đồng Nai"
87,Đồng Tháp,866,Cao Lãnh,29869,1,Phường,"Phường 1, Thành phố Cao Lãnh, Tỉnh Đồng Tháp"
87,Đồng Tháp,866,Cao Lãnh,29875,3,Phường,"Phường 3, Thành phố Cao Lãnh, Tỉnh Đồng Tháp"
87,Đồng Tháp,866,Cao Lãnh,29872,4,Phường,"Phường 4, Thành phố Cao Lãnh, Tỉnh Đồng Tháp"
87,Đồng Tháp,866,Cao Lãnh,29878,6,Phường,"Phường 6, Thành phố Cao Lãnh, Tỉnh Đồng Tháp"
87,Đồng Tháp,866,Cao Lãnh,29893,Hòa An,Xã,"Xã Hòa An, Thành phố Cao Lãnh, Tỉnh Đồng Tháp"
87,Đồng Tháp,866,Cao Lãnh,29892,Hoà Thuận,Phường,"Phường Hoà Thuận, Thành phố Cao Lãnh, Tỉnh Đồng Tháp"
87,Đồng Tháp,866,Cao Lãnh,29881,Mỹ Ngãi,Phường,"Phường Mỹ Ngãi, Thành phố Cao Lãnh, Tỉnh Đồng Tháp"
87,Đồng Tháp,866,Cao Lãnh,29888,Mỹ Phú,Phường,"Phường Mỹ Phú, Thành phố Cao Lãnh, Tỉnh Đồng Tháp"
87,Đồng Tháp,866,Cao Lãnh,29884,Mỹ Tân,Xã,"Xã Mỹ Tân, Thành phố Cao Lãnh, Tỉnh Đồng Tháp"
87,Đồng Tháp,866,Cao Lãnh,29887,Mỹ Trà,Xã,"Xã Mỹ Trà, Thành phố Cao Lãnh, Tỉnh Đồng Tháp"
87,Đồng Tháp,866,Cao Lãnh,29896,Tân Thuận Đông,Xã,"Xã Tân Thuận Đông, Thành phố Cao Lãnh, Tỉnh Đồng Tháp"
87,Đồng Tháp,866,Cao Lãnh,29890,Tân Thuận Tây,Xã,"Xã Tân Thuận Tây, Thành phố Cao Lãnh, Tỉnh Đồng Tháp"
87,Đồng Tháp,866,Cao Lãnh,29899,Tịnh Thới,Xã,"Xã Tịnh Thới, Thành phố Cao Lãnh, Tỉnh Đồng Tháp"
87,Đồng Tháp,873,Cao Lãnh,30106,An Bình,Xã,"Xã An Bình, Huyện Cao Lãnh, Tỉnh Đồng Tháp"
87,Đồng Tháp,873,Cao Lãnh,30085,Ba Sao,Xã,"Xã Ba Sao, Huyện Cao Lãnh, Tỉnh Đồng Tháp"
87,Đồng Tháp,873,Cao Lãnh,30124,Bình Hàng Tây,Xã,"Xã Bình Hàng Tây, Huyện Cao Lãnh, Tỉnh Đồng Tháp"
87,Đồng Tháp,873,Cao Lãnh,30118,Bình Hàng Trung,Xã,"Xã Bình Hàng Trung, Huyện Cao Lãnh, Tỉnh Đồng Tháp"
87,Đồng Tháp,873,Cao Lãnh,30127,Bình Thạnh,Xã,"Xã Bình Thạnh, Huyện Cao Lãnh, Tỉnh Đồng Tháp"
87,Đồng Tháp,873,Cao Lãnh,30079,Gáo Giồng,Xã,"Xã Gáo Giồng, Huyện Cao Lãnh, Tỉnh Đồng Tháp"
87,Đồng Tháp,873,Cao Lãnh,30112,Mỹ Hiệp,Xã,"Xã Mỹ Hiệp, Huyện Cao Lãnh, Tỉnh Đồng Tháp"
87,Đồng Tháp,873,Cao Lãnh,30109,Mỹ Hội,Xã,"Xã Mỹ Hội, Huyện Cao Lãnh, Tỉnh Đồng Tháp"
87,Đồng Tháp,873,Cao Lãnh,30115,Mỹ Long,Xã,"Xã Mỹ Long, Huyện Cao Lãnh, Tỉnh Đồng Tháp"
87,Đồng Tháp,873,Cao Lãnh,30076,Mỹ Thọ,Thị trấn,"Thị trấn Mỹ Thọ, Huyện Cao Lãnh, Tỉnh Đồng Tháp"
87,Đồng Tháp,873,Cao Lãnh,30100,Mỹ Thọ,Xã,"Xã Mỹ Thọ, Huyện Cao Lãnh, Tỉnh Đồng Tháp"
87,Đồng Tháp,873,Cao Lãnh,30121,Mỹ Xương,Xã,"Xã Mỹ Xương, Huyện Cao Lãnh, Tỉnh Đồng Tháp"
87,Đồng Tháp,873,Cao Lãnh,30097,Nhị Mỹ,Xã,"Xã Nhị Mỹ, Huyện Cao Lãnh, Tỉnh Đồng Tháp"
87,Đồng Tháp,873,Cao Lãnh,30088,Phong Mỹ,Xã,"Xã Phong Mỹ, Huyện Cao Lãnh, Tỉnh Đồng Tháp"
87,Đồng Tháp,873,Cao Lãnh,30082,Phương Thịnh,Xã,"Xã Phương Thịnh, Huyện Cao Lãnh, Tỉnh Đồng Tháp"
87,Đồng Tháp,873,Cao Lãnh,30094,Phương Trà,Xã,"Xã Phương Trà, Huyện Cao Lãnh, Tỉnh Đồng Tháp"
87,Đồng Tháp,873,Cao Lãnh,30103,Tân Hội Trung,Xã,"Xã Tân Hội Trung, Huyện Cao Lãnh, Tỉnh Đồng Tháp"
87,Đồng Tháp,873,Cao Lãnh,30091,Tân Nghĩa,Xã,"Xã Tân Nghĩa, Huyện Cao Lãnh, Tỉnh Đồng Tháp"
87,Đồng Tháp,877,Châu Thành,30247,An Hiệp,Xã,"Xã An Hiệp, Huyện Châu Thành, Tỉnh Đồng Tháp"
87,Đồng Tháp,877,Châu Thành,30271,An Khánh,Xã,"Xã An Khánh, Huyện Châu Thành, Tỉnh Đồng Tháp"
87,Đồng Tháp,877,Châu Thành,30250,An Nhơn,Xã,"Xã An Nhơn, Huyện Châu Thành, Tỉnh Đồng Tháp"
87,Đồng Tháp,877,Châu Thành,30265,An Phú Thuận,Xã,"Xã An Phú Thuận, Huyện Châu Thành, Tỉnh Đồng Tháp"
87,Đồng Tháp,877,Châu Thành,30244,Cái Tàu Hạ,Thị trấn,"Thị trấn Cái Tàu Hạ, Huyện Châu Thành, Tỉnh Đồng Tháp"
87,Đồng Tháp,877,Châu Thành,30277,Hòa Tân,Xã,"Xã Hòa Tân, Huyện Châu Thành, Tỉnh Đồng Tháp"
87,Đồng Tháp,877,Châu Thành,30268,Phú Hựu,Xã,"Xã Phú Hựu, Huyện Châu Thành, Tỉnh Đồng Tháp"
87,Đồng Tháp,877,Châu Thành,30262,Phú Long,Xã,"Xã Phú Long, Huyện Châu Thành, Tỉnh Đồng Tháp"
87,Đồng Tháp,877,Châu Thành,30256,Tân Bình,Xã,"Xã Tân Bình, Huyện Châu Thành, Tỉnh Đồng Tháp"
87,Đồng Tháp,877,Châu Thành,30253,Tân Nhuận Đông,Xã,"Xã Tân Nhuận Đông, Huyện Châu Thành, Tỉnh Đồng Tháp"
87,Đồng Tháp,877,Châu Thành,30274,Tân Phú,Xã,"Xã Tân Phú, Huyện Châu Thành, Tỉnh Đồng Tháp"
87,Đồng Tháp,877,Châu Thành,30259,Tân Phú Trung,Xã,"Xã Tân Phú Trung, Huyện Châu Thành, Tỉnh Đồng Tháp"
87,Đồng Tháp,868,Hồng Ngự,29989,An Bình A,Phường,"Phường An Bình A, Thành phố Hồng Ngự, Tỉnh Đồng Tháp"
87,Đồng Tháp,868,Hồng Ngự,29986,An Bình B,Phường,"Phường An Bình B, Thành phố Hồng Ngự, Tỉnh Đồng Tháp"
87,Đồng Tháp,868,Hồng Ngự,29978,An Lạc,Phường,"Phường An Lạc, Thành phố Hồng Ngự, Tỉnh Đồng Tháp"
87,Đồng Tháp,868,Hồng Ngự,29954,An Lộc,Phường,"Phường An Lộc, Thành phố Hồng Ngự, Tỉnh Đồng Tháp"
87,Đồng Tháp,868,Hồng Ngự,29955,An Thạnh,Phường,"Phường An Thạnh, Thành phố Hồng Ngự, Tỉnh Đồng Tháp"
87,Đồng Tháp,868,Hồng Ngự,29959,Bình Thạnh,Xã,"Xã Bình Thạnh, Thành phố Hồng Ngự, Tỉnh Đồng Tháp"
87,Đồng Tháp,868,Hồng Ngự,29965,Tân Hội,Xã,"Xã Tân Hội, Thành phố Hồng Ngự, Tỉnh Đồng Tháp"
87,Đồng Tháp,870,Hồng Ngự,29980,Long Khánh A,Xã,"Xã Long Khánh A, Huyện Hồng Ngự, Tỉnh Đồng Tháp"
87,Đồng Tháp,870,Hồng Ngự,29983,Long Khánh B,Xã,"Xã Long Khánh B, Huyện Hồng Ngự, Tỉnh Đồng Tháp"
87,Đồng Tháp,870,Hồng Ngự,29992,Long Thuận,Xã,"Xã Long Thuận, Huyện Hồng Ngự, Tỉnh Đồng Tháp"
87,Đồng Tháp,870,Hồng Ngự,29998,Phú Thuận A,Xã,"Xã Phú Thuận A, Huyện Hồng Ngự, Tỉnh Đồng Tháp"
87,Đồng Tháp,870,Hồng Ngự,29995,Phú Thuận B,Xã,"Xã Phú Thuận B, Huyện Hồng Ngự, Tỉnh Đồng Tháp"
87,Đồng Tháp,870,Hồng Ngự,29977,Thường Lạc,Xã,"Xã Thường Lạc, Huyện Hồng Ngự, Tỉnh Đồng Tháp"
87,Đồng Tháp,870,Hồng Ngự,29956,Thường Phước 1,Xã,"Xã Thường Phước 1, Huyện Hồng Ngự, Tỉnh Đồng Tháp"
87,Đồng Tháp,870,Hồng Ngự,29974,Thường Phước 2,Xã,"Xã Thường Phước 2, Huyện Hồng Ngự, Tỉnh Đồng Tháp"
87,Đồng Tháp,870,Hồng Ngự,29962,Thường Thới Hậu A,Xã,"Xã Thường Thới Hậu A, Huyện Hồng Ngự, Tỉnh Đồng Tháp"
87,Đồng Tháp,870,Hồng Ngự,29971,Thường Thới Tiền,Thị trấn,"Thị trấn Thường Thới Tiền, Huyện Hồng Ngự, Tỉnh Đồng Tháp"
87,Đồng Tháp,876,Lai Vung,30238,Định Hòa,Xã,"Xã Định Hòa, Huyện Lai Vung, Tỉnh Đồng Tháp"
87,Đồng Tháp,876,Lai Vung,30223,Hòa Long,Xã,"Xã Hòa Long, Huyện Lai Vung, Tỉnh Đồng Tháp"
87,Đồng Tháp,876,Lai Vung,30214,Hòa Thành,Xã,"Xã Hòa Thành, Huyện Lai Vung, Tỉnh Đồng Tháp"
87,Đồng Tháp,876,Lai Vung,30208,Lai Vung,Thị trấn,"Thị trấn Lai Vung, Huyện Lai Vung, Tỉnh Đồng Tháp"
87,Đồng Tháp,876,Lai Vung,30217,Long Hậu,Xã,"Xã Long Hậu, Huyện Lai Vung, Tỉnh Đồng Tháp"
87,Đồng Tháp,876,Lai Vung,30229,Long Thắng,Xã,"Xã Long Thắng, Huyện Lai Vung, Tỉnh Đồng Tháp"
87,Đồng Tháp,876,Lai Vung,30241,Phong Hòa,Xã,"Xã Phong Hòa, Huyện Lai Vung, Tỉnh Đồng Tháp"
87,Đồng Tháp,876,Lai Vung,30211,Tân Dương,Xã,"Xã Tân Dương, Huyện Lai Vung, Tỉnh Đồng Tháp"
87,Đồng Tháp,876,Lai Vung,30235,Tân Hòa,Xã,"Xã Tân Hòa, Huyện Lai Vung, Tỉnh Đồng Tháp"
87,Đồng Tháp,876,Lai Vung,30220,Tân Phước,Xã,"Xã Tân Phước, Huyện Lai Vung, Tỉnh Đồng Tháp"
87,Đồng Tháp,876,Lai Vung,30226,Tân Thành,Xã,"Xã Tân Thành, Huyện Lai Vung, Tỉnh Đồng Tháp"
87,Đồng Tháp,876,Lai Vung,30232,Vĩnh Thới,Xã,"Xã Vĩnh Thới, Huyện Lai Vung, Tỉnh Đồng Tháp"
87,Đồng Tháp,875,Lấp Vò,30193,Bình Thành,Xã,"Xã Bình Thành, Huyện Lấp Vò, Tỉnh Đồng Tháp"
87,Đồng Tháp,875,Lấp Vò,30205,Bình Thạnh Trung,Xã,"Xã Bình Thạnh Trung, Huyện Lấp Vò, Tỉnh Đồng Tháp"
87,Đồng Tháp,875,Lấp Vò,30196,Định An,Xã,"Xã Định An, Huyện Lấp Vò, Tỉnh Đồng Tháp"
87,Đồng Tháp,875,Lấp Vò,30199,Định Yên,Xã,"Xã Định Yên, Huyện Lấp Vò, Tỉnh Đồng Tháp"
87,Đồng Tháp,875,Lấp Vò,30202,Hội An Đông,Xã,"Xã Hội An Đông, Huyện Lấp Vò, Tỉnh Đồng Tháp"
87,Đồng Tháp,875,Lấp Vò,30169,Lấp Vò,Thị trấn,"Thị trấn Lấp Vò, Huyện Lấp Vò, Tỉnh Đồng Tháp"
87,Đồng Tháp,875,Lấp Vò,30184,Long Hưng A,Xã,"Xã Long Hưng A, Huyện Lấp Vò, Tỉnh Đồng Tháp"
87,Đồng Tháp,875,Lấp Vò,30190,Long Hưng B,Xã,"Xã Long Hưng B, Huyện Lấp Vò, Tỉnh Đồng Tháp"
87,Đồng Tháp,875,Lấp Vò,30172,Mỹ An Hưng A,Xã,"Xã Mỹ An Hưng A, Huyện Lấp Vò, Tỉnh Đồng Tháp"
87,Đồng Tháp,875,Lấp Vò,30178,Mỹ An Hưng B,Xã,"Xã Mỹ An Hưng B, Huyện Lấp Vò, Tỉnh Đồng Tháp"
87,Đồng Tháp,875,Lấp Vò,30181,Tân Khánh Trung,Xã,"Xã Tân Khánh Trung, Huyện Lấp Vò, Tỉnh Đồng Tháp"
87,Đồng Tháp,875,Lấp Vò,30175,Tân Mỹ,Xã,"Xã Tân Mỹ, Huyện Lấp Vò, Tỉnh Đồng Tháp"
87,Đồng Tháp,875,Lấp Vò,30187,Vĩnh Thạnh,Xã,"Xã Vĩnh Thạnh, Huyện Lấp Vò, Tỉnh Đồng Tháp"
87,Đồng Tháp,867,Sa Đéc,29905,1,Phường,"Phường 1, Thành phố Sa Đéc, Tỉnh Đồng Tháp"
87,Đồng Tháp,867,Sa Đéc,29911,2,Phường,"Phường 2, Thành phố Sa Đéc, Tỉnh Đồng Tháp"
87,Đồng Tháp,867,Sa Đéc,29902,3,Phường,"Phường 3, Thành phố Sa Đéc, Tỉnh Đồng Tháp"
87,Đồng Tháp,867,Sa Đéc,29908,4,Phường,"Phường 4, Thành phố Sa Đéc, Tỉnh Đồng Tháp"
87,Đồng Tháp,867,Sa Đéc,29919,An Hoà,Phường,"Phường An Hoà, Thành phố Sa Đéc, Tỉnh Đồng Tháp"
87,Đồng Tháp,867,Sa Đéc,29914,Tân Khánh Đông,Xã,"Xã Tân Khánh Đông, Thành phố Sa Đéc, Tỉnh Đồng Tháp"
87,Đồng Tháp,867,Sa Đéc,29923,Tân Phú Đông,Xã,"Xã Tân Phú Đông, Thành phố Sa Đéc, Tỉnh Đồng Tháp"
87,Đồng Tháp,867,Sa Đéc,29917,Tân Quy Đông,Phường,"Phường Tân Quy Đông, Thành phố Sa Đéc, Tỉnh Đồng Tháp"
87,Đồng Tháp,867,Sa Đéc,29920,Tân Quy Tây,Xã,"Xã Tân Quy Tây, Thành phố Sa Đéc, Tỉnh Đồng Tháp"
87,Đồng Tháp,871,Tam Nông,30019,An Hòa,Xã,"Xã An Hòa, Huyện Tam Nông, Tỉnh Đồng Tháp"
87,Đồng Tháp,871,Tam Nông,30022,An Long,Xã,"Xã An Long, Huyện Tam Nông, Tỉnh Đồng Tháp"
87,Đồng Tháp,871,Tam Nông,30004,Hoà Bình,Xã,"Xã Hoà Bình, Huyện Tam Nông, Tỉnh Đồng Tháp"
87,Đồng Tháp,871,Tam Nông,30025,Phú Cường,Xã,"Xã Phú Cường, Huyện Tam Nông, Tỉnh Đồng Tháp"
87,Đồng Tháp,871,Tam Nông,30013,Phú Đức,Xã,"Xã Phú Đức, Huyện Tam Nông, Tỉnh Đồng Tháp"
87,Đồng Tháp,871,Tam Nông,30010,Phú Hiệp,Xã,"Xã Phú Hiệp, Huyện Tam Nông, Tỉnh Đồng Tháp"
87,Đồng Tháp,871,Tam Nông,30028,Phú Ninh,Xã,"Xã Phú Ninh, Huyện Tam Nông, Tỉnh Đồng Tháp"
87,Đồng Tháp,871,Tam Nông,30034,Phú Thành A,Xã,"Xã Phú Thành A, Huyện Tam Nông, Tỉnh Đồng Tháp"
87,Đồng Tháp,871,Tam Nông,30016,Phú Thành B,Xã,"Xã Phú Thành B, Huyện Tam Nông, Tỉnh Đồng Tháp"
87,Đồng Tháp,871,Tam Nông,30031,Phú Thọ,Xã,"Xã Phú Thọ, Huyện Tam Nông, Tỉnh Đồng Tháp"
87,Đồng Tháp,871,Tam Nông,30007,Tân Công Sính,Xã,"Xã Tân Công Sính, Huyện Tam Nông, Tỉnh Đồng Tháp"
87,Đồng Tháp,871,Tam Nông,30001,Tràm Chim,Thị trấn,"Thị trấn Tràm Chim, Huyện Tam Nông, Tỉnh Đồng Tháp"
87,Đồng Tháp,869,Tân Hồng,29950,An Phước,Xã,"Xã An Phước, Huyện Tân Hồng, Tỉnh Đồng Tháp"
87,Đồng Tháp,869,Tân Hồng,29935,Bình Phú,Xã,"Xã Bình Phú, Huyện Tân Hồng, Tỉnh Đồng Tháp"
87,Đồng Tháp,869,Tân Hồng,29926,Sa Rài,Thị trấn,"Thị trấn Sa Rài, Huyện Tân Hồng, Tỉnh Đồng Tháp"
87,Đồng Tháp,869,Tân Hồng,29947,Tân Công Chí,Xã,"Xã Tân Công Chí, Huyện Tân Hồng, Tỉnh Đồng Tháp"
87,Đồng Tháp,869,Tân Hồng,29929,Tân Hộ Cơ,Xã,"Xã Tân Hộ Cơ, Huyện Tân Hồng, Tỉnh Đồng Tháp"
87,Đồng Tháp,869,Tân Hồng,29944,Tân Phước,Xã,"Xã Tân Phước, Huyện Tân Hồng, Tỉnh Đồng Tháp"
87,Đồng Tháp,869,Tân Hồng,29938,Tân Thành A,Xã,"Xã Tân Thành A, Huyện Tân Hồng, Tỉnh Đồng Tháp"
87,Đồng Tháp,869,Tân Hồng,29941,Tân Thành B,Xã,"Xã Tân Thành B, Huyện Tân Hồng, Tỉnh Đồng Tháp"
87,Đồng Tháp,869,Tân Hồng,29932,Thông Bình,Xã,"Xã Thông Bình, Huyện Tân Hồng, Tỉnh Đồng Tháp"
87,Đồng Tháp,874,Thanh Bình,30139,An Phong,Xã,"Xã An Phong, Huyện Thanh Bình, Tỉnh Đồng Tháp"
87,Đồng Tháp,874,Thanh Bình,30148,Bình Tấn,Xã,"Xã Bình Tấn, Huyện Thanh Bình, Tỉnh Đồng Tháp"
87,Đồng Tháp,874,Thanh Bình,30163,Bình Thành,Xã,"Xã Bình Thành, Huyện Thanh Bình, Tỉnh Đồng Tháp"
87,Đồng Tháp,874,Thanh Bình,30142,Phú Lợi,Xã,"Xã Phú Lợi, Huyện Thanh Bình, Tỉnh Đồng Tháp"
87,Đồng Tháp,874,Thanh Bình,30154,Tân Bình,Xã,"Xã Tân Bình, Huyện Thanh Bình, Tỉnh Đồng Tháp"
87,Đồng Tháp,874,Thanh Bình,30136,Tân Hòa,Xã,"Xã Tân Hòa, Huyện Thanh Bình, Tỉnh Đồng Tháp"
87,Đồng Tháp,874,Thanh Bình,30151,Tân Huề,Xã,"Xã Tân Huề, Huyện Thanh Bình, Tỉnh Đồng Tháp"
87,Đồng Tháp,874,Thanh Bình,30166,Tân Long,Xã,"Xã Tân Long, Huyện Thanh Bình, Tỉnh Đồng Tháp"
87,Đồng Tháp,874,Thanh Bình,30145,Tân Mỹ,Xã,"Xã Tân Mỹ, Huyện Thanh Bình, Tỉnh Đồng Tháp"
87,Đồng Tháp,874,Thanh Bình,30160,Tân Phú,Xã,"Xã Tân Phú, Huyện Thanh Bình, Tỉnh Đồng Tháp"
87,Đồng Tháp,874,Thanh Bình,30133,Tân Quới,Xã,"Xã Tân Quới, Huyện Thanh Bình, Tỉnh Đồng Tháp"
87,Đồng Tháp,874,Thanh Bình,30157,Tân Thạnh,Xã,"Xã Tân Thạnh, Huyện Thanh Bình, Tỉnh Đồng Tháp"
87,Đồng Tháp,874,Thanh Bình,30130,Thanh Bình,Thị trấn,"Thị trấn Thanh Bình, Huyện Thanh Bình, Tỉnh Đồng Tháp"
87,Đồng Tháp,872,Tháp Mười,30061,Đốc Binh Kiều,Xã,"Xã Đốc Binh Kiều, Huyện Tháp Mười, Tỉnh Đồng Tháp"
87,Đồng Tháp,872,Tháp Mười,30043,Hưng Thạnh,Xã,"Xã Hưng Thạnh, Huyện Tháp Mười, Tỉnh Đồng Tháp"
87,Đồng Tháp,872,Tháp Mười,30070,Láng Biển,Xã,"Xã Láng Biển, Huyện Tháp Mười, Tỉnh Đồng Tháp"
87,Đồng Tháp,872,Tháp Mười,30037,Mỹ An,Thị trấn,"Thị trấn Mỹ An, Huyện Tháp Mười, Tỉnh Đồng Tháp"
87,Đồng Tháp,872,Tháp Mười,30064,Mỹ An,Xã,"Xã Mỹ An, Huyện Tháp Mười, Tỉnh Đồng Tháp"
87,Đồng Tháp,872,Tháp Mười,30058,Mỹ Đông,Xã,"Xã Mỹ Đông, Huyện Tháp Mười, Tỉnh Đồng Tháp"
87,Đồng Tháp,872,Tháp Mười,30052,Mỹ Hòa,Xã,"Xã Mỹ Hòa, Huyện Tháp Mười, Tỉnh Đồng Tháp"
87,Đồng Tháp,872,Tháp Mười,30055,Mỹ Quý,Xã,"Xã Mỹ Quý, Huyện Tháp Mười, Tỉnh Đồng Tháp"
87,Đồng Tháp,872,Tháp Mười,30067,Phú Điền,Xã,"Xã Phú Điền, Huyện Tháp Mười, Tỉnh Đồng Tháp"
87,Đồng Tháp,872,Tháp Mười,30049,Tân Kiều,Xã,"Xã Tân Kiều, Huyện Tháp Mười, Tỉnh Đồng Tháp"
87,Đồng Tháp,872,Tháp Mười,30040,Thạnh Lợi,Xã,"Xã Thạnh Lợi, Huyện Tháp Mười, Tỉnh Đồng Tháp"
87,Đồng Tháp,872,Tháp Mười,30073,Thanh Mỹ,Xã,"Xã Thanh Mỹ, Huyện Tháp Mười, Tỉnh Đồng Tháp"
87,Đồng Tháp,872,Tháp Mười,30046,Trường Xuân,Xã,"Xã Trường Xuân, Huyện Tháp Mười, Tỉnh Đồng Tháp"
64,Gia Lai,623,An Khê,23614,An Bình,Phường,"Phường An Bình, Thị xã An Khê, Tỉnh Gia Lai"
64,Gia Lai,623,An Khê,23620,An Phú,Phường,"Phường An Phú, Thị xã An Khê, Tỉnh Gia Lai"
64,Gia Lai,623,An Khê,23630,An Phước,Phường,"Phường An Phước, Thị xã An Khê, Tỉnh Gia Lai"
64,Gia Lai,623,An Khê,23623,An Tân,Phường,"Phường An Tân, Thị xã An Khê, Tỉnh Gia Lai"
64,Gia Lai,623,An Khê,23629,Cửu An,Xã,"Xã Cửu An, Thị xã An Khê, Tỉnh Gia Lai"
64,Gia Lai,623,An Khê,23633,Ngô Mây,Phường,"Phường Ngô Mây, Thị xã An Khê, Tỉnh Gia Lai"
64,Gia Lai,623,An Khê,23632,Song An,Xã,"Xã Song An, Thị xã An Khê, Tỉnh Gia Lai"
64,Gia Lai,623,An Khê,23617,Tây Sơn,Phường,"Phường Tây Sơn, Thị xã An Khê, Tỉnh Gia Lai"
64,Gia Lai,623,An Khê,23635,Thành An,Xã,"Xã Thành An, Thị xã An Khê, Tỉnh Gia Lai"
64,Gia Lai,623,An Khê,23626,Tú An,Xã,"Xã Tú An, Thị xã An Khê, Tỉnh Gia Lai"
64,Gia Lai,623,An Khê,23627,Xuân An,Xã,"Xã Xuân An, Thị xã An Khê, Tỉnh Gia Lai"
64,Gia Lai,624,Ayun Pa,24041,Cheo Reo,Phường,"Phường Cheo Reo, Thị xã Ayun Pa, Tỉnh Gia Lai"
64,Gia Lai,624,Ayun Pa,24065,Chư Băh,Xã,"Xã Chư Băh, Thị xã Ayun Pa, Tỉnh Gia Lai"
64,Gia Lai,624,Ayun Pa,24044,Đoàn Kết,Phường,"Phường Đoàn Kết, Thị xã Ayun Pa, Tỉnh Gia Lai"
64,Gia Lai,624,Ayun Pa,24042,Hòa Bình,Phường,"Phường Hòa Bình, Thị xã Ayun Pa, Tỉnh Gia Lai"
64,Gia Lai,624,Ayun Pa,24064,Ia RBol,Xã,"Xã Ia RBol, Thị xã Ayun Pa, Tỉnh Gia Lai"
64,Gia Lai,624,Ayun Pa,24070,Ia RTô,Xã,"Xã Ia RTô, Thị xã Ayun Pa, Tỉnh Gia Lai"
64,Gia Lai,624,Ayun Pa,24073,Ia Sao,Xã,"Xã Ia Sao, Thị xã Ayun Pa, Tỉnh Gia Lai"
64,Gia Lai,624,Ayun Pa,24045,Sông Bờ,Phường,"Phường Sông Bờ, Thị xã Ayun Pa, Tỉnh Gia Lai"
64,Gia Lai,627,Chư Păh,23746,Chư Đăng Ya,Xã,"Xã Chư Đăng Ya, Huyện Chư Păh, Tỉnh Gia Lai"
64,Gia Lai,627,Chư Păh,23740,Đăk Tơ Ver,Xã,"Xã Đăk Tơ Ver, Huyện Chư Păh, Tỉnh Gia Lai"
64,Gia Lai,627,Chư Păh,23725,Hà Tây,Xã,"Xã Hà Tây, Huyện Chư Păh, Tỉnh Gia Lai"
64,Gia Lai,627,Chư Păh,23743,Hòa Phú,Xã,"Xã Hòa Phú, Huyện Chư Păh, Tỉnh Gia Lai"
64,Gia Lai,627,Chư Păh,23749,Ia Ka,Xã,"Xã Ia Ka, Huyện Chư Păh, Tỉnh Gia Lai"
64,Gia Lai,627,Chư Păh,23728,Ia Khươl,Xã,"Xã Ia Khươl, Huyện Chư Păh, Tỉnh Gia Lai"
64,Gia Lai,627,Chư Păh,23738,Ia Kreng,Xã,"Xã Ia Kreng, Huyện Chư Păh, Tỉnh Gia Lai"
64,Gia Lai,627,Chư Păh,23734,Ia Ly,Thị trấn,"Thị trấn Ia Ly, Huyện Chư Păh, Tỉnh Gia Lai"
64,Gia Lai,627,Chư Păh,23737,Ia Mơ Nông,Xã,"Xã Ia Mơ Nông, Huyện Chư Păh, Tỉnh Gia Lai"
64,Gia Lai,627,Chư Păh,23752,Ia Nhin,Xã,"Xã Ia Nhin, Huyện Chư Păh, Tỉnh Gia Lai"
64,Gia Lai,627,Chư Păh,23731,Ia Phí,Xã,"Xã Ia Phí, Huyện Chư Păh, Tỉnh Gia Lai"
64,Gia Lai,627,Chư Păh,23755,Nghĩa Hòa,Xã,"Xã Nghĩa Hòa, Huyện Chư Păh, Tỉnh Gia Lai"
64,Gia Lai,627,Chư Păh,23761,Nghĩa Hưng,Xã,"Xã Nghĩa Hưng, Huyện Chư Păh, Tỉnh Gia Lai"
64,Gia Lai,627,Chư Păh,23722,Phú Hòa,Thị trấn,"Thị trấn Phú Hòa, Huyện Chư Păh, Tỉnh Gia Lai"
64,Gia Lai,632,Chư Prông,23899,Bàu Cạn,Xã,"Xã Bàu Cạn, Huyện Chư Prông, Tỉnh Gia Lai"
64,Gia Lai,632,Chư Prông,23890,Bình Giáo,Xã,"Xã Bình Giáo, Huyện Chư Prông, Tỉnh Gia Lai"
64,Gia Lai,632,Chư Prông,23887,Chư Prông,Thị trấn,"Thị trấn Chư Prông, Huyện Chư Prông, Tỉnh Gia Lai"
64,Gia Lai,632,Chư Prông,23905,Ia Băng,Xã,"Xã Ia Băng, Huyện Chư Prông, Tỉnh Gia Lai"
64,Gia Lai,632,Chư Prông,23924,Ia Bang,Xã,"Xã Ia Bang, Huyện Chư Prông, Tỉnh Gia Lai"
64,Gia Lai,632,Chư Prông,23911,Ia Boòng,Xã,"Xã Ia Boòng, Huyện Chư Prông, Tỉnh Gia Lai"
64,Gia Lai,632,Chư Prông,23893,Ia Drăng,Xã,"Xã Ia Drăng, Huyện Chư Prông, Tỉnh Gia Lai"
64,Gia Lai,632,Chư Prông,23929,Ia Ga,Xã,"Xã Ia Ga, Huyện Chư Prông, Tỉnh Gia Lai"
64,Gia Lai,632,Chư Prông,23888,Ia Kly,Xã,"Xã Ia Kly, Huyện Chư Prông, Tỉnh Gia Lai"
64,Gia Lai,632,Chư Prông,23932,Ia Lâu,Xã,"Xã Ia Lâu, Huyện Chư Prông, Tỉnh Gia Lai"
64,Gia Lai,632,Chư Prông,23920,Ia Me,Xã,"Xã Ia Me, Huyện Chư Prông, Tỉnh Gia Lai"
64,Gia Lai,632,Chư Prông,23938,Ia Mơ,Xã,"Xã Ia Mơ, Huyện Chư Prông, Tỉnh Gia Lai"
64,Gia Lai,632,Chư Prông,23914,Ia O,Xã,"Xã Ia O, Huyện Chư Prông, Tỉnh Gia Lai"
64,Gia Lai,632,Chư Prông,23902,Ia Phìn,Xã,"Xã Ia Phìn, Huyện Chư Prông, Tỉnh Gia Lai"
64,Gia Lai,632,Chư Prông,23926,Ia Pia,Xã,"Xã Ia Pia, Huyện Chư Prông, Tỉnh Gia Lai"
64,Gia Lai,632,Chư Prông,23935,Ia Piơr,Xã,"Xã Ia Piơr, Huyện Chư Prông, Tỉnh Gia Lai"
64,Gia Lai,632,Chư Prông,23917,Ia Púch,Xã,"Xã Ia Púch, Huyện Chư Prông, Tỉnh Gia Lai"
64,Gia Lai,632,Chư Prông,23908,Ia Tôr,Xã,"Xã Ia Tôr, Huyện Chư Prông, Tỉnh Gia Lai"
64,Gia Lai,632,Chư Prông,23923,Ia Vê,Xã,"Xã Ia Vê, Huyện Chư Prông, Tỉnh Gia Lai"
64,Gia Lai,632,Chư Prông,23896,Thăng Hưng,Xã,"Xã Thăng Hưng, Huyện Chư Prông, Tỉnh Gia Lai"
64,Gia Lai,639,Chư Pưh,23980,Chư Don,Xã,"Xã Chư Don, Huyện Chư Pưh, Tỉnh Gia Lai"
64,Gia Lai,639,Chư Pưh,23987,Ia BLứ,Xã,"Xã Ia BLứ, Huyện Chư Pưh, Tỉnh Gia Lai"
64,Gia Lai,639,Chư Pưh,23974,Ia Dreng,Xã,"Xã Ia Dreng, Huyện Chư Pưh, Tỉnh Gia Lai"
64,Gia Lai,639,Chư Pưh,23978,Ia Hla,Xã,"Xã Ia Hla, Huyện Chư Pưh, Tỉnh Gia Lai"
64,Gia Lai,639,Chư Pưh,23971,Ia Hrú,Xã,"Xã Ia Hrú, Huyện Chư Pưh, Tỉnh Gia Lai"
64,Gia Lai,639,Chư Pưh,23986,Ia Le,Xã,"Xã Ia Le, Huyện Chư Pưh, Tỉnh Gia Lai"
64,Gia Lai,639,Chư Pưh,23983,Ia Phang,Xã,"Xã Ia Phang, Huyện Chư Pưh, Tỉnh Gia Lai"
64,Gia Lai,639,Chư Pưh,23972,Ia Rong,Xã,"Xã Ia Rong, Huyện Chư Pưh, Tỉnh Gia Lai"
64,Gia Lai,639,Chư Pưh,23942,Nhơn Hoà,Thị trấn,"Thị trấn Nhơn Hoà, Huyện Chư Pưh, Tỉnh Gia Lai"
64,Gia Lai,633,Chư Sê,23953,Al Bá,Xã,"Xã Al Bá, Huyện Chư Sê, Tỉnh Gia Lai"
64,Gia Lai,633,Chư Sê,23956,AYun,Xã,"Xã AYun, Huyện Chư Sê, Tỉnh Gia Lai"
64,Gia Lai,633,Chư Sê,23946,Bar Măih,Xã,"Xã Bar Măih, Huyện Chư Sê, Tỉnh Gia Lai"
64,Gia Lai,633,Chư Sê,23947,Bờ Ngoong,Xã,"Xã Bờ Ngoong, Huyện Chư Sê, Tỉnh Gia Lai"
64,Gia Lai,633,Chư Sê,23945,Chư Pơng,Xã,"Xã Chư Pơng, Huyện Chư Sê, Tỉnh Gia Lai"
64,Gia Lai,633,Chư Sê,23941,Chư Sê,Thị trấn,"Thị trấn Chư Sê, Huyện Chư Sê, Tỉnh Gia Lai"
64,Gia Lai,633,Chư Sê,23965,Dun,Xã,"Xã Dun, Huyện Chư Sê, Tỉnh Gia Lai"
64,Gia Lai,633,Chư Sê,23968,H Bông,Xã,"Xã H Bông, Huyện Chư Sê, Tỉnh Gia Lai"
64,Gia Lai,633,Chư Sê,23962,Ia Blang,Xã,"Xã Ia Blang, Huyện Chư Sê, Tỉnh Gia Lai"
64,Gia Lai,633,Chư Sê,23950,Ia Glai,Xã,"Xã Ia Glai, Huyện Chư Sê, Tỉnh Gia Lai"
64,Gia Lai,633,Chư Sê,23959,Ia HLốp,Xã,"Xã Ia HLốp, Huyện Chư Sê, Tỉnh Gia Lai"
64,Gia Lai,633,Chư Sê,23977,Ia Ko,Xã,"Xã Ia Ko, Huyện Chư Sê, Tỉnh Gia Lai"
64,Gia Lai,633,Chư Sê,23966,Ia Pal,Xã,"Xã Ia Pal, Huyện Chư Sê, Tỉnh Gia Lai"
64,Gia Lai,633,Chư Sê,23944,Ia Tiêm,Xã,"Xã Ia Tiêm, Huyện Chư Sê, Tỉnh Gia Lai"
64,Gia Lai,633,Chư Sê,23954,Kông HTok,Xã,"Xã Kông HTok, Huyện Chư Sê, Tỉnh Gia Lai"
64,Gia Lai,626,Đăk Đoa,23710,A Dơk,Xã,"Xã A Dơk, Huyện Đăk Đoa, Tỉnh Gia Lai"
64,Gia Lai,626,Đăk Đoa,23677,Đăk Đoa,Thị trấn,"Thị trấn Đăk Đoa, Huyện Đăk Đoa, Tỉnh Gia Lai"
64,Gia Lai,626,Đăk Đoa,23684,Đăk Krong,Xã,"Xã Đăk Krong, Huyện Đăk Đoa, Tỉnh Gia Lai"
64,Gia Lai,626,Đăk Đoa,23683,Đăk Sơmei,Xã,"Xã Đăk Sơmei, Huyện Đăk Đoa, Tỉnh Gia Lai"
64,Gia Lai,626,Đăk Đoa,23707,Glar,Xã,"Xã Glar, Huyện Đăk Đoa, Tỉnh Gia Lai"
64,Gia Lai,626,Đăk Đoa,23692,Hà Bầu,Xã,"Xã Hà Bầu, Huyện Đăk Đoa, Tỉnh Gia Lai"
64,Gia Lai,626,Đăk Đoa,23680,Hà Đông,Xã,"Xã Hà Đông, Huyện Đăk Đoa, Tỉnh Gia Lai"
64,Gia Lai,626,Đăk Đoa,23686,Hải Yang,Xã,"Xã Hải Yang, Huyện Đăk Đoa, Tỉnh Gia Lai"
64,Gia Lai,626,Đăk Đoa,23701,HNeng,Xã,"Xã HNeng, Huyện Đăk Đoa, Tỉnh Gia Lai"
64,Gia Lai,626,Đăk Đoa,23714,HNol,Xã,"Xã HNol, Huyện Đăk Đoa, Tỉnh Gia Lai"
64,Gia Lai,626,Đăk Đoa,23719,Ia Băng,Xã,"Xã Ia Băng, Huyện Đăk Đoa, Tỉnh Gia Lai"
64,Gia Lai,626,Đăk Đoa,23716,Ia Pết,Xã,"Xã Ia Pết, Huyện Đăk Đoa, Tỉnh Gia Lai"
64,Gia Lai,626,Đăk Đoa,23698,KDang,Xã,"Xã KDang, Huyện Đăk Đoa, Tỉnh Gia Lai"
64,Gia Lai,626,Đăk Đoa,23689,Kon Gang,Xã,"Xã Kon Gang, Huyện Đăk Đoa, Tỉnh Gia Lai"
64,Gia Lai,626,Đăk Đoa,23695,Nam Yang,Xã,"Xã Nam Yang, Huyện Đăk Đoa, Tỉnh Gia Lai"
64,Gia Lai,626,Đăk Đoa,23704,Tân Bình,Xã,"Xã Tân Bình, Huyện Đăk Đoa, Tỉnh Gia Lai"
64,Gia Lai,626,Đăk Đoa,23713,Trang,Xã,"Xã Trang, Huyện Đăk Đoa, Tỉnh Gia Lai"
64,Gia Lai,634,Đăk Pơ,23992,An Thành,Xã,"Xã An Thành, Huyện Đăk Pơ, Tỉnh Gia Lai"
64,Gia Lai,634,Đăk Pơ,24001,Cư An,Xã,"Xã Cư An, Huyện Đăk Pơ, Tỉnh Gia Lai"
64,Gia Lai,634,Đăk Pơ,23995,Đak Pơ,Thị trấn,"Thị trấn Đak Pơ, Huyện Đăk Pơ, Tỉnh Gia Lai"
64,Gia Lai,634,Đăk Pơ,23989,Hà Tam,Xã,"Xã Hà Tam, Huyện Đăk Pơ, Tỉnh Gia Lai"
64,Gia Lai,634,Đăk Pơ,24007,Phú An,Xã,"Xã Phú An, Huyện Đăk Pơ, Tỉnh Gia Lai"
64,Gia Lai,634,Đăk Pơ,24004,Tân An,Xã,"Xã Tân An, Huyện Đăk Pơ, Tỉnh Gia Lai"
64,Gia Lai,634,Đăk Pơ,24010,Ya Hội,Xã,"Xã Ya Hội, Huyện Đăk Pơ, Tỉnh Gia Lai"
64,Gia Lai,634,Đăk Pơ,23998,Yang Bắc,Xã,"Xã Yang Bắc, Huyện Đăk Pơ, Tỉnh Gia Lai"
64,Gia Lai,631,Đức Cơ,23857,Chư Ty,Thị trấn,"Thị trấn Chư Ty, Huyện Đức Cơ, Tỉnh Gia Lai"
64,Gia Lai,631,Đức Cơ,23866,Ia Din,Xã,"Xã Ia Din, Huyện Đức Cơ, Tỉnh Gia Lai"
64,Gia Lai,631,Đức Cơ,23860,Ia Dơk,Xã,"Xã Ia Dơk, Huyện Đức Cơ, Tỉnh Gia Lai"
64,Gia Lai,631,Đức Cơ,23872,Ia Dom,Xã,"Xã Ia Dom, Huyện Đức Cơ, Tỉnh Gia Lai"
64,Gia Lai,631,Đức Cơ,23869,Ia Kla,Xã,"Xã Ia Kla, Huyện Đức Cơ, Tỉnh Gia Lai"
64,Gia Lai,631,Đức Cơ,23863,Ia Krêl,Xã,"Xã Ia Krêl, Huyện Đức Cơ, Tỉnh Gia Lai"
64,Gia Lai,631,Đức Cơ,23878,Ia Kriêng,Xã,"Xã Ia Kriêng, Huyện Đức Cơ, Tỉnh Gia Lai"
64,Gia Lai,631,Đức Cơ,23875,Ia Lang,Xã,"Xã Ia Lang, Huyện Đức Cơ, Tỉnh Gia Lai"
64,Gia Lai,631,Đức Cơ,23884,Ia Nan,Xã,"Xã Ia Nan, Huyện Đức Cơ, Tỉnh Gia Lai"
64,Gia Lai,631,Đức Cơ,23881,Ia Pnôn,Xã,"Xã Ia Pnôn, Huyện Đức Cơ, Tỉnh Gia Lai"
64,Gia Lai,628,Ia Grai,23771,Ia Bă,Xã,"Xã Ia Bă, Huyện Ia Grai, Tỉnh Gia Lai"
64,Gia Lai,628,Ia Grai,23788,Ia Chia,Xã,"Xã Ia Chia, Huyện Ia Grai, Tỉnh Gia Lai"
64,Gia Lai,628,Ia Grai,23785,Ia Dêr,Xã,"Xã Ia Dêr, Huyện Ia Grai, Tỉnh Gia Lai"
64,Gia Lai,628,Ia Grai,23778,Ia Grăng,Xã,"Xã Ia Grăng, Huyện Ia Grai, Tỉnh Gia Lai"
64,Gia Lai,628,Ia Grai,23770,Ia Hrung,Xã,"Xã Ia Hrung, Huyện Ia Grai, Tỉnh Gia Lai"
64,Gia Lai,628,Ia Grai,23764,Ia Kha,Thị trấn,"Thị trấn Ia Kha, Huyện Ia Grai, Tỉnh Gia Lai"
64,Gia Lai,628,Ia Grai,23773,Ia Khai,Xã,"Xã Ia Khai, Huyện Ia Grai, Tỉnh Gia Lai"
64,Gia Lai,628,Ia Grai,23776,Ia KRai,Xã,"Xã Ia KRai, Huyện Ia Grai, Tỉnh Gia Lai"
64,Gia Lai,628,Ia Grai,23782,Ia O,Xã,"Xã Ia O, Huyện Ia Grai, Tỉnh Gia Lai"
64,Gia Lai,628,Ia Grai,23791,Ia Pếch,Xã,"Xã Ia Pếch, Huyện Ia Grai, Tỉnh Gia Lai"
64,Gia Lai,628,Ia Grai,23767,Ia Sao,Xã,"Xã Ia Sao, Huyện Ia Grai, Tỉnh Gia Lai"
64,Gia Lai,628,Ia Grai,23779,Ia Tô,Xã,"Xã Ia Tô, Huyện Ia Grai, Tỉnh Gia Lai"
64,Gia Lai,628,Ia Grai,23768,Ia Yok,Xã,"Xã Ia Yok, Huyện Ia Grai, Tỉnh Gia Lai"
64,Gia Lai,635,Ia Pa,24025,Chư Mố,Xã,"Xã Chư Mố, Huyện Ia Pa, Tỉnh Gia Lai"
64,Gia Lai,635,Ia Pa,24016,Chư Răng,Xã,"Xã Chư Răng, Huyện Ia Pa, Tỉnh Gia Lai"
64,Gia Lai,635,Ia Pa,24034,Ia Broăi,Xã,"Xã Ia Broăi, Huyện Ia Pa, Tỉnh Gia Lai"
64,Gia Lai,635,Ia Pa,24019,Ia KDăm,Xã,"Xã Ia KDăm, Huyện Ia Pa, Tỉnh Gia Lai"
64,Gia Lai,635,Ia Pa,24031,Ia Mrơn,Xã,"Xã Ia Mrơn, Huyện Ia Pa, Tỉnh Gia Lai"
64,Gia Lai,635,Ia Pa,24037,Ia Trok,Xã,"Xã Ia Trok, Huyện Ia Pa, Tỉnh Gia Lai"
64,Gia Lai,635,Ia Pa,24028,Ia Tul,Xã,"Xã Ia Tul, Huyện Ia Pa, Tỉnh Gia Lai"
64,Gia Lai,635,Ia Pa,24022,Kim Tân,Xã,"Xã Kim Tân, Huyện Ia Pa, Tỉnh Gia Lai"
64,Gia Lai,635,Ia Pa,24013,Pờ Tó,Xã,"Xã Pờ Tó, Huyện Ia Pa, Tỉnh Gia Lai"
64,Gia Lai,625,KBang,23644,Đăk Roong,Xã,"Xã Đăk Roong, Huyện KBang, Tỉnh Gia Lai"
64,Gia Lai,625,KBang,23660,Đak SMar,Xã,"Xã Đak SMar, Huyện KBang, Tỉnh Gia Lai"
64,Gia Lai,625,KBang,23659,Đông,Xã,"Xã Đông, Huyện KBang, Tỉnh Gia Lai"
64,Gia Lai,625,KBang,23638,KBang,Thị trấn,"Thị trấn KBang, Huyện KBang, Tỉnh Gia Lai"
64,Gia Lai,625,KBang,23641,Kon Pne,Xã,"Xã Kon Pne, Huyện KBang, Tỉnh Gia Lai"
64,Gia Lai,625,KBang,23674,Kông Bơ La,Xã,"Xã Kông Bơ La, Huyện KBang, Tỉnh Gia Lai"
64,Gia Lai,625,KBang,23668,Kông Lơng Khơng,Xã,"Xã Kông Lơng Khơng, Huyện KBang, Tỉnh Gia Lai"
64,Gia Lai,625,KBang,23650,KRong,Xã,"Xã KRong, Huyện KBang, Tỉnh Gia Lai"
64,Gia Lai,625,KBang,23656,Lơ Ku,Xã,"Xã Lơ Ku, Huyện KBang, Tỉnh Gia Lai"
64,Gia Lai,625,KBang,23662,Nghĩa An,Xã,"Xã Nghĩa An, Huyện KBang, Tỉnh Gia Lai"
64,Gia Lai,625,KBang,23653,Sơ Pai,Xã,"Xã Sơ Pai, Huyện KBang, Tỉnh Gia Lai"
64,Gia Lai,625,KBang,23647,Sơn Lang,Xã,"Xã Sơn Lang, Huyện KBang, Tỉnh Gia Lai"
64,Gia Lai,625,KBang,23665,Tơ Tung,Xã,"Xã Tơ Tung, Huyện KBang, Tỉnh Gia Lai"
64,Gia Lai,630,Kông Chro,23830,An Trung,Xã,"Xã An Trung, Huyện Kông Chro, Tỉnh Gia Lai"
64,Gia Lai,630,Kông Chro,23851,Chơ GLong,Xã,"Xã Chơ GLong, Huyện Kông Chro, Tỉnh Gia Lai"
64,Gia Lai,630,Kông Chro,23827,Chư Krêy,Xã,"Xã Chư Krêy, Huyện Kông Chro, Tỉnh Gia Lai"
64,Gia Lai,630,Kông Chro,23840,Đắk Kơ Ning,Xã,"Xã Đắk Kơ Ning, Huyện Kông Chro, Tỉnh Gia Lai"
64,Gia Lai,630,Kông Chro,23843,Đăk Pling,Xã,"Xã Đăk Pling, Huyện Kông Chro, Tỉnh Gia Lai"
64,Gia Lai,630,Kông Chro,23846,Đăk Pơ Pho,Xã,"Xã Đăk Pơ Pho, Huyện Kông Chro, Tỉnh Gia Lai"
64,Gia Lai,630,Kông Chro,23842,Đăk Song,Xã,"Xã Đăk Song, Huyện Kông Chro, Tỉnh Gia Lai"
64,Gia Lai,630,Kông Chro,23836,Đăk Tơ Pang,Xã,"Xã Đăk Tơ Pang, Huyện Kông Chro, Tỉnh Gia Lai"
64,Gia Lai,630,Kông Chro,23824,Kông Chro,Thị trấn,"Thị trấn Kông Chro, Huyện Kông Chro, Tỉnh Gia Lai"
64,Gia Lai,630,Kông Chro,23833,Kông Yang,Xã,"Xã Kông Yang, Huyện Kông Chro, Tỉnh Gia Lai"
64,Gia Lai,630,Kông Chro,23839,SRó,Xã,"Xã SRó, Huyện Kông Chro, Tỉnh Gia Lai"
64,Gia Lai,630,Kông Chro,23848,Ya Ma,Xã,"Xã Ya Ma, Huyện Kông Chro, Tỉnh Gia Lai"
64,Gia Lai,630,Kông Chro,23854,Yang Nam,Xã,"Xã Yang Nam, Huyện Kông Chro, Tỉnh Gia Lai"
64,Gia Lai,630,Kông Chro,23845,Yang Trung,Xã,"Xã Yang Trung, Huyện Kông Chro, Tỉnh Gia Lai"
64,Gia Lai,637,Krông Pa,24094,Chư Drăng,Xã,"Xã Chư Drăng, Huyện Krông Pa, Tỉnh Gia Lai"
64,Gia Lai,637,Krông Pa,24085,Chư Gu,Xã,"Xã Chư Gu, Huyện Krông Pa, Tỉnh Gia Lai"
64,Gia Lai,637,Krông Pa,24106,Chư Ngọc,Xã,"Xã Chư Ngọc, Huyện Krông Pa, Tỉnh Gia Lai"
64,Gia Lai,637,Krông Pa,24112,Chư Rcăm,Xã,"Xã Chư Rcăm, Huyện Krông Pa, Tỉnh Gia Lai"
64,Gia Lai,637,Krông Pa,24088,Đất Bằng,Xã,"Xã Đất Bằng, Huyện Krông Pa, Tỉnh Gia Lai"
64,Gia Lai,637,Krông Pa,24100,Ia Dreh,Xã,"Xã Ia Dreh, Huyện Krông Pa, Tỉnh Gia Lai"
64,Gia Lai,637,Krông Pa,24091,Ia Mláh,Xã,"Xã Ia Mláh, Huyện Krông Pa, Tỉnh Gia Lai"
64,Gia Lai,637,Krông Pa,24103,Ia RMok,Xã,"Xã Ia RMok, Huyện Krông Pa, Tỉnh Gia Lai"
64,Gia Lai,637,Krông Pa,24079,Ia RSai,Xã,"Xã Ia RSai, Huyện Krông Pa, Tỉnh Gia Lai"
64,Gia Lai,637,Krông Pa,24082,Ia RSươm,Xã,"Xã Ia RSươm, Huyện Krông Pa, Tỉnh Gia Lai"
64,Gia Lai,637,Krông Pa,24115,Krông Năng,Xã,"Xã Krông Năng, Huyện Krông Pa, Tỉnh Gia Lai"
64,Gia Lai,637,Krông Pa,24097,Phú Cần,Xã,"Xã Phú Cần, Huyện Krông Pa, Tỉnh Gia Lai"
64,Gia Lai,637,Krông Pa,24076,Phú Túc,Thị trấn,"Thị trấn Phú Túc, Huyện Krông Pa, Tỉnh Gia Lai"
64,Gia Lai,637,Krông Pa,24109,Uar,Xã,"Xã Uar, Huyện Krông Pa, Tỉnh Gia Lai"
64,Gia Lai,629,Mang Yang,23797,Ayun,Xã,"Xã Ayun, Huyện Mang Yang, Tỉnh Gia Lai"
64,Gia Lai,629,Mang Yang,23806,Đăk Djrăng,Xã,"Xã Đăk Djrăng, Huyện Mang Yang, Tỉnh Gia Lai"
64,Gia Lai,629,Mang Yang,23798,Đak Jơ Ta,Xã,"Xã Đak Jơ Ta, Huyện Mang Yang, Tỉnh Gia Lai"
64,Gia Lai,629,Mang Yang,23799,Đak Ta Ley,Xã,"Xã Đak Ta Ley, Huyện Mang Yang, Tỉnh Gia Lai"
64,Gia Lai,629,Mang Yang,23821,Đăk Trôi,Xã,"Xã Đăk Trôi, Huyện Mang Yang, Tỉnh Gia Lai"
64,Gia Lai,629,Mang Yang,23803,Đăk Yă,Xã,"Xã Đăk Yă, Huyện Mang Yang, Tỉnh Gia Lai"
64,Gia Lai,629,Mang Yang,23815,Đê Ar,Xã,"Xã Đê Ar, Huyện Mang Yang, Tỉnh Gia Lai"
64,Gia Lai,629,Mang Yang,23800,Hra,Xã,"Xã Hra, Huyện Mang Yang, Tỉnh Gia Lai"
64,Gia Lai,629,Mang Yang,23818,Kon Chiêng,Xã,"Xã Kon Chiêng, Huyện Mang Yang, Tỉnh Gia Lai"
64,Gia Lai,629,Mang Yang,23794,Kon Dơng,Thị trấn,"Thị trấn Kon Dơng, Huyện Mang Yang, Tỉnh Gia Lai"
64,Gia Lai,629,Mang Yang,23812,Kon Thụp,Xã,"Xã Kon Thụp, Huyện Mang Yang, Tỉnh Gia Lai"
64,Gia Lai,629,Mang Yang,23809,Lơ Pang,Xã,"Xã Lơ Pang, Huyện Mang Yang, Tỉnh Gia Lai"
64,Gia Lai,638,Phú Thiện,24048,Ayun Hạ,Xã,"Xã Ayun Hạ, Huyện Phú Thiện, Tỉnh Gia Lai"
64,Gia Lai,638,Phú Thiện,24060,Chrôh Pơnan,Xã,"Xã Chrôh Pơnan, Huyện Phú Thiện, Tỉnh Gia Lai"
64,Gia Lai,638,Phú Thiện,24046,Chư A Thai,Xã,"Xã Chư A Thai, Huyện Phú Thiện, Tỉnh Gia Lai"
64,Gia Lai,638,Phú Thiện,24049,Ia Ake,Xã,"Xã Ia Ake, Huyện Phú Thiện, Tỉnh Gia Lai"
64,Gia Lai,638,Phú Thiện,24061,Ia Hiao,Xã,"Xã Ia Hiao, Huyện Phú Thiện, Tỉnh Gia Lai"
64,Gia Lai,638,Phú Thiện,24058,Ia Peng,Xã,"Xã Ia Peng, Huyện Phú Thiện, Tỉnh Gia Lai"
64,Gia Lai,638,Phú Thiện,24055,Ia Piar,Xã,"Xã Ia Piar, Huyện Phú Thiện, Tỉnh Gia Lai"
64,Gia Lai,638,Phú Thiện,24052,Ia Sol,Xã,"Xã Ia Sol, Huyện Phú Thiện, Tỉnh Gia Lai"
64,Gia Lai,638,Phú Thiện,24067,Ia Yeng,Xã,"Xã Ia Yeng, Huyện Phú Thiện, Tỉnh Gia Lai"
64,Gia Lai,638,Phú Thiện,24043,Phú Thiện,Thị trấn,"Thị trấn Phú Thiện, Huyện Phú Thiện, Tỉnh Gia Lai"
64,Gia Lai,622,Pleiku,23602,An Phú,Xã,"Xã An Phú, Thành phố Pleiku, Tỉnh Gia Lai"
64,Gia Lai,622,Pleiku,23590,Biển Hồ,Xã,"Xã Biển Hồ, Thành phố Pleiku, Tỉnh Gia Lai"
64,Gia Lai,622,Pleiku,23586,Chi Lăng,Phường,"Phường Chi Lăng, Thành phố Pleiku, Tỉnh Gia Lai"
64,Gia Lai,622,Pleiku,23599,Chư Á,Xã,"Xã Chư Á, Thành phố Pleiku, Tỉnh Gia Lai"
64,Gia Lai,622,Pleiku,23560,Diên Hồng,Phường,"Phường Diên Hồng, Thành phố Pleiku, Tỉnh Gia Lai"
64,Gia Lai,622,Pleiku,23605,Diên Phú,Xã,"Xã Diên Phú, Thành phố Pleiku, Tỉnh Gia Lai"
64,Gia Lai,622,Pleiku,23579,Đống Đa,Phường,"Phường Đống Đa, Thành phố Pleiku, Tỉnh Gia Lai"
64,Gia Lai,622,Pleiku,23611,Gào,Xã,"Xã Gào, Thành phố Pleiku, Tỉnh Gia Lai"
64,Gia Lai,622,Pleiku,23572,Hoa Lư,Phường,"Phường Hoa Lư, Thành phố Pleiku, Tỉnh Gia Lai"
64,Gia Lai,622,Pleiku,23569,Hội Phú,Phường,"Phường Hội Phú, Thành phố Pleiku, Tỉnh Gia Lai"
64,Gia Lai,622,Pleiku,23566,Hội Thương,Phường,"Phường Hội Thương, Thành phố Pleiku, Tỉnh Gia Lai"
64,Gia Lai,622,Pleiku,23608,Ia Kênh,Xã,"Xã Ia Kênh, Thành phố Pleiku, Tỉnh Gia Lai"
64,Gia Lai,622,Pleiku,23563,Ia Kring,Phường,"Phường Ia Kring, Thành phố Pleiku, Tỉnh Gia Lai"
64,Gia Lai,622,Pleiku,23570,Phù Đổng,Phường,"Phường Phù Đổng, Thành phố Pleiku, Tỉnh Gia Lai"
64,Gia Lai,622,Pleiku,23575,Tây Sơn,Phường,"Phường Tây Sơn, Thành phố Pleiku, Tỉnh Gia Lai"
64,Gia Lai,622,Pleiku,23582,Thắng Lợi,Phường,"Phường Thắng Lợi, Thành phố Pleiku, Tỉnh Gia Lai"
64,Gia Lai,622,Pleiku,23578,Thống Nhất,Phường,"Phường Thống Nhất, Thành phố Pleiku, Tỉnh Gia Lai"
64,Gia Lai,622,Pleiku,23581,Trà Bá,Phường,"Phường Trà Bá, Thành phố Pleiku, Tỉnh Gia Lai"
64,Gia Lai,622,Pleiku,23596,Trà Đa,Xã,"Xã Trà Đa, Thành phố Pleiku, Tỉnh Gia Lai"
64,Gia Lai,622,Pleiku,23557,Yên Đỗ,Phường,"Phường Yên Đỗ, Thành phố Pleiku, Tỉnh Gia Lai"
64,Gia Lai,622,Pleiku,23584,Yên Thế,Phường,"Phường Yên Thế, Thành phố Pleiku, Tỉnh Gia Lai"
02,Hà Giang,031,Bắc Mê,01012,Đường Âm,Xã,"Xã Đường Âm, Huyện Bắc Mê, Tỉnh Hà Giang"
02,Hà Giang,031,Bắc Mê,01015,Đường Hồng,Xã,"Xã Đường Hồng, Huyện Bắc Mê, Tỉnh Hà Giang"
02,Hà Giang,031,Bắc Mê,00985,Giáp Trung,Xã,"Xã Giáp Trung, Huyện Bắc Mê, Tỉnh Hà Giang"
02,Hà Giang,031,Bắc Mê,01000,Lạc Nông,Xã,"Xã Lạc Nông, Huyện Bắc Mê, Tỉnh Hà Giang"
02,Hà Giang,031,Bắc Mê,00994,Minh Ngọc,Xã,"Xã Minh Ngọc, Huyện Bắc Mê, Tỉnh Hà Giang"
02,Hà Giang,031,Bắc Mê,00982,Minh Sơn,Xã,"Xã Minh Sơn, Huyện Bắc Mê, Tỉnh Hà Giang"
02,Hà Giang,031,Bắc Mê,01018,Phiêng Luông,Xã,"Xã Phiêng Luông, Huyện Bắc Mê, Tỉnh Hà Giang"
02,Hà Giang,031,Bắc Mê,01003,Phú Nam,Xã,"Xã Phú Nam, Huyện Bắc Mê, Tỉnh Hà Giang"
02,Hà Giang,031,Bắc Mê,01009,Thượng Tân,Xã,"Xã Thượng Tân, Huyện Bắc Mê, Tỉnh Hà Giang"
02,Hà Giang,031,Bắc Mê,01006,Yên Cường,Xã,"Xã Yên Cường, Huyện Bắc Mê, Tỉnh Hà Giang"
02,Hà Giang,031,Bắc Mê,00988,Yên Định,Xã,"Xã Yên Định, Huyện Bắc Mê, Tỉnh Hà Giang"
02,Hà Giang,031,Bắc Mê,00997,Yên Phong,Xã,"Xã Yên Phong, Huyện Bắc Mê, Tỉnh Hà Giang"
02,Hà Giang,031,Bắc Mê,00991,Yên Phú,Thị trấn,"Thị trấn Yên Phú, Huyện Bắc Mê, Tỉnh Hà Giang"
02,Hà Giang,034,Bắc Quang,01186,Bằng Hành,Xã,"Xã Bằng Hành, Huyện Bắc Quang, Tỉnh Hà Giang"
02,Hà Giang,034,Bắc Quang,01168,Đồng Tâm,Xã,"Xã Đồng Tâm, Huyện Bắc Quang, Tỉnh Hà Giang"
02,Hà Giang,034,Bắc Quang,01219,Đông Thành,Xã,"Xã Đông Thành, Huyện Bắc Quang, Tỉnh Hà Giang"
02,Hà Giang,034,Bắc Quang,01165,Đồng Tiến,Xã,"Xã Đồng Tiến, Huyện Bắc Quang, Tỉnh Hà Giang"
02,Hà Giang,034,Bắc Quang,01216,Đồng Yên,Xã,"Xã Đồng Yên, Huyện Bắc Quang, Tỉnh Hà Giang"
02,Hà Giang,034,Bắc Quang,01204,Đức Xuân,Xã,"Xã Đức Xuân, Huyện Bắc Quang, Tỉnh Hà Giang"
02,Hà Giang,034,Bắc Quang,01201,Hùng An,Xã,"Xã Hùng An, Huyện Bắc Quang, Tỉnh Hà Giang"
02,Hà Giang,034,Bắc Quang,01177,Hữu Sản,Xã,"Xã Hữu Sản, Huyện Bắc Quang, Tỉnh Hà Giang"
02,Hà Giang,034,Bắc Quang,01180,Kim Ngọc,Xã,"Xã Kim Ngọc, Huyện Bắc Quang, Tỉnh Hà Giang"
02,Hà Giang,034,Bắc Quang,01192,Liên Hiệp,Xã,"Xã Liên Hiệp, Huyện Bắc Quang, Tỉnh Hà Giang"
02,Hà Giang,034,Bắc Quang,01189,Quang Minh,Xã,"Xã Quang Minh, Huyện Bắc Quang, Tỉnh Hà Giang"
02,Hà Giang,034,Bắc Quang,01159,Tân Lập,Xã,"Xã Tân Lập, Huyện Bắc Quang, Tỉnh Hà Giang"
02,Hà Giang,034,Bắc Quang,01171,Tân Quang,Xã,"Xã Tân Quang, Huyện Bắc Quang, Tỉnh Hà Giang"
02,Hà Giang,034,Bắc Quang,01162,Tân Thành,Xã,"Xã Tân Thành, Huyện Bắc Quang, Tỉnh Hà Giang"
02,Hà Giang,034,Bắc Quang,01174,Thượng Bình,Xã,"Xã Thượng Bình, Huyện Bắc Quang, Tỉnh Hà Giang"
02,Hà Giang,034,Bắc Quang,01207,Tiên Kiều,Xã,"Xã Tiên Kiều, Huyện Bắc Quang, Tỉnh Hà Giang"
02,Hà Giang,034,Bắc Quang,01198,Việt Hồng,Xã,"Xã Việt Hồng, Huyện Bắc Quang, Tỉnh Hà Giang"
02,Hà Giang,034,Bắc Quang,01153,Việt Quang,Thị trấn,"Thị trấn Việt Quang, Huyện Bắc Quang, Tỉnh Hà Giang"
02,Hà Giang,034,Bắc Quang,01183,Việt Vinh,Xã,"Xã Việt Vinh, Huyện Bắc Quang, Tỉnh Hà Giang"
02,Hà Giang,034,Bắc Quang,01210,Vĩnh Hảo,Xã,"Xã Vĩnh Hảo, Huyện Bắc Quang, Tỉnh Hà Giang"
02,Hà Giang,034,Bắc Quang,01213,Vĩnh Phúc,Xã,"Xã Vĩnh Phúc, Huyện Bắc Quang, Tỉnh Hà Giang"
02,Hà Giang,034,Bắc Quang,01156,Vĩnh Tuy,Thị trấn,"Thị trấn Vĩnh Tuy, Huyện Bắc Quang, Tỉnh Hà Giang"
02,Hà Giang,034,Bắc Quang,01195,Vô Điếm,Xã,"Xã Vô Điếm, Huyện Bắc Quang, Tỉnh Hà Giang"
02,Hà Giang,026,Đồng Văn,00721,Đồng Văn,Thị trấn,"Thị trấn Đồng Văn, Huyện Đồng Văn, Tỉnh Hà Giang"
02,Hà Giang,026,Đồng Văn,00757,Hố Quáng Phìn,Xã,"Xã Hố Quáng Phìn, Huyện Đồng Văn, Tỉnh Hà Giang"
02,Hà Giang,026,Đồng Văn,00715,Lũng Cú,Xã,"Xã Lũng Cú, Huyện Đồng Văn, Tỉnh Hà Giang"
02,Hà Giang,026,Đồng Văn,00763,Lũng Phìn,Xã,"Xã Lũng Phìn, Huyện Đồng Văn, Tỉnh Hà Giang"
02,Hà Giang,026,Đồng Văn,00724,Lũng Táo,Xã,"Xã Lũng Táo, Huyện Đồng Văn, Tỉnh Hà Giang"
02,Hà Giang,026,Đồng Văn,00754,Lũng Thầu,Xã,"Xã Lũng Thầu, Huyện Đồng Văn, Tỉnh Hà Giang"
02,Hà Giang,026,Đồng Văn,00718,Má Lé,Xã,"Xã Má Lé, Huyện Đồng Văn, Tỉnh Hà Giang"
02,Hà Giang,026,Đồng Văn,00712,Phó Bảng,Thị trấn,"Thị trấn Phó Bảng, Huyện Đồng Văn, Tỉnh Hà Giang"
02,Hà Giang,026,Đồng Văn,00745,Phố Cáo,Xã,"Xã Phố Cáo, Huyện Đồng Văn, Tỉnh Hà Giang"
02,Hà Giang,026,Đồng Văn,00727,Phố Là,Xã,"Xã Phố Là, Huyện Đồng Văn, Tỉnh Hà Giang"
02,Hà Giang,026,Đồng Văn,00736,Sà Phìn,Xã,"Xã Sà Phìn, Huyện Đồng Văn, Tỉnh Hà Giang"
02,Hà Giang,026,Đồng Văn,00751,Sảng Tủng,Xã,"Xã Sảng Tủng, Huyện Đồng Văn, Tỉnh Hà Giang"
02,Hà Giang,026,Đồng Văn,00748,Sính Lủng,Xã,"Xã Sính Lủng, Huyện Đồng Văn, Tỉnh Hà Giang"
02,Hà Giang,026,Đồng Văn,00733,Sủng Là,Xã,"Xã Sủng Là, Huyện Đồng Văn, Tỉnh Hà Giang"
02,Hà Giang,026,Đồng Văn,00766,Sủng Trái,Xã,"Xã Sủng Trái, Huyện Đồng Văn, Tỉnh Hà Giang"
02,Hà Giang,026,Đồng Văn,00742,Tả Lủng,Xã,"Xã Tả Lủng, Huyện Đồng Văn, Tỉnh Hà Giang"
02,Hà Giang,026,Đồng Văn,00739,Tả Phìn,Xã,"Xã Tả Phìn, Huyện Đồng Văn, Tỉnh Hà Giang"
02,Hà Giang,026,Đồng Văn,00730,Thài Phìn Tủng,Xã,"Xã Thài Phìn Tủng, Huyện Đồng Văn, Tỉnh Hà Giang"
02,Hà Giang,026,Đồng Văn,00760,Vần Chải,Xã,"Xã Vần Chải, Huyện Đồng Văn, Tỉnh Hà Giang"
02,Hà Giang,024,Hà Giang,00697,Minh Khai,Phường,"Phường Minh Khai, Thành phố Hà Giang, Tỉnh Hà Giang"
02,Hà Giang,024,Hà Giang,00700,Ngọc Đường,Xã,"Xã Ngọc Đường, Thành phố Hà Giang, Tỉnh Hà Giang"
02,Hà Giang,024,Hà Giang,00692,Ngọc Hà,Phường,"Phường Ngọc Hà, Thành phố Hà Giang, Tỉnh Hà Giang"
02,Hà Giang,024,Hà Giang,00694,Nguyễn Trãi,Phường,"Phường Nguyễn Trãi, Thành phố Hà Giang, Tỉnh Hà Giang"
02,Hà Giang,024,Hà Giang,00946,Phương Độ,Xã,"Xã Phương Độ, Thành phố Hà Giang, Tỉnh Hà Giang"
02,Hà Giang,024,Hà Giang,00949,Phương Thiện,Xã,"Xã Phương Thiện, Thành phố Hà Giang, Tỉnh Hà Giang"
02,Hà Giang,024,Hà Giang,00688,Quang Trung,Phường,"Phường Quang Trung, Thành phố Hà Giang, Tỉnh Hà Giang"
02,Hà Giang,024,Hà Giang,00691,Trần Phú,Phường,"Phường Trần Phú, Thành phố Hà Giang, Tỉnh Hà Giang"
02,Hà Giang,032,Hoàng Su Phì,01063,Bản Luốc,Xã,"Xã Bản Luốc, Huyện Hoàng Su Phì, Tỉnh Hà Giang"
02,Hà Giang,032,Hoàng Su Phì,01024,Bản Máy,Xã,"Xã Bản Máy, Huyện Hoàng Su Phì, Tỉnh Hà Giang"
02,Hà Giang,032,Hoàng Su Phì,01069,Bản Nhùng,Xã,"Xã Bản Nhùng, Huyện Hoàng Su Phì, Tỉnh Hà Giang"
02,Hà Giang,032,Hoàng Su Phì,01036,Bản Phùng,Xã,"Xã Bản Phùng, Huyện Hoàng Su Phì, Tỉnh Hà Giang"
02,Hà Giang,032,Hoàng Su Phì,01042,Chiến Phố,Xã,"Xã Chiến Phố, Huyện Hoàng Su Phì, Tỉnh Hà Giang"
02,Hà Giang,032,Hoàng Su Phì,01045,Đản Ván,Xã,"Xã Đản Ván, Huyện Hoàng Su Phì, Tỉnh Hà Giang"
02,Hà Giang,032,Hoàng Su Phì,01081,Hồ Thầu,Xã,"Xã Hồ Thầu, Huyện Hoàng Su Phì, Tỉnh Hà Giang"
02,Hà Giang,032,Hoàng Su Phì,01075,Nậm Dịch,Xã,"Xã Nậm Dịch, Huyện Hoàng Su Phì, Tỉnh Hà Giang"
02,Hà Giang,032,Hoàng Su Phì,01093,Nậm Khòa,Xã,"Xã Nậm Khòa, Huyện Hoàng Su Phì, Tỉnh Hà Giang"
02,Hà Giang,032,Hoàng Su Phì,01084,Nam Sơn,Xã,"Xã Nam Sơn, Huyện Hoàng Su Phì, Tỉnh Hà Giang"
02,Hà Giang,032,Hoàng Su Phì,01087,Nậm Tỵ,Xã,"Xã Nậm Tỵ, Huyện Hoàng Su Phì, Tỉnh Hà Giang"
02,Hà Giang,032,Hoàng Su Phì,01054,Nàng Đôn,Xã,"Xã Nàng Đôn, Huyện Hoàng Su Phì, Tỉnh Hà Giang"
02,Hà Giang,032,Hoàng Su Phì,01066,Ngàm Đăng Vài,Xã,"Xã Ngàm Đăng Vài, Huyện Hoàng Su Phì, Tỉnh Hà Giang"
02,Hà Giang,032,Hoàng Su Phì,01033,Pố Lồ,Xã,"Xã Pố Lồ, Huyện Hoàng Su Phì, Tỉnh Hà Giang"
02,Hà Giang,032,Hoàng Su Phì,01057,Pờ Ly Ngài,Xã,"Xã Pờ Ly Ngài, Huyện Hoàng Su Phì, Tỉnh Hà Giang"
02,Hà Giang,032,Hoàng Su Phì,01060,Sán Xả Hồ,Xã,"Xã Sán Xả Hồ, Huyện Hoàng Su Phì, Tỉnh Hà Giang"
02,Hà Giang,032,Hoàng Su Phì,01072,Tả Sử Choóng,Xã,"Xã Tả Sử Choóng, Huyện Hoàng Su Phì, Tỉnh Hà Giang"
02,Hà Giang,032,Hoàng Su Phì,01051,Tân Tiến,Xã,"Xã Tân Tiến, Huyện Hoàng Su Phì, Tỉnh Hà Giang"
02,Hà Giang,032,Hoàng Su Phì,01027,Thàng Tín,Xã,"Xã Thàng Tín, Huyện Hoàng Su Phì, Tỉnh Hà Giang"
02,Hà Giang,032,Hoàng Su Phì,01030,Thèn Chu Phìn,Xã,"Xã Thèn Chu Phìn, Huyện Hoàng Su Phì, Tỉnh Hà Giang"
02,Hà Giang,032,Hoàng Su Phì,01090,Thông Nguyên,Xã,"Xã Thông Nguyên, Huyện Hoàng Su Phì, Tỉnh Hà Giang"
02,Hà Giang,032,Hoàng Su Phì,01048,Tụ Nhân,Xã,"Xã Tụ Nhân, Huyện Hoàng Su Phì, Tỉnh Hà Giang"
02,Hà Giang,032,Hoàng Su Phì,01039,Túng Sán,Xã,"Xã Túng Sán, Huyện Hoàng Su Phì, Tỉnh Hà Giang"
02,Hà Giang,032,Hoàng Su Phì,01021,Vinh Quang,Thị trấn,"Thị trấn Vinh Quang, Huyện Hoàng Su Phì, Tỉnh Hà Giang"
02,Hà Giang,027,Mèo Vạc,00799,Cán Chu Phìn,Xã,"Xã Cán Chu Phìn, Huyện Mèo Vạc, Tỉnh Hà Giang"
02,Hà Giang,027,Mèo Vạc,00784,Giàng Chu Phìn,Xã,"Xã Giàng Chu Phìn, Huyện Mèo Vạc, Tỉnh Hà Giang"
02,Hà Giang,027,Mèo Vạc,00814,Khâu Vai,Xã,"Xã Khâu Vai, Huyện Mèo Vạc, Tỉnh Hà Giang"
02,Hà Giang,027,Mèo Vạc,00805,Lũng Chinh,Xã,"Xã Lũng Chinh, Huyện Mèo Vạc, Tỉnh Hà Giang"
02,Hà Giang,027,Mèo Vạc,00802,Lũng Pù,Xã,"Xã Lũng Pù, Huyện Mèo Vạc, Tỉnh Hà Giang"
02,Hà Giang,027,Mèo Vạc,00769,Mèo Vạc,Thị trấn,"Thị trấn Mèo Vạc, Huyện Mèo Vạc, Tỉnh Hà Giang"
02,Hà Giang,027,Mèo Vạc,00811,Nậm Ban,Xã,"Xã Nậm Ban, Huyện Mèo Vạc, Tỉnh Hà Giang"
02,Hà Giang,027,Mèo Vạc,00817,Niêm Sơn,Xã,"Xã Niêm Sơn, Huyện Mèo Vạc, Tỉnh Hà Giang"
02,Hà Giang,027,Mèo Vạc,00815,Niêm Tòng,Xã,"Xã Niêm Tòng, Huyện Mèo Vạc, Tỉnh Hà Giang"
02,Hà Giang,027,Mèo Vạc,00781,Pả Vi,Xã,"Xã Pả Vi, Huyện Mèo Vạc, Tỉnh Hà Giang"
02,Hà Giang,027,Mèo Vạc,00775,Pải Lủng,Xã,"Xã Pải Lủng, Huyện Mèo Vạc, Tỉnh Hà Giang"
02,Hà Giang,027,Mèo Vạc,00793,Sơn Vĩ,Xã,"Xã Sơn Vĩ, Huyện Mèo Vạc, Tỉnh Hà Giang"
02,Hà Giang,027,Mèo Vạc,00790,Sủng Máng,Xã,"Xã Sủng Máng, Huyện Mèo Vạc, Tỉnh Hà Giang"
02,Hà Giang,027,Mèo Vạc,00787,Sủng Trà,Xã,"Xã Sủng Trà, Huyện Mèo Vạc, Tỉnh Hà Giang"
02,Hà Giang,027,Mèo Vạc,00796,Tả Lủng,Xã,"Xã Tả Lủng, Huyện Mèo Vạc, Tỉnh Hà Giang"
02,Hà Giang,027,Mèo Vạc,00808,Tát Ngà,Xã,"Xã Tát Ngà, Huyện Mèo Vạc, Tỉnh Hà Giang"
02,Hà Giang,027,Mèo Vạc,00772,Thượng Phùng,Xã,"Xã Thượng Phùng, Huyện Mèo Vạc, Tỉnh Hà Giang"
02,Hà Giang,027,Mèo Vạc,00778,Xín Cái,Xã,"Xã Xín Cái, Huyện Mèo Vạc, Tỉnh Hà Giang"
02,Hà Giang,029,Quản Bạ,00877,Bát Đại Sơn,Xã,"Xã Bát Đại Sơn, Huyện Quản Bạ, Tỉnh Hà Giang"
02,Hà Giang,029,Quản Bạ,00883,Cán Tỷ,Xã,"Xã Cán Tỷ, Huyện Quản Bạ, Tỉnh Hà Giang"
02,Hà Giang,029,Quản Bạ,00886,Cao Mã Pờ,Xã,"Xã Cao Mã Pờ, Huyện Quản Bạ, Tỉnh Hà Giang"
02,Hà Giang,029,Quản Bạ,00895,Đông Hà,Xã,"Xã Đông Hà, Huyện Quản Bạ, Tỉnh Hà Giang"
02,Hà Giang,029,Quản Bạ,00901,Lùng Tám,Xã,"Xã Lùng Tám, Huyện Quản Bạ, Tỉnh Hà Giang"
02,Hà Giang,029,Quản Bạ,00880,Nghĩa Thuận,Xã,"Xã Nghĩa Thuận, Huyện Quản Bạ, Tỉnh Hà Giang"
02,Hà Giang,029,Quản Bạ,00898,Quản Bạ,Xã,"Xã Quản Bạ, Huyện Quản Bạ, Tỉnh Hà Giang"
02,Hà Giang,029,Quản Bạ,00904,Quyết Tiến,Xã,"Xã Quyết Tiến, Huyện Quản Bạ, Tỉnh Hà Giang"
02,Hà Giang,029,Quản Bạ,00907,Tả Ván,Xã,"Xã Tả Ván, Huyện Quản Bạ, Tỉnh Hà Giang"
02,Hà Giang,029,Quản Bạ,00874,Tam Sơn,Thị trấn,"Thị trấn Tam Sơn, Huyện Quản Bạ, Tỉnh Hà Giang"
02,Hà Giang,029,Quản Bạ,00910,Thái An,Xã,"Xã Thái An, Huyện Quản Bạ, Tỉnh Hà Giang"
02,Hà Giang,029,Quản Bạ,00889,Thanh Vân,Xã,"Xã Thanh Vân, Huyện Quản Bạ, Tỉnh Hà Giang"
02,Hà Giang,029,Quản Bạ,00892,Tùng Vài,Xã,"Xã Tùng Vài, Huyện Quản Bạ, Tỉnh Hà Giang"
02,Hà Giang,035,Quang Bình,01231,Bản Rịa,Xã,"Xã Bản Rịa, Huyện Quang Bình, Tỉnh Hà Giang"
02,Hà Giang,035,Quang Bình,01246,Bằng Lang,Xã,"Xã Bằng Lang, Huyện Quang Bình, Tỉnh Hà Giang"
02,Hà Giang,035,Quang Bình,01252,Hương Sơn,Xã,"Xã Hương Sơn, Huyện Quang Bình, Tỉnh Hà Giang"
02,Hà Giang,035,Quang Bình,01258,Nà Khương,Xã,"Xã Nà Khương, Huyện Quang Bình, Tỉnh Hà Giang"
02,Hà Giang,035,Quang Bình,01243,Tân Bắc,Xã,"Xã Tân Bắc, Huyện Quang Bình, Tỉnh Hà Giang"
02,Hà Giang,035,Quang Bình,01228,Tân Nam,Xã,"Xã Tân Nam, Huyện Quang Bình, Tỉnh Hà Giang"
02,Hà Giang,035,Quang Bình,01240,Tân Trịnh,Xã,"Xã Tân Trịnh, Huyện Quang Bình, Tỉnh Hà Giang"
02,Hà Giang,035,Quang Bình,01225,Tiên Nguyên,Xã,"Xã Tiên Nguyên, Huyện Quang Bình, Tỉnh Hà Giang"
02,Hà Giang,035,Quang Bình,01261,Tiên Yên,Xã,"Xã Tiên Yên, Huyện Quang Bình, Tỉnh Hà Giang"
02,Hà Giang,035,Quang Bình,01264,Vĩ Thượng,Xã,"Xã Vĩ Thượng, Huyện Quang Bình, Tỉnh Hà Giang"
02,Hà Giang,035,Quang Bình,01255,Xuân Giang,Xã,"Xã Xuân Giang, Huyện Quang Bình, Tỉnh Hà Giang"
02,Hà Giang,035,Quang Bình,01222,Xuân Minh,Xã,"Xã Xuân Minh, Huyện Quang Bình, Tỉnh Hà Giang"
02,Hà Giang,035,Quang Bình,01237,Yên Bình,Thị trấn,"Thị trấn Yên Bình, Huyện Quang Bình, Tỉnh Hà Giang"
02,Hà Giang,035,Quang Bình,01249,Yên Hà,Xã,"Xã Yên Hà, Huyện Quang Bình, Tỉnh Hà Giang"
02,Hà Giang,035,Quang Bình,01234,Yên Thành,Xã,"Xã Yên Thành, Huyện Quang Bình, Tỉnh Hà Giang"
02,Hà Giang,030,Vị Xuyên,00976,Bạch Ngọc,Xã,"Xã Bạch Ngọc, Huyện Vị Xuyên, Tỉnh Hà Giang"
02,Hà Giang,030,Vị Xuyên,00952,Cao Bồ,Xã,"Xã Cao Bồ, Huyện Vị Xuyên, Tỉnh Hà Giang"
02,Hà Giang,030,Vị Xuyên,00955,Đạo Đức,Xã,"Xã Đạo Đức, Huyện Vị Xuyên, Tỉnh Hà Giang"
02,Hà Giang,030,Vị Xuyên,00709,Kim Linh,Xã,"Xã Kim Linh, Huyện Vị Xuyên, Tỉnh Hà Giang"
02,Hà Giang,030,Vị Xuyên,00703,Kim Thạch,Xã,"Xã Kim Thạch, Huyện Vị Xuyên, Tỉnh Hà Giang"
02,Hà Giang,030,Vị Xuyên,00943,Lao Chải,Xã,"Xã Lao Chải, Huyện Vị Xuyên, Tỉnh Hà Giang"
02,Hà Giang,030,Vị Xuyên,00961,Linh Hồ,Xã,"Xã Linh Hồ, Huyện Vị Xuyên, Tỉnh Hà Giang"
02,Hà Giang,030,Vị Xuyên,00919,Minh Tân,Xã,"Xã Minh Tân, Huyện Vị Xuyên, Tỉnh Hà Giang"
02,Hà Giang,030,Vị Xuyên,00970,Ngọc Linh,Xã,"Xã Ngọc Linh, Huyện Vị Xuyên, Tỉnh Hà Giang"
02,Hà Giang,030,Vị Xuyên,00973,Ngọc Minh,Xã,"Xã Ngọc Minh, Huyện Vị Xuyên, Tỉnh Hà Giang"
02,Hà Giang,030,Vị Xuyên,00916,Nông trường Việt Lâm,Thị trấn,"Thị trấn Nông trường Việt Lâm, Huyện Vị Xuyên, Tỉnh Hà Giang"
02,Hà Giang,030,Vị Xuyên,00934,Phong Quang,Xã,"Xã Phong Quang, Huyện Vị Xuyên, Tỉnh Hà Giang"
02,Hà Giang,030,Vị Xuyên,00706,Phú Linh,Xã,"Xã Phú Linh, Huyện Vị Xuyên, Tỉnh Hà Giang"
02,Hà Giang,030,Vị Xuyên,00940,Phương Tiến,Xã,"Xã Phương Tiến, Huyện Vị Xuyên, Tỉnh Hà Giang"
02,Hà Giang,030,Vị Xuyên,00964,Quảng Ngần,Xã,"Xã Quảng Ngần, Huyện Vị Xuyên, Tỉnh Hà Giang"
02,Hà Giang,030,Vị Xuyên,00931,Thanh Đức,Xã,"Xã Thanh Đức, Huyện Vị Xuyên, Tỉnh Hà Giang"
02,Hà Giang,030,Vị Xuyên,00928,Thanh Thủy,Xã,"Xã Thanh Thủy, Huyện Vị Xuyên, Tỉnh Hà Giang"
02,Hà Giang,030,Vị Xuyên,00922,Thuận Hoà,Xã,"Xã Thuận Hoà, Huyện Vị Xuyên, Tỉnh Hà Giang"
02,Hà Giang,030,Vị Xuyên,00958,Thượng Sơn,Xã,"Xã Thượng Sơn, Huyện Vị Xuyên, Tỉnh Hà Giang"
02,Hà Giang,030,Vị Xuyên,00979,Trung Thành,Xã,"Xã Trung Thành, Huyện Vị Xuyên, Tỉnh Hà Giang"
02,Hà Giang,030,Vị Xuyên,00925,Tùng Bá,Xã,"Xã Tùng Bá, Huyện Vị Xuyên, Tỉnh Hà Giang"
02,Hà Giang,030,Vị Xuyên,00913,Vị Xuyên,Thị trấn,"Thị trấn Vị Xuyên, Huyện Vị Xuyên, Tỉnh Hà Giang"
02,Hà Giang,030,Vị Xuyên,00967,Việt Lâm,Xã,"Xã Việt Lâm, Huyện Vị Xuyên, Tỉnh Hà Giang"
02,Hà Giang,030,Vị Xuyên,00937,Xín Chải,Xã,"Xã Xín Chải, Huyện Vị Xuyên, Tỉnh Hà Giang"
02,Hà Giang,033,Xín Mần,01102,Bản Díu,Xã,"Xã Bản Díu, Huyện Xín Mần, Tỉnh Hà Giang"
02,Hà Giang,033,Xín Mần,01135,Bản Ngò,Xã,"Xã Bản Ngò, Huyện Xín Mần, Tỉnh Hà Giang"
02,Hà Giang,033,Xín Mần,01138,Chế Là,Xã,"Xã Chế Là, Huyện Xín Mần, Tỉnh Hà Giang"
02,Hà Giang,033,Xín Mần,01105,Chí Cà,Xã,"Xã Chí Cà, Huyện Xín Mần, Tỉnh Hà Giang"
02,Hà Giang,033,Xín Mần,01096,Cốc Pài,Thị trấn,"Thị trấn Cốc Pài, Huyện Xín Mần, Tỉnh Hà Giang"
02,Hà Giang,033,Xín Mần,01123,Cốc Rế,Xã,"Xã Cốc Rế, Huyện Xín Mần, Tỉnh Hà Giang"
02,Hà Giang,033,Xín Mần,01150,Khuôn Lùng,Xã,"Xã Khuôn Lùng, Huyện Xín Mần, Tỉnh Hà Giang"
02,Hà Giang,033,Xín Mần,01147,Nà Chì,Xã,"Xã Nà Chì, Huyện Xín Mần, Tỉnh Hà Giang"
02,Hà Giang,033,Xín Mần,01141,Nấm Dẩn,Xã,"Xã Nấm Dẩn, Huyện Xín Mần, Tỉnh Hà Giang"
02,Hà Giang,033,Xín Mần,01129,Nàn Ma,Xã,"Xã Nàn Ma, Huyện Xín Mần, Tỉnh Hà Giang"
02,Hà Giang,033,Xín Mần,01099,Nàn Xỉn,Xã,"Xã Nàn Xỉn, Huyện Xín Mần, Tỉnh Hà Giang"
02,Hà Giang,033,Xín Mần,01120,Pà Vầy Sủ,Xã,"Xã Pà Vầy Sủ, Huyện Xín Mần, Tỉnh Hà Giang"
02,Hà Giang,033,Xín Mần,01144,Quảng Nguyên,Xã,"Xã Quảng Nguyên, Huyện Xín Mần, Tỉnh Hà Giang"
02,Hà Giang,033,Xín Mần,01132,Tả Nhìu,Xã,"Xã Tả Nhìu, Huyện Xín Mần, Tỉnh Hà Giang"
02,Hà Giang,033,Xín Mần,01114,Thèn Phàng,Xã,"Xã Thèn Phàng, Huyện Xín Mần, Tỉnh Hà Giang"
02,Hà Giang,033,Xín Mần,01126,Thu Tà,Xã,"Xã Thu Tà, Huyện Xín Mần, Tỉnh Hà Giang"
02,Hà Giang,033,Xín Mần,01117,Trung Thịnh,Xã,"Xã Trung Thịnh, Huyện Xín Mần, Tỉnh Hà Giang"
02,Hà Giang,033,Xín Mần,01108,Xín Mần,Xã,"Xã Xín Mần, Huyện Xín Mần, Tỉnh Hà Giang"
02,Hà Giang,028,Yên Minh,00832,Bạch Đích,Xã,"Xã Bạch Đích, Huyện Yên Minh, Tỉnh Hà Giang"
02,Hà Giang,028,Yên Minh,00871,Du Già,Xã,"Xã Du Già, Huyện Yên Minh, Tỉnh Hà Giang"
02,Hà Giang,028,Yên Minh,00868,Du Tiến,Xã,"Xã Du Tiến, Huyện Yên Minh, Tỉnh Hà Giang"
02,Hà Giang,028,Yên Minh,00850,Đông Minh,Xã,"Xã Đông Minh, Huyện Yên Minh, Tỉnh Hà Giang"
02,Hà Giang,028,Yên Minh,00862,Đường Thượng,Xã,"Xã Đường Thượng, Huyện Yên Minh, Tỉnh Hà Giang"
02,Hà Giang,028,Yên Minh,00841,Hữu Vinh,Xã,"Xã Hữu Vinh, Huyện Yên Minh, Tỉnh Hà Giang"
02,Hà Giang,028,Yên Minh,00844,Lao Và Chải,Xã,"Xã Lao Và Chải, Huyện Yên Minh, Tỉnh Hà Giang"
02,Hà Giang,028,Yên Minh,00865,Lũng Hồ,Xã,"Xã Lũng Hồ, Huyện Yên Minh, Tỉnh Hà Giang"
02,Hà Giang,028,Yên Minh,00847,Mậu Duệ,Xã,"Xã Mậu Duệ, Huyện Yên Minh, Tỉnh Hà Giang"
02,Hà Giang,028,Yên Minh,00853,Mậu Long,Xã,"Xã Mậu Long, Huyện Yên Minh, Tỉnh Hà Giang"
02,Hà Giang,028,Yên Minh,00835,Na Khê,Xã,"Xã Na Khê, Huyện Yên Minh, Tỉnh Hà Giang"
02,Hà Giang,028,Yên Minh,00856,Ngam La,Xã,"Xã Ngam La, Huyện Yên Minh, Tỉnh Hà Giang"
02,Hà Giang,028,Yên Minh,00859,Ngọc Long,Xã,"Xã Ngọc Long, Huyện Yên Minh, Tỉnh Hà Giang"
02,Hà Giang,028,Yên Minh,00826,Phú Lũng,Xã,"Xã Phú Lũng, Huyện Yên Minh, Tỉnh Hà Giang"
02,Hà Giang,028,Yên Minh,00829,Sủng Cháng,Xã,"Xã Sủng Cháng, Huyện Yên Minh, Tỉnh Hà Giang"
02,Hà Giang,028,Yên Minh,00838,Sủng Thài,Xã,"Xã Sủng Thài, Huyện Yên Minh, Tỉnh Hà Giang"
02,Hà Giang,028,Yên Minh,00823,Thắng Mố,Xã,"Xã Thắng Mố, Huyện Yên Minh, Tỉnh Hà Giang"
02,Hà Giang,028,Yên Minh,00820,Yên Minh,Thị trấn,"Thị trấn Yên Minh, Huyện Yên Minh, Tỉnh Hà Giang"
35,Hà Nam,352,Bình Lục,13552,An Đổ,Xã,"Xã An Đổ, Huyện Bình Lục, Tỉnh Hà Nam"
35,Hà Nam,352,Bình Lục,13561,An Lão,Xã,"Xã An Lão, Huyện Bình Lục, Tỉnh Hà Nam"
35,Hà Nam,352,Bình Lục,13528,An Ninh,Xã,"Xã An Ninh, Huyện Bình Lục, Tỉnh Hà Nam"
35,Hà Nam,352,Bình Lục,13540,Bình An,Xã,"Xã Bình An, Huyện Bình Lục, Tỉnh Hà Nam"
35,Hà Nam,352,Bình Lục,13501,Bình Mỹ,Thị trấn,"Thị trấn Bình Mỹ, Huyện Bình Lục, Tỉnh Hà Nam"
35,Hà Nam,352,Bình Lục,13504,Bình Nghĩa,Xã,"Xã Bình Nghĩa, Huyện Bình Lục, Tỉnh Hà Nam"
35,Hà Nam,352,Bình Lục,13531,Bồ Đề,Xã,"Xã Bồ Đề, Huyện Bình Lục, Tỉnh Hà Nam"
35,Hà Nam,352,Bình Lục,13525,Đồn Xá,Xã,"Xã Đồn Xá, Huyện Bình Lục, Tỉnh Hà Nam"
35,Hà Nam,352,Bình Lục,13516,Đồng Du,Xã,"Xã Đồng Du, Huyện Bình Lục, Tỉnh Hà Nam"
35,Hà Nam,352,Bình Lục,13555,La Sơn,Xã,"Xã La Sơn, Huyện Bình Lục, Tỉnh Hà Nam"
35,Hà Nam,352,Bình Lục,13519,Ngọc Lũ,Xã,"Xã Ngọc Lũ, Huyện Bình Lục, Tỉnh Hà Nam"
35,Hà Nam,352,Bình Lục,13558,Tiêu Động,Xã,"Xã Tiêu Động, Huyện Bình Lục, Tỉnh Hà Nam"
35,Hà Nam,352,Bình Lục,13510,Tràng An,Xã,"Xã Tràng An, Huyện Bình Lục, Tỉnh Hà Nam"
35,Hà Nam,352,Bình Lục,13546,Trung Lương,Xã,"Xã Trung Lương, Huyện Bình Lục, Tỉnh Hà Nam"
35,Hà Nam,352,Bình Lục,13543,Vũ Bản,Xã,"Xã Vũ Bản, Huyện Bình Lục, Tỉnh Hà Nam"
35,Hà Nam,349,Duy Tiên,13333,Bạch Thượng,Phường,"Phường Bạch Thượng, Thị xã Duy Tiên, Tỉnh Hà Nam"
35,Hà Nam,349,Duy Tiên,13330,Châu Giang,Phường,"Phường Châu Giang, Thị xã Duy Tiên, Tỉnh Hà Nam"
35,Hà Nam,349,Duy Tiên,13345,Chuyên Ngoại,Xã,"Xã Chuyên Ngoại, Thị xã Duy Tiên, Tỉnh Hà Nam"
35,Hà Nam,349,Duy Tiên,13342,Duy Hải,Phường,"Phường Duy Hải, Thị xã Duy Tiên, Tỉnh Hà Nam"
35,Hà Nam,349,Duy Tiên,13336,Duy Minh,Phường,"Phường Duy Minh, Thị xã Duy Tiên, Tỉnh Hà Nam"
35,Hà Nam,349,Duy Tiên,13321,Đồng Văn,Phường,"Phường Đồng Văn, Thị xã Duy Tiên, Tỉnh Hà Nam"
35,Hà Nam,349,Duy Tiên,13324,Hòa Mạc,Phường,"Phường Hòa Mạc, Thị xã Duy Tiên, Tỉnh Hà Nam"
35,Hà Nam,349,Duy Tiên,13357,Hoàng Đông,Phường,"Phường Hoàng Đông, Thị xã Duy Tiên, Tỉnh Hà Nam"
35,Hà Nam,349,Duy Tiên,13327,Mộc Hoàn,Xã,"Xã Mộc Hoàn, Thị xã Duy Tiên, Tỉnh Hà Nam"
35,Hà Nam,349,Duy Tiên,13363,Tiên Ngoại,Xã,"Xã Tiên Ngoại, Thị xã Duy Tiên, Tỉnh Hà Nam"
35,Hà Nam,349,Duy Tiên,13354,Tiên Nội,Phường,"Phường Tiên Nội, Thị xã Duy Tiên, Tỉnh Hà Nam"
35,Hà Nam,349,Duy Tiên,13369,Tiên Sơn,Xã,"Xã Tiên Sơn, Thị xã Duy Tiên, Tỉnh Hà Nam"
35,Hà Nam,349,Duy Tiên,13351,Trác Văn,Xã,"Xã Trác Văn, Thị xã Duy Tiên, Tỉnh Hà Nam"
35,Hà Nam,349,Duy Tiên,13348,Yên Bắc,Phường,"Phường Yên Bắc, Thị xã Duy Tiên, Tỉnh Hà Nam"
35,Hà Nam,349,Duy Tiên,13360,Yên Nam,Xã,"Xã Yên Nam, Thị xã Duy Tiên, Tỉnh Hà Nam"
35,Hà Nam,350,Kim Bảng,13429,Ba Sao,Phường,"Phường Ba Sao, Thị xã Kim Bảng, Tỉnh Hà Nam"
35,Hà Nam,350,Kim Bảng,13390,Đại Cương,Phường,"Phường Đại Cương, Thị xã Kim Bảng, Tỉnh Hà Nam"
35,Hà Nam,350,Kim Bảng,13405,Đồng Hóa,Phường,"Phường Đồng Hóa, Thị xã Kim Bảng, Tỉnh Hà Nam"
35,Hà Nam,350,Kim Bảng,13408,Hoàng Tây,Xã,"Xã Hoàng Tây, Thị xã Kim Bảng, Tỉnh Hà Nam"
35,Hà Nam,350,Kim Bảng,13420,Khả Phong,Xã,"Xã Khả Phong, Thị xã Kim Bảng, Tỉnh Hà Nam"
35,Hà Nam,350,Kim Bảng,13393,Lê Hồ,Phường,"Phường Lê Hồ, Thị xã Kim Bảng, Tỉnh Hà Nam"
35,Hà Nam,350,Kim Bảng,13432,Liên Sơn,Xã,"Xã Liên Sơn, Thị xã Kim Bảng, Tỉnh Hà Nam"
35,Hà Nam,350,Kim Bảng,13423,Ngọc Sơn,Phường,"Phường Ngọc Sơn, Thị xã Kim Bảng, Tỉnh Hà Nam"
35,Hà Nam,350,Kim Bảng,13387,Nguyễn Úy,Xã,"Xã Nguyễn Úy, Thị xã Kim Bảng, Tỉnh Hà Nam"
35,Hà Nam,350,Kim Bảng,13384,Quế,Phường,"Phường Quế, Thị xã Kim Bảng, Tỉnh Hà Nam"
35,Hà Nam,350,Kim Bảng,13411,Tân Sơn,Phường,"Phường Tân Sơn, Thị xã Kim Bảng, Tỉnh Hà Nam"
35,Hà Nam,350,Kim Bảng,13402,Tân Tựu,Phường,"Phường Tân Tựu, Thị xã Kim Bảng, Tỉnh Hà Nam"
35,Hà Nam,350,Kim Bảng,13438,Thanh Sơn,Xã,"Xã Thanh Sơn, Thị xã Kim Bảng, Tỉnh Hà Nam"
35,Hà Nam,350,Kim Bảng,13435,Thi Sơn,Phường,"Phường Thi Sơn, Thị xã Kim Bảng, Tỉnh Hà Nam"
35,Hà Nam,350,Kim Bảng,13414,Thụy Lôi,Xã,"Xã Thụy Lôi, Thị xã Kim Bảng, Tỉnh Hà Nam"
35,Hà Nam,350,Kim Bảng,13396,Tượng Lĩnh,Phường,"Phường Tượng Lĩnh, Thị xã Kim Bảng, Tỉnh Hà Nam"
35,Hà Nam,350,Kim Bảng,13417,Văn Xá,Xã,"Xã Văn Xá, Thị xã Kim Bảng, Tỉnh Hà Nam"
35,Hà Nam,353,Lý Nhân,13588,Bắc Lý,Xã,"Xã Bắc Lý, Huyện Lý Nhân, Tỉnh Hà Nam"
35,Hà Nam,353,Lý Nhân,13576,Chân Lý,Xã,"Xã Chân Lý, Huyện Lý Nhân, Tỉnh Hà Nam"
35,Hà Nam,353,Lý Nhân,13573,Chính Lý,Xã,"Xã Chính Lý, Huyện Lý Nhân, Tỉnh Hà Nam"
35,Hà Nam,353,Lý Nhân,13582,Công Lý,Xã,"Xã Công Lý, Huyện Lý Nhân, Tỉnh Hà Nam"
35,Hà Nam,353,Lý Nhân,13579,Đạo Lý,Xã,"Xã Đạo Lý, Huyện Lý Nhân, Tỉnh Hà Nam"
35,Hà Nam,353,Lý Nhân,13591,Đức Lý,Xã,"Xã Đức Lý, Huyện Lý Nhân, Tỉnh Hà Nam"
35,Hà Nam,353,Lý Nhân,13630,Hòa Hậu,Xã,"Xã Hòa Hậu, Huyện Lý Nhân, Tỉnh Hà Nam"
35,Hà Nam,353,Lý Nhân,13567,Hợp Lý,Xã,"Xã Hợp Lý, Huyện Lý Nhân, Tỉnh Hà Nam"
35,Hà Nam,353,Lý Nhân,13570,Nguyên Lý,Xã,"Xã Nguyên Lý, Huyện Lý Nhân, Tỉnh Hà Nam"
35,Hà Nam,353,Lý Nhân,13618,Nhân Bình,Xã,"Xã Nhân Bình, Huyện Lý Nhân, Tỉnh Hà Nam"
35,Hà Nam,353,Lý Nhân,13615,Nhân Chính,Xã,"Xã Nhân Chính, Huyện Lý Nhân, Tỉnh Hà Nam"
35,Hà Nam,353,Lý Nhân,13606,Nhân Khang,Xã,"Xã Nhân Khang, Huyện Lý Nhân, Tỉnh Hà Nam"
35,Hà Nam,353,Lý Nhân,13609,Nhân Mỹ,Xã,"Xã Nhân Mỹ, Huyện Lý Nhân, Tỉnh Hà Nam"
35,Hà Nam,353,Lý Nhân,13612,Nhân Nghĩa,Xã,"Xã Nhân Nghĩa, Huyện Lý Nhân, Tỉnh Hà Nam"
35,Hà Nam,353,Lý Nhân,13600,Nhân Thịnh,Xã,"Xã Nhân Thịnh, Huyện Lý Nhân, Tỉnh Hà Nam"
35,Hà Nam,353,Lý Nhân,13621,Phú Phúc,Xã,"Xã Phú Phúc, Huyện Lý Nhân, Tỉnh Hà Nam"
35,Hà Nam,353,Lý Nhân,13627,Tiến Thắng,Xã,"Xã Tiến Thắng, Huyện Lý Nhân, Tỉnh Hà Nam"
35,Hà Nam,353,Lý Nhân,13594,Trần Hưng Đạo,Xã,"Xã Trần Hưng Đạo, Huyện Lý Nhân, Tỉnh Hà Nam"
35,Hà Nam,353,Lý Nhân,13585,Văn Lý,Xã,"Xã Văn Lý, Huyện Lý Nhân, Tỉnh Hà Nam"
35,Hà Nam,353,Lý Nhân,13597,Vĩnh Trụ,Thị trấn,"Thị trấn Vĩnh Trụ, Huyện Lý Nhân, Tỉnh Hà Nam"
35,Hà Nam,353,Lý Nhân,13624,Xuân Khê,Xã,"Xã Xuân Khê, Huyện Lý Nhân, Tỉnh Hà Nam"
35,Hà Nam,347,Phủ Lý,13294,Châu Cầu,Phường,"Phường Châu Cầu, Thành phố Phủ Lý, Tỉnh Hà Nam"
35,Hà Nam,347,Phủ Lý,13318,Châu Sơn,Phường,"Phường Châu Sơn, Thành phố Phủ Lý, Tỉnh Hà Nam"
35,Hà Nam,347,Phủ Lý,13507,Đinh Xá,Xã,"Xã Đinh Xá, Thành phố Phủ Lý, Tỉnh Hà Nam"
35,Hà Nam,347,Phủ Lý,13426,Kim Bình,Xã,"Xã Kim Bình, Thành phố Phủ Lý, Tỉnh Hà Nam"
35,Hà Nam,347,Phủ Lý,13303,Lam Hạ,Phường,"Phường Lam Hạ, Thành phố Phủ Lý, Tỉnh Hà Nam"
35,Hà Nam,347,Phủ Lý,13291,Lê Hồng Phong,Phường,"Phường Lê Hồng Phong, Thành phố Phủ Lý, Tỉnh Hà Nam"
35,Hà Nam,347,Phủ Lý,13309,Liêm Chính,Phường,"Phường Liêm Chính, Thành phố Phủ Lý, Tỉnh Hà Nam"
35,Hà Nam,347,Phủ Lý,13306,Phù Vân,Xã,"Xã Phù Vân, Thành phố Phủ Lý, Tỉnh Hà Nam"
35,Hà Nam,347,Phủ Lý,13285,Quang Trung,Phường,"Phường Quang Trung, Thành phố Phủ Lý, Tỉnh Hà Nam"
35,Hà Nam,347,Phủ Lý,13366,Tân Hiệp,Phường,"Phường Tân Hiệp, Thành phố Phủ Lý, Tỉnh Hà Nam"
35,Hà Nam,347,Phủ Lý,13444,Tân Liêm,Phường,"Phường Tân Liêm, Thành phố Phủ Lý, Tỉnh Hà Nam"
35,Hà Nam,347,Phủ Lý,13315,Thanh Châu,Phường,"Phường Thanh Châu, Thành phố Phủ Lý, Tỉnh Hà Nam"
35,Hà Nam,347,Phủ Lý,13459,Thanh Tuyền,Phường,"Phường Thanh Tuyền, Thành phố Phủ Lý, Tỉnh Hà Nam"
35,Hà Nam,347,Phủ Lý,13513,Trịnh Xá,Xã,"Xã Trịnh Xá, Thành phố Phủ Lý, Tỉnh Hà Nam"
35,Hà Nam,351,Thanh Liêm,13441,Kiện Khê,Thị trấn,"Thị trấn Kiện Khê, Huyện Thanh Liêm, Tỉnh Hà Nam"
35,Hà Nam,351,Thanh Liêm,13456,Liêm Cần,Xã,"Xã Liêm Cần, Huyện Thanh Liêm, Tỉnh Hà Nam"
35,Hà Nam,351,Thanh Liêm,13450,Liêm Phong,Xã,"Xã Liêm Phong, Huyện Thanh Liêm, Tỉnh Hà Nam"
35,Hà Nam,351,Thanh Liêm,13483,Liêm Sơn,Xã,"Xã Liêm Sơn, Huyện Thanh Liêm, Tỉnh Hà Nam"
35,Hà Nam,351,Thanh Liêm,13465,Liêm Thuận,Xã,"Xã Liêm Thuận, Huyện Thanh Liêm, Tỉnh Hà Nam"
35,Hà Nam,351,Thanh Liêm,13480,Liêm Túc,Xã,"Xã Liêm Túc, Huyện Thanh Liêm, Tỉnh Hà Nam"
35,Hà Nam,351,Thanh Liêm,13474,Tân Thanh,Thị trấn,"Thị trấn Tân Thanh, Huyện Thanh Liêm, Tỉnh Hà Nam"
35,Hà Nam,351,Thanh Liêm,13453,Thanh Hà,Xã,"Xã Thanh Hà, Huyện Thanh Liêm, Tỉnh Hà Nam"
35,Hà Nam,351,Thanh Liêm,13498,Thanh Hải,Xã,"Xã Thanh Hải, Huyện Thanh Liêm, Tỉnh Hà Nam"
35,Hà Nam,351,Thanh Liêm,13486,Thanh Hương,Xã,"Xã Thanh Hương, Huyện Thanh Liêm, Tỉnh Hà Nam"
35,Hà Nam,351,Thanh Liêm,13489,Thanh Nghị,Xã,"Xã Thanh Nghị, Huyện Thanh Liêm, Tỉnh Hà Nam"
35,Hà Nam,351,Thanh Liêm,13495,Thanh Nguyên,Xã,"Xã Thanh Nguyên, Huyện Thanh Liêm, Tỉnh Hà Nam"
35,Hà Nam,351,Thanh Liêm,13471,Thanh Phong,Xã,"Xã Thanh Phong, Huyện Thanh Liêm, Tỉnh Hà Nam"
35,Hà Nam,351,Thanh Liêm,13492,Thanh Tâm,Xã,"Xã Thanh Tâm, Huyện Thanh Liêm, Tỉnh Hà Nam"
35,Hà Nam,351,Thanh Liêm,13477,Thanh Tân,Xã,"Xã Thanh Tân, Huyện Thanh Liêm, Tỉnh Hà Nam"
35,Hà Nam,351,Thanh Liêm,13468,Thanh Thủy,Xã,"Xã Thanh Thủy, Huyện Thanh Liêm, Tỉnh Hà Nam"
01,Hà Nội,001,Ba Đình,00007,Cống Vị,Phường,"Phường Cống Vị, Quận Ba Đình, Thành phố Hà Nội"
01,Hà Nội,001,Ba Đình,00019,Điện Biên,Phường,"Phường Điện Biên, Quận Ba Đình, Thành phố Hà Nội"
01,Hà Nội,001,Ba Đình,00022,Đội Cấn,Phường,"Phường Đội Cấn, Quận Ba Đình, Thành phố Hà Nội"
01,Hà Nội,001,Ba Đình,00031,Giảng Võ,Phường,"Phường Giảng Võ, Quận Ba Đình, Thành phố Hà Nội"
01,Hà Nội,001,Ba Đình,00028,Kim Mã,Phường,"Phường Kim Mã, Quận Ba Đình, Thành phố Hà Nội"
01,Hà Nội,001,Ba Đình,00008,Liễu Giai,Phường,"Phường Liễu Giai, Quận Ba Đình, Thành phố Hà Nội"
01,Hà Nội,001,Ba Đình,00016,Ngọc Hà,Phường,"Phường Ngọc Hà, Quận Ba Đình, Thành phố Hà Nội"
01,Hà Nội,001,Ba Đình,00025,Ngọc Khánh,Phường,"Phường Ngọc Khánh, Quận Ba Đình, Thành phố Hà Nội"
01,Hà Nội,001,Ba Đình,00001,Phúc Xá,Phường,"Phường Phúc Xá, Quận Ba Đình, Thành phố Hà Nội"
01,Hà Nội,001,Ba Đình,00013,Quán Thánh,Phường,"Phường Quán Thánh, Quận Ba Đình, Thành phố Hà Nội"
01,Hà Nội,001,Ba Đình,00034,Thành Công,Phường,"Phường Thành Công, Quận Ba Đình, Thành phố Hà Nội"
01,Hà Nội,001,Ba Đình,00004,Trúc Bạch,Phường,"Phường Trúc Bạch, Quận Ba Đình, Thành phố Hà Nội"
01,Hà Nội,001,Ba Đình,00006,Vĩnh Phúc,Phường,"Phường Vĩnh Phúc, Quận Ba Đình, Thành phố Hà Nội"
01,Hà Nội,271,Ba Vì,09697,Ba Trại,Xã,"Xã Ba Trại, Huyện Ba Vì, Thành phố Hà Nội"
01,Hà Nội,271,Ba Vì,09703,Ba Vì,Xã,"Xã Ba Vì, Huyện Ba Vì, Thành phố Hà Nội"
01,Hà Nội,271,Ba Vì,09673,Cẩm Lĩnh,Xã,"Xã Cẩm Lĩnh, Huyện Ba Vì, Thành phố Hà Nội"
01,Hà Nội,271,Ba Vì,09688,Cam Thượng,Xã,"Xã Cam Thượng, Huyện Ba Vì, Thành phố Hà Nội"
01,Hà Nội,271,Ba Vì,09667,Chu Minh,Xã,"Xã Chu Minh, Huyện Ba Vì, Thành phố Hà Nội"
01,Hà Nội,271,Ba Vì,09628,Cổ Đô,Xã,"Xã Cổ Đô, Huyện Ba Vì, Thành phố Hà Nội"
01,Hà Nội,271,Ba Vì,09679,Đông Quang,Xã,"Xã Đông Quang, Huyện Ba Vì, Thành phố Hà Nội"
01,Hà Nội,271,Ba Vì,09655,Đồng Thái,Xã,"Xã Đồng Thái, Huyện Ba Vì, Thành phố Hà Nội"
01,Hà Nội,271,Ba Vì,09712,Khánh Thượng,Xã,"Xã Khánh Thượng, Huyện Ba Vì, Thành phố Hà Nội"
01,Hà Nội,271,Ba Vì,09661,Minh Châu,Xã,"Xã Minh Châu, Huyện Ba Vì, Thành phố Hà Nội"
01,Hà Nội,271,Ba Vì,09700,Minh Quang,Xã,"Xã Minh Quang, Huyện Ba Vì, Thành phố Hà Nội"
01,Hà Nội,271,Ba Vì,09640,Phong Vân,Xã,"Xã Phong Vân, Huyện Ba Vì, Thành phố Hà Nội"
01,Hà Nội,271,Ba Vì,09649,Phú Châu,Xã,"Xã Phú Châu, Huyện Ba Vì, Thành phố Hà Nội"
01,Hà Nội,271,Ba Vì,09625,Phú Cường,Xã,"Xã Phú Cường, Huyện Ba Vì, Thành phố Hà Nội"
01,Hà Nội,271,Ba Vì,09643,Phú Đông,Xã,"Xã Phú Đông, Huyện Ba Vì, Thành phố Hà Nội"
01,Hà Nội,271,Ba Vì,09646,Phú Hồng,Xã,"Xã Phú Hồng, Huyện Ba Vì, Thành phố Hà Nội"
01,Hà Nội,271,Ba Vì,09658,Phú Sơn,Xã,"Xã Phú Sơn, Huyện Ba Vì, Thành phố Hà Nội"
01,Hà Nội,271,Ba Vì,09676,Sơn Đà,Xã,"Xã Sơn Đà, Huyện Ba Vì, Thành phố Hà Nội"
01,Hà Nội,271,Ba Vì,09694,Tản Lĩnh,Xã,"Xã Tản Lĩnh, Huyện Ba Vì, Thành phố Hà Nội"
01,Hà Nội,271,Ba Vì,09619,Tây Đằng,Thị trấn,"Thị trấn Tây Đằng, Huyện Ba Vì, Thành phố Hà Nội"
01,Hà Nội,271,Ba Vì,09652,Thái Hòa,Xã,"Xã Thái Hòa, Huyện Ba Vì, Thành phố Hà Nội"
01,Hà Nội,271,Ba Vì,09691,Thuần Mỹ,Xã,"Xã Thuần Mỹ, Huyện Ba Vì, Thành phố Hà Nội"
01,Hà Nội,271,Ba Vì,09685,Thụy An,Xã,"Xã Thụy An, Huyện Ba Vì, Thành phố Hà Nội"
01,Hà Nội,271,Ba Vì,09682,Tiên Phong,Xã,"Xã Tiên Phong, Huyện Ba Vì, Thành phố Hà Nội"
01,Hà Nội,271,Ba Vì,09670,Tòng Bạt,Xã,"Xã Tòng Bạt, Huyện Ba Vì, Thành phố Hà Nội"
01,Hà Nội,271,Ba Vì,09706,Vân Hòa,Xã,"Xã Vân Hòa, Huyện Ba Vì, Thành phố Hà Nội"
01,Hà Nội,271,Ba Vì,09634,Vạn Thắng,Xã,"Xã Vạn Thắng, Huyện Ba Vì, Thành phố Hà Nội"
01,Hà Nội,271,Ba Vì,09664,Vật Lại,Xã,"Xã Vật Lại, Huyện Ba Vì, Thành phố Hà Nội"
01,Hà Nội,271,Ba Vì,09709,Yên Bài,Xã,"Xã Yên Bài, Huyện Ba Vì, Thành phố Hà Nội"
01,Hà Nội,021,Bắc Từ Liêm,00616,Cổ Nhuế 1,Phường,"Phường Cổ Nhuế 1, Quận Bắc Từ Liêm, Thành phố Hà Nội"
01,Hà Nội,021,Bắc Từ Liêm,00617,Cổ Nhuế 2,Phường,"Phường Cổ Nhuế 2, Quận Bắc Từ Liêm, Thành phố Hà Nội"
01,Hà Nội,021,Bắc Từ Liêm,00601,Đông Ngạc,Phường,"Phường Đông Ngạc, Quận Bắc Từ Liêm, Thành phố Hà Nội"
01,Hà Nội,021,Bắc Từ Liêm,00602,Đức Thắng,Phường,"Phường Đức Thắng, Quận Bắc Từ Liêm, Thành phố Hà Nội"
01,Hà Nội,021,Bắc Từ Liêm,00598,Liên Mạc,Phường,"Phường Liên Mạc, Quận Bắc Từ Liêm, Thành phố Hà Nội"
01,Hà Nội,021,Bắc Từ Liêm,00613,Minh Khai,Phường,"Phường Minh Khai, Quận Bắc Từ Liêm, Thành phố Hà Nội"
01,Hà Nội,021,Bắc Từ Liêm,00619,Phú Diễn,Phường,"Phường Phú Diễn, Quận Bắc Từ Liêm, Thành phố Hà Nội"
01,Hà Nội,021,Bắc Từ Liêm,00620,Phúc Diễn,Phường,"Phường Phúc Diễn, Quận Bắc Từ Liêm, Thành phố Hà Nội"
01,Hà Nội,021,Bắc Từ Liêm,00607,Tây Tựu,Phường,"Phường Tây Tựu, Quận Bắc Từ Liêm, Thành phố Hà Nội"
01,Hà Nội,021,Bắc Từ Liêm,00595,Thượng Cát,Phường,"Phường Thượng Cát, Quận Bắc Từ Liêm, Thành phố Hà Nội"
01,Hà Nội,021,Bắc Từ Liêm,00604,Thụy Phương,Phường,"Phường Thụy Phương, Quận Bắc Từ Liêm, Thành phố Hà Nội"
01,Hà Nội,021,Bắc Từ Liêm,00610,Xuân Đỉnh,Phường,"Phường Xuân Đỉnh, Quận Bắc Từ Liêm, Thành phố Hà Nội"
01,Hà Nội,021,Bắc Từ Liêm,00611,Xuân Tảo,Phường,"Phường Xuân Tảo, Quận Bắc Từ Liêm, Thành phố Hà Nội"
01,Hà Nội,005,Cầu Giấy,00166,Dịch Vọng,Phường,"Phường Dịch Vọng, Quận Cầu Giấy, Thành phố Hà Nội"
01,Hà Nội,005,Cầu Giấy,00167,Dịch Vọng Hậu,Phường,"Phường Dịch Vọng Hậu, Quận Cầu Giấy, Thành phố Hà Nội"
01,Hà Nội,005,Cầu Giấy,00163,Mai Dịch,Phường,"Phường Mai Dịch, Quận Cầu Giấy, Thành phố Hà Nội"
01,Hà Nội,005,Cầu Giấy,00157,Nghĩa Đô,Phường,"Phường Nghĩa Đô, Quận Cầu Giấy, Thành phố Hà Nội"
01,Hà Nội,005,Cầu Giấy,00160,Nghĩa Tân,Phường,"Phường Nghĩa Tân, Quận Cầu Giấy, Thành phố Hà Nội"
01,Hà Nội,005,Cầu Giấy,00169,Quan Hoa,Phường,"Phường Quan Hoa, Quận Cầu Giấy, Thành phố Hà Nội"
01,Hà Nội,005,Cầu Giấy,00175,Trung Hoà,Phường,"Phường Trung Hoà, Quận Cầu Giấy, Thành phố Hà Nội"
01,Hà Nội,005,Cầu Giấy,00172,Yên Hoà,Phường,"Phường Yên Hoà, Quận Cầu Giấy, Thành phố Hà Nội"
01,Hà Nội,277,Chương Mỹ,10015,Chúc Sơn,Thị trấn,"Thị trấn Chúc Sơn, Huyện Chương Mỹ, Thành phố Hà Nội"
01,Hà Nội,277,Chương Mỹ,10054,Đại Yên,Xã,"Xã Đại Yên, Huyện Chương Mỹ, Thành phố Hà Nội"
01,Hà Nội,277,Chương Mỹ,10105,Đồng Lạc,Xã,"Xã Đồng Lạc, Huyện Chương Mỹ, Thành phố Hà Nội"
01,Hà Nội,277,Chương Mỹ,10030,Đông Phương Yên,Xã,"Xã Đông Phương Yên, Huyện Chương Mỹ, Thành phố Hà Nội"
01,Hà Nội,277,Chương Mỹ,10027,Đông Sơn,Xã,"Xã Đông Sơn, Huyện Chương Mỹ, Thành phố Hà Nội"
01,Hà Nội,277,Chương Mỹ,10108,Hòa Phú,Xã,"Xã Hòa Phú, Huyện Chương Mỹ, Thành phố Hà Nội"
01,Hà Nội,277,Chương Mỹ,10078,Hoàng Diệu,Xã,"Xã Hoàng Diệu, Huyện Chương Mỹ, Thành phố Hà Nội"
01,Hà Nội,277,Chương Mỹ,10075,Hoàng Văn Thụ,Xã,"Xã Hoàng Văn Thụ, Huyện Chương Mỹ, Thành phố Hà Nội"
01,Hà Nội,277,Chương Mỹ,10096,Hồng Phú,Xã,"Xã Hồng Phú, Huyện Chương Mỹ, Thành phố Hà Nội"
01,Hà Nội,277,Chương Mỹ,10072,Hợp Đồng,Xã,"Xã Hợp Đồng, Huyện Chương Mỹ, Thành phố Hà Nội"
01,Hà Nội,277,Chương Mỹ,10081,Hữu Văn,Xã,"Xã Hữu Văn, Huyện Chương Mỹ, Thành phố Hà Nội"
01,Hà Nội,277,Chương Mỹ,10063,Lam Điền,Xã,"Xã Lam Điền, Huyện Chương Mỹ, Thành phố Hà Nội"
01,Hà Nội,277,Chương Mỹ,10087,Mỹ Lương,Xã,"Xã Mỹ Lương, Huyện Chương Mỹ, Thành phố Hà Nội"
01,Hà Nội,277,Chương Mỹ,10069,Nam Phương Tiến,Xã,"Xã Nam Phương Tiến, Huyện Chương Mỹ, Thành phố Hà Nội"
01,Hà Nội,277,Chương Mỹ,10042,Ngọc Hòa,Xã,"Xã Ngọc Hòa, Huyện Chương Mỹ, Thành phố Hà Nội"
01,Hà Nội,277,Chương Mỹ,10033,Phú Nghĩa,Xã,"Xã Phú Nghĩa, Huyện Chương Mỹ, Thành phố Hà Nội"
01,Hà Nội,277,Chương Mỹ,10021,Phụng Châu,Xã,"Xã Phụng Châu, Huyện Chương Mỹ, Thành phố Hà Nội"
01,Hà Nội,277,Chương Mỹ,10084,Quảng Bị,Xã,"Xã Quảng Bị, Huyện Chương Mỹ, Thành phố Hà Nội"
01,Hà Nội,277,Chương Mỹ,10066,Tân Tiến,Xã,"Xã Tân Tiến, Huyện Chương Mỹ, Thành phố Hà Nội"
01,Hà Nội,277,Chương Mỹ,10048,Thanh Bình,Xã,"Xã Thanh Bình, Huyện Chương Mỹ, Thành phố Hà Nội"
01,Hà Nội,277,Chương Mỹ,10090,Thượng Vực,Xã,"Xã Thượng Vực, Huyện Chương Mỹ, Thành phố Hà Nội"
01,Hà Nội,277,Chương Mỹ,10057,Thụy Hương,Xã,"Xã Thụy Hương, Huyện Chương Mỹ, Thành phố Hà Nội"
01,Hà Nội,277,Chương Mỹ,10045,Thủy Xuân Tiên,Xã,"Xã Thủy Xuân Tiên, Huyện Chương Mỹ, Thành phố Hà Nội"
01,Hà Nội,277,Chương Mỹ,10024,Tiên Phương,Xã,"Xã Tiên Phương, Huyện Chương Mỹ, Thành phố Hà Nội"
01,Hà Nội,277,Chương Mỹ,10060,Tốt Động,Xã,"Xã Tốt Động, Huyện Chương Mỹ, Thành phố Hà Nội"
01,Hà Nội,277,Chương Mỹ,10099,Trần Phú,Xã,"Xã Trần Phú, Huyện Chương Mỹ, Thành phố Hà Nội"
01,Hà Nội,277,Chương Mỹ,10051,Trung Hòa,Xã,"Xã Trung Hòa, Huyện Chương Mỹ, Thành phố Hà Nội"
01,Hà Nội,277,Chương Mỹ,10039,Trường Yên,Xã,"Xã Trường Yên, Huyện Chương Mỹ, Thành phố Hà Nội"
01,Hà Nội,277,Chương Mỹ,10102,Văn Võ,Xã,"Xã Văn Võ, Huyện Chương Mỹ, Thành phố Hà Nội"
01,Hà Nội,277,Chương Mỹ,10018,Xuân Mai,Thị trấn,"Thị trấn Xuân Mai, Huyện Chương Mỹ, Thành phố Hà Nội"
01,Hà Nội,273,Đan Phượng,09823,Đan Phượng,Xã,"Xã Đan Phượng, Huyện Đan Phượng, Thành phố Hà Nội"
01,Hà Nội,273,Đan Phượng,09826,Đồng Tháp,Xã,"Xã Đồng Tháp, Huyện Đan Phượng, Thành phố Hà Nội"
01,Hà Nội,273,Đan Phượng,09805,Hạ Mỗ,Xã,"Xã Hạ Mỗ, Huyện Đan Phượng, Thành phố Hà Nội"
01,Hà Nội,273,Đan Phượng,09796,Hồng Hà,Xã,"Xã Hồng Hà, Huyện Đan Phượng, Thành phố Hà Nội"
01,Hà Nội,273,Đan Phượng,09802,Liên Hà,Xã,"Xã Liên Hà, Huyện Đan Phượng, Thành phố Hà Nội"
01,Hà Nội,273,Đan Phượng,09799,Liên Hồng,Xã,"Xã Liên Hồng, Huyện Đan Phượng, Thành phố Hà Nội"
01,Hà Nội,273,Đan Phượng,09808,Liên Trung,Xã,"Xã Liên Trung, Huyện Đan Phượng, Thành phố Hà Nội"
01,Hà Nội,273,Đan Phượng,09784,Phùng,Thị trấn,"Thị trấn Phùng, Huyện Đan Phượng, Thành phố Hà Nội"
01,Hà Nội,273,Đan Phượng,09811,Phương Đình,Xã,"Xã Phương Đình, Huyện Đan Phượng, Thành phố Hà Nội"
01,Hà Nội,273,Đan Phượng,09829,Song Phượng,Xã,"Xã Song Phượng, Huyện Đan Phượng, Thành phố Hà Nội"
01,Hà Nội,273,Đan Phượng,09817,Tân Hội,Xã,"Xã Tân Hội, Huyện Đan Phượng, Thành phố Hà Nội"
01,Hà Nội,273,Đan Phượng,09820,Tân Lập,Xã,"Xã Tân Lập, Huyện Đan Phượng, Thành phố Hà Nội"
01,Hà Nội,273,Đan Phượng,09790,Thọ An,Xã,"Xã Thọ An, Huyện Đan Phượng, Thành phố Hà Nội"
01,Hà Nội,273,Đan Phượng,09793,Thọ Xuân,Xã,"Xã Thọ Xuân, Huyện Đan Phượng, Thành phố Hà Nội"
01,Hà Nội,273,Đan Phượng,09814,Thượng Mỗ,Xã,"Xã Thượng Mỗ, Huyện Đan Phượng, Thành phố Hà Nội"
01,Hà Nội,273,Đan Phượng,09787,Trung Châu,Xã,"Xã Trung Châu, Huyện Đan Phượng, Thành phố Hà Nội"
01,Hà Nội,017,Đông Anh,00463,Bắc Hồng,Xã,"Xã Bắc Hồng, Huyện Đông Anh, Thành phố Hà Nội"
01,Hà Nội,017,Đông Anh,00505,Cổ Loa,Xã,"Xã Cổ Loa, Huyện Đông Anh, Thành phố Hà Nội"
01,Hà Nội,017,Đông Anh,00496,Dục Tú,Xã,"Xã Dục Tú, Huyện Đông Anh, Thành phố Hà Nội"
01,Hà Nội,017,Đông Anh,00499,Đại Mạch,Xã,"Xã Đại Mạch, Huyện Đông Anh, Thành phố Hà Nội"
01,Hà Nội,017,Đông Anh,00454,Đông Anh,Thị trấn,"Thị trấn Đông Anh, Huyện Đông Anh, Thành phố Hà Nội"
01,Hà Nội,017,Đông Anh,00523,Đông Hội,Xã,"Xã Đông Hội, Huyện Đông Anh, Thành phố Hà Nội"
01,Hà Nội,017,Đông Anh,00508,Hải Bối,Xã,"Xã Hải Bối, Huyện Đông Anh, Thành phố Hà Nội"
01,Hà Nội,017,Đông Anh,00493,Kim Chung,Xã,"Xã Kim Chung, Huyện Đông Anh, Thành phố Hà Nội"
01,Hà Nội,017,Đông Anh,00490,Kim Nỗ,Xã,"Xã Kim Nỗ, Huyện Đông Anh, Thành phố Hà Nội"
01,Hà Nội,017,Đông Anh,00484,Liên Hà,Xã,"Xã Liên Hà, Huyện Đông Anh, Thành phố Hà Nội"
01,Hà Nội,017,Đông Anh,00520,Mai Lâm,Xã,"Xã Mai Lâm, Huyện Đông Anh, Thành phố Hà Nội"
01,Hà Nội,017,Đông Anh,00469,Nam Hồng,Xã,"Xã Nam Hồng, Huyện Đông Anh, Thành phố Hà Nội"
01,Hà Nội,017,Đông Anh,00466,Nguyên Khê,Xã,"Xã Nguyên Khê, Huyện Đông Anh, Thành phố Hà Nội"
01,Hà Nội,017,Đông Anh,00517,Tàm Xá,Xã,"Xã Tàm Xá, Huyện Đông Anh, Thành phố Hà Nội"
01,Hà Nội,017,Đông Anh,00460,Thuỵ Lâm,Xã,"Xã Thuỵ Lâm, Huyện Đông Anh, Thành phố Hà Nội"
01,Hà Nội,017,Đông Anh,00472,Tiên Dương,Xã,"Xã Tiên Dương, Huyện Đông Anh, Thành phố Hà Nội"
01,Hà Nội,017,Đông Anh,00478,Uy Nỗ,Xã,"Xã Uy Nỗ, Huyện Đông Anh, Thành phố Hà Nội"
01,Hà Nội,017,Đông Anh,00475,Vân Hà,Xã,"Xã Vân Hà, Huyện Đông Anh, Thành phố Hà Nội"
01,Hà Nội,017,Đông Anh,00481,Vân Nội,Xã,"Xã Vân Nội, Huyện Đông Anh, Thành phố Hà Nội"
01,Hà Nội,017,Đông Anh,00487,Việt Hùng,Xã,"Xã Việt Hùng, Huyện Đông Anh, Thành phố Hà Nội"
01,Hà Nội,017,Đông Anh,00502,Vĩnh Ngọc,Xã,"Xã Vĩnh Ngọc, Huyện Đông Anh, Thành phố Hà Nội"
01,Hà Nội,017,Đông Anh,00514,Võng La,Xã,"Xã Võng La, Huyện Đông Anh, Thành phố Hà Nội"
01,Hà Nội,017,Đông Anh,00511,Xuân Canh,Xã,"Xã Xuân Canh, Huyện Đông Anh, Thành phố Hà Nội"
01,Hà Nội,017,Đông Anh,00457,Xuân Nộn,Xã,"Xã Xuân Nộn, Huyện Đông Anh, Thành phố Hà Nội"
01,Hà Nội,006,Đống Đa,00178,Cát Linh,Phường,"Phường Cát Linh, Quận Đống Đa, Thành phố Hà Nội"
01,Hà Nội,006,Đống Đa,00196,Hàng Bột,Phường,"Phường Hàng Bột, Quận Đống Đa, Thành phố Hà Nội"
01,Hà Nội,006,Đống Đa,00202,Khâm Thiên,Phường,"Phường Khâm Thiên, Quận Đống Đa, Thành phố Hà Nội"
01,Hà Nội,006,Đống Đa,00238,Khương Thượng,Phường,"Phường Khương Thượng, Quận Đống Đa, Thành phố Hà Nội"
01,Hà Nội,006,Đống Đa,00229,Kim Liên,Phường,"Phường Kim Liên, Quận Đống Đa, Thành phố Hà Nội"
01,Hà Nội,006,Đống Đa,00199,Láng Hạ,Phường,"Phường Láng Hạ, Quận Đống Đa, Thành phố Hà Nội"
01,Hà Nội,006,Đống Đa,00187,Láng Thượng,Phường,"Phường Láng Thượng, Quận Đống Đa, Thành phố Hà Nội"
01,Hà Nội,006,Đống Đa,00208,Nam Đồng,Phường,"Phường Nam Đồng, Quận Đống Đa, Thành phố Hà Nội"
01,Hà Nội,006,Đống Đa,00190,Ô Chợ Dừa,Phường,"Phường Ô Chợ Dừa, Quận Đống Đa, Thành phố Hà Nội"
01,Hà Nội,006,Đống Đa,00226,Phương Liên - Trung Tự,Phường,"Phường Phương Liên - Trung Tự, Quận Đống Đa, Thành phố Hà Nội"
01,Hà Nội,006,Đống Đa,00232,Phương Mai,Phường,"Phường Phương Mai, Quận Đống Đa, Thành phố Hà Nội"
01,Hà Nội,006,Đống Đa,00214,Quang Trung,Phường,"Phường Quang Trung, Quận Đống Đa, Thành phố Hà Nội"
01,Hà Nội,006,Đống Đa,00235,Thịnh Quang,Phường,"Phường Thịnh Quang, Quận Đống Đa, Thành phố Hà Nội"
01,Hà Nội,006,Đống Đa,00205,Thổ Quan,Phường,"Phường Thổ Quan, Quận Đống Đa, Thành phố Hà Nội"
01,Hà Nội,006,Đống Đa,00217,Trung Liệt,Phường,"Phường Trung Liệt, Quận Đống Đa, Thành phố Hà Nội"
01,Hà Nội,006,Đống Đa,00193,Văn Chương,Phường,"Phường Văn Chương, Quận Đống Đa, Thành phố Hà Nội"
01,Hà Nội,006,Đống Đa,00181,Văn Miếu - Quốc Tử Giám,Phường,"Phường Văn Miếu - Quốc Tử Giám, Quận Đống Đa, Thành phố Hà Nội"
01,Hà Nội,018,Gia Lâm,00583,Bát Tràng,Xã,"Xã Bát Tràng, Huyện Gia Lâm, Thành phố Hà Nội"
01,Hà Nội,018,Gia Lâm,00553,Cổ Bi,Xã,"Xã Cổ Bi, Huyện Gia Lâm, Thành phố Hà Nội"
01,Hà Nội,018,Gia Lâm,00568,Dương Quang,Xã,"Xã Dương Quang, Huyện Gia Lâm, Thành phố Hà Nội"
01,Hà Nội,018,Gia Lâm,00571,Dương Xá,Xã,"Xã Dương Xá, Huyện Gia Lâm, Thành phố Hà Nội"
01,Hà Nội,018,Gia Lâm,00577,Đa Tốn,Xã,"Xã Đa Tốn, Huyện Gia Lâm, Thành phố Hà Nội"
01,Hà Nội,018,Gia Lâm,00556,Đặng Xá,Xã,"Xã Đặng Xá, Huyện Gia Lâm, Thành phố Hà Nội"
01,Hà Nội,018,Gia Lâm,00580,Kiêu Kỵ,Xã,"Xã Kiêu Kỵ, Huyện Gia Lâm, Thành phố Hà Nội"
01,Hà Nội,018,Gia Lâm,00589,Kim Đức,Xã,"Xã Kim Đức, Huyện Gia Lâm, Thành phố Hà Nội"
01,Hà Nội,018,Gia Lâm,00550,Lệ Chi,Xã,"Xã Lệ Chi, Huyện Gia Lâm, Thành phố Hà Nội"
01,Hà Nội,018,Gia Lâm,00535,Ninh Hiệp,Xã,"Xã Ninh Hiệp, Huyện Gia Lâm, Thành phố Hà Nội"
01,Hà Nội,018,Gia Lâm,00544,Phù Đổng,Xã,"Xã Phù Đổng, Huyện Gia Lâm, Thành phố Hà Nội"
01,Hà Nội,018,Gia Lâm,00562,Phú Sơn,Xã,"Xã Phú Sơn, Huyện Gia Lâm, Thành phố Hà Nội"
01,Hà Nội,018,Gia Lâm,00541,Thiên Đức,Xã,"Xã Thiên Đức, Huyện Gia Lâm, Thành phố Hà Nội"
01,Hà Nội,018,Gia Lâm,00565,Trâu Quỳ,Thị trấn,"Thị trấn Trâu Quỳ, Huyện Gia Lâm, Thành phố Hà Nội"
01,Hà Nội,018,Gia Lâm,00529,Yên Thường,Xã,"Xã Yên Thường, Huyện Gia Lâm, Thành phố Hà Nội"
01,Hà Nội,018,Gia Lâm,00526,Yên Viên,Thị trấn,"Thị trấn Yên Viên, Huyện Gia Lâm, Thành phố Hà Nội"
01,Hà Nội,018,Gia Lâm,00532,Yên Viên,Xã,"Xã Yên Viên, Huyện Gia Lâm, Thành phố Hà Nội"
01,Hà Nội,268,Hà Đông,10123,Biên Giang,Phường,"Phường Biên Giang, Quận Hà Đông, Thành phố Hà Nội"
01,Hà Nội,268,Hà Đông,09886,Dương Nội,Phường,"Phường Dương Nội, Quận Hà Đông, Thành phố Hà Nội"
01,Hà Nội,268,Hà Đông,10117,Đồng Mai,Phường,"Phường Đồng Mai, Quận Hà Đông, Thành phố Hà Nội"
01,Hà Nội,268,Hà Đông,09556,Hà Cầu,Phường,"Phường Hà Cầu, Quận Hà Đông, Thành phố Hà Nội"
01,Hà Nội,268,Hà Đông,09565,Kiến Hưng,Phường,"Phường Kiến Hưng, Quận Hà Đông, Thành phố Hà Nội"
01,Hà Nội,268,Hà Đông,09551,La Khê,Phường,"Phường La Khê, Quận Hà Đông, Thành phố Hà Nội"
01,Hà Nội,268,Hà Đông,09541,Mộ Lao,Phường,"Phường Mộ Lao, Quận Hà Đông, Thành phố Hà Nội"
01,Hà Nội,268,Hà Đông,09552,Phú La,Phường,"Phường Phú La, Quận Hà Đông, Thành phố Hà Nội"
01,Hà Nội,268,Hà Đông,09568,Phú Lãm,Phường,"Phường Phú Lãm, Quận Hà Đông, Thành phố Hà Nội"
01,Hà Nội,268,Hà Đông,09571,Phú Lương,Phường,"Phường Phú Lương, Quận Hà Đông, Thành phố Hà Nội"
01,Hà Nội,268,Hà Đông,09553,Phúc La,Phường,"Phường Phúc La, Quận Hà Đông, Thành phố Hà Nội"
01,Hà Nội,268,Hà Đông,09538,Quang Trung,Phường,"Phường Quang Trung, Quận Hà Đông, Thành phố Hà Nội"
01,Hà Nội,268,Hà Đông,09544,Vạn Phúc,Phường,"Phường Vạn Phúc, Quận Hà Đông, Thành phố Hà Nội"
01,Hà Nội,268,Hà Đông,09542,Văn Quán,Phường,"Phường Văn Quán, Quận Hà Đông, Thành phố Hà Nội"
01,Hà Nội,268,Hà Đông,09562,Yên Nghĩa,Phường,"Phường Yên Nghĩa, Quận Hà Đông, Thành phố Hà Nội"
01,Hà Nội,007,Hai Bà Trưng,00244,Bạch Đằng,Phường,"Phường Bạch Đằng, Quận Hai Bà Trưng, Thành phố Hà Nội"
01,Hà Nội,007,Hai Bà Trưng,00277,Bách Khoa,Phường,"Phường Bách Khoa, Quận Hai Bà Trưng, Thành phố Hà Nội"
01,Hà Nội,007,Hai Bà Trưng,00292,Bạch Mai,Phường,"Phường Bạch Mai, Quận Hai Bà Trưng, Thành phố Hà Nội"
01,Hà Nội,007,Hai Bà Trưng,00259,Đồng Nhân,Phường,"Phường Đồng Nhân, Quận Hai Bà Trưng, Thành phố Hà Nội"
01,Hà Nội,007,Hai Bà Trưng,00280,Đồng Tâm,Phường,"Phường Đồng Tâm, Quận Hai Bà Trưng, Thành phố Hà Nội"
01,Hà Nội,007,Hai Bà Trưng,00256,Lê Đại Hành,Phường,"Phường Lê Đại Hành, Quận Hai Bà Trưng, Thành phố Hà Nội"
01,Hà Nội,007,Hai Bà Trưng,00295,Minh Khai,Phường,"Phường Minh Khai, Quận Hai Bà Trưng, Thành phố Hà Nội"
01,Hà Nội,007,Hai Bà Trưng,00241,Nguyễn Du,Phường,"Phường Nguyễn Du, Quận Hai Bà Trưng, Thành phố Hà Nội"
01,Hà Nội,007,Hai Bà Trưng,00247,Phạm Đình Hổ,Phường,"Phường Phạm Đình Hổ, Quận Hai Bà Trưng, Thành phố Hà Nội"
01,Hà Nội,007,Hai Bà Trưng,00262,Phố Huế,Phường,"Phường Phố Huế, Quận Hai Bà Trưng, Thành phố Hà Nội"
01,Hà Nội,007,Hai Bà Trưng,00289,Quỳnh Mai,Phường,"Phường Quỳnh Mai, Quận Hai Bà Trưng, Thành phố Hà Nội"
01,Hà Nội,007,Hai Bà Trưng,00268,Thanh Lương,Phường,"Phường Thanh Lương, Quận Hai Bà Trưng, Thành phố Hà Nội"
01,Hà Nội,007,Hai Bà Trưng,00271,Thanh Nhàn,Phường,"Phường Thanh Nhàn, Quận Hai Bà Trưng, Thành phố Hà Nội"
01,Hà Nội,007,Hai Bà Trưng,00298,Trương Định,Phường,"Phường Trương Định, Quận Hai Bà Trưng, Thành phố Hà Nội"
01,Hà Nội,007,Hai Bà Trưng,00283,Vĩnh Tuy,Phường,"Phường Vĩnh Tuy, Quận Hai Bà Trưng, Thành phố Hà Nội"
01,Hà Nội,274,Hoài Đức,09877,An Khánh,Xã,"Xã An Khánh, Huyện Hoài Đức, Thành phố Hà Nội"
01,Hà Nội,274,Hoài Đức,09880,An Thượng,Xã,"Xã An Thượng, Huyện Hoài Đức, Thành phố Hà Nội"
01,Hà Nội,274,Hoài Đức,09850,Cát Quế,Xã,"Xã Cát Quế, Huyện Hoài Đức, Thành phố Hà Nội"
01,Hà Nội,274,Hoài Đức,09844,Di Trạch,Xã,"Xã Di Trạch, Huyện Hoài Đức, Thành phố Hà Nội"
01,Hà Nội,274,Hoài Đức,09841,Dương Liễu,Xã,"Xã Dương Liễu, Huyện Hoài Đức, Thành phố Hà Nội"
01,Hà Nội,274,Hoài Đức,09865,Đắc Sở,Xã,"Xã Đắc Sở, Huyện Hoài Đức, Thành phố Hà Nội"
01,Hà Nội,274,Hoài Đức,09892,Đông La,Xã,"Xã Đông La, Huyện Hoài Đức, Thành phố Hà Nội"
01,Hà Nội,274,Hoài Đức,09847,Đức Giang,Xã,"Xã Đức Giang, Huyện Hoài Đức, Thành phố Hà Nội"
01,Hà Nội,274,Hoài Đức,09835,Đức Thượng,Xã,"Xã Đức Thượng, Huyện Hoài Đức, Thành phố Hà Nội"
01,Hà Nội,274,Hoài Đức,09853,Kim Chung,Xã,"Xã Kim Chung, Huyện Hoài Đức, Thành phố Hà Nội"
01,Hà Nội,274,Hoài Đức,09889,La Phù,Xã,"Xã La Phù, Huyện Hoài Đức, Thành phố Hà Nội"
01,Hà Nội,274,Hoài Đức,09868,Lại Yên,Xã,"Xã Lại Yên, Huyện Hoài Đức, Thành phố Hà Nội"
01,Hà Nội,274,Hoài Đức,09838,Minh Khai,Xã,"Xã Minh Khai, Huyện Hoài Đức, Thành phố Hà Nội"
01,Hà Nội,274,Hoài Đức,09859,Sơn Đồng,Xã,"Xã Sơn Đồng, Huyện Hoài Đức, Thành phố Hà Nội"
01,Hà Nội,274,Hoài Đức,09874,Song Phương,Xã,"Xã Song Phương, Huyện Hoài Đức, Thành phố Hà Nội"
01,Hà Nội,274,Hoài Đức,09871,Tiền Yên,Xã,"Xã Tiền Yên, Huyện Hoài Đức, Thành phố Hà Nội"
01,Hà Nội,274,Hoài Đức,09832,Trạm Trôi,Thị trấn,"Thị trấn Trạm Trôi, Huyện Hoài Đức, Thành phố Hà Nội"
01,Hà Nội,274,Hoài Đức,09862,Vân Canh,Xã,"Xã Vân Canh, Huyện Hoài Đức, Thành phố Hà Nội"
01,Hà Nội,274,Hoài Đức,09883,Vân Côn,Xã,"Xã Vân Côn, Huyện Hoài Đức, Thành phố Hà Nội"
01,Hà Nội,274,Hoài Đức,09856,Yên Sở,Xã,"Xã Yên Sở, Huyện Hoài Đức, Thành phố Hà Nội"
01,Hà Nội,002,Hoàn Kiếm,00067,Chương Dương,Phường,"Phường Chương Dương, Quận Hoàn Kiếm, Thành phố Hà Nội"
01,Hà Nội,002,Hoàn Kiếm,00055,Cửa Đông,Phường,"Phường Cửa Đông, Quận Hoàn Kiếm, Thành phố Hà Nội"
01,Hà Nội,002,Hoàn Kiếm,00073,Cửa Nam,Phường,"Phường Cửa Nam, Quận Hoàn Kiếm, Thành phố Hà Nội"
01,Hà Nội,002,Hoàn Kiếm,00040,Đồng Xuân,Phường,"Phường Đồng Xuân, Quận Hoàn Kiếm, Thành phố Hà Nội"
01,Hà Nội,002,Hoàn Kiếm,00061,Hàng Bạc,Phường,"Phường Hàng Bạc, Quận Hoàn Kiếm, Thành phố Hà Nội"
01,Hà Nội,002,Hoàn Kiếm,00088,Hàng Bài,Phường,"Phường Hàng Bài, Quận Hoàn Kiếm, Thành phố Hà Nội"
01,Hà Nội,002,Hoàn Kiếm,00052,Hàng Bồ,Phường,"Phường Hàng Bồ, Quận Hoàn Kiếm, Thành phố Hà Nội"
01,Hà Nội,002,Hoàn Kiếm,00076,Hàng Bông,Phường,"Phường Hàng Bông, Quận Hoàn Kiếm, Thành phố Hà Nội"
01,Hà Nội,002,Hoàn Kiếm,00046,Hàng Buồm,Phường,"Phường Hàng Buồm, Quận Hoàn Kiếm, Thành phố Hà Nội"
01,Hà Nội,002,Hoàn Kiếm,00049,Hàng Đào,Phường,"Phường Hàng Đào, Quận Hoàn Kiếm, Thành phố Hà Nội"
01,Hà Nội,002,Hoàn Kiếm,00064,Hàng Gai,Phường,"Phường Hàng Gai, Quận Hoàn Kiếm, Thành phố Hà Nội"
01,Hà Nội,002,Hoàn Kiếm,00043,Hàng Mã,Phường,"Phường Hàng Mã, Quận Hoàn Kiếm, Thành phố Hà Nội"
01,Hà Nội,002,Hoàn Kiếm,00070,Hàng Trống,Phường,"Phường Hàng Trống, Quận Hoàn Kiếm, Thành phố Hà Nội"
01,Hà Nội,002,Hoàn Kiếm,00058,Lý Thái Tổ,Phường,"Phường Lý Thái Tổ, Quận Hoàn Kiếm, Thành phố Hà Nội"
01,Hà Nội,002,Hoàn Kiếm,00085,Phan Chu Trinh,Phường,"Phường Phan Chu Trinh, Quận Hoàn Kiếm, Thành phố Hà Nội"
01,Hà Nội,002,Hoàn Kiếm,00037,Phúc Tân,Phường,"Phường Phúc Tân, Quận Hoàn Kiếm, Thành phố Hà Nội"
01,Hà Nội,002,Hoàn Kiếm,00082,Trần Hưng Đạo,Phường,"Phường Trần Hưng Đạo, Quận Hoàn Kiếm, Thành phố Hà Nội"
01,Hà Nội,002,Hoàn Kiếm,00079,Tràng Tiền,Phường,"Phường Tràng Tiền, Quận Hoàn Kiếm, Thành phố Hà Nội"
01,Hà Nội,008,Hoàng Mai,00316,Đại Kim,Phường,"Phường Đại Kim, Quận Hoàng Mai, Thành phố Hà Nội"
01,Hà Nội,008,Hoàng Mai,00307,Định Công,Phường,"Phường Định Công, Quận Hoàng Mai, Thành phố Hà Nội"
01,Hà Nội,008,Hoàng Mai,00325,Giáp Bát,Phường,"Phường Giáp Bát, Quận Hoàng Mai, Thành phố Hà Nội"
01,Hà Nội,008,Hoàng Mai,00337,Hoàng Liệt,Phường,"Phường Hoàng Liệt, Quận Hoàng Mai, Thành phố Hà Nội"
01,Hà Nội,008,Hoàng Mai,00322,Hoàng Văn Thụ,Phường,"Phường Hoàng Văn Thụ, Quận Hoàng Mai, Thành phố Hà Nội"
01,Hà Nội,008,Hoàng Mai,00328,Lĩnh Nam,Phường,"Phường Lĩnh Nam, Quận Hoàng Mai, Thành phố Hà Nội"
01,Hà Nội,008,Hoàng Mai,00310,Mai Động,Phường,"Phường Mai Động, Quận Hoàng Mai, Thành phố Hà Nội"
01,Hà Nội,008,Hoàng Mai,00319,Tân Mai,Phường,"Phường Tân Mai, Quận Hoàng Mai, Thành phố Hà Nội"
01,Hà Nội,008,Hoàng Mai,00301,Thanh Trì,Phường,"Phường Thanh Trì, Quận Hoàng Mai, Thành phố Hà Nội"
01,Hà Nội,008,Hoàng Mai,00331,Thịnh Liệt,Phường,"Phường Thịnh Liệt, Quận Hoàng Mai, Thành phố Hà Nội"
01,Hà Nội,008,Hoàng Mai,00334,Trần Phú,Phường,"Phường Trần Phú, Quận Hoàng Mai, Thành phố Hà Nội"
01,Hà Nội,008,Hoàng Mai,00313,Tương Mai,Phường,"Phường Tương Mai, Quận Hoàng Mai, Thành phố Hà Nội"
01,Hà Nội,008,Hoàng Mai,00304,Vĩnh Hưng,Phường,"Phường Vĩnh Hưng, Quận Hoàng Mai, Thành phố Hà Nội"
01,Hà Nội,008,Hoàng Mai,00340,Yên Sở,Phường,"Phường Yên Sở, Quận Hoàng Mai, Thành phố Hà Nội"
01,Hà Nội,004,Long Biên,00139,Bồ Đề,Phường,"Phường Bồ Đề, Quận Long Biên, Thành phố Hà Nội"
01,Hà Nội,004,Long Biên,00154,Cự Khối,Phường,"Phường Cự Khối, Quận Long Biên, Thành phố Hà Nội"
01,Hà Nội,004,Long Biên,00124,Đức Giang,Phường,"Phường Đức Giang, Quận Long Biên, Thành phố Hà Nội"
01,Hà Nội,004,Long Biên,00130,Gia Thụy,Phường,"Phường Gia Thụy, Quận Long Biên, Thành phố Hà Nội"
01,Hà Nội,004,Long Biên,00121,Giang Biên,Phường,"Phường Giang Biên, Quận Long Biên, Thành phố Hà Nội"
01,Hà Nội,004,Long Biên,00145,Long Biên,Phường,"Phường Long Biên, Quận Long Biên, Thành phố Hà Nội"
01,Hà Nội,004,Long Biên,00133,Ngọc Lâm,Phường,"Phường Ngọc Lâm, Quận Long Biên, Thành phố Hà Nội"
01,Hà Nội,004,Long Biên,00118,Ngọc Thụy,Phường,"Phường Ngọc Thụy, Quận Long Biên, Thành phố Hà Nội"
01,Hà Nội,004,Long Biên,00151,Phúc Đồng,Phường,"Phường Phúc Đồng, Quận Long Biên, Thành phố Hà Nội"
01,Hà Nội,004,Long Biên,00136,Phúc Lợi,Phường,"Phường Phúc Lợi, Quận Long Biên, Thành phố Hà Nội"
01,Hà Nội,004,Long Biên,00148,Thạch Bàn,Phường,"Phường Thạch Bàn, Quận Long Biên, Thành phố Hà Nội"
01,Hà Nội,004,Long Biên,00115,Thượng Thanh,Phường,"Phường Thượng Thanh, Quận Long Biên, Thành phố Hà Nội"
01,Hà Nội,004,Long Biên,00127,Việt Hưng,Phường,"Phường Việt Hưng, Quận Long Biên, Thành phố Hà Nội"
01,Hà Nội,250,Mê Linh,08973,Chi Đông,Thị trấn,"Thị trấn Chi Đông, Huyện Mê Linh, Thành phố Hà Nội"
01,Hà Nội,250,Mê Linh,09004,Chu Phan,Xã,"Xã Chu Phan, Huyện Mê Linh, Thành phố Hà Nội"
01,Hà Nội,250,Mê Linh,08974,Đại Thịnh,Xã,"Xã Đại Thịnh, Huyện Mê Linh, Thành phố Hà Nội"
01,Hà Nội,250,Mê Linh,09016,Hoàng Kim,Xã,"Xã Hoàng Kim, Huyện Mê Linh, Thành phố Hà Nội"
01,Hà Nội,250,Mê Linh,08977,Kim Hoa,Xã,"Xã Kim Hoa, Huyện Mê Linh, Thành phố Hà Nội"
01,Hà Nội,250,Mê Linh,08998,Liên Mạc,Xã,"Xã Liên Mạc, Huyện Mê Linh, Thành phố Hà Nội"
01,Hà Nội,250,Mê Linh,09010,Mê Linh,Xã,"Xã Mê Linh, Huyện Mê Linh, Thành phố Hà Nội"
01,Hà Nội,250,Mê Linh,08989,Quang Minh,Thị trấn,"Thị trấn Quang Minh, Huyện Mê Linh, Thành phố Hà Nội"
01,Hà Nội,250,Mê Linh,08995,Tam Đồng,Xã,"Xã Tam Đồng, Huyện Mê Linh, Thành phố Hà Nội"
01,Hà Nội,250,Mê Linh,08980,Thạch Đà,Xã,"Xã Thạch Đà, Huyện Mê Linh, Thành phố Hà Nội"
01,Hà Nội,250,Mê Linh,08992,Thanh Lâm,Xã,"Xã Thanh Lâm, Huyện Mê Linh, Thành phố Hà Nội"
01,Hà Nội,250,Mê Linh,09019,Tiền Phong,Xã,"Xã Tiền Phong, Huyện Mê Linh, Thành phố Hà Nội"
01,Hà Nội,250,Mê Linh,08983,Tiến Thắng,Xã,"Xã Tiến Thắng, Huyện Mê Linh, Thành phố Hà Nội"
01,Hà Nội,250,Mê Linh,09007,Tiến Thịnh,Xã,"Xã Tiến Thịnh, Huyện Mê Linh, Thành phố Hà Nội"
01,Hà Nội,250,Mê Linh,09022,Tráng Việt,Xã,"Xã Tráng Việt, Huyện Mê Linh, Thành phố Hà Nội"
01,Hà Nội,250,Mê Linh,08986,Tự Lập,Xã,"Xã Tự Lập, Huyện Mê Linh, Thành phố Hà Nội"
01,Hà Nội,250,Mê Linh,09013,Văn Khê,Xã,"Xã Văn Khê, Huyện Mê Linh, Thành phố Hà Nội"
01,Hà Nội,282,Mỹ Đức,10462,An Mỹ,Xã,"Xã An Mỹ, Huyện Mỹ Đức, Thành phố Hà Nội"
01,Hà Nội,282,Mỹ Đức,10504,An Phú,Xã,"Xã An Phú, Huyện Mỹ Đức, Thành phố Hà Nội"
01,Hà Nội,282,Mỹ Đức,10495,An Tiến,Xã,"Xã An Tiến, Huyện Mỹ Đức, Thành phố Hà Nội"
01,Hà Nội,282,Mỹ Đức,10480,Đại Hưng,Xã,"Xã Đại Hưng, Huyện Mỹ Đức, Thành phố Hà Nội"
01,Hà Nội,282,Mỹ Đức,10441,Đại Nghĩa,Thị trấn,"Thị trấn Đại Nghĩa, Huyện Mỹ Đức, Thành phố Hà Nội"
01,Hà Nội,282,Mỹ Đức,10444,Đồng Tâm,Xã,"Xã Đồng Tâm, Huyện Mỹ Đức, Thành phố Hà Nội"
01,Hà Nội,282,Mỹ Đức,10465,Hồng Sơn,Xã,"Xã Hồng Sơn, Huyện Mỹ Đức, Thành phố Hà Nội"
01,Hà Nội,282,Mỹ Đức,10501,Hợp Thanh,Xã,"Xã Hợp Thanh, Huyện Mỹ Đức, Thành phố Hà Nội"
01,Hà Nội,282,Mỹ Đức,10498,Hợp Tiến,Xã,"Xã Hợp Tiến, Huyện Mỹ Đức, Thành phố Hà Nội"
01,Hà Nội,282,Mỹ Đức,10492,Hùng Tiến,Xã,"Xã Hùng Tiến, Huyện Mỹ Đức, Thành phố Hà Nội"
01,Hà Nội,282,Mỹ Đức,10489,Hương Sơn,Xã,"Xã Hương Sơn, Huyện Mỹ Đức, Thành phố Hà Nội"
01,Hà Nội,282,Mỹ Đức,10468,Lê Thanh,Xã,"Xã Lê Thanh, Huyện Mỹ Đức, Thành phố Hà Nội"
01,Hà Nội,282,Mỹ Đức,10459,Mỹ Xuyên,Xã,"Xã Mỹ Xuyên, Huyện Mỹ Đức, Thành phố Hà Nội"
01,Hà Nội,282,Mỹ Đức,10477,Phù Lưu Tế,Xã,"Xã Phù Lưu Tế, Huyện Mỹ Đức, Thành phố Hà Nội"
01,Hà Nội,282,Mỹ Đức,10453,Phúc Lâm,Xã,"Xã Phúc Lâm, Huyện Mỹ Đức, Thành phố Hà Nội"
01,Hà Nội,282,Mỹ Đức,10474,Phùng Xá,Xã,"Xã Phùng Xá, Huyện Mỹ Đức, Thành phố Hà Nội"
01,Hà Nội,282,Mỹ Đức,10447,Thượng Lâm,Xã,"Xã Thượng Lâm, Huyện Mỹ Đức, Thành phố Hà Nội"
01,Hà Nội,282,Mỹ Đức,10450,Tuy Lai,Xã,"Xã Tuy Lai, Huyện Mỹ Đức, Thành phố Hà Nội"
01,Hà Nội,282,Mỹ Đức,10483,Vạn Tín,Xã,"Xã Vạn Tín, Huyện Mỹ Đức, Thành phố Hà Nội"
01,Hà Nội,282,Mỹ Đức,10471,Xuy Xá,Xã,"Xã Xuy Xá, Huyện Mỹ Đức, Thành phố Hà Nội"
01,Hà Nội,019,Nam Từ Liêm,00592,Cầu Diễn,Phường,"Phường Cầu Diễn, Quận Nam Từ Liêm, Thành phố Hà Nội"
01,Hà Nội,019,Nam Từ Liêm,00634,Đại Mỗ,Phường,"Phường Đại Mỗ, Quận Nam Từ Liêm, Thành phố Hà Nội"
01,Hà Nội,019,Nam Từ Liêm,00631,Mễ Trì,Phường,"Phường Mễ Trì, Quận Nam Từ Liêm, Thành phố Hà Nội"
01,Hà Nội,019,Nam Từ Liêm,00625,Mỹ Đình 1,Phường,"Phường Mỹ Đình 1, Quận Nam Từ Liêm, Thành phố Hà Nội"
01,Hà Nội,019,Nam Từ Liêm,00626,Mỹ Đình 2,Phường,"Phường Mỹ Đình 2, Quận Nam Từ Liêm, Thành phố Hà Nội"
01,Hà Nội,019,Nam Từ Liêm,00632,Phú Đô,Phường,"Phường Phú Đô, Quận Nam Từ Liêm, Thành phố Hà Nội"
01,Hà Nội,019,Nam Từ Liêm,00623,Phương Canh,Phường,"Phường Phương Canh, Quận Nam Từ Liêm, Thành phố Hà Nội"
01,Hà Nội,019,Nam Từ Liêm,00628,Tây Mỗ,Phường,"Phường Tây Mỗ, Quận Nam Từ Liêm, Thành phố Hà Nội"
01,Hà Nội,019,Nam Từ Liêm,00637,Trung Văn,Phường,"Phường Trung Văn, Quận Nam Từ Liêm, Thành phố Hà Nội"
01,Hà Nội,019,Nam Từ Liêm,00622,Xuân Phương,Phường,"Phường Xuân Phương, Quận Nam Từ Liêm, Thành phố Hà Nội"
01,Hà Nội,280,Phú Xuyên,10342,Bạch Hạ,Xã,"Xã Bạch Hạ, Huyện Phú Xuyên, Thành phố Hà Nội"
01,Hà Nội,280,Phú Xuyên,10348,Châu Can,Xã,"Xã Châu Can, Huyện Phú Xuyên, Thành phố Hà Nội"
01,Hà Nội,280,Phú Xuyên,10321,Chuyên Mỹ,Xã,"Xã Chuyên Mỹ, Huyện Phú Xuyên, Thành phố Hà Nội"
01,Hà Nội,280,Phú Xuyên,10336,Đại Xuyên,Xã,"Xã Đại Xuyên, Huyện Phú Xuyên, Thành phố Hà Nội"
01,Hà Nội,280,Phú Xuyên,10303,Hoàng Long,Xã,"Xã Hoàng Long, Huyện Phú Xuyên, Thành phố Hà Nội"
01,Hà Nội,280,Phú Xuyên,10276,Hồng Minh,Xã,"Xã Hồng Minh, Huyện Phú Xuyên, Thành phố Hà Nội"
01,Hà Nội,280,Phú Xuyên,10300,Hồng Thái,Xã,"Xã Hồng Thái, Huyện Phú Xuyên, Thành phố Hà Nội"
01,Hà Nội,280,Phú Xuyên,10324,Khai Thái,Xã,"Xã Khai Thái, Huyện Phú Xuyên, Thành phố Hà Nội"
01,Hà Nội,280,Phú Xuyên,10351,Minh Tân,Xã,"Xã Minh Tân, Huyện Phú Xuyên, Thành phố Hà Nội"
01,Hà Nội,280,Phú Xuyên,10312,Nam Phong,Xã,"Xã Nam Phong, Huyện Phú Xuyên, Thành phố Hà Nội"
01,Hà Nội,280,Phú Xuyên,10282,Nam Tiến,Xã,"Xã Nam Tiến, Huyện Phú Xuyên, Thành phố Hà Nội"
01,Hà Nội,280,Phú Xuyên,10270,Phú Minh,Thị trấn,"Thị trấn Phú Minh, Huyện Phú Xuyên, Thành phố Hà Nội"
01,Hà Nội,280,Phú Xuyên,10294,Phú Túc,Xã,"Xã Phú Túc, Huyện Phú Xuyên, Thành phố Hà Nội"
01,Hà Nội,280,Phú Xuyên,10273,Phú Xuyên,Thị trấn,"Thị trấn Phú Xuyên, Huyện Phú Xuyên, Thành phố Hà Nội"
01,Hà Nội,280,Phú Xuyên,10339,Phú Yên,Xã,"Xã Phú Yên, Huyện Phú Xuyên, Thành phố Hà Nội"
01,Hà Nội,280,Phú Xuyên,10327,Phúc Tiến,Xã,"Xã Phúc Tiến, Huyện Phú Xuyên, Thành phố Hà Nội"
01,Hà Nội,280,Phú Xuyên,10279,Phượng Dực,Xã,"Xã Phượng Dực, Huyện Phú Xuyên, Thành phố Hà Nội"
01,Hà Nội,280,Phú Xuyên,10318,Quang Hà,Xã,"Xã Quang Hà, Huyện Phú Xuyên, Thành phố Hà Nội"
01,Hà Nội,280,Phú Xuyên,10345,Quang Lãng,Xã,"Xã Quang Lãng, Huyện Phú Xuyên, Thành phố Hà Nội"
01,Hà Nội,280,Phú Xuyên,10315,Tân Dân,Xã,"Xã Tân Dân, Huyện Phú Xuyên, Thành phố Hà Nội"
01,Hà Nội,280,Phú Xuyên,10333,Tri Thủy,Xã,"Xã Tri Thủy, Huyện Phú Xuyên, Thành phố Hà Nội"
01,Hà Nội,280,Phú Xuyên,10291,Văn Hoàng,Xã,"Xã Văn Hoàng, Huyện Phú Xuyên, Thành phố Hà Nội"
01,Hà Nội,280,Phú Xuyên,10330,Vân Từ,Xã,"Xã Vân Từ, Huyện Phú Xuyên, Thành phố Hà Nội"
01,Hà Nội,272,Phúc Thọ,09751,Hát Môn,Xã,"Xã Hát Môn, Huyện Phúc Thọ, Thành phố Hà Nội"
01,Hà Nội,272,Phúc Thọ,09778,Hiệp Thuận,Xã,"Xã Hiệp Thuận, Huyện Phúc Thọ, Thành phố Hà Nội"
01,Hà Nội,272,Phúc Thọ,09781,Liên Hiệp,Xã,"Xã Liên Hiệp, Huyện Phúc Thọ, Thành phố Hà Nội"
01,Hà Nội,272,Phúc Thọ,09745,Long Thượng,Xã,"Xã Long Thượng, Huyện Phúc Thọ, Thành phố Hà Nội"
01,Hà Nội,272,Phúc Thọ,09724,Nam Hà,Xã,"Xã Nam Hà, Huyện Phúc Thọ, Thành phố Hà Nội"
01,Hà Nội,272,Phúc Thọ,09766,Ngọc Tảo,Xã,"Xã Ngọc Tảo, Huyện Phúc Thọ, Thành phố Hà Nội"
01,Hà Nội,272,Phúc Thọ,09763,Phúc Hòa,Xã,"Xã Phúc Hòa, Huyện Phúc Thọ, Thành phố Hà Nội"
01,Hà Nội,272,Phúc Thọ,09715,Phúc Thọ,Thị trấn,"Thị trấn Phúc Thọ, Huyện Phúc Thọ, Thành phố Hà Nội"
01,Hà Nội,272,Phúc Thọ,09769,Phụng Thượng,Xã,"Xã Phụng Thượng, Huyện Phúc Thọ, Thành phố Hà Nội"
01,Hà Nội,272,Phúc Thọ,09733,Sen Phương,Xã,"Xã Sen Phương, Huyện Phúc Thọ, Thành phố Hà Nội"
01,Hà Nội,272,Phúc Thọ,09775,Tam Hiệp,Xã,"Xã Tam Hiệp, Huyện Phúc Thọ, Thành phố Hà Nội"
01,Hà Nội,272,Phúc Thọ,09772,Tam Thuấn,Xã,"Xã Tam Thuấn, Huyện Phúc Thọ, Thành phố Hà Nội"
01,Hà Nội,272,Phúc Thọ,09757,Thanh Đa,Xã,"Xã Thanh Đa, Huyện Phúc Thọ, Thành phố Hà Nội"
01,Hà Nội,272,Phúc Thọ,09742,Tích Lộc,Xã,"Xã Tích Lộc, Huyện Phúc Thọ, Thành phố Hà Nội"
01,Hà Nội,272,Phúc Thọ,09760,Trạch Mỹ Lộc,Xã,"Xã Trạch Mỹ Lộc, Huyện Phúc Thọ, Thành phố Hà Nội"
01,Hà Nội,272,Phúc Thọ,09721,Vân Phúc,Xã,"Xã Vân Phúc, Huyện Phúc Thọ, Thành phố Hà Nội"
01,Hà Nội,272,Phúc Thọ,09739,Võng Xuyên,Xã,"Xã Võng Xuyên, Huyện Phúc Thọ, Thành phố Hà Nội"
01,Hà Nội,272,Phúc Thọ,09727,Xuân Đình,Xã,"Xã Xuân Đình, Huyện Phúc Thọ, Thành phố Hà Nội"
01,Hà Nội,275,Quốc Oai,09943,Cấn Hữu,Xã,"Xã Cấn Hữu, Huyện Quốc Oai, Thành phố Hà Nội"
01,Hà Nội,275,Quốc Oai,09931,Cộng Hòa,Xã,"Xã Cộng Hòa, Huyện Quốc Oai, Thành phố Hà Nội"
01,Hà Nội,275,Quốc Oai,09919,Đồng Quang,Xã,"Xã Đồng Quang, Huyện Quốc Oai, Thành phố Hà Nội"
01,Hà Nội,275,Quốc Oai,04939,Đông Xuân,Xã,"Xã Đông Xuân, Huyện Quốc Oai, Thành phố Hà Nội"
01,Hà Nội,275,Quốc Oai,09952,Đông Yên,Xã,"Xã Đông Yên, Huyện Quốc Oai, Thành phố Hà Nội"
01,Hà Nội,275,Quốc Oai,09949,Hòa Thạch,Xã,"Xã Hòa Thạch, Huyện Quốc Oai, Thành phố Hà Nội"
01,Hà Nội,275,Quốc Oai,09934,Hưng Đạo,Xã,"Xã Hưng Đạo, Huyện Quốc Oai, Thành phố Hà Nội"
01,Hà Nội,275,Quốc Oai,09928,Liệp Nghĩa,Xã,"Xã Liệp Nghĩa, Huyện Quốc Oai, Thành phố Hà Nội"
01,Hà Nội,275,Quốc Oai,09907,Ngọc Liệp,Xã,"Xã Ngọc Liệp, Huyện Quốc Oai, Thành phố Hà Nội"
01,Hà Nội,275,Quốc Oai,09910,Ngọc Mỹ,Xã,"Xã Ngọc Mỹ, Huyện Quốc Oai, Thành phố Hà Nội"
01,Hà Nội,275,Quốc Oai,09922,Phú Cát,Xã,"Xã Phú Cát, Huyện Quốc Oai, Thành phố Hà Nội"
01,Hà Nội,275,Quốc Oai,09940,Phú Mãn,Xã,"Xã Phú Mãn, Huyện Quốc Oai, Thành phố Hà Nội"
01,Hà Nội,275,Quốc Oai,09904,Phượng Sơn,Xã,"Xã Phượng Sơn, Huyện Quốc Oai, Thành phố Hà Nội"
01,Hà Nội,275,Quốc Oai,09895,Quốc Oai,Thị trấn,"Thị trấn Quốc Oai, Huyện Quốc Oai, Thành phố Hà Nội"
01,Hà Nội,275,Quốc Oai,09898,Sài Sơn,Xã,"Xã Sài Sơn, Huyện Quốc Oai, Thành phố Hà Nội"
01,Hà Nội,275,Quốc Oai,09916,Thạch Thán,Xã,"Xã Thạch Thán, Huyện Quốc Oai, Thành phố Hà Nội"
01,Hà Nội,275,Quốc Oai,09925,Tuyết Nghĩa,Xã,"Xã Tuyết Nghĩa, Huyện Quốc Oai, Thành phố Hà Nội"
01,Hà Nội,016,Sóc Sơn,00403,Bắc Phú,Xã,"Xã Bắc Phú, Huyện Sóc Sơn, Thành phố Hà Nội"
01,Hà Nội,016,Sóc Sơn,00379,Bắc Sơn,Xã,"Xã Bắc Sơn, Huyện Sóc Sơn, Thành phố Hà Nội"
01,Hà Nội,016,Sóc Sơn,00436,Đông Xuân,Xã,"Xã Đông Xuân, Huyện Sóc Sơn, Thành phố Hà Nội"
01,Hà Nội,016,Sóc Sơn,00430,Đức Hoà,Xã,"Xã Đức Hoà, Huyện Sóc Sơn, Thành phố Hà Nội"
01,Hà Nội,016,Sóc Sơn,00412,Hiền Ninh,Xã,"Xã Hiền Ninh, Huyện Sóc Sơn, Thành phố Hà Nội"
01,Hà Nội,016,Sóc Sơn,00385,Hồng Kỳ,Xã,"Xã Hồng Kỳ, Huyện Sóc Sơn, Thành phố Hà Nội"
01,Hà Nội,016,Sóc Sơn,00439,Kim Lũ,Xã,"Xã Kim Lũ, Huyện Sóc Sơn, Thành phố Hà Nội"
01,Hà Nội,016,Sóc Sơn,00427,Mai Đình,Xã,"Xã Mai Đình, Huyện Sóc Sơn, Thành phố Hà Nội"
01,Hà Nội,016,Sóc Sơn,00397,Minh Phú,Xã,"Xã Minh Phú, Huyện Sóc Sơn, Thành phố Hà Nội"
01,Hà Nội,016,Sóc Sơn,00382,Minh Trí,Xã,"Xã Minh Trí, Huyện Sóc Sơn, Thành phố Hà Nội"
01,Hà Nội,016,Sóc Sơn,00388,Nam Sơn,Xã,"Xã Nam Sơn, Huyện Sóc Sơn, Thành phố Hà Nội"
01,Hà Nội,016,Sóc Sơn,00442,Phú Cường,Xã,"Xã Phú Cường, Huyện Sóc Sơn, Thành phố Hà Nội"
01,Hà Nội,016,Sóc Sơn,00400,Phù Linh,Xã,"Xã Phù Linh, Huyện Sóc Sơn, Thành phố Hà Nội"
01,Hà Nội,016,Sóc Sơn,00448,Phù Lỗ,Xã,"Xã Phù Lỗ, Huyện Sóc Sơn, Thành phố Hà Nội"
01,Hà Nội,016,Sóc Sơn,00445,Phú Minh,Xã,"Xã Phú Minh, Huyện Sóc Sơn, Thành phố Hà Nội"
01,Hà Nội,016,Sóc Sơn,00409,Quang Tiến,Xã,"Xã Quang Tiến, Huyện Sóc Sơn, Thành phố Hà Nội"
01,Hà Nội,016,Sóc Sơn,00376,Sóc Sơn,Thị trấn,"Thị trấn Sóc Sơn, Huyện Sóc Sơn, Thành phố Hà Nội"
01,Hà Nội,016,Sóc Sơn,00415,Tân Dân,Xã,"Xã Tân Dân, Huyện Sóc Sơn, Thành phố Hà Nội"
01,Hà Nội,016,Sóc Sơn,00394,Tân Hưng,Xã,"Xã Tân Hưng, Huyện Sóc Sơn, Thành phố Hà Nội"
01,Hà Nội,016,Sóc Sơn,00406,Tân Minh,Xã,"Xã Tân Minh, Huyện Sóc Sơn, Thành phố Hà Nội"
01,Hà Nội,016,Sóc Sơn,00433,Thanh Xuân,Xã,"Xã Thanh Xuân, Huyện Sóc Sơn, Thành phố Hà Nội"
01,Hà Nội,016,Sóc Sơn,00418,Tiên Dược,Xã,"Xã Tiên Dược, Huyện Sóc Sơn, Thành phố Hà Nội"
01,Hà Nội,016,Sóc Sơn,00391,Trung Giã,Xã,"Xã Trung Giã, Huyện Sóc Sơn, Thành phố Hà Nội"
01,Hà Nội,016,Sóc Sơn,00421,Việt Long,Xã,"Xã Việt Long, Huyện Sóc Sơn, Thành phố Hà Nội"
01,Hà Nội,016,Sóc Sơn,00424,Xuân Giang,Xã,"Xã Xuân Giang, Huyện Sóc Sơn, Thành phố Hà Nội"
01,Hà Nội,016,Sóc Sơn,00451,Xuân Thu,Xã,"Xã Xuân Thu, Huyện Sóc Sơn, Thành phố Hà Nội"
01,Hà Nội,269,Sơn Tây,09616,Cổ Đông,Xã,"Xã Cổ Đông, Thị xã Sơn Tây, Thành phố Hà Nội"
01,Hà Nội,269,Sơn Tây,09592,Đường Lâm,Xã,"Xã Đường Lâm, Thị xã Sơn Tây, Thành phố Hà Nội"
01,Hà Nội,269,Sơn Tây,09610,Kim Sơn,Xã,"Xã Kim Sơn, Thị xã Sơn Tây, Thành phố Hà Nội"
01,Hà Nội,269,Sơn Tây,09574,Ngô Quyền,Phường,"Phường Ngô Quyền, Thị xã Sơn Tây, Thành phố Hà Nội"
01,Hà Nội,269,Sơn Tây,09577,Phú Thịnh,Phường,"Phường Phú Thịnh, Thị xã Sơn Tây, Thành phố Hà Nội"
01,Hà Nội,269,Sơn Tây,09613,Sơn Đông,Xã,"Xã Sơn Đông, Thị xã Sơn Tây, Thành phố Hà Nội"
01,Hà Nội,269,Sơn Tây,09586,Sơn Lộc,Phường,"Phường Sơn Lộc, Thị xã Sơn Tây, Thành phố Hà Nội"
01,Hà Nội,269,Sơn Tây,09604,Thanh Mỹ,Xã,"Xã Thanh Mỹ, Thị xã Sơn Tây, Thành phố Hà Nội"
01,Hà Nội,269,Sơn Tây,09601,Trung Hưng,Phường,"Phường Trung Hưng, Thị xã Sơn Tây, Thành phố Hà Nội"
01,Hà Nội,269,Sơn Tây,09607,Trung Sơn Trầm,Phường,"Phường Trung Sơn Trầm, Thị xã Sơn Tây, Thành phố Hà Nội"
01,Hà Nội,269,Sơn Tây,09595,Viên Sơn,Phường,"Phường Viên Sơn, Thị xã Sơn Tây, Thành phố Hà Nội"
01,Hà Nội,269,Sơn Tây,09589,Xuân Khanh,Phường,"Phường Xuân Khanh, Thị xã Sơn Tây, Thành phố Hà Nội"
01,Hà Nội,269,Sơn Tây,09598,Xuân Sơn,Xã,"Xã Xuân Sơn, Thị xã Sơn Tây, Thành phố Hà Nội"
01,Hà Nội,003,Tây Hồ,00109,Bưởi,Phường,"Phường Bưởi, Quận Tây Hồ, Thành phố Hà Nội"
01,Hà Nội,003,Tây Hồ,00094,Nhật Tân,Phường,"Phường Nhật Tân, Quận Tây Hồ, Thành phố Hà Nội"
01,Hà Nội,003,Tây Hồ,00091,Phú Thượng,Phường,"Phường Phú Thượng, Quận Tây Hồ, Thành phố Hà Nội"
01,Hà Nội,003,Tây Hồ,00100,Quảng An,Phường,"Phường Quảng An, Quận Tây Hồ, Thành phố Hà Nội"
01,Hà Nội,003,Tây Hồ,00112,Thụy Khuê,Phường,"Phường Thụy Khuê, Quận Tây Hồ, Thành phố Hà Nội"
01,Hà Nội,003,Tây Hồ,00097,Tứ Liên,Phường,"Phường Tứ Liên, Quận Tây Hồ, Thành phố Hà Nội"
01,Hà Nội,003,Tây Hồ,00103,Xuân La,Phường,"Phường Xuân La, Quận Tây Hồ, Thành phố Hà Nội"
01,Hà Nội,003,Tây Hồ,00106,Yên Phụ,Phường,"Phường Yên Phụ, Quận Tây Hồ, Thành phố Hà Nội"
01,Hà Nội,276,Thạch Thất,09982,Bình Yên,Xã,"Xã Bình Yên, Huyện Thạch Thất, Thành phố Hà Nội"
01,Hà Nội,276,Thạch Thất,09961,Cẩm Yên,Xã,"Xã Cẩm Yên, Huyện Thạch Thất, Thành phố Hà Nội"
01,Hà Nội,276,Thạch Thất,09991,Cần Kiệm,Xã,"Xã Cần Kiệm, Huyện Thạch Thất, Thành phố Hà Nội"
01,Hà Nội,276,Thạch Thất,09958,Đại Đồng,Xã,"Xã Đại Đồng, Huyện Thạch Thất, Thành phố Hà Nội"
01,Hà Nội,276,Thạch Thất,10012,Đồng Trúc,Xã,"Xã Đồng Trúc, Huyện Thạch Thất, Thành phố Hà Nội"
01,Hà Nội,276,Thạch Thất,10009,Hạ Bằng,Xã,"Xã Hạ Bằng, Huyện Thạch Thất, Thành phố Hà Nội"
01,Hà Nội,276,Thạch Thất,09970,Hương Ngải,Xã,"Xã Hương Ngải, Huyện Thạch Thất, Thành phố Hà Nội"
01,Hà Nội,276,Thạch Thất,09976,Kim Quan,Xã,"Xã Kim Quan, Huyện Thạch Thất, Thành phố Hà Nội"
01,Hà Nội,276,Thạch Thất,09964,Lại Thượng,Xã,"Xã Lại Thượng, Huyện Thạch Thất, Thành phố Hà Nội"
01,Hà Nội,276,Thạch Thất,09973,Lam Sơn,Xã,"Xã Lam Sơn, Huyện Thạch Thất, Thành phố Hà Nội"
01,Hà Nội,276,Thạch Thất,09955,Liên Quan,Thị trấn,"Thị trấn Liên Quan, Huyện Thạch Thất, Thành phố Hà Nội"
01,Hà Nội,276,Thạch Thất,09967,Phú Kim,Xã,"Xã Phú Kim, Huyện Thạch Thất, Thành phố Hà Nội"
01,Hà Nội,276,Thạch Thất,09997,Phùng Xá,Xã,"Xã Phùng Xá, Huyện Thạch Thất, Thành phố Hà Nội"
01,Hà Nội,276,Thạch Thất,10006,Quang Trung,Xã,"Xã Quang Trung, Huyện Thạch Thất, Thành phố Hà Nội"
01,Hà Nội,276,Thạch Thất,10000,Tân Xã,Xã,"Xã Tân Xã, Huyện Thạch Thất, Thành phố Hà Nội"
01,Hà Nội,276,Thạch Thất,09988,Thạch Hoà,Xã,"Xã Thạch Hoà, Huyện Thạch Thất, Thành phố Hà Nội"
01,Hà Nội,276,Thạch Thất,10003,Thạch Xá,Xã,"Xã Thạch Xá, Huyện Thạch Thất, Thành phố Hà Nội"
01,Hà Nội,276,Thạch Thất,04936,Tiến Xuân,Xã,"Xã Tiến Xuân, Huyện Thạch Thất, Thành phố Hà Nội"
01,Hà Nội,276,Thạch Thất,04930,Yên Bình,Xã,"Xã Yên Bình, Huyện Thạch Thất, Thành phố Hà Nội"
01,Hà Nội,276,Thạch Thất,04927,Yên Trung,Xã,"Xã Yên Trung, Huyện Thạch Thất, Thành phố Hà Nội"
01,Hà Nội,278,Thanh Oai,10126,Bích Hòa,Xã,"Xã Bích Hòa, Huyện Thanh Oai, Thành phố Hà Nội"
01,Hà Nội,278,Thanh Oai,10135,Bình Minh,Xã,"Xã Bình Minh, Huyện Thanh Oai, Thành phố Hà Nội"
01,Hà Nội,278,Thanh Oai,10132,Cao Viên,Xã,"Xã Cao Viên, Huyện Thanh Oai, Thành phố Hà Nội"
01,Hà Nội,278,Thanh Oai,10174,Cao Xuân Dương,Xã,"Xã Cao Xuân Dương, Huyện Thanh Oai, Thành phố Hà Nội"
01,Hà Nội,278,Thanh Oai,10120,Cự Khê,Xã,"Xã Cự Khê, Huyện Thanh Oai, Thành phố Hà Nội"
01,Hà Nội,278,Thanh Oai,10168,Dân Hòa,Xã,"Xã Dân Hòa, Huyện Thanh Oai, Thành phố Hà Nội"
01,Hà Nội,278,Thanh Oai,10153,Đỗ Động,Xã,"Xã Đỗ Động, Huyện Thanh Oai, Thành phố Hà Nội"
01,Hà Nội,278,Thanh Oai,10180,Hồng Dương,Xã,"Xã Hồng Dương, Huyện Thanh Oai, Thành phố Hà Nội"
01,Hà Nội,278,Thanh Oai,10156,Kim An,Xã,"Xã Kim An, Huyện Thanh Oai, Thành phố Hà Nội"
01,Hà Nội,278,Thanh Oai,10114,Kim Bài,Thị trấn,"Thị trấn Kim Bài, Huyện Thanh Oai, Thành phố Hà Nội"
01,Hà Nội,278,Thanh Oai,10159,Kim Thư,Xã,"Xã Kim Thư, Huyện Thanh Oai, Thành phố Hà Nội"
01,Hà Nội,278,Thanh Oai,10171,Liên Châu,Xã,"Xã Liên Châu, Huyện Thanh Oai, Thành phố Hà Nội"
01,Hà Nội,278,Thanh Oai,10129,Mỹ Hưng,Xã,"Xã Mỹ Hưng, Huyện Thanh Oai, Thành phố Hà Nội"
01,Hà Nội,278,Thanh Oai,10162,Phương Trung,Xã,"Xã Phương Trung, Huyện Thanh Oai, Thành phố Hà Nội"
01,Hà Nội,278,Thanh Oai,10138,Tam Hưng,Xã,"Xã Tam Hưng, Huyện Thanh Oai, Thành phố Hà Nội"
01,Hà Nội,278,Thanh Oai,10165,Tân Ước,Xã,"Xã Tân Ước, Huyện Thanh Oai, Thành phố Hà Nội"
01,Hà Nội,278,Thanh Oai,10141,Thanh Cao,Xã,"Xã Thanh Cao, Huyện Thanh Oai, Thành phố Hà Nội"
01,Hà Nội,278,Thanh Oai,10147,Thanh Mai,Xã,"Xã Thanh Mai, Huyện Thanh Oai, Thành phố Hà Nội"
01,Hà Nội,278,Thanh Oai,10144,Thanh Thùy,Xã,"Xã Thanh Thùy, Huyện Thanh Oai, Thành phố Hà Nội"
01,Hà Nội,278,Thanh Oai,10150,Thanh Văn,Xã,"Xã Thanh Văn, Huyện Thanh Oai, Thành phố Hà Nội"
01,Hà Nội,020,Thanh Trì,00670,Duyên Hà,Xã,"Xã Duyên Hà, Huyện Thanh Trì, Thành phố Hà Nội"
01,Hà Nội,020,Thanh Trì,00679,Đại áng,Xã,"Xã Đại áng, Huyện Thanh Trì, Thành phố Hà Nội"
01,Hà Nội,020,Thanh Trì,00685,Đông Mỹ,Xã,"Xã Đông Mỹ, Huyện Thanh Trì, Thành phố Hà Nội"
01,Hà Nội,020,Thanh Trì,00652,Hữu Hoà,Xã,"Xã Hữu Hoà, Huyện Thanh Trì, Thành phố Hà Nội"
01,Hà Nội,020,Thanh Trì,00682,Liên Ninh,Xã,"Xã Liên Ninh, Huyện Thanh Trì, Thành phố Hà Nội"
01,Hà Nội,020,Thanh Trì,00673,Ngọc Hồi,Xã,"Xã Ngọc Hồi, Huyện Thanh Trì, Thành phố Hà Nội"
01,Hà Nội,020,Thanh Trì,00667,Ngũ Hiệp,Xã,"Xã Ngũ Hiệp, Huyện Thanh Trì, Thành phố Hà Nội"
01,Hà Nội,020,Thanh Trì,00649,Tả Thanh Oai,Xã,"Xã Tả Thanh Oai, Huyện Thanh Trì, Thành phố Hà Nội"
01,Hà Nội,020,Thanh Trì,00655,Tam Hiệp,Xã,"Xã Tam Hiệp, Huyện Thanh Trì, Thành phố Hà Nội"
01,Hà Nội,020,Thanh Trì,00643,Tân Triều,Xã,"Xã Tân Triều, Huyện Thanh Trì, Thành phố Hà Nội"
01,Hà Nội,020,Thanh Trì,00646,Thanh Liệt,Xã,"Xã Thanh Liệt, Huyện Thanh Trì, Thành phố Hà Nội"
01,Hà Nội,020,Thanh Trì,00658,Tứ Hiệp,Xã,"Xã Tứ Hiệp, Huyện Thanh Trì, Thành phố Hà Nội"
01,Hà Nội,020,Thanh Trì,00640,Văn Điển,Thị trấn,"Thị trấn Văn Điển, Huyện Thanh Trì, Thành phố Hà Nội"
01,Hà Nội,020,Thanh Trì,00676,Vạn Phúc,Xã,"Xã Vạn Phúc, Huyện Thanh Trì, Thành phố Hà Nội"
01,Hà Nội,020,Thanh Trì,00664,Vĩnh Quỳnh,Xã,"Xã Vĩnh Quỳnh, Huyện Thanh Trì, Thành phố Hà Nội"
01,Hà Nội,020,Thanh Trì,00661,Yên Mỹ,Xã,"Xã Yên Mỹ, Huyện Thanh Trì, Thành phố Hà Nội"
01,Hà Nội,009,Thanh Xuân,00373,Hạ Đình,Phường,"Phường Hạ Đình, Quận Thanh Xuân, Thành phố Hà Nội"
01,Hà Nội,009,Thanh Xuân,00364,Khương Đình,Phường,"Phường Khương Đình, Quận Thanh Xuân, Thành phố Hà Nội"
01,Hà Nội,009,Thanh Xuân,00352,Khương Mai,Phường,"Phường Khương Mai, Quận Thanh Xuân, Thành phố Hà Nội"
01,Hà Nội,009,Thanh Xuân,00349,Khương Trung,Phường,"Phường Khương Trung, Quận Thanh Xuân, Thành phố Hà Nội"
01,Hà Nội,009,Thanh Xuân,00343,Nhân Chính,Phường,"Phường Nhân Chính, Quận Thanh Xuân, Thành phố Hà Nội"
01,Hà Nội,009,Thanh Xuân,00358,Phương Liệt,Phường,"Phường Phương Liệt, Quận Thanh Xuân, Thành phố Hà Nội"
01,Hà Nội,009,Thanh Xuân,00367,Thanh Xuân Bắc,Phường,"Phường Thanh Xuân Bắc, Quận Thanh Xuân, Thành phố Hà Nội"
01,Hà Nội,009,Thanh Xuân,00355,Thanh Xuân Trung,Phường,"Phường Thanh Xuân Trung, Quận Thanh Xuân, Thành phố Hà Nội"
01,Hà Nội,009,Thanh Xuân,00346,Thượng Đình,Phường,"Phường Thượng Đình, Quận Thanh Xuân, Thành phố Hà Nội"
01,Hà Nội,279,Thường Tín,10237,Chương Dương,Xã,"Xã Chương Dương, Huyện Thường Tín, Thành phố Hà Nội"
01,Hà Nội,279,Thường Tín,10249,Dũng Tiến,Xã,"Xã Dũng Tiến, Huyện Thường Tín, Thành phố Hà Nội"
01,Hà Nội,279,Thường Tín,10192,Duyên Thái,Xã,"Xã Duyên Thái, Huyện Thường Tín, Thành phố Hà Nội"
01,Hà Nội,279,Thường Tín,10225,Hà Hồi,Xã,"Xã Hà Hồi, Huyện Thường Tín, Thành phố Hà Nội"
01,Hà Nội,279,Thường Tín,10204,Hiền Giang,Xã,"Xã Hiền Giang, Huyện Thường Tín, Thành phố Hà Nội"
01,Hà Nội,279,Thường Tín,10198,Hòa Bình,Xã,"Xã Hòa Bình, Huyện Thường Tín, Thành phố Hà Nội"
01,Hà Nội,279,Thường Tín,10207,Hồng Vân,Xã,"Xã Hồng Vân, Huyện Thường Tín, Thành phố Hà Nội"
01,Hà Nội,279,Thường Tín,10195,Khánh Hà,Xã,"Xã Khánh Hà, Huyện Thường Tín, Thành phố Hà Nội"
01,Hà Nội,279,Thường Tín,10243,Lê Lợi,Xã,"Xã Lê Lợi, Huyện Thường Tín, Thành phố Hà Nội"
01,Hà Nội,279,Thường Tín,10213,Liên Phương,Xã,"Xã Liên Phương, Huyện Thường Tín, Thành phố Hà Nội"
01,Hà Nội,279,Thường Tín,10267,Minh Cường,Xã,"Xã Minh Cường, Huyện Thường Tín, Thành phố Hà Nội"
01,Hà Nội,279,Thường Tín,10255,Nghiêm Xuyên,Xã,"Xã Nghiêm Xuyên, Huyện Thường Tín, Thành phố Hà Nội"
01,Hà Nội,279,Thường Tín,10231,Nguyễn Trãi,Xã,"Xã Nguyễn Trãi, Huyện Thường Tín, Thành phố Hà Nội"
01,Hà Nội,279,Thường Tín,10189,Nhị Khê,Xã,"Xã Nhị Khê, Huyện Thường Tín, Thành phố Hà Nội"
01,Hà Nội,279,Thường Tín,10186,Ninh Sở,Xã,"Xã Ninh Sở, Huyện Thường Tín, Thành phố Hà Nội"
01,Hà Nội,279,Thường Tín,10234,Quất Động,Xã,"Xã Quất Động, Huyện Thường Tín, Thành phố Hà Nội"
01,Hà Nội,279,Thường Tín,10240,Tân Minh,Xã,"Xã Tân Minh, Huyện Thường Tín, Thành phố Hà Nội"
01,Hà Nội,279,Thường Tín,10246,Thắng Lợi,Xã,"Xã Thắng Lợi, Huyện Thường Tín, Thành phố Hà Nội"
01,Hà Nội,279,Thường Tín,10183,Thường Tín,Thị trấn,"Thị trấn Thường Tín, Huyện Thường Tín, Thành phố Hà Nội"
01,Hà Nội,279,Thường Tín,10222,Tiền Phong,Xã,"Xã Tiền Phong, Huyện Thường Tín, Thành phố Hà Nội"
01,Hà Nội,279,Thường Tín,10258,Tô Hiệu,Xã,"Xã Tô Hiệu, Huyện Thường Tín, Thành phố Hà Nội"
01,Hà Nội,279,Thường Tín,10219,Tự Nhiên,Xã,"Xã Tự Nhiên, Huyện Thường Tín, Thành phố Hà Nội"
01,Hà Nội,279,Thường Tín,10201,Văn Bình,Xã,"Xã Văn Bình, Huyện Thường Tín, Thành phố Hà Nội"
01,Hà Nội,279,Thường Tín,10264,Vạn Nhất,Xã,"Xã Vạn Nhất, Huyện Thường Tín, Thành phố Hà Nội"
01,Hà Nội,279,Thường Tín,10216,Văn Phú,Xã,"Xã Văn Phú, Huyện Thường Tín, Thành phố Hà Nội"
01,Hà Nội,279,Thường Tín,10210,Vân Tảo,Xã,"Xã Vân Tảo, Huyện Thường Tín, Thành phố Hà Nội"
01,Hà Nội,279,Thường Tín,10261,Văn Tự,Xã,"Xã Văn Tự, Huyện Thường Tín, Thành phố Hà Nội"
01,Hà Nội,281,Ứng Hòa,10435,Bình Lưu Quang,Xã,"Xã Bình Lưu Quang, Huyện Ứng Hòa, Thành phố Hà Nội"
01,Hà Nội,281,Ứng Hòa,10378,Cao Sơn Tiến,Xã,"Xã Cao Sơn Tiến, Huyện Ứng Hòa, Thành phố Hà Nội"
01,Hà Nội,281,Ứng Hòa,10432,Đại Cường,Xã,"Xã Đại Cường, Huyện Ứng Hòa, Thành phố Hà Nội"
01,Hà Nội,281,Ứng Hòa,10423,Đại Hùng,Xã,"Xã Đại Hùng, Huyện Ứng Hòa, Thành phố Hà Nội"
01,Hà Nội,281,Ứng Hòa,10426,Đông Lỗ,Xã,"Xã Đông Lỗ, Huyện Ứng Hòa, Thành phố Hà Nội"
01,Hà Nội,281,Ứng Hòa,10390,Đồng Tân,Xã,"Xã Đồng Tân, Huyện Ứng Hòa, Thành phố Hà Nội"
01,Hà Nội,281,Ứng Hòa,10417,Hòa Phú,Xã,"Xã Hòa Phú, Huyện Ứng Hòa, Thành phố Hà Nội"
01,Hà Nội,281,Ứng Hòa,10363,Hoa Viên,Xã,"Xã Hoa Viên, Huyện Ứng Hòa, Thành phố Hà Nội"
01,Hà Nội,281,Ứng Hòa,10411,Kim Đường,Xã,"Xã Kim Đường, Huyện Ứng Hòa, Thành phố Hà Nội"
01,Hà Nội,281,Ứng Hòa,10375,Liên Bạt,Xã,"Xã Liên Bạt, Huyện Ứng Hòa, Thành phố Hà Nội"
01,Hà Nội,281,Ứng Hòa,10399,Minh Đức,Xã,"Xã Minh Đức, Huyện Ứng Hòa, Thành phố Hà Nội"
01,Hà Nội,281,Ứng Hòa,10429,Phù Lưu,Xã,"Xã Phù Lưu, Huyện Ứng Hòa, Thành phố Hà Nội"
01,Hà Nội,281,Ứng Hòa,10384,Phương Tú,Xã,"Xã Phương Tú, Huyện Ứng Hòa, Thành phố Hà Nội"
01,Hà Nội,281,Ứng Hòa,10366,Quảng Phú Cầu,Xã,"Xã Quảng Phú Cầu, Huyện Ứng Hòa, Thành phố Hà Nội"
01,Hà Nội,281,Ứng Hòa,10393,Tảo Dương Văn,Xã,"Xã Tảo Dương Văn, Huyện Ứng Hòa, Thành phố Hà Nội"
01,Hà Nội,281,Ứng Hòa,10396,Thái Hòa,Xã,"Xã Thái Hòa, Huyện Ứng Hòa, Thành phố Hà Nội"
01,Hà Nội,281,Ứng Hòa,10402,Trầm Lộng,Xã,"Xã Trầm Lộng, Huyện Ứng Hòa, Thành phố Hà Nội"
01,Hà Nội,281,Ứng Hòa,10387,Trung Tú,Xã,"Xã Trung Tú, Huyện Ứng Hòa, Thành phố Hà Nội"
01,Hà Nội,281,Ứng Hòa,10369,Trường Thịnh,Xã,"Xã Trường Thịnh, Huyện Ứng Hòa, Thành phố Hà Nội"
01,Hà Nội,281,Ứng Hòa,10354,Vân Đình,Thị trấn,"Thị trấn Vân Đình, Huyện Ứng Hòa, Thành phố Hà Nội"
42,Hà Tĩnh,446,Cẩm Xuyên,18715,Cẩm Duệ,Xã,"Xã Cẩm Duệ, Huyện Cẩm Xuyên, Tỉnh Hà Tĩnh"
42,Hà Tĩnh,446,Cẩm Xuyên,18682,Cẩm Dương,Xã,"Xã Cẩm Dương, Huyện Cẩm Xuyên, Tỉnh Hà Tĩnh"
42,Hà Tĩnh,446,Cẩm Xuyên,18727,Cẩm Hà,Xã,"Xã Cẩm Hà, Huyện Cẩm Xuyên, Tỉnh Hà Tĩnh"
42,Hà Tĩnh,446,Cẩm Xuyên,18733,Cẩm Hưng,Xã,"Xã Cẩm Hưng, Huyện Cẩm Xuyên, Tỉnh Hà Tĩnh"
42,Hà Tĩnh,446,Cẩm Xuyên,18748,Cẩm Lạc,Xã,"Xã Cẩm Lạc, Huyện Cẩm Xuyên, Tỉnh Hà Tĩnh"
42,Hà Tĩnh,446,Cẩm Xuyên,18721,Cẩm Lĩnh,Xã,"Xã Cẩm Lĩnh, Huyện Cẩm Xuyên, Tỉnh Hà Tĩnh"
42,Hà Tĩnh,446,Cẩm Xuyên,18730,Cẩm Lộc,Xã,"Xã Cẩm Lộc, Huyện Cẩm Xuyên, Tỉnh Hà Tĩnh"
42,Hà Tĩnh,446,Cẩm Xuyên,18751,Cẩm Minh,Xã,"Xã Cẩm Minh, Huyện Cẩm Xuyên, Tỉnh Hà Tĩnh"
42,Hà Tĩnh,446,Cẩm Xuyên,18739,Cẩm Mỹ,Xã,"Xã Cẩm Mỹ, Huyện Cẩm Xuyên, Tỉnh Hà Tĩnh"
42,Hà Tĩnh,446,Cẩm Xuyên,18709,Cẩm Nhượng,Xã,"Xã Cẩm Nhượng, Huyện Cẩm Xuyên, Tỉnh Hà Tĩnh"
42,Hà Tĩnh,446,Cẩm Xuyên,18724,Cẩm Quan,Xã,"Xã Cẩm Quan, Huyện Cẩm Xuyên, Tỉnh Hà Tĩnh"
42,Hà Tĩnh,446,Cẩm Xuyên,18697,Cẩm Quang,Xã,"Xã Cẩm Quang, Huyện Cẩm Xuyên, Tỉnh Hà Tĩnh"
42,Hà Tĩnh,446,Cẩm Xuyên,18745,Cẩm Sơn,Xã,"Xã Cẩm Sơn, Huyện Cẩm Xuyên, Tỉnh Hà Tĩnh"
42,Hà Tĩnh,446,Cẩm Xuyên,18706,Cẩm Thạch,Xã,"Xã Cẩm Thạch, Huyện Cẩm Xuyên, Tỉnh Hà Tĩnh"
42,Hà Tĩnh,446,Cẩm Xuyên,18694,Cẩm Thành,Xã,"Xã Cẩm Thành, Huyện Cẩm Xuyên, Tỉnh Hà Tĩnh"
42,Hà Tĩnh,446,Cẩm Xuyên,18736,Cẩm Thịnh,Xã,"Xã Cẩm Thịnh, Huyện Cẩm Xuyên, Tỉnh Hà Tĩnh"
42,Hà Tĩnh,446,Cẩm Xuyên,18742,Cẩm Trung,Xã,"Xã Cẩm Trung, Huyện Cẩm Xuyên, Tỉnh Hà Tĩnh"
42,Hà Tĩnh,446,Cẩm Xuyên,18673,Cẩm Xuyên,Thị trấn,"Thị trấn Cẩm Xuyên, Huyện Cẩm Xuyên, Tỉnh Hà Tĩnh"
42,Hà Tĩnh,446,Cẩm Xuyên,18712,Nam Phúc Thăng,Xã,"Xã Nam Phúc Thăng, Huyện Cẩm Xuyên, Tỉnh Hà Tĩnh"
42,Hà Tĩnh,446,Cẩm Xuyên,18676,Thiên Cầm,Thị trấn,"Thị trấn Thiên Cầm, Huyện Cẩm Xuyên, Tỉnh Hà Tĩnh"
42,Hà Tĩnh,446,Cẩm Xuyên,18679,Yên Hòa,Xã,"Xã Yên Hòa, Huyện Cẩm Xuyên, Tỉnh Hà Tĩnh"
42,Hà Tĩnh,443,Can Lộc,18484,Đồng Lộc,Thị trấn,"Thị trấn Đồng Lộc, Huyện Can Lộc, Tỉnh Hà Tĩnh"
42,Hà Tĩnh,443,Can Lộc,18463,Gia Hanh,Xã,"Xã Gia Hanh, Huyện Can Lộc, Tỉnh Hà Tĩnh"
42,Hà Tĩnh,443,Can Lộc,18466,Khánh Vĩnh Yên,Xã,"Xã Khánh Vĩnh Yên, Huyện Can Lộc, Tỉnh Hà Tĩnh"
42,Hà Tĩnh,443,Can Lộc,18436,Kim Song Trường,Xã,"Xã Kim Song Trường, Huyện Can Lộc, Tỉnh Hà Tĩnh"
42,Hà Tĩnh,443,Can Lộc,18487,Mỹ Lộc,Xã,"Xã Mỹ Lộc, Huyện Can Lộc, Tỉnh Hà Tĩnh"
42,Hà Tĩnh,443,Can Lộc,18406,Nghèn,Thị trấn,"Thị trấn Nghèn, Huyện Can Lộc, Tỉnh Hà Tĩnh"
42,Hà Tĩnh,443,Can Lộc,18454,Phú Lộc,Xã,"Xã Phú Lộc, Huyện Can Lộc, Tỉnh Hà Tĩnh"
42,Hà Tĩnh,443,Can Lộc,18481,Quang Lộc,Xã,"Xã Quang Lộc, Huyện Can Lộc, Tỉnh Hà Tĩnh"
42,Hà Tĩnh,443,Can Lộc,18490,Sơn Lộc,Xã,"Xã Sơn Lộc, Huyện Can Lộc, Tỉnh Hà Tĩnh"
42,Hà Tĩnh,443,Can Lộc,18433,Thanh Lộc,Xã,"Xã Thanh Lộc, Huyện Can Lộc, Tỉnh Hà Tĩnh"
42,Hà Tĩnh,443,Can Lộc,18415,Thiên Lộc,Xã,"Xã Thiên Lộc, Huyện Can Lộc, Tỉnh Hà Tĩnh"
42,Hà Tĩnh,443,Can Lộc,18418,Thuần Thiện,Xã,"Xã Thuần Thiện, Huyện Can Lộc, Tỉnh Hà Tĩnh"
42,Hà Tĩnh,443,Can Lộc,18478,Thượng Lộc,Xã,"Xã Thượng Lộc, Huyện Can Lộc, Tỉnh Hà Tĩnh"
42,Hà Tĩnh,443,Can Lộc,18439,Thường Nga,Xã,"Xã Thường Nga, Huyện Can Lộc, Tỉnh Hà Tĩnh"
42,Hà Tĩnh,443,Can Lộc,18445,Tùng Lộc,Xã,"Xã Tùng Lộc, Huyện Can Lộc, Tỉnh Hà Tĩnh"
42,Hà Tĩnh,443,Can Lộc,18427,Vượng Lộc,Xã,"Xã Vượng Lộc, Huyện Can Lộc, Tỉnh Hà Tĩnh"
42,Hà Tĩnh,443,Can Lộc,18475,Xuân Lộc,Xã,"Xã Xuân Lộc, Huyện Can Lộc, Tỉnh Hà Tĩnh"
42,Hà Tĩnh,440,Đức Thọ,18298,An Dũng,Xã,"Xã An Dũng, Huyện Đức Thọ, Tỉnh Hà Tĩnh"
42,Hà Tĩnh,440,Đức Thọ,18262,Bùi La Nhân,Xã,"Xã Bùi La Nhân, Huyện Đức Thọ, Tỉnh Hà Tĩnh"
42,Hà Tĩnh,440,Đức Thọ,18304,Đức Đồng,Xã,"Xã Đức Đồng, Huyện Đức Thọ, Tỉnh Hà Tĩnh"
42,Hà Tĩnh,440,Đức Thọ,18307,Đức Lạng,Xã,"Xã Đức Lạng, Huyện Đức Thọ, Tỉnh Hà Tĩnh"
42,Hà Tĩnh,440,Đức Thọ,18229,Đức Thọ,Thị trấn,"Thị trấn Đức Thọ, Huyện Đức Thọ, Tỉnh Hà Tĩnh"
42,Hà Tĩnh,440,Đức Thọ,18280,Hòa Lạc,Xã,"Xã Hòa Lạc, Huyện Đức Thọ, Tỉnh Hà Tĩnh"
42,Hà Tĩnh,440,Đức Thọ,18277,Lâm Trung Thủy,Xã,"Xã Lâm Trung Thủy, Huyện Đức Thọ, Tỉnh Hà Tĩnh"
42,Hà Tĩnh,440,Đức Thọ,18247,Liên Minh,Xã,"Xã Liên Minh, Huyện Đức Thọ, Tỉnh Hà Tĩnh"
42,Hà Tĩnh,440,Đức Thọ,18235,Quang Vĩnh,Xã,"Xã Quang Vĩnh, Huyện Đức Thọ, Tỉnh Hà Tĩnh"
42,Hà Tĩnh,440,Đức Thọ,18283,Tân Dân,Xã,"Xã Tân Dân, Huyện Đức Thọ, Tỉnh Hà Tĩnh"
42,Hà Tĩnh,440,Đức Thọ,18310,Tân Hương,Xã,"Xã Tân Hương, Huyện Đức Thọ, Tỉnh Hà Tĩnh"
42,Hà Tĩnh,440,Đức Thọ,18274,Thanh Bình Thịnh,Xã,"Xã Thanh Bình Thịnh, Huyện Đức Thọ, Tỉnh Hà Tĩnh"
42,Hà Tĩnh,440,Đức Thọ,18244,Trường Sơn,Xã,"Xã Trường Sơn, Huyện Đức Thọ, Tỉnh Hà Tĩnh"
42,Hà Tĩnh,440,Đức Thọ,18259,Tùng Ảnh,Xã,"Xã Tùng Ảnh, Huyện Đức Thọ, Tỉnh Hà Tĩnh"
42,Hà Tĩnh,440,Đức Thọ,18241,Tùng Châu,Xã,"Xã Tùng Châu, Huyện Đức Thọ, Tỉnh Hà Tĩnh"
42,Hà Tĩnh,440,Đức Thọ,18253,Yên Hồ,Xã,"Xã Yên Hồ, Huyện Đức Thọ, Tỉnh Hà Tĩnh"
42,Hà Tĩnh,436,Hà Tĩnh,18077,Bắc Hà,Phường,"Phường Bắc Hà, Thành phố Hà Tĩnh, Tỉnh Hà Tĩnh"
42,Hà Tĩnh,436,Hà Tĩnh,18685,Cẩm Bình,Xã,"Xã Cẩm Bình, Thành phố Hà Tĩnh, Tỉnh Hà Tĩnh"
42,Hà Tĩnh,436,Hà Tĩnh,18691,Cẩm Vịnh,Xã,"Xã Cẩm Vịnh, Thành phố Hà Tĩnh, Tỉnh Hà Tĩnh"
42,Hà Tĩnh,436,Hà Tĩnh,18082,Đại Nài,Phường,"Phường Đại Nài, Thành phố Hà Tĩnh, Tỉnh Hà Tĩnh"
42,Hà Tĩnh,436,Hà Tĩnh,18595,Đỉnh Bàn,Xã,"Xã Đỉnh Bàn, Thành phố Hà Tĩnh, Tỉnh Hà Tĩnh"
42,Hà Tĩnh,436,Hà Tĩnh,18103,Đồng Môn,Phường,"Phường Đồng Môn, Thành phố Hà Tĩnh, Tỉnh Hà Tĩnh"
42,Hà Tĩnh,436,Hà Tĩnh,18085,Hà Huy Tập,Phường,"Phường Hà Huy Tập, Thành phố Hà Tĩnh, Tỉnh Hà Tĩnh"
42,Hà Tĩnh,436,Hà Tĩnh,18598,Hộ Độ,Xã,"Xã Hộ Độ, Thành phố Hà Tĩnh, Tỉnh Hà Tĩnh"
42,Hà Tĩnh,436,Hà Tĩnh,18073,Nam Hà,Phường,"Phường Nam Hà, Thành phố Hà Tĩnh, Tỉnh Hà Tĩnh"
42,Hà Tĩnh,436,Hà Tĩnh,18079,Tân Giang,Phường,"Phường Tân Giang, Thành phố Hà Tĩnh, Tỉnh Hà Tĩnh"
42,Hà Tĩnh,436,Hà Tĩnh,18652,Tân Lâm Hương,Xã,"Xã Tân Lâm Hương, Thành phố Hà Tĩnh, Tỉnh Hà Tĩnh"
42,Hà Tĩnh,436,Hà Tĩnh,18112,Thạch Bình,Xã,"Xã Thạch Bình, Thành phố Hà Tĩnh, Tỉnh Hà Tĩnh"
42,Hà Tĩnh,436,Hà Tĩnh,18643,Thạch Đài,Xã,"Xã Thạch Đài, Thành phố Hà Tĩnh, Tỉnh Hà Tĩnh"
42,Hà Tĩnh,436,Hà Tĩnh,18100,Thạch Hạ,Phường,"Phường Thạch Hạ, Thành phố Hà Tĩnh, Tỉnh Hà Tĩnh"
42,Hà Tĩnh,436,Hà Tĩnh,18571,Thạch Hải,Xã,"Xã Thạch Hải, Thành phố Hà Tĩnh, Tỉnh Hà Tĩnh"
42,Hà Tĩnh,436,Hà Tĩnh,18649,Thạch Hội,Xã,"Xã Thạch Hội, Thành phố Hà Tĩnh, Tỉnh Hà Tĩnh"
42,Hà Tĩnh,436,Hà Tĩnh,18109,Thạch Hưng,Phường,"Phường Thạch Hưng, Thành phố Hà Tĩnh, Tỉnh Hà Tĩnh"
42,Hà Tĩnh,436,Hà Tĩnh,18604,Thạch Khê,Xã,"Xã Thạch Khê, Thành phố Hà Tĩnh, Tỉnh Hà Tĩnh"
42,Hà Tĩnh,436,Hà Tĩnh,18622,Thạch Lạc,Xã,"Xã Thạch Lạc, Thành phố Hà Tĩnh, Tỉnh Hà Tĩnh"
42,Hà Tĩnh,436,Hà Tĩnh,18091,Thạch Quý,Phường,"Phường Thạch Quý, Thành phố Hà Tĩnh, Tỉnh Hà Tĩnh"
42,Hà Tĩnh,436,Hà Tĩnh,18637,Thạch Thắng,Xã,"Xã Thạch Thắng, Thành phố Hà Tĩnh, Tỉnh Hà Tĩnh"
42,Hà Tĩnh,436,Hà Tĩnh,18619,Thạch Trị,Xã,"Xã Thạch Trị, Thành phố Hà Tĩnh, Tỉnh Hà Tĩnh"
42,Hà Tĩnh,436,Hà Tĩnh,18088,Thạch Trung,Phường,"Phường Thạch Trung, Thành phố Hà Tĩnh, Tỉnh Hà Tĩnh"
42,Hà Tĩnh,436,Hà Tĩnh,18631,Thạch Văn,Xã,"Xã Thạch Văn, Thành phố Hà Tĩnh, Tỉnh Hà Tĩnh"
42,Hà Tĩnh,436,Hà Tĩnh,18094,Trần Phú,Phường,"Phường Trần Phú, Thành phố Hà Tĩnh, Tỉnh Hà Tĩnh"
42,Hà Tĩnh,436,Hà Tĩnh,18628,Tượng Sơn,Xã,"Xã Tượng Sơn, Thành phố Hà Tĩnh, Tỉnh Hà Tĩnh"
42,Hà Tĩnh,436,Hà Tĩnh,18097,Văn Yên,Phường,"Phường Văn Yên, Thành phố Hà Tĩnh, Tỉnh Hà Tĩnh"
42,Hà Tĩnh,437,Hồng Lĩnh,18115,Bắc Hồng,Phường,"Phường Bắc Hồng, Thị xã Hồng Lĩnh, Tỉnh Hà Tĩnh"
42,Hà Tĩnh,437,Hồng Lĩnh,18127,Đậu Liêu,Phường,"Phường Đậu Liêu, Thị xã Hồng Lĩnh, Tỉnh Hà Tĩnh"
42,Hà Tĩnh,437,Hồng Lĩnh,18124,Đức Thuận,Phường,"Phường Đức Thuận, Thị xã Hồng Lĩnh, Tỉnh Hà Tĩnh"
42,Hà Tĩnh,437,Hồng Lĩnh,18118,Nam Hồng,Phường,"Phường Nam Hồng, Thị xã Hồng Lĩnh, Tỉnh Hà Tĩnh"
42,Hà Tĩnh,437,Hồng Lĩnh,18130,Thuận Lộc,Xã,"Xã Thuận Lộc, Thị xã Hồng Lĩnh, Tỉnh Hà Tĩnh"
42,Hà Tĩnh,437,Hồng Lĩnh,18121,Trung Lương,Phường,"Phường Trung Lương, Thị xã Hồng Lĩnh, Tỉnh Hà Tĩnh"
42,Hà Tĩnh,444,Hương Khê,18499,Điền Mỹ,Xã,"Xã Điền Mỹ, Huyện Hương Khê, Tỉnh Hà Tĩnh"
42,Hà Tĩnh,444,Hương Khê,18532,Gia Phố,Xã,"Xã Gia Phố, Huyện Hương Khê, Tỉnh Hà Tĩnh"
42,Hà Tĩnh,444,Hương Khê,18502,Hà Linh,Xã,"Xã Hà Linh, Huyện Hương Khê, Tỉnh Hà Tĩnh"
42,Hà Tĩnh,444,Hương Khê,18508,Hòa Hải,Xã,"Xã Hòa Hải, Huyện Hương Khê, Tỉnh Hà Tĩnh"
42,Hà Tĩnh,444,Hương Khê,18523,Hương Bình,Xã,"Xã Hương Bình, Huyện Hương Khê, Tỉnh Hà Tĩnh"
42,Hà Tĩnh,444,Hương Khê,18538,Hương Đô,Xã,"Xã Hương Đô, Huyện Hương Khê, Tỉnh Hà Tĩnh"
42,Hà Tĩnh,444,Hương Khê,18517,Hương Giang,Xã,"Xã Hương Giang, Huyện Hương Khê, Tỉnh Hà Tĩnh"
42,Hà Tĩnh,444,Hương Khê,18496,Hương Khê,Thị trấn,"Thị trấn Hương Khê, Huyện Hương Khê, Tỉnh Hà Tĩnh"
42,Hà Tĩnh,444,Hương Khê,18556,Hương Lâm,Xã,"Xã Hương Lâm, Huyện Hương Khê, Tỉnh Hà Tĩnh"
42,Hà Tĩnh,444,Hương Khê,18559,Hương Liên,Xã,"Xã Hương Liên, Huyện Hương Khê, Tỉnh Hà Tĩnh"
42,Hà Tĩnh,444,Hương Khê,18526,Hương Long,Xã,"Xã Hương Long, Huyện Hương Khê, Tỉnh Hà Tĩnh"
42,Hà Tĩnh,444,Hương Khê,18505,Hương Thủy,Xã,"Xã Hương Thủy, Huyện Hương Khê, Tỉnh Hà Tĩnh"
42,Hà Tĩnh,444,Hương Khê,18550,Hương Trà,Xã,"Xã Hương Trà, Huyện Hương Khê, Tỉnh Hà Tĩnh"
42,Hà Tĩnh,444,Hương Khê,18553,Hương Trạch,Xã,"Xã Hương Trạch, Huyện Hương Khê, Tỉnh Hà Tĩnh"
42,Hà Tĩnh,444,Hương Khê,18541,Hương Vĩnh,Xã,"Xã Hương Vĩnh, Huyện Hương Khê, Tỉnh Hà Tĩnh"
42,Hà Tĩnh,444,Hương Khê,18544,Hương Xuân,Xã,"Xã Hương Xuân, Huyện Hương Khê, Tỉnh Hà Tĩnh"
42,Hà Tĩnh,444,Hương Khê,18520,Lộc Yên,Xã,"Xã Lộc Yên, Huyện Hương Khê, Tỉnh Hà Tĩnh"
42,Hà Tĩnh,444,Hương Khê,18529,Phú Gia,Xã,"Xã Phú Gia, Huyện Hương Khê, Tỉnh Hà Tĩnh"
42,Hà Tĩnh,444,Hương Khê,18514,Phúc Đồng,Xã,"Xã Phúc Đồng, Huyện Hương Khê, Tỉnh Hà Tĩnh"
42,Hà Tĩnh,444,Hương Khê,18547,Phúc Trạch,Xã,"Xã Phúc Trạch, Huyện Hương Khê, Tỉnh Hà Tĩnh"
42,Hà Tĩnh,439,Hương Sơn,18163,An Hòa Thịnh,Xã,"Xã An Hòa Thịnh, Huyện Hương Sơn, Tỉnh Hà Tĩnh"
42,Hà Tĩnh,439,Hương Sơn,18178,Châu Bình,Xã,"Xã Châu Bình, Huyện Hương Sơn, Tỉnh Hà Tĩnh"
42,Hà Tĩnh,439,Hương Sơn,18223,Hàm Trường,Xã,"Xã Hàm Trường, Huyện Hương Sơn, Tỉnh Hà Tĩnh"
42,Hà Tĩnh,439,Hương Sơn,18211,Kim Hoa,Xã,"Xã Kim Hoa, Huyện Hương Sơn, Tỉnh Hà Tĩnh"
42,Hà Tĩnh,439,Hương Sơn,18202,Mỹ Long,Xã,"Xã Mỹ Long, Huyện Hương Sơn, Tỉnh Hà Tĩnh"
42,Hà Tĩnh,439,Hương Sơn,18133,Phố Châu,Thị trấn,"Thị trấn Phố Châu, Huyện Hương Sơn, Tỉnh Hà Tĩnh"
42,Hà Tĩnh,439,Hương Sơn,18184,Quang Diệm,Xã,"Xã Quang Diệm, Huyện Hương Sơn, Tỉnh Hà Tĩnh"
42,Hà Tĩnh,439,Hương Sơn,18190,Sơn Bằng,Xã,"Xã Sơn Bằng, Huyện Hương Sơn, Tỉnh Hà Tĩnh"
42,Hà Tĩnh,439,Hương Sơn,18157,Sơn Giang,Xã,"Xã Sơn Giang, Huyện Hương Sơn, Tỉnh Hà Tĩnh"
42,Hà Tĩnh,439,Hương Sơn,18139,Sơn Hồng,Xã,"Xã Sơn Hồng, Huyện Hương Sơn, Tỉnh Hà Tĩnh"
42,Hà Tĩnh,439,Hương Sơn,18196,Sơn Kim 1,Xã,"Xã Sơn Kim 1, Huyện Hương Sơn, Tỉnh Hà Tĩnh"
42,Hà Tĩnh,439,Hương Sơn,18199,Sơn Kim 2,Xã,"Xã Sơn Kim 2, Huyện Hương Sơn, Tỉnh Hà Tĩnh"
42,Hà Tĩnh,439,Hương Sơn,18145,Sơn Lâm,Xã,"Xã Sơn Lâm, Huyện Hương Sơn, Tỉnh Hà Tĩnh"
42,Hà Tĩnh,439,Hương Sơn,18148,Sơn Lễ,Xã,"Xã Sơn Lễ, Huyện Hương Sơn, Tỉnh Hà Tĩnh"
42,Hà Tĩnh,439,Hương Sơn,18160,Sơn Lĩnh,Xã,"Xã Sơn Lĩnh, Huyện Hương Sơn, Tỉnh Hà Tĩnh"
42,Hà Tĩnh,439,Hương Sơn,18175,Sơn Ninh,Xã,"Xã Sơn Ninh, Huyện Hương Sơn, Tỉnh Hà Tĩnh"
42,Hà Tĩnh,439,Hương Sơn,18217,Sơn Phú,Xã,"Xã Sơn Phú, Huyện Hương Sơn, Tỉnh Hà Tĩnh"
42,Hà Tĩnh,439,Hương Sơn,18172,Sơn Tây,Xã,"Xã Sơn Tây, Huyện Hương Sơn, Tỉnh Hà Tĩnh"
42,Hà Tĩnh,439,Hương Sơn,18142,Sơn Tiến,Xã,"Xã Sơn Tiến, Huyện Hương Sơn, Tỉnh Hà Tĩnh"
42,Hà Tĩnh,439,Hương Sơn,18187,Sơn Trung,Xã,"Xã Sơn Trung, Huyện Hương Sơn, Tỉnh Hà Tĩnh"
42,Hà Tĩnh,439,Hương Sơn,18181,Tân Mỹ Hà,Xã,"Xã Tân Mỹ Hà, Huyện Hương Sơn, Tỉnh Hà Tĩnh"
42,Hà Tĩnh,439,Hương Sơn,18136,Tây Sơn,Thị trấn,"Thị trấn Tây Sơn, Huyện Hương Sơn, Tỉnh Hà Tĩnh"
42,Hà Tĩnh,447,Kỳ Anh,18760,Kỳ Bắc,Xã,"Xã Kỳ Bắc, Huyện Kỳ Anh, Tỉnh Hà Tĩnh"
42,Hà Tĩnh,447,Kỳ Anh,18811,Kỳ Châu,Xã,"Xã Kỳ Châu, Huyện Kỳ Anh, Tỉnh Hà Tĩnh"
42,Hà Tĩnh,447,Kỳ Anh,18775,Kỳ Đồng,Thị trấn,"Thị trấn Kỳ Đồng, Huyện Kỳ Anh, Tỉnh Hà Tĩnh"
42,Hà Tĩnh,447,Kỳ Anh,18772,Kỳ Giang,Xã,"Xã Kỳ Giang, Huyện Kỳ Anh, Tỉnh Hà Tĩnh"
42,Hà Tĩnh,447,Kỳ Anh,18802,Kỳ Hải,Xã,"Xã Kỳ Hải, Huyện Kỳ Anh, Tỉnh Hà Tĩnh"
42,Hà Tĩnh,447,Kỳ Anh,18778,Kỳ Khang,Xã,"Xã Kỳ Khang, Huyện Kỳ Anh, Tỉnh Hà Tĩnh"
42,Hà Tĩnh,447,Kỳ Anh,18850,Kỳ Lạc,Xã,"Xã Kỳ Lạc, Huyện Kỳ Anh, Tỉnh Hà Tĩnh"
42,Hà Tĩnh,447,Kỳ Anh,18766,Kỳ Phong,Xã,"Xã Kỳ Phong, Huyện Kỳ Anh, Tỉnh Hà Tĩnh"
42,Hà Tĩnh,447,Kỳ Anh,18763,Kỳ Phú,Xã,"Xã Kỳ Phú, Huyện Kỳ Anh, Tỉnh Hà Tĩnh"
42,Hà Tĩnh,447,Kỳ Anh,18844,Kỳ Sơn,Xã,"Xã Kỳ Sơn, Huyện Kỳ Anh, Tỉnh Hà Tĩnh"
42,Hà Tĩnh,447,Kỳ Anh,18814,Kỳ Tân,Xã,"Xã Kỳ Tân, Huyện Kỳ Anh, Tỉnh Hà Tĩnh"
42,Hà Tĩnh,447,Kỳ Anh,18793,Kỳ Tây,Xã,"Xã Kỳ Tây, Huyện Kỳ Anh, Tỉnh Hà Tĩnh"
42,Hà Tĩnh,447,Kỳ Anh,18790,Kỳ Thọ,Xã,"Xã Kỳ Thọ, Huyện Kỳ Anh, Tỉnh Hà Tĩnh"
42,Hà Tĩnh,447,Kỳ Anh,18805,Kỳ Thư,Xã,"Xã Kỳ Thư, Huyện Kỳ Anh, Tỉnh Hà Tĩnh"
42,Hà Tĩnh,447,Kỳ Anh,18799,Kỳ Thượng,Xã,"Xã Kỳ Thượng, Huyện Kỳ Anh, Tỉnh Hà Tĩnh"
42,Hà Tĩnh,447,Kỳ Anh,18769,Kỳ Tiến,Xã,"Xã Kỳ Tiến, Huyện Kỳ Anh, Tỉnh Hà Tĩnh"
42,Hà Tĩnh,447,Kỳ Anh,18787,Kỳ Trung,Xã,"Xã Kỳ Trung, Huyện Kỳ Anh, Tỉnh Hà Tĩnh"
42,Hà Tĩnh,447,Kỳ Anh,18784,Kỳ Văn,Xã,"Xã Kỳ Văn, Huyện Kỳ Anh, Tỉnh Hà Tĩnh"
42,Hà Tĩnh,447,Kỳ Anh,18757,Kỳ Xuân,Xã,"Xã Kỳ Xuân, Huyện Kỳ Anh, Tỉnh Hà Tĩnh"
42,Hà Tĩnh,447,Kỳ Anh,18838,Lâm Hợp,Xã,"Xã Lâm Hợp, Huyện Kỳ Anh, Tỉnh Hà Tĩnh"
42,Hà Tĩnh,449,Kỳ Anh,18754,Hưng Trí,Phường,"Phường Hưng Trí, Thị xã Kỳ Anh, Tỉnh Hà Tĩnh"
42,Hà Tĩnh,449,Kỳ Anh,18808,Kỳ Hà,Xã,"Xã Kỳ Hà, Thị xã Kỳ Anh, Tỉnh Hà Tĩnh"
42,Hà Tĩnh,449,Kỳ Anh,18829,Kỳ Hoa,Xã,"Xã Kỳ Hoa, Thị xã Kỳ Anh, Tỉnh Hà Tĩnh"
42,Hà Tĩnh,449,Kỳ Anh,18841,Kỳ Liên,Phường,"Phường Kỳ Liên, Thị xã Kỳ Anh, Tỉnh Hà Tĩnh"
42,Hà Tĩnh,449,Kỳ Anh,18796,Kỳ Lợi,Xã,"Xã Kỳ Lợi, Thị xã Kỳ Anh, Tỉnh Hà Tĩnh"
42,Hà Tĩnh,449,Kỳ Anh,18835,Kỳ Long,Phường,"Phường Kỳ Long, Thị xã Kỳ Anh, Tỉnh Hà Tĩnh"
42,Hà Tĩnh,449,Kỳ Anh,18847,Kỳ Nam,Phường,"Phường Kỳ Nam, Thị xã Kỳ Anh, Tỉnh Hà Tĩnh"
42,Hà Tĩnh,449,Kỳ Anh,18781,Kỳ Ninh,Phường,"Phường Kỳ Ninh, Thị xã Kỳ Anh, Tỉnh Hà Tĩnh"
42,Hà Tĩnh,449,Kỳ Anh,18832,Kỳ Phương,Phường,"Phường Kỳ Phương, Thị xã Kỳ Anh, Tỉnh Hà Tĩnh"
42,Hà Tĩnh,449,Kỳ Anh,18823,Kỳ Thịnh,Phường,"Phường Kỳ Thịnh, Thị xã Kỳ Anh, Tỉnh Hà Tĩnh"
42,Hà Tĩnh,449,Kỳ Anh,18820,Kỳ Trinh,Phường,"Phường Kỳ Trinh, Thị xã Kỳ Anh, Tỉnh Hà Tĩnh"
42,Hà Tĩnh,442,Nghi Xuân,18391,Cỗ Đạm,Xã,"Xã Cỗ Đạm, Huyện Nghi Xuân, Tỉnh Hà Tĩnh"
42,Hà Tĩnh,442,Nghi Xuân,18403,Cương Gián,Xã,"Xã Cương Gián, Huyện Nghi Xuân, Tỉnh Hà Tĩnh"
42,Hà Tĩnh,442,Nghi Xuân,18358,Đan Trường,Xã,"Xã Đan Trường, Huyện Nghi Xuân, Tỉnh Hà Tĩnh"
42,Hà Tĩnh,442,Nghi Xuân,18373,Tiên Điền,Thị trấn,"Thị trấn Tiên Điền, Huyện Nghi Xuân, Tỉnh Hà Tĩnh"
42,Hà Tĩnh,442,Nghi Xuân,18352,Xuân An,Thị trấn,"Thị trấn Xuân An, Huyện Nghi Xuân, Tỉnh Hà Tĩnh"
42,Hà Tĩnh,442,Nghi Xuân,18370,Xuân Giang,Xã,"Xã Xuân Giang, Huyện Nghi Xuân, Tỉnh Hà Tĩnh"
42,Hà Tĩnh,442,Nghi Xuân,18367,Xuân Hải,Xã,"Xã Xuân Hải, Huyện Nghi Xuân, Tỉnh Hà Tĩnh"
42,Hà Tĩnh,442,Nghi Xuân,18355,Xuân Hội,Xã,"Xã Xuân Hội, Huyện Nghi Xuân, Tỉnh Hà Tĩnh"
42,Hà Tĩnh,442,Nghi Xuân,18388,Xuân Hồng,Xã,"Xã Xuân Hồng, Huyện Nghi Xuân, Tỉnh Hà Tĩnh"
42,Hà Tĩnh,442,Nghi Xuân,18400,Xuân Lam,Xã,"Xã Xuân Lam, Huyện Nghi Xuân, Tỉnh Hà Tĩnh"
42,Hà Tĩnh,442,Nghi Xuân,18394,Xuân Liên,Xã,"Xã Xuân Liên, Huyện Nghi Xuân, Tỉnh Hà Tĩnh"
42,Hà Tĩnh,442,Nghi Xuân,18397,Xuân Lĩnh,Xã,"Xã Xuân Lĩnh, Huyện Nghi Xuân, Tỉnh Hà Tĩnh"
42,Hà Tĩnh,442,Nghi Xuân,18379,Xuân Mỹ,Xã,"Xã Xuân Mỹ, Huyện Nghi Xuân, Tỉnh Hà Tĩnh"
42,Hà Tĩnh,442,Nghi Xuân,18364,Xuân Phổ,Xã,"Xã Xuân Phổ, Huyện Nghi Xuân, Tỉnh Hà Tĩnh"
42,Hà Tĩnh,442,Nghi Xuân,18382,Xuân Thành,Xã,"Xã Xuân Thành, Huyện Nghi Xuân, Tỉnh Hà Tĩnh"
42,Hà Tĩnh,442,Nghi Xuân,18385,Xuân Viên,Xã,"Xã Xuân Viên, Huyện Nghi Xuân, Tỉnh Hà Tĩnh"
42,Hà Tĩnh,442,Nghi Xuân,18376,Xuân Yên,Xã,"Xã Xuân Yên, Huyện Nghi Xuân, Tỉnh Hà Tĩnh"
42,Hà Tĩnh,445,Thạch Hà,18430,Bình An,Xã,"Xã Bình An, Huyện Thạch Hà, Tỉnh Hà Tĩnh"
42,Hà Tĩnh,445,Thạch Hà,18412,Hồng Lộc,Xã,"Xã Hồng Lộc, Huyện Thạch Hà, Tỉnh Hà Tĩnh"
42,Hà Tĩnh,445,Thạch Hà,18457,Ích Hậu,Xã,"Xã Ích Hậu, Huyện Thạch Hà, Tỉnh Hà Tĩnh"
42,Hà Tĩnh,445,Thạch Hà,18568,Lộc Hà,Thị trấn,"Thị trấn Lộc Hà, Huyện Thạch Hà, Tỉnh Hà Tĩnh"
42,Hà Tĩnh,445,Thạch Hà,18634,Lưu Vĩnh Sơn,Xã,"Xã Lưu Vĩnh Sơn, Huyện Thạch Hà, Tỉnh Hà Tĩnh"
42,Hà Tĩnh,445,Thạch Hà,18670,Mai Phụ,Xã,"Xã Mai Phụ, Huyện Thạch Hà, Tỉnh Hà Tĩnh"
42,Hà Tĩnh,445,Thạch Hà,18667,Nam Điền,Xã,"Xã Nam Điền, Huyện Thạch Hà, Tỉnh Hà Tĩnh"
42,Hà Tĩnh,445,Thạch Hà,18565,Ngọc Sơn,Xã,"Xã Ngọc Sơn, Huyện Thạch Hà, Tỉnh Hà Tĩnh"
42,Hà Tĩnh,445,Thạch Hà,18493,Phù Lưu,Xã,"Xã Phù Lưu, Huyện Thạch Hà, Tỉnh Hà Tĩnh"
42,Hà Tĩnh,445,Thạch Hà,18409,Tân Lộc,Xã,"Xã Tân Lộc, Huyện Thạch Hà, Tỉnh Hà Tĩnh"
42,Hà Tĩnh,445,Thạch Hà,18583,Thạch Châu,Xã,"Xã Thạch Châu, Huyện Thạch Hà, Tỉnh Hà Tĩnh"
42,Hà Tĩnh,445,Thạch Hà,18562,Thạch Hà,Thị trấn,"Thị trấn Thạch Hà, Huyện Thạch Hà, Tỉnh Hà Tĩnh"
42,Hà Tĩnh,445,Thạch Hà,18586,Thạch Kênh,Xã,"Xã Thạch Kênh, Huyện Thạch Hà, Tỉnh Hà Tĩnh"
42,Hà Tĩnh,445,Thạch Hà,18580,Thạch Kim,Xã,"Xã Thạch Kim, Huyện Thạch Hà, Tỉnh Hà Tĩnh"
42,Hà Tĩnh,445,Thạch Hà,18592,Thạch Liên,Xã,"Xã Thạch Liên, Huyện Thạch Hà, Tỉnh Hà Tĩnh"
42,Hà Tĩnh,445,Thạch Hà,18607,Thạch Long,Xã,"Xã Thạch Long, Huyện Thạch Hà, Tỉnh Hà Tĩnh"
42,Hà Tĩnh,445,Thạch Hà,18577,Thạch Mỹ,Xã,"Xã Thạch Mỹ, Huyện Thạch Hà, Tỉnh Hà Tĩnh"
42,Hà Tĩnh,445,Thạch Hà,18625,Thạch Ngọc,Xã,"Xã Thạch Ngọc, Huyện Thạch Hà, Tỉnh Hà Tĩnh"
42,Hà Tĩnh,445,Thạch Hà,18589,Thạch Sơn,Xã,"Xã Thạch Sơn, Huyện Thạch Hà, Tỉnh Hà Tĩnh"
42,Hà Tĩnh,445,Thạch Hà,18658,Thạch Xuân,Xã,"Xã Thạch Xuân, Huyện Thạch Hà, Tỉnh Hà Tĩnh"
42,Hà Tĩnh,445,Thạch Hà,18421,Thịnh Lộc,Xã,"Xã Thịnh Lộc, Huyện Thạch Hà, Tỉnh Hà Tĩnh"
42,Hà Tĩnh,445,Thạch Hà,18601,Việt Tiến,Xã,"Xã Việt Tiến, Huyện Thạch Hà, Tỉnh Hà Tĩnh"
42,Hà Tĩnh,441,Vũ Quang,18316,Ân Phú,Xã,"Xã Ân Phú, Huyện Vũ Quang, Tỉnh Hà Tĩnh"
42,Hà Tĩnh,441,Vũ Quang,18331,Đức Bồng,Xã,"Xã Đức Bồng, Huyện Vũ Quang, Tỉnh Hà Tĩnh"
42,Hà Tĩnh,441,Vũ Quang,18319,Đức Giang,Xã,"Xã Đức Giang, Huyện Vũ Quang, Tỉnh Hà Tĩnh"
42,Hà Tĩnh,441,Vũ Quang,18328,Đức Hương,Xã,"Xã Đức Hương, Huyện Vũ Quang, Tỉnh Hà Tĩnh"
42,Hà Tĩnh,441,Vũ Quang,18334,Đức Liên,Xã,"Xã Đức Liên, Huyện Vũ Quang, Tỉnh Hà Tĩnh"
42,Hà Tĩnh,441,Vũ Quang,18322,Đức Lĩnh,Xã,"Xã Đức Lĩnh, Huyện Vũ Quang, Tỉnh Hà Tĩnh"
42,Hà Tĩnh,441,Vũ Quang,18340,Hương Minh,Xã,"Xã Hương Minh, Huyện Vũ Quang, Tỉnh Hà Tĩnh"
42,Hà Tĩnh,441,Vũ Quang,18343,Quang Thọ,Xã,"Xã Quang Thọ, Huyện Vũ Quang, Tỉnh Hà Tĩnh"
42,Hà Tĩnh,441,Vũ Quang,18325,Thọ Điền,Xã,"Xã Thọ Điền, Huyện Vũ Quang, Tỉnh Hà Tĩnh"
42,Hà Tĩnh,441,Vũ Quang,18313,Vũ Quang,Thị trấn,"Thị trấn Vũ Quang, Huyện Vũ Quang, Tỉnh Hà Tĩnh"
30,Hải Dương,296,Bình Giang,10996,Bình Xuyên,Xã,"Xã Bình Xuyên, Huyện Bình Giang, Tỉnh Hải Dương"
30,Hải Dương,296,Bình Giang,10984,Cổ Bì,Xã,"Xã Cổ Bì, Huyện Bình Giang, Tỉnh Hải Dương"
30,Hải Dương,296,Bình Giang,10978,Hồng Khê,Xã,"Xã Hồng Khê, Huyện Bình Giang, Tỉnh Hải Dương"
30,Hải Dương,296,Bình Giang,10954,Hùng Thắng,Xã,"Xã Hùng Thắng, Huyện Bình Giang, Tỉnh Hải Dương"
30,Hải Dương,296,Bình Giang,10945,Kẻ Sặt,Thị trấn,"Thị trấn Kẻ Sặt, Huyện Bình Giang, Tỉnh Hải Dương"
30,Hải Dương,296,Bình Giang,10963,Long Xuyên,Xã,"Xã Long Xuyên, Huyện Bình Giang, Tỉnh Hải Dương"
30,Hải Dương,296,Bình Giang,10987,Nhân Quyền,Xã,"Xã Nhân Quyền, Huyện Bình Giang, Tỉnh Hải Dương"
30,Hải Dương,296,Bình Giang,10972,Tân Hồng,Xã,"Xã Tân Hồng, Huyện Bình Giang, Tỉnh Hải Dương"
30,Hải Dương,296,Bình Giang,10966,Tân Việt,Xã,"Xã Tân Việt, Huyện Bình Giang, Tỉnh Hải Dương"
30,Hải Dương,296,Bình Giang,10990,Thái Dương,Xã,"Xã Thái Dương, Huyện Bình Giang, Tỉnh Hải Dương"
30,Hải Dương,296,Bình Giang,10993,Thái Hòa,Xã,"Xã Thái Hòa, Huyện Bình Giang, Tỉnh Hải Dương"
30,Hải Dương,296,Bình Giang,10981,Thái Minh,Xã,"Xã Thái Minh, Huyện Bình Giang, Tỉnh Hải Dương"
30,Hải Dương,296,Bình Giang,10969,Thúc Kháng,Xã,"Xã Thúc Kháng, Huyện Bình Giang, Tỉnh Hải Dương"
30,Hải Dương,296,Bình Giang,10960,Vĩnh Hồng,Xã,"Xã Vĩnh Hồng, Huyện Bình Giang, Tỉnh Hải Dương"
30,Hải Dương,296,Bình Giang,10951,Vĩnh Hưng,Xã,"Xã Vĩnh Hưng, Huyện Bình Giang, Tỉnh Hải Dương"
30,Hải Dương,295,Cẩm Giàng,10942,Cẩm Đoài,Xã,"Xã Cẩm Đoài, Huyện Cẩm Giàng, Tỉnh Hải Dương"
30,Hải Dương,295,Cẩm Giàng,10939,Cẩm Đông,Xã,"Xã Cẩm Đông, Huyện Cẩm Giàng, Tỉnh Hải Dương"
30,Hải Dương,295,Cẩm Giàng,10888,Cẩm Giang,Thị trấn,"Thị trấn Cẩm Giang, Huyện Cẩm Giàng, Tỉnh Hải Dương"
30,Hải Dương,295,Cẩm Giàng,10897,Cẩm Hoàng,Xã,"Xã Cẩm Hoàng, Huyện Cẩm Giàng, Tỉnh Hải Dương"
30,Hải Dương,295,Cẩm Giàng,10894,Cẩm Hưng,Xã,"Xã Cẩm Hưng, Huyện Cẩm Giàng, Tỉnh Hải Dương"
30,Hải Dương,295,Cẩm Giàng,10900,Cẩm Văn,Xã,"Xã Cẩm Văn, Huyện Cẩm Giàng, Tỉnh Hải Dương"
30,Hải Dương,295,Cẩm Giàng,10909,Cẩm Vũ,Xã,"Xã Cẩm Vũ, Huyện Cẩm Giàng, Tỉnh Hải Dương"
30,Hải Dương,295,Cẩm Giàng,10927,Cao An,Xã,"Xã Cao An, Huyện Cẩm Giàng, Tỉnh Hải Dương"
30,Hải Dương,295,Cẩm Giàng,10918,Định Sơn,Xã,"Xã Định Sơn, Huyện Cẩm Giàng, Tỉnh Hải Dương"
30,Hải Dương,295,Cẩm Giàng,10912,Đức Chính,Xã,"Xã Đức Chính, Huyện Cẩm Giàng, Tỉnh Hải Dương"
30,Hải Dương,295,Cẩm Giàng,10891,Lai Cách,Thị trấn,"Thị trấn Lai Cách, Huyện Cẩm Giàng, Tỉnh Hải Dương"
30,Hải Dương,295,Cẩm Giàng,10924,Lương Điền,Xã,"Xã Lương Điền, Huyện Cẩm Giàng, Tỉnh Hải Dương"
30,Hải Dương,295,Cẩm Giàng,10903,Ngọc Liên,Xã,"Xã Ngọc Liên, Huyện Cẩm Giàng, Tỉnh Hải Dương"
30,Hải Dương,295,Cẩm Giàng,10933,Phúc Điền,Xã,"Xã Phúc Điền, Huyện Cẩm Giàng, Tỉnh Hải Dương"
30,Hải Dương,295,Cẩm Giàng,10930,Tân Trường,Xã,"Xã Tân Trường, Huyện Cẩm Giàng, Tỉnh Hải Dương"
30,Hải Dương,290,Chí Linh,10594,An Lạc,Phường,"Phường An Lạc, Thành phố Chí Linh, Tỉnh Hải Dương"
30,Hải Dương,290,Chí Linh,10558,Bắc An,Xã,"Xã Bắc An, Thành phố Chí Linh, Tỉnh Hải Dương"
30,Hải Dương,290,Chí Linh,10552,Bến Tắm,Phường,"Phường Bến Tắm, Thành phố Chí Linh, Tỉnh Hải Dương"
30,Hải Dương,290,Chí Linh,10582,Chí Minh,Phường,"Phường Chí Minh, Thành phố Chí Linh, Tỉnh Hải Dương"
30,Hải Dương,290,Chí Linh,10576,Cổ Thành,Phường,"Phường Cổ Thành, Thành phố Chí Linh, Tỉnh Hải Dương"
30,Hải Dương,290,Chí Linh,10570,Cộng Hoà,Phường,"Phường Cộng Hoà, Thành phố Chí Linh, Tỉnh Hải Dương"
30,Hải Dương,290,Chí Linh,10600,Đồng Lạc,Phường,"Phường Đồng Lạc, Thành phố Chí Linh, Tỉnh Hải Dương"
30,Hải Dương,290,Chí Linh,10555,Hoàng Hoa Thám,Xã,"Xã Hoàng Hoa Thám, Thành phố Chí Linh, Tỉnh Hải Dương"
30,Hải Dương,290,Chí Linh,10573,Hoàng Tân,Phường,"Phường Hoàng Tân, Thành phố Chí Linh, Tỉnh Hải Dương"
30,Hải Dương,290,Chí Linh,10567,Hoàng Tiến,Phường,"Phường Hoàng Tiến, Thành phố Chí Linh, Tỉnh Hải Dương"
30,Hải Dương,290,Chí Linh,10561,Hưng Đạo,Xã,"Xã Hưng Đạo, Thành phố Chí Linh, Tỉnh Hải Dương"
30,Hải Dương,290,Chí Linh,10564,Lê Lợi,Xã,"Xã Lê Lợi, Thành phố Chí Linh, Tỉnh Hải Dương"
30,Hải Dương,290,Chí Linh,10591,Nhân Huệ,Xã,"Xã Nhân Huệ, Thành phố Chí Linh, Tỉnh Hải Dương"
30,Hải Dương,290,Chí Linh,10546,Phả Lại,Phường,"Phường Phả Lại, Thành phố Chí Linh, Tỉnh Hải Dương"
30,Hải Dương,290,Chí Linh,10549,Sao Đỏ,Phường,"Phường Sao Đỏ, Thành phố Chí Linh, Tỉnh Hải Dương"
30,Hải Dương,290,Chí Linh,10603,Tân Dân,Phường,"Phường Tân Dân, Thành phố Chí Linh, Tỉnh Hải Dương"
30,Hải Dương,290,Chí Linh,10588,Thái Học,Phường,"Phường Thái Học, Thành phố Chí Linh, Tỉnh Hải Dương"
30,Hải Dương,290,Chí Linh,10579,Văn An,Phường,"Phường Văn An, Thành phố Chí Linh, Tỉnh Hải Dương"
30,Hải Dương,290,Chí Linh,10585,Văn Đức,Phường,"Phường Văn Đức, Thành phố Chí Linh, Tỉnh Hải Dương"
30,Hải Dương,297,Gia Lộc,11056,Đoàn Thượng,Xã,"Xã Đoàn Thượng, Huyện Gia Lộc, Tỉnh Hải Dương"
30,Hải Dương,297,Gia Lộc,10999,Gia Lộc,Thị trấn,"Thị trấn Gia Lộc, Huyện Gia Lộc, Tỉnh Hải Dương"
30,Hải Dương,297,Gia Lộc,11035,Gia Phúc,Xã,"Xã Gia Phúc, Huyện Gia Lộc, Tỉnh Hải Dương"
30,Hải Dương,297,Gia Lộc,11038,Gia Tiến,Xã,"Xã Gia Tiến, Huyện Gia Lộc, Tỉnh Hải Dương"
30,Hải Dương,297,Gia Lộc,11047,Hoàng Diệu,Xã,"Xã Hoàng Diệu, Huyện Gia Lộc, Tỉnh Hải Dương"
30,Hải Dương,297,Gia Lộc,11050,Hồng Hưng,Xã,"Xã Hồng Hưng, Huyện Gia Lộc, Tỉnh Hải Dương"
30,Hải Dương,297,Gia Lộc,11041,Lê Lợi,Xã,"Xã Lê Lợi, Huyện Gia Lộc, Tỉnh Hải Dương"
30,Hải Dương,297,Gia Lộc,11065,Nhật Quang,Xã,"Xã Nhật Quang, Huyện Gia Lộc, Tỉnh Hải Dương"
30,Hải Dương,297,Gia Lộc,11053,Phạm Trấn,Xã,"Xã Phạm Trấn, Huyện Gia Lộc, Tỉnh Hải Dương"
30,Hải Dương,297,Gia Lộc,11071,Quang Đức,Xã,"Xã Quang Đức, Huyện Gia Lộc, Tỉnh Hải Dương"
30,Hải Dương,297,Gia Lộc,11059,Thống Kênh,Xã,"Xã Thống Kênh, Huyện Gia Lộc, Tỉnh Hải Dương"
30,Hải Dương,297,Gia Lộc,11008,Thống Nhất,Xã,"Xã Thống Nhất, Huyện Gia Lộc, Tỉnh Hải Dương"
30,Hải Dương,297,Gia Lộc,11044,Toàn Thắng,Xã,"Xã Toàn Thắng, Huyện Gia Lộc, Tỉnh Hải Dương"
30,Hải Dương,297,Gia Lộc,11020,Yết Kiêu,Xã,"Xã Yết Kiêu, Huyện Gia Lộc, Tỉnh Hải Dương"
30,Hải Dương,288,Hải Dương,10660,Ái Quốc,Phường,"Phường Ái Quốc, Thành phố Hải Dương, Tỉnh Hải Dương"
30,Hải Dương,288,Hải Dương,10663,An Thượng,Xã,"Xã An Thượng, Thành phố Hải Dương, Tỉnh Hải Dương"
30,Hải Dương,288,Hải Dương,10510,Bình Hàn,Phường,"Phường Bình Hàn, Thành phố Hải Dương, Tỉnh Hải Dương"
30,Hải Dương,288,Hải Dương,10507,Cẩm Thượng,Phường,"Phường Cẩm Thượng, Thành phố Hải Dương, Tỉnh Hải Dương"
30,Hải Dương,288,Hải Dương,11017,Gia Xuyên,Xã,"Xã Gia Xuyên, Thành phố Hải Dương, Tỉnh Hải Dương"
30,Hải Dương,288,Hải Dương,10537,Hải Tân,Phường,"Phường Hải Tân, Thành phố Hải Dương, Tỉnh Hải Dương"
30,Hải Dương,288,Hải Dương,10534,Lê Thanh Nghị,Phường,"Phường Lê Thanh Nghị, Thành phố Hải Dương, Tỉnh Hải Dương"
30,Hải Dương,288,Hải Dương,11005,Liên Hồng,Xã,"Xã Liên Hồng, Thành phố Hải Dương, Tỉnh Hải Dương"
30,Hải Dương,288,Hải Dương,10672,Nam Đồng,Phường,"Phường Nam Đồng, Thành phố Hải Dương, Tỉnh Hải Dương"
30,Hải Dương,288,Hải Dương,10513,Ngọc Châu,Phường,"Phường Ngọc Châu, Thành phố Hải Dương, Tỉnh Hải Dương"
30,Hải Dương,288,Hải Dương,11077,Ngọc Sơn,Xã,"Xã Ngọc Sơn, Thành phố Hải Dương, Tỉnh Hải Dương"
30,Hải Dương,288,Hải Dương,10519,Nguyễn Trãi,Phường,"Phường Nguyễn Trãi, Thành phố Hải Dương, Tỉnh Hải Dương"
30,Hải Dương,288,Hải Dương,10514,Nhị Châu,Phường,"Phường Nhị Châu, Thành phố Hải Dương, Tỉnh Hải Dương"
30,Hải Dương,288,Hải Dương,10516,Quang Trung,Phường,"Phường Quang Trung, Thành phố Hải Dương, Tỉnh Hải Dương"
30,Hải Dương,288,Hải Dương,10822,Quyết Thắng,Xã,"Xã Quyết Thắng, Thành phố Hải Dương, Tỉnh Hải Dương"
30,Hải Dương,288,Hải Dương,10532,Tân Bình,Phường,"Phường Tân Bình, Thành phố Hải Dương, Tỉnh Hải Dương"
30,Hải Dương,288,Hải Dương,11011,Tân Hưng,Phường,"Phường Tân Hưng, Thành phố Hải Dương, Tỉnh Hải Dương"
30,Hải Dương,288,Hải Dương,11002,Thạch Khôi,Phường,"Phường Thạch Khôi, Thành phố Hải Dương, Tỉnh Hải Dương"
30,Hải Dương,288,Hải Dương,10531,Thanh Bình,Phường,"Phường Thanh Bình, Thành phố Hải Dương, Tỉnh Hải Dương"
30,Hải Dương,288,Hải Dương,10837,Tiền Tiến,Xã,"Xã Tiền Tiến, Thành phố Hải Dương, Tỉnh Hải Dương"
30,Hải Dương,288,Hải Dương,10525,Trần Hưng Đạo,Phường,"Phường Trần Hưng Đạo, Thành phố Hải Dương, Tỉnh Hải Dương"
30,Hải Dương,288,Hải Dương,10528,Trần Phú,Phường,"Phường Trần Phú, Thành phố Hải Dương, Tỉnh Hải Dương"
30,Hải Dương,288,Hải Dương,10540,Tứ Minh,Phường,"Phường Tứ Minh, Thành phố Hải Dương, Tỉnh Hải Dương"
30,Hải Dương,288,Hải Dương,10543,Việt Hoà,Phường,"Phường Việt Hoà, Thành phố Hải Dương, Tỉnh Hải Dương"
30,Hải Dương,293,Kim Thành,10810,Đại Đức,Xã,"Xã Đại Đức, Huyện Kim Thành, Tỉnh Hải Dương"
30,Hải Dương,293,Kim Thành,10804,Đồng Cẩm,Xã,"Xã Đồng Cẩm, Huyện Kim Thành, Tỉnh Hải Dương"
30,Hải Dương,293,Kim Thành,10798,Hòa Bình,Xã,"Xã Hòa Bình, Huyện Kim Thành, Tỉnh Hải Dương"
30,Hải Dương,293,Kim Thành,10780,Kim Anh,Xã,"Xã Kim Anh, Huyện Kim Thành, Tỉnh Hải Dương"
30,Hải Dương,293,Kim Thành,10792,Kim Đính,Xã,"Xã Kim Đính, Huyện Kim Thành, Tỉnh Hải Dương"
30,Hải Dương,293,Kim Thành,10783,Kim Liên,Xã,"Xã Kim Liên, Huyện Kim Thành, Tỉnh Hải Dương"
30,Hải Dương,293,Kim Thành,10786,Kim Tân,Xã,"Xã Kim Tân, Huyện Kim Thành, Tỉnh Hải Dương"
30,Hải Dương,293,Kim Thành,10771,Kim Xuyên,Xã,"Xã Kim Xuyên, Huyện Kim Thành, Tỉnh Hải Dương"
30,Hải Dương,293,Kim Thành,10756,Lai Khê,Xã,"Xã Lai Khê, Huyện Kim Thành, Tỉnh Hải Dương"
30,Hải Dương,293,Kim Thành,10777,Ngũ Phúc,Xã,"Xã Ngũ Phúc, Huyện Kim Thành, Tỉnh Hải Dương"
30,Hải Dương,293,Kim Thành,10750,Phú Thái,Thị trấn,"Thị trấn Phú Thái, Huyện Kim Thành, Tỉnh Hải Dương"
30,Hải Dương,293,Kim Thành,10801,Tam Kỳ,Xã,"Xã Tam Kỳ, Huyện Kim Thành, Tỉnh Hải Dương"
30,Hải Dương,293,Kim Thành,10768,Tuấn Việt,Xã,"Xã Tuấn Việt, Huyện Kim Thành, Tỉnh Hải Dương"
30,Hải Dương,293,Kim Thành,10762,Vũ Dũng,Xã,"Xã Vũ Dũng, Huyện Kim Thành, Tỉnh Hải Dương"
30,Hải Dương,292,Kinh Môn,10675,An Lưu,Phường,"Phường An Lưu, Thị xã Kinh Môn, Tỉnh Hải Dương"
30,Hải Dương,292,Kinh Môn,10732,An Phụ,Phường,"Phường An Phụ, Thị xã Kinh Môn, Tỉnh Hải Dương"
30,Hải Dương,292,Kinh Môn,10723,An Sinh,Phường,"Phường An Sinh, Thị xã Kinh Môn, Tỉnh Hải Dương"
30,Hải Dương,292,Kinh Môn,10678,Bạch Đằng,Xã,"Xã Bạch Đằng, Thị xã Kinh Môn, Tỉnh Hải Dương"
30,Hải Dương,292,Kinh Môn,10696,Duy Tân,Phường,"Phường Duy Tân, Thị xã Kinh Môn, Tỉnh Hải Dương"
30,Hải Dương,292,Kinh Môn,10744,Hiến Thành,Phường,"Phường Hiến Thành, Thị xã Kinh Môn, Tỉnh Hải Dương"
30,Hải Dương,292,Kinh Môn,10735,Hiệp An,Phường,"Phường Hiệp An, Thị xã Kinh Môn, Tỉnh Hải Dương"
30,Hải Dương,292,Kinh Môn,10708,Hiệp Hòa,Xã,"Xã Hiệp Hòa, Thị xã Kinh Môn, Tỉnh Hải Dương"
30,Hải Dương,292,Kinh Môn,10726,Hiệp Sơn,Phường,"Phường Hiệp Sơn, Thị xã Kinh Môn, Tỉnh Hải Dương"
30,Hải Dương,292,Kinh Môn,10720,Lạc Long,Xã,"Xã Lạc Long, Thị xã Kinh Môn, Tỉnh Hải Dương"
30,Hải Dương,292,Kinh Môn,10684,Lê Ninh,Xã,"Xã Lê Ninh, Thị xã Kinh Môn, Tỉnh Hải Dương"
30,Hải Dương,292,Kinh Môn,10738,Long Xuyên,Phường,"Phường Long Xuyên, Thị xã Kinh Môn, Tỉnh Hải Dương"
30,Hải Dương,292,Kinh Môn,10747,Minh Hòa,Xã,"Xã Minh Hòa, Thị xã Kinh Môn, Tỉnh Hải Dương"
30,Hải Dương,292,Kinh Môn,10702,Minh Tân,Phường,"Phường Minh Tân, Thị xã Kinh Môn, Tỉnh Hải Dương"
30,Hải Dương,292,Kinh Môn,10693,Phạm Thái,Phường,"Phường Phạm Thái, Thị xã Kinh Môn, Tỉnh Hải Dương"
30,Hải Dương,292,Kinh Môn,10714,Phú Thứ,Phường,"Phường Phú Thứ, Thị xã Kinh Môn, Tỉnh Hải Dương"
30,Hải Dương,292,Kinh Môn,10705,Quang Thành,Xã,"Xã Quang Thành, Thị xã Kinh Môn, Tỉnh Hải Dương"
30,Hải Dương,292,Kinh Môn,10699,Tân Dân,Phường,"Phường Tân Dân, Thị xã Kinh Môn, Tỉnh Hải Dương"
30,Hải Dương,292,Kinh Môn,10741,Thái Thịnh,Phường,"Phường Thái Thịnh, Thị xã Kinh Môn, Tỉnh Hải Dương"
30,Hải Dương,292,Kinh Môn,10717,Thăng Long,Xã,"Xã Thăng Long, Thị xã Kinh Môn, Tỉnh Hải Dương"
30,Hải Dương,292,Kinh Môn,10681,Thất Hùng,Phường,"Phường Thất Hùng, Thị xã Kinh Môn, Tỉnh Hải Dương"
30,Hải Dương,292,Kinh Môn,10729,Thượng Quận,Xã,"Xã Thượng Quận, Thị xã Kinh Môn, Tỉnh Hải Dương"
30,Hải Dương,291,Nam Sách,10630,An Bình,Xã,"Xã An Bình, Huyện Nam Sách, Tỉnh Hải Dương"
30,Hải Dương,291,Nam Sách,10645,An Phú,Xã,"Xã An Phú, Huyện Nam Sách, Tỉnh Hải Dương"
30,Hải Dương,291,Nam Sách,10636,An Sơn,Xã,"Xã An Sơn, Huyện Nam Sách, Tỉnh Hải Dương"
30,Hải Dương,291,Nam Sách,10639,Cộng Hòa,Xã,"Xã Cộng Hòa, Huyện Nam Sách, Tỉnh Hải Dương"
30,Hải Dương,291,Nam Sách,10657,Đồng Lạc,Xã,"Xã Đồng Lạc, Huyện Nam Sách, Tỉnh Hải Dương"
30,Hải Dương,291,Nam Sách,10618,Hiệp Cát,Xã,"Xã Hiệp Cát, Huyện Nam Sách, Tỉnh Hải Dương"
30,Hải Dương,291,Nam Sách,10654,Hồng Phong,Xã,"Xã Hồng Phong, Huyện Nam Sách, Tỉnh Hải Dương"
30,Hải Dương,291,Nam Sách,10615,Hợp Tiến,Xã,"Xã Hợp Tiến, Huyện Nam Sách, Tỉnh Hải Dương"
30,Hải Dương,291,Nam Sách,10666,Minh Tân,Xã,"Xã Minh Tân, Huyện Nam Sách, Tỉnh Hải Dương"
30,Hải Dương,291,Nam Sách,10609,Nam Hưng,Xã,"Xã Nam Hưng, Huyện Nam Sách, Tỉnh Hải Dương"
30,Hải Dương,291,Nam Sách,10606,Nam Sách,Thị trấn,"Thị trấn Nam Sách, Huyện Nam Sách, Tỉnh Hải Dương"
30,Hải Dương,291,Nam Sách,10612,Nam Tân,Xã,"Xã Nam Tân, Huyện Nam Sách, Tỉnh Hải Dương"
30,Hải Dương,291,Nam Sách,10621,Quốc Tuấn,Xã,"Xã Quốc Tuấn, Huyện Nam Sách, Tỉnh Hải Dương"
30,Hải Dương,291,Nam Sách,10642,Thái Tân,Xã,"Xã Thái Tân, Huyện Nam Sách, Tỉnh Hải Dương"
30,Hải Dương,291,Nam Sách,10633,Trần Phú,Xã,"Xã Trần Phú, Huyện Nam Sách, Tỉnh Hải Dương"
30,Hải Dương,299,Ninh Giang,11173,An Đức,Xã,"Xã An Đức, Huyện Ninh Giang, Tỉnh Hải Dương"
30,Hải Dương,299,Ninh Giang,11188,Bình Xuyên,Xã,"Xã Bình Xuyên, Huyện Ninh Giang, Tỉnh Hải Dương"
30,Hải Dương,299,Ninh Giang,11167,Đức Phúc,Xã,"Xã Đức Phúc, Huyện Ninh Giang, Tỉnh Hải Dương"
30,Hải Dương,299,Ninh Giang,11227,Hiệp Lực,Xã,"Xã Hiệp Lực, Huyện Ninh Giang, Tỉnh Hải Dương"
30,Hải Dương,299,Ninh Giang,11215,Hồng Dụ,Xã,"Xã Hồng Dụ, Huyện Ninh Giang, Tỉnh Hải Dương"
30,Hải Dương,299,Ninh Giang,11224,Hồng Phong,Xã,"Xã Hồng Phong, Huyện Ninh Giang, Tỉnh Hải Dương"
30,Hải Dương,299,Ninh Giang,11233,Hưng Long,Xã,"Xã Hưng Long, Huyện Ninh Giang, Tỉnh Hải Dương"
30,Hải Dương,299,Ninh Giang,11230,Kiến Phúc,Xã,"Xã Kiến Phúc, Huyện Ninh Giang, Tỉnh Hải Dương"
30,Hải Dương,299,Ninh Giang,11164,Nghĩa An,Xã,"Xã Nghĩa An, Huyện Ninh Giang, Tỉnh Hải Dương"
30,Hải Dương,299,Ninh Giang,11203,Ninh Giang,Thị trấn,"Thị trấn Ninh Giang, Huyện Ninh Giang, Tỉnh Hải Dương"
30,Hải Dương,299,Ninh Giang,11179,Tân Hương,Xã,"Xã Tân Hương, Huyện Ninh Giang, Tỉnh Hải Dương"
30,Hải Dương,299,Ninh Giang,11197,Tân Phong,Xã,"Xã Tân Phong, Huyện Ninh Giang, Tỉnh Hải Dương"
30,Hải Dương,299,Ninh Giang,11206,Tân Quang,Xã,"Xã Tân Quang, Huyện Ninh Giang, Tỉnh Hải Dương"
30,Hải Dương,299,Ninh Giang,11161,Ứng Hoè,Xã,"Xã Ứng Hoè, Huyện Ninh Giang, Tỉnh Hải Dương"
30,Hải Dương,299,Ninh Giang,11218,Văn Hội,Xã,"Xã Văn Hội, Huyện Ninh Giang, Tỉnh Hải Dương"
30,Hải Dương,299,Ninh Giang,11185,Vĩnh Hòa,Xã,"Xã Vĩnh Hòa, Huyện Ninh Giang, Tỉnh Hải Dương"
30,Hải Dương,294,Thanh Hà,10864,An Phượng,Xã,"Xã An Phượng, Huyện Thanh Hà, Tỉnh Hải Dương"
30,Hải Dương,294,Thanh Hà,10828,Cẩm Việt,Xã,"Xã Cẩm Việt, Huyện Thanh Hà, Tỉnh Hải Dương"
30,Hải Dương,294,Thanh Hà,10816,Hồng Lạc,Xã,"Xã Hồng Lạc, Huyện Thanh Hà, Tỉnh Hải Dương"
30,Hải Dương,294,Thanh Hà,10843,Liên Mạc,Xã,"Xã Liên Mạc, Huyện Thanh Hà, Tỉnh Hải Dương"
30,Hải Dương,294,Thanh Hà,10840,Tân An,Xã,"Xã Tân An, Huyện Thanh Hà, Tỉnh Hải Dương"
30,Hải Dương,294,Thanh Hà,10825,Tân Việt,Xã,"Xã Tân Việt, Huyện Thanh Hà, Tỉnh Hải Dương"
30,Hải Dương,294,Thanh Hà,10831,Thanh An,Xã,"Xã Thanh An, Huyện Thanh Hà, Tỉnh Hải Dương"
30,Hải Dương,294,Thanh Hà,10813,Thanh Hà,Thị trấn,"Thị trấn Thanh Hà, Huyện Thanh Hà, Tỉnh Hải Dương"
30,Hải Dương,294,Thanh Hà,10846,Thanh Hải,Xã,"Xã Thanh Hải, Huyện Thanh Hà, Tỉnh Hải Dương"
30,Hải Dương,294,Thanh Hà,10879,Thanh Hồng,Xã,"Xã Thanh Hồng, Huyện Thanh Hà, Tỉnh Hải Dương"
30,Hải Dương,294,Thanh Hà,10834,Thanh Lang,Xã,"Xã Thanh Lang, Huyện Thanh Hà, Tỉnh Hải Dương"
30,Hải Dương,294,Thanh Hà,10876,Thanh Quang,Xã,"Xã Thanh Quang, Huyện Thanh Hà, Tỉnh Hải Dương"
30,Hải Dương,294,Thanh Hà,10867,Thanh Sơn,Xã,"Xã Thanh Sơn, Huyện Thanh Hà, Tỉnh Hải Dương"
30,Hải Dương,294,Thanh Hà,10861,Thanh Tân,Xã,"Xã Thanh Tân, Huyện Thanh Hà, Tỉnh Hải Dương"
30,Hải Dương,294,Thanh Hà,10855,Thanh Xuân,Xã,"Xã Thanh Xuân, Huyện Thanh Hà, Tỉnh Hải Dương"
30,Hải Dương,294,Thanh Hà,10882,Vĩnh Cường,Xã,"Xã Vĩnh Cường, Huyện Thanh Hà, Tỉnh Hải Dương"
30,Hải Dương,300,Thanh Miện,11278,Cao Thắng,Xã,"Xã Cao Thắng, Huyện Thanh Miện, Tỉnh Hải Dương"
30,Hải Dương,300,Thanh Miện,11281,Chi Lăng Bắc,Xã,"Xã Chi Lăng Bắc, Huyện Thanh Miện, Tỉnh Hải Dương"
30,Hải Dương,300,Thanh Miện,11284,Chi Lăng Nam,Xã,"Xã Chi Lăng Nam, Huyện Thanh Miện, Tỉnh Hải Dương"
30,Hải Dương,300,Thanh Miện,11263,Đoàn Kết,Xã,"Xã Đoàn Kết, Huyện Thanh Miện, Tỉnh Hải Dương"
30,Hải Dương,300,Thanh Miện,11251,Đoàn Tùng,Xã,"Xã Đoàn Tùng, Huyện Thanh Miện, Tỉnh Hải Dương"
30,Hải Dương,300,Thanh Miện,11293,Hồng Phong,Xã,"Xã Hồng Phong, Huyện Thanh Miện, Tỉnh Hải Dương"
30,Hải Dương,300,Thanh Miện,11254,Hồng Quang,Xã,"Xã Hồng Quang, Huyện Thanh Miện, Tỉnh Hải Dương"
30,Hải Dương,300,Thanh Miện,11260,Lam Sơn,Xã,"Xã Lam Sơn, Huyện Thanh Miện, Tỉnh Hải Dương"
30,Hải Dương,300,Thanh Miện,11266,Lê Hồng,Xã,"Xã Lê Hồng, Huyện Thanh Miện, Tỉnh Hải Dương"
30,Hải Dương,300,Thanh Miện,11248,Ngô Quyền,Xã,"Xã Ngô Quyền, Huyện Thanh Miện, Tỉnh Hải Dương"
30,Hải Dương,300,Thanh Miện,11275,Ngũ Hùng,Xã,"Xã Ngũ Hùng, Huyện Thanh Miện, Tỉnh Hải Dương"
30,Hải Dương,300,Thanh Miện,11245,Phạm Kha,Xã,"Xã Phạm Kha, Huyện Thanh Miện, Tỉnh Hải Dương"
30,Hải Dương,300,Thanh Miện,11257,Tân Trào,Xã,"Xã Tân Trào, Huyện Thanh Miện, Tỉnh Hải Dương"
30,Hải Dương,300,Thanh Miện,11287,Thanh Giang,Xã,"Xã Thanh Giang, Huyện Thanh Miện, Tỉnh Hải Dương"
30,Hải Dương,300,Thanh Miện,11239,Thanh Miện,Thị trấn,"Thị trấn Thanh Miện, Huyện Thanh Miện, Tỉnh Hải Dương"
30,Hải Dương,300,Thanh Miện,11242,Thanh Tùng,Xã,"Xã Thanh Tùng, Huyện Thanh Miện, Tỉnh Hải Dương"
30,Hải Dương,300,Thanh Miện,11269,Tứ Cường,Xã,"Xã Tứ Cường, Huyện Thanh Miện, Tỉnh Hải Dương"
30,Hải Dương,298,Tứ Kỳ,11125,An Thanh,Xã,"Xã An Thanh, Huyện Tứ Kỳ, Tỉnh Hải Dương"
30,Hải Dương,298,Tứ Kỳ,11092,Bình Lăng,Xã,"Xã Bình Lăng, Huyện Tứ Kỳ, Tỉnh Hải Dương"
30,Hải Dương,298,Tứ Kỳ,11095,Chí Minh,Xã,"Xã Chí Minh, Huyện Tứ Kỳ, Tỉnh Hải Dương"
30,Hải Dương,298,Tứ Kỳ,11122,Dân An,Xã,"Xã Dân An, Huyện Tứ Kỳ, Tỉnh Hải Dương"
30,Hải Dương,298,Tứ Kỳ,11119,Đại Hợp,Xã,"Xã Đại Hợp, Huyện Tứ Kỳ, Tỉnh Hải Dương"
30,Hải Dương,298,Tứ Kỳ,11083,Đại Sơn,Xã,"Xã Đại Sơn, Huyện Tứ Kỳ, Tỉnh Hải Dương"
30,Hải Dương,298,Tứ Kỳ,11149,Hà Kỳ,Xã,"Xã Hà Kỳ, Huyện Tứ Kỳ, Tỉnh Hải Dương"
30,Hải Dương,298,Tứ Kỳ,11152,Hà Thanh,Xã,"Xã Hà Thanh, Huyện Tứ Kỳ, Tỉnh Hải Dương"
30,Hải Dương,298,Tứ Kỳ,11086,Hưng Đạo,Xã,"Xã Hưng Đạo, Huyện Tứ Kỳ, Tỉnh Hải Dương"
30,Hải Dương,298,Tứ Kỳ,11098,Kỳ Sơn,Xã,"Xã Kỳ Sơn, Huyện Tứ Kỳ, Tỉnh Hải Dương"
30,Hải Dương,298,Tứ Kỳ,11140,Lạc Phượng,Xã,"Xã Lạc Phượng, Huyện Tứ Kỳ, Tỉnh Hải Dương"
30,Hải Dương,298,Tứ Kỳ,11128,Minh Đức,Xã,"Xã Minh Đức, Huyện Tứ Kỳ, Tỉnh Hải Dương"
30,Hải Dương,298,Tứ Kỳ,11146,Nguyên Giáp,Xã,"Xã Nguyên Giáp, Huyện Tứ Kỳ, Tỉnh Hải Dương"
30,Hải Dương,298,Tứ Kỳ,11116,Quang Khải,Xã,"Xã Quang Khải, Huyện Tứ Kỳ, Tỉnh Hải Dương"
30,Hải Dương,298,Tứ Kỳ,11101,Quang Phục,Xã,"Xã Quang Phục, Huyện Tứ Kỳ, Tỉnh Hải Dương"
30,Hải Dương,298,Tứ Kỳ,11134,Quang Trung,Xã,"Xã Quang Trung, Huyện Tứ Kỳ, Tỉnh Hải Dương"
30,Hải Dương,298,Tứ Kỳ,11113,Tân Kỳ,Xã,"Xã Tân Kỳ, Huyện Tứ Kỳ, Tỉnh Hải Dương"
30,Hải Dương,298,Tứ Kỳ,11143,Tiên Động,Xã,"Xã Tiên Động, Huyện Tứ Kỳ, Tỉnh Hải Dương"
30,Hải Dương,298,Tứ Kỳ,11074,Tứ Kỳ,Thị trấn,"Thị trấn Tứ Kỳ, Huyện Tứ Kỳ, Tỉnh Hải Dương"
30,Hải Dương,298,Tứ Kỳ,11131,Văn Tố,Xã,"Xã Văn Tố, Huyện Tứ Kỳ, Tỉnh Hải Dương"
31,Hải Phòng,312,An Dương,11623,An Đồng,Phường,"Phường An Đồng, Quận An Dương, Thành phố Hải Phòng"
31,Hải Phòng,312,An Dương,11614,An Hải,Phường,"Phường An Hải, Quận An Dương, Thành phố Hải Phòng"
31,Hải Phòng,312,An Dương,11590,An Hoà,Phường,"Phường An Hoà, Quận An Dương, Thành phố Hải Phòng"
31,Hải Phòng,312,An Dương,11617,Đồng Thái,Phường,"Phường Đồng Thái, Quận An Dương, Thành phố Hải Phòng"
31,Hải Phòng,312,An Dương,11593,Hồng Phong,Phường,"Phường Hồng Phong, Quận An Dương, Thành phố Hải Phòng"
31,Hải Phòng,312,An Dương,11626,Hồng Thái,Phường,"Phường Hồng Thái, Quận An Dương, Thành phố Hải Phòng"
31,Hải Phòng,312,An Dương,11581,Lê Lợi,Phường,"Phường Lê Lợi, Quận An Dương, Thành phố Hải Phòng"
31,Hải Phòng,312,An Dương,11584,Lê Thiện,Phường,"Phường Lê Thiện, Quận An Dương, Thành phố Hải Phòng"
31,Hải Phòng,312,An Dương,11608,Nam Sơn,Phường,"Phường Nam Sơn, Quận An Dương, Thành phố Hải Phòng"
31,Hải Phòng,312,An Dương,11596,Tân Tiến,Phường,"Phường Tân Tiến, Quận An Dương, Thành phố Hải Phòng"
31,Hải Phòng,313,An Lão,11629,An Lão,Thị trấn,"Thị trấn An Lão, Huyện An Lão, Thành phố Hải Phòng"
31,Hải Phòng,313,An Lão,11677,An Thái,Xã,"Xã An Thái, Huyện An Lão, Thành phố Hải Phòng"
31,Hải Phòng,313,An Lão,11653,An Thắng,Xã,"Xã An Thắng, Huyện An Lão, Thành phố Hải Phòng"
31,Hải Phòng,313,An Lão,11674,An Thọ,Xã,"Xã An Thọ, Huyện An Lão, Thành phố Hải Phòng"
31,Hải Phòng,313,An Lão,11641,An Tiến,Xã,"Xã An Tiến, Huyện An Lão, Thành phố Hải Phòng"
31,Hải Phòng,313,An Lão,11632,Bát Trang,Xã,"Xã Bát Trang, Huyện An Lão, Thành phố Hải Phòng"
31,Hải Phòng,313,An Lão,11671,Chiến Thắng,Xã,"Xã Chiến Thắng, Huyện An Lão, Thành phố Hải Phòng"
31,Hải Phòng,313,An Lão,11668,Mỹ Đức,Xã,"Xã Mỹ Đức, Huyện An Lão, Thành phố Hải Phòng"
31,Hải Phòng,313,An Lão,11644,Quang Hưng,Xã,"Xã Quang Hưng, Huyện An Lão, Thành phố Hải Phòng"
31,Hải Phòng,313,An Lão,11647,Quang Trung,Xã,"Xã Quang Trung, Huyện An Lão, Thành phố Hải Phòng"
31,Hải Phòng,313,An Lão,11650,Quốc Tuấn,Xã,"Xã Quốc Tuấn, Huyện An Lão, Thành phố Hải Phòng"
31,Hải Phòng,313,An Lão,11659,Tân Dân,Xã,"Xã Tân Dân, Huyện An Lão, Thành phố Hải Phòng"
31,Hải Phòng,313,An Lão,11665,Tân Viên,Xã,"Xã Tân Viên, Huyện An Lão, Thành phố Hải Phòng"
31,Hải Phòng,313,An Lão,11662,Thái Sơn,Xã,"Xã Thái Sơn, Huyện An Lão, Thành phố Hải Phòng"
31,Hải Phòng,313,An Lão,11656,Trường Sơn,Thị trấn,"Thị trấn Trường Sơn, Huyện An Lão, Thành phố Hải Phòng"
31,Hải Phòng,313,An Lão,11638,Trường Thành,Xã,"Xã Trường Thành, Huyện An Lão, Thành phố Hải Phòng"
31,Hải Phòng,313,An Lão,11635,Trường Thọ,Xã,"Xã Trường Thọ, Huyện An Lão, Thành phố Hải Phòng"
31,Hải Phòng,317,Cát Hải,11914,Cát Bà,Thị trấn,"Thị trấn Cát Bà, Huyện Cát Hải, Thành phố Hải Phòng"
31,Hải Phòng,317,Cát Hải,11917,Cát Hải,Thị trấn,"Thị trấn Cát Hải, Huyện Cát Hải, Thành phố Hải Phòng"
31,Hải Phòng,317,Cát Hải,11923,Đồng Bài,Xã,"Xã Đồng Bài, Huyện Cát Hải, Thành phố Hải Phòng"
31,Hải Phòng,317,Cát Hải,11935,Gia Luận,Xã,"Xã Gia Luận, Huyện Cát Hải, Thành phố Hải Phòng"
31,Hải Phòng,317,Cát Hải,11938,Hiền Hào,Xã,"Xã Hiền Hào, Huyện Cát Hải, Thành phố Hải Phòng"
31,Hải Phòng,317,Cát Hải,11926,Hoàng Châu,Xã,"Xã Hoàng Châu, Huyện Cát Hải, Thành phố Hải Phòng"
31,Hải Phòng,317,Cát Hải,11920,Nghĩa Lộ,Xã,"Xã Nghĩa Lộ, Huyện Cát Hải, Thành phố Hải Phòng"
31,Hải Phòng,317,Cát Hải,11932,Phù Long,Xã,"Xã Phù Long, Huyện Cát Hải, Thành phố Hải Phòng"
31,Hải Phòng,317,Cát Hải,11941,Trân Châu,Xã,"Xã Trân Châu, Huyện Cát Hải, Thành phố Hải Phòng"
31,Hải Phòng,317,Cát Hải,11929,Văn Phong,Xã,"Xã Văn Phong, Huyện Cát Hải, Thành phố Hải Phòng"
31,Hải Phòng,317,Cát Hải,11944,Việt Hải,Xã,"Xã Việt Hải, Huyện Cát Hải, Thành phố Hải Phòng"
31,Hải Phòng,317,Cát Hải,11947,Xuân Đám,Xã,"Xã Xuân Đám, Huyện Cát Hải, Thành phố Hải Phòng"
31,Hải Phòng,309,Dương Kinh,11689,Anh Dũng,Phường,"Phường Anh Dũng, Quận Dương Kinh, Thành phố Hải Phòng"
31,Hải Phòng,309,Dương Kinh,11683,Đa Phúc,Phường,"Phường Đa Phúc, Quận Dương Kinh, Thành phố Hải Phòng"
31,Hải Phòng,309,Dương Kinh,11692,Hải Thành,Phường,"Phường Hải Thành, Quận Dương Kinh, Thành phố Hải Phòng"
31,Hải Phòng,309,Dương Kinh,11707,Hoà Nghĩa,Phường,"Phường Hoà Nghĩa, Quận Dương Kinh, Thành phố Hải Phòng"
31,Hải Phòng,309,Dương Kinh,11686,Hưng Đạo,Phường,"Phường Hưng Đạo, Quận Dương Kinh, Thành phố Hải Phòng"
31,Hải Phòng,309,Dương Kinh,11740,Tân Thành,Phường,"Phường Tân Thành, Quận Dương Kinh, Thành phố Hải Phòng"
31,Hải Phòng,308,Đồ Sơn,11467,Bàng La,Phường,"Phường Bàng La, Quận Đồ Sơn, Thành phố Hải Phòng"
31,Hải Phòng,308,Đồ Sơn,11458,Hải Sơn,Phường,"Phường Hải Sơn, Quận Đồ Sơn, Thành phố Hải Phòng"
31,Hải Phòng,308,Đồ Sơn,11737,Hợp Đức,Phường,"Phường Hợp Đức, Quận Đồ Sơn, Thành phố Hải Phòng"
31,Hải Phòng,308,Đồ Sơn,11465,Minh Đức,Phường,"Phường Minh Đức, Quận Đồ Sơn, Thành phố Hải Phòng"
31,Hải Phòng,308,Đồ Sơn,11455,Ngọc Xuyên,Phường,"Phường Ngọc Xuyên, Quận Đồ Sơn, Thành phố Hải Phòng"
31,Hải Phòng,308,Đồ Sơn,11461,Vạn Hương,Phường,"Phường Vạn Hương, Quận Đồ Sơn, Thành phố Hải Phòng"
31,Hải Phòng,306,Hải An,11422,Cát Bi,Phường,"Phường Cát Bi, Quận Hải An, Thành phố Hải Phòng"
31,Hải Phòng,306,Hải An,11416,Đằng Hải,Phường,"Phường Đằng Hải, Quận Hải An, Thành phố Hải Phòng"
31,Hải Phòng,306,Hải An,11413,Đằng Lâm,Phường,"Phường Đằng Lâm, Quận Hải An, Thành phố Hải Phòng"
31,Hải Phòng,306,Hải An,11410,Đông Hải 1,Phường,"Phường Đông Hải 1, Quận Hải An, Thành phố Hải Phòng"
31,Hải Phòng,306,Hải An,11411,Đông Hải 2,Phường,"Phường Đông Hải 2, Quận Hải An, Thành phố Hải Phòng"
31,Hải Phòng,306,Hải An,11419,Nam Hải,Phường,"Phường Nam Hải, Quận Hải An, Thành phố Hải Phòng"
31,Hải Phòng,306,Hải An,11414,Thành Tô,Phường,"Phường Thành Tô, Quận Hải An, Thành phố Hải Phòng"
31,Hải Phòng,306,Hải An,11425,Tràng Cát,Phường,"Phường Tràng Cát, Quận Hải An, Thành phố Hải Phòng"
31,Hải Phòng,303,Hồng Bàng,11602,An Hồng,Phường,"Phường An Hồng, Quận Hồng Bàng, Thành phố Hải Phòng"
31,Hải Phòng,303,Hồng Bàng,11599,An Hưng,Phường,"Phường An Hưng, Quận Hồng Bàng, Thành phố Hải Phòng"
31,Hải Phòng,303,Hồng Bàng,11587,Đại Bản,Phường,"Phường Đại Bản, Quận Hồng Bàng, Thành phố Hải Phòng"
31,Hải Phòng,303,Hồng Bàng,11320,Hoàng Văn Thụ,Phường,"Phường Hoàng Văn Thụ, Quận Hồng Bàng, Thành phố Hải Phòng"
31,Hải Phòng,303,Hồng Bàng,11299,Hùng Vương,Phường,"Phường Hùng Vương, Quận Hồng Bàng, Thành phố Hải Phòng"
31,Hải Phòng,303,Hồng Bàng,11311,Minh Khai,Phường,"Phường Minh Khai, Quận Hồng Bàng, Thành phố Hải Phòng"
31,Hải Phòng,303,Hồng Bàng,11323,Phan Bội Châu,Phường,"Phường Phan Bội Châu, Quận Hồng Bàng, Thành phố Hải Phòng"
31,Hải Phòng,303,Hồng Bàng,11296,Quán Toan,Phường,"Phường Quán Toan, Quận Hồng Bàng, Thành phố Hải Phòng"
31,Hải Phòng,303,Hồng Bàng,11302,Sở Dầu,Phường,"Phường Sở Dầu, Quận Hồng Bàng, Thành phố Hải Phòng"
31,Hải Phòng,303,Hồng Bàng,11305,Thượng Lý,Phường,"Phường Thượng Lý, Quận Hồng Bàng, Thành phố Hải Phòng"
31,Hải Phòng,307,Kiến An,11449,Bắc Hà,Phường,"Phường Bắc Hà, Quận Kiến An, Thành phố Hải Phòng"
31,Hải Phòng,307,Kiến An,11434,Bắc Sơn,Phường,"Phường Bắc Sơn, Quận Kiến An, Thành phố Hải Phòng"
31,Hải Phòng,307,Kiến An,11431,Đồng Hoà,Phường,"Phường Đồng Hoà, Quận Kiến An, Thành phố Hải Phòng"
31,Hải Phòng,307,Kiến An,11437,Nam Sơn,Phường,"Phường Nam Sơn, Quận Kiến An, Thành phố Hải Phòng"
31,Hải Phòng,307,Kiến An,11440,Ngọc Sơn,Phường,"Phường Ngọc Sơn, Quận Kiến An, Thành phố Hải Phòng"
31,Hải Phòng,307,Kiến An,11443,Trần Thành Ngọ,Phường,"Phường Trần Thành Ngọ, Quận Kiến An, Thành phố Hải Phòng"
31,Hải Phòng,307,Kiến An,11446,Văn Đẩu,Phường,"Phường Văn Đẩu, Quận Kiến An, Thành phố Hải Phòng"
31,Hải Phòng,314,Kiến Thuỵ,11716,Du Lễ,Xã,"Xã Du Lễ, Huyện Kiến Thuỵ, Thành phố Hải Phòng"
31,Hải Phòng,314,Kiến Thuỵ,11704,Đại Đồng,Xã,"Xã Đại Đồng, Huyện Kiến Thuỵ, Thành phố Hải Phòng"
31,Hải Phòng,314,Kiến Thuỵ,11752,Đại Hợp,Xã,"Xã Đại Hợp, Huyện Kiến Thuỵ, Thành phố Hải Phòng"
31,Hải Phòng,314,Kiến Thuỵ,11746,Đoàn Xá,Xã,"Xã Đoàn Xá, Huyện Kiến Thuỵ, Thành phố Hải Phòng"
31,Hải Phòng,314,Kiến Thuỵ,11695,Đông Phương,Xã,"Xã Đông Phương, Huyện Kiến Thuỵ, Thành phố Hải Phòng"
31,Hải Phòng,314,Kiến Thuỵ,11701,Hữu Bằng,Xã,"Xã Hữu Bằng, Huyện Kiến Thuỵ, Thành phố Hải Phòng"
31,Hải Phòng,314,Kiến Thuỵ,11728,Kiến Hưng,Xã,"Xã Kiến Hưng, Huyện Kiến Thuỵ, Thành phố Hải Phòng"
31,Hải Phòng,314,Kiến Thuỵ,11713,Kiến Quốc,Xã,"Xã Kiến Quốc, Huyện Kiến Thuỵ, Thành phố Hải Phòng"
31,Hải Phòng,314,Kiến Thuỵ,11725,Minh Tân,Xã,"Xã Minh Tân, Huyện Kiến Thuỵ, Thành phố Hải Phòng"
31,Hải Phòng,314,Kiến Thuỵ,11710,Ngũ Phúc,Xã,"Xã Ngũ Phúc, Huyện Kiến Thuỵ, Thành phố Hải Phòng"
31,Hải Phòng,314,Kiến Thuỵ,11680,Núi Đối,Thị trấn,"Thị trấn Núi Đối, Huyện Kiến Thuỵ, Thành phố Hải Phòng"
31,Hải Phòng,314,Kiến Thuỵ,11734,Tân Phong,Xã,"Xã Tân Phong, Huyện Kiến Thuỵ, Thành phố Hải Phòng"
31,Hải Phòng,314,Kiến Thuỵ,11743,Tân Trào,Xã,"Xã Tân Trào, Huyện Kiến Thuỵ, Thành phố Hải Phòng"
31,Hải Phòng,314,Kiến Thuỵ,11722,Thanh Sơn,Xã,"Xã Thanh Sơn, Huyện Kiến Thuỵ, Thành phố Hải Phòng"
31,Hải Phòng,314,Kiến Thuỵ,11698,Thuận Thiên,Xã,"Xã Thuận Thiên, Huyện Kiến Thuỵ, Thành phố Hải Phòng"
31,Hải Phòng,314,Kiến Thuỵ,11749,Tú Sơn,Xã,"Xã Tú Sơn, Huyện Kiến Thuỵ, Thành phố Hải Phòng"
31,Hải Phòng,305,Lê Chân,11371,An Biên,Phường,"Phường An Biên, Quận Lê Chân, Thành phố Hải Phòng"
31,Hải Phòng,305,Lê Chân,11401,An Dương,Phường,"Phường An Dương, Quận Lê Chân, Thành phố Hải Phòng"
31,Hải Phòng,305,Lê Chân,11404,Dư Hàng Kênh,Phường,"Phường Dư Hàng Kênh, Quận Lê Chân, Thành phố Hải Phòng"
31,Hải Phòng,305,Lê Chân,11395,Hàng Kênh,Phường,"Phường Hàng Kênh, Quận Lê Chân, Thành phố Hải Phòng"
31,Hải Phòng,305,Lê Chân,11405,Kênh Dương,Phường,"Phường Kênh Dương, Quận Lê Chân, Thành phố Hải Phòng"
31,Hải Phòng,305,Lê Chân,11383,Trần Nguyên Hãn,Phường,"Phường Trần Nguyên Hãn, Quận Lê Chân, Thành phố Hải Phòng"
31,Hải Phòng,305,Lê Chân,11407,Vĩnh Niệm,Phường,"Phường Vĩnh Niệm, Quận Lê Chân, Thành phố Hải Phòng"
31,Hải Phòng,304,Ngô Quyền,11344,Cầu Đất,Phường,"Phường Cầu Đất, Quận Ngô Quyền, Thành phố Hải Phòng"
31,Hải Phòng,304,Ngô Quyền,11338,Cầu Tre,Phường,"Phường Cầu Tre, Quận Ngô Quyền, Thành phố Hải Phòng"
31,Hải Phòng,304,Ngô Quyền,11359,Đằng Giang,Phường,"Phường Đằng Giang, Quận Ngô Quyền, Thành phố Hải Phòng"
31,Hải Phòng,304,Ngô Quyền,11350,Đông Khê,Phường,"Phường Đông Khê, Quận Ngô Quyền, Thành phố Hải Phòng"
31,Hải Phòng,304,Ngô Quyền,11341,Gia Viên,Phường,"Phường Gia Viên, Quận Ngô Quyền, Thành phố Hải Phòng"
31,Hải Phòng,304,Ngô Quyền,11365,Lạch Tray,Phường,"Phường Lạch Tray, Quận Ngô Quyền, Thành phố Hải Phòng"
31,Hải Phòng,304,Ngô Quyền,11329,Máy Chai,Phường,"Phường Máy Chai, Quận Ngô Quyền, Thành phố Hải Phòng"
31,Hải Phòng,304,Ngô Quyền,11335,Vạn Mỹ,Phường,"Phường Vạn Mỹ, Quận Ngô Quyền, Thành phố Hải Phòng"
31,Hải Phòng,311,Thuỷ Nguyên,11533,An Lư,Phường,"Phường An Lư, Thành phố Thuỷ Nguyên, Thành phố Hải Phòng"
31,Hải Phòng,311,Thuỷ Nguyên,11500,Bạch Đằng,Xã,"Xã Bạch Đằng, Thành phố Thuỷ Nguyên, Thành phố Hải Phòng"
31,Hải Phòng,311,Thuỷ Nguyên,11578,Dương Quan,Phường,"Phường Dương Quan, Thành phố Thuỷ Nguyên, Thành phố Hải Phòng"
31,Hải Phòng,311,Thuỷ Nguyên,11527,Hoà Bình,Phường,"Phường Hoà Bình, Thành phố Thuỷ Nguyên, Thành phố Hải Phòng"
31,Hải Phòng,311,Thuỷ Nguyên,11572,Hoa Động,Phường,"Phường Hoa Động, Thành phố Thuỷ Nguyên, Thành phố Hải Phòng"
31,Hải Phòng,311,Thuỷ Nguyên,11569,Hoàng Lâm,Phường,"Phường Hoàng Lâm, Thành phố Thuỷ Nguyên, Thành phố Hải Phòng"
31,Hải Phòng,311,Thuỷ Nguyên,11551,Lập Lễ,Phường,"Phường Lập Lễ, Thành phố Thuỷ Nguyên, Thành phố Hải Phòng"
31,Hải Phòng,311,Thuỷ Nguyên,11521,Lê Hồng Phong,Phường,"Phường Lê Hồng Phong, Thành phố Thuỷ Nguyên, Thành phố Hải Phòng"
31,Hải Phòng,311,Thuỷ Nguyên,11485,Liên Xuân,Xã,"Xã Liên Xuân, Thành phố Thuỷ Nguyên, Thành phố Hải Phòng"
31,Hải Phòng,311,Thuỷ Nguyên,11488,Lưu Kiếm,Phường,"Phường Lưu Kiếm, Thành phố Thuỷ Nguyên, Thành phố Hải Phòng"
31,Hải Phòng,311,Thuỷ Nguyên,11473,Minh Đức,Phường,"Phường Minh Đức, Thành phố Thuỷ Nguyên, Thành phố Hải Phòng"
31,Hải Phòng,311,Thuỷ Nguyên,11542,Nam Triệu Giang,Phường,"Phường Nam Triệu Giang, Thành phố Thuỷ Nguyên, Thành phố Hải Phòng"
31,Hải Phòng,311,Thuỷ Nguyên,11503,Ninh Sơn,Xã,"Xã Ninh Sơn, Thành phố Thuỷ Nguyên, Thành phố Hải Phòng"
31,Hải Phòng,311,Thuỷ Nguyên,11539,Phạm Ngũ Lão,Phường,"Phường Phạm Ngũ Lão, Thành phố Thuỷ Nguyên, Thành phố Hải Phòng"
31,Hải Phòng,311,Thuỷ Nguyên,11506,Quảng Thanh,Phường,"Phường Quảng Thanh, Thành phố Thuỷ Nguyên, Thành phố Hải Phòng"
31,Hải Phòng,311,Thuỷ Nguyên,11518,Quang Trung,Xã,"Xã Quang Trung, Thành phố Thuỷ Nguyên, Thành phố Hải Phòng"
31,Hải Phòng,311,Thuỷ Nguyên,11545,Tam Hưng,Phường,"Phường Tam Hưng, Thành phố Thuỷ Nguyên, Thành phố Hải Phòng"
31,Hải Phòng,311,Thuỷ Nguyên,11557,Thiên Hương,Phường,"Phường Thiên Hương, Thành phố Thuỷ Nguyên, Thành phố Hải Phòng"
31,Hải Phòng,311,Thuỷ Nguyên,11560,Thuỷ Đường,Phường,"Phường Thuỷ Đường, Thành phố Thuỷ Nguyên, Thành phố Hải Phòng"
31,Hải Phòng,311,Thuỷ Nguyên,11530,Thủy Hà,Phường,"Phường Thủy Hà, Thành phố Thuỷ Nguyên, Thành phố Hải Phòng"
31,Hải Phòng,311,Thuỷ Nguyên,11512,Trần Hưng Đạo,Phường,"Phường Trần Hưng Đạo, Thành phố Thuỷ Nguyên, Thành phố Hải Phòng"
31,Hải Phòng,315,Tiên Lãng,11803,Bắc Hưng,Xã,"Xã Bắc Hưng, Huyện Tiên Lãng, Thành phố Hải Phòng"
31,Hải Phòng,315,Tiên Lãng,11779,Cấp Tiến,Xã,"Xã Cấp Tiến, Huyện Tiên Lãng, Thành phố Hải Phòng"
31,Hải Phòng,315,Tiên Lãng,11758,Đại Thắng,Xã,"Xã Đại Thắng, Huyện Tiên Lãng, Thành phố Hải Phòng"
31,Hải Phòng,315,Tiên Lãng,11785,Đoàn Lập,Xã,"Xã Đoàn Lập, Huyện Tiên Lãng, Thành phố Hải Phòng"
31,Hải Phòng,315,Tiên Lãng,11815,Đông Hưng,Xã,"Xã Đông Hưng, Huyện Tiên Lãng, Thành phố Hải Phòng"
31,Hải Phòng,315,Tiên Lãng,11809,Hùng Thắng,Xã,"Xã Hùng Thắng, Huyện Tiên Lãng, Thành phố Hải Phòng"
31,Hải Phòng,315,Tiên Lãng,11773,Khởi Nghĩa,Xã,"Xã Khởi Nghĩa, Huyện Tiên Lãng, Thành phố Hải Phòng"
31,Hải Phòng,315,Tiên Lãng,11782,Kiến Thiết,Xã,"Xã Kiến Thiết, Huyện Tiên Lãng, Thành phố Hải Phòng"
31,Hải Phòng,315,Tiên Lãng,11806,Nam Hưng,Xã,"Xã Nam Hưng, Huyện Tiên Lãng, Thành phố Hải Phòng"
31,Hải Phòng,315,Tiên Lãng,11770,Quyết Tiến,Xã,"Xã Quyết Tiến, Huyện Tiên Lãng, Thành phố Hải Phòng"
31,Hải Phòng,315,Tiên Lãng,11791,Tân Minh,Xã,"Xã Tân Minh, Huyện Tiên Lãng, Thành phố Hải Phòng"
31,Hải Phòng,315,Tiên Lãng,11812,Tây Hưng,Xã,"Xã Tây Hưng, Huyện Tiên Lãng, Thành phố Hải Phòng"
31,Hải Phòng,315,Tiên Lãng,11761,Tiên Cường,Xã,"Xã Tiên Cường, Huyện Tiên Lãng, Thành phố Hải Phòng"
31,Hải Phòng,315,Tiên Lãng,11755,Tiên Lãng,Thị trấn,"Thị trấn Tiên Lãng, Huyện Tiên Lãng, Thành phố Hải Phòng"
31,Hải Phòng,315,Tiên Lãng,11800,Tiên Minh,Xã,"Xã Tiên Minh, Huyện Tiên Lãng, Thành phố Hải Phòng"
31,Hải Phòng,315,Tiên Lãng,11797,Tiên Thắng,Xã,"Xã Tiên Thắng, Huyện Tiên Lãng, Thành phố Hải Phòng"
31,Hải Phòng,315,Tiên Lãng,11776,Tiên Thanh,Xã,"Xã Tiên Thanh, Huyện Tiên Lãng, Thành phố Hải Phòng"
31,Hải Phòng,315,Tiên Lãng,11764,Tự Cường,Xã,"Xã Tự Cường, Huyện Tiên Lãng, Thành phố Hải Phòng"
31,Hải Phòng,315,Tiên Lãng,11821,Vinh Quang,Xã,"Xã Vinh Quang, Huyện Tiên Lãng, Thành phố Hải Phòng"
31,Hải Phòng,316,Vĩnh Bảo,11902,Cao Minh,Xã,"Xã Cao Minh, Huyện Vĩnh Bảo, Thành phố Hải Phòng"
31,Hải Phòng,316,Vĩnh Bảo,11827,Dũng Tiến,Xã,"Xã Dũng Tiến, Huyện Vĩnh Bảo, Thành phố Hải Phòng"
31,Hải Phòng,316,Vĩnh Bảo,11830,Giang Biên,Xã,"Xã Giang Biên, Huyện Vĩnh Bảo, Thành phố Hải Phòng"
31,Hải Phòng,316,Vĩnh Bảo,11890,Hoà Bình,Xã,"Xã Hoà Bình, Huyện Vĩnh Bảo, Thành phố Hải Phòng"
31,Hải Phòng,316,Vĩnh Bảo,11851,Hùng Tiến,Xã,"Xã Hùng Tiến, Huyện Vĩnh Bảo, Thành phố Hải Phòng"
31,Hải Phòng,316,Vĩnh Bảo,11881,Liên Am,Xã,"Xã Liên Am, Huyện Vĩnh Bảo, Thành phố Hải Phòng"
31,Hải Phòng,316,Vĩnh Bảo,11884,Lý Học,Xã,"Xã Lý Học, Huyện Vĩnh Bảo, Thành phố Hải Phòng"
31,Hải Phòng,316,Vĩnh Bảo,11887,Tam Cường,Xã,"Xã Tam Cường, Huyện Vĩnh Bảo, Thành phố Hải Phòng"
31,Hải Phòng,316,Vĩnh Bảo,11857,Tân Hưng,Xã,"Xã Tân Hưng, Huyện Vĩnh Bảo, Thành phố Hải Phòng"
31,Hải Phòng,316,Vĩnh Bảo,11860,Tân Liên,Xã,"Xã Tân Liên, Huyện Vĩnh Bảo, Thành phố Hải Phòng"
31,Hải Phòng,316,Vĩnh Bảo,11833,Thắng Thuỷ,Xã,"Xã Thắng Thuỷ, Huyện Vĩnh Bảo, Thành phố Hải Phòng"
31,Hải Phòng,316,Vĩnh Bảo,11893,Tiền Phong,Xã,"Xã Tiền Phong, Huyện Vĩnh Bảo, Thành phố Hải Phòng"
31,Hải Phòng,316,Vĩnh Bảo,11911,Trấn Dương,Xã,"Xã Trấn Dương, Huyện Vĩnh Bảo, Thành phố Hải Phòng"
31,Hải Phòng,316,Vĩnh Bảo,11836,Trung Lập,Xã,"Xã Trung Lập, Huyện Vĩnh Bảo, Thành phố Hải Phòng"
31,Hải Phòng,316,Vĩnh Bảo,11839,Việt Tiến,Xã,"Xã Việt Tiến, Huyện Vĩnh Bảo, Thành phố Hải Phòng"
31,Hải Phòng,316,Vĩnh Bảo,11842,Vĩnh An,Xã,"Xã Vĩnh An, Huyện Vĩnh Bảo, Thành phố Hải Phòng"
31,Hải Phòng,316,Vĩnh Bảo,11824,Vĩnh Bảo,Thị trấn,"Thị trấn Vĩnh Bảo, Huyện Vĩnh Bảo, Thành phố Hải Phòng"
31,Hải Phòng,316,Vĩnh Bảo,11875,Vĩnh Hải,Xã,"Xã Vĩnh Hải, Huyện Vĩnh Bảo, Thành phố Hải Phòng"
31,Hải Phòng,316,Vĩnh Bảo,11848,Vĩnh Hoà,Xã,"Xã Vĩnh Hoà, Huyện Vĩnh Bảo, Thành phố Hải Phòng"
31,Hải Phòng,316,Vĩnh Bảo,11866,Vĩnh Hưng,Xã,"Xã Vĩnh Hưng, Huyện Vĩnh Bảo, Thành phố Hải Phòng"
93,Hậu Giang,933,Châu Thành,31375,Đông Phú,Xã,"Xã Đông Phú, Huyện Châu Thành, Tỉnh Hậu Giang"
93,Hậu Giang,933,Châu Thành,31384,Đông Phước,Xã,"Xã Đông Phước, Huyện Châu Thành, Tỉnh Hậu Giang"
93,Hậu Giang,933,Châu Thành,31387,Đông Phước A,Xã,"Xã Đông Phước A, Huyện Châu Thành, Tỉnh Hậu Giang"
93,Hậu Giang,933,Châu Thành,31369,Đông Thạnh,Xã,"Xã Đông Thạnh, Huyện Châu Thành, Tỉnh Hậu Giang"
93,Hậu Giang,933,Châu Thành,31381,Mái Dầm,Thị trấn,"Thị trấn Mái Dầm, Huyện Châu Thành, Tỉnh Hậu Giang"
93,Hậu Giang,933,Châu Thành,31366,Ngã Sáu,Thị trấn,"Thị trấn Ngã Sáu, Huyện Châu Thành, Tỉnh Hậu Giang"
93,Hậu Giang,933,Châu Thành,31378,Phú Hữu,Xã,"Xã Phú Hữu, Huyện Châu Thành, Tỉnh Hậu Giang"
93,Hậu Giang,933,Châu Thành,31379,Phú Tân,Xã,"Xã Phú Tân, Huyện Châu Thành, Tỉnh Hậu Giang"
93,Hậu Giang,932,Châu Thành A,31346,Bảy Ngàn,Thị trấn,"Thị trấn Bảy Ngàn, Huyện Châu Thành A, Tỉnh Hậu Giang"
93,Hậu Giang,932,Châu Thành A,31362,Cái Tắc,Thị trấn,"Thị trấn Cái Tắc, Huyện Châu Thành A, Tỉnh Hậu Giang"
93,Hậu Giang,932,Châu Thành A,31342,Một Ngàn,Thị trấn,"Thị trấn Một Ngàn, Huyện Châu Thành A, Tỉnh Hậu Giang"
93,Hậu Giang,932,Châu Thành A,31357,Nhơn Nghĩa A,Xã,"Xã Nhơn Nghĩa A, Huyện Châu Thành A, Tỉnh Hậu Giang"
93,Hậu Giang,932,Châu Thành A,31359,Rạch Gòi,Thị trấn,"Thị trấn Rạch Gòi, Huyện Châu Thành A, Tỉnh Hậu Giang"
93,Hậu Giang,932,Châu Thành A,31345,Tân Hoà,Xã,"Xã Tân Hoà, Huyện Châu Thành A, Tỉnh Hậu Giang"
93,Hậu Giang,932,Châu Thành A,31363,Tân Phú Thạnh,Xã,"Xã Tân Phú Thạnh, Huyện Châu Thành A, Tỉnh Hậu Giang"
93,Hậu Giang,932,Châu Thành A,31360,Thạnh Xuân,Xã,"Xã Thạnh Xuân, Huyện Châu Thành A, Tỉnh Hậu Giang"
93,Hậu Giang,932,Châu Thành A,31351,Trường Long A,Xã,"Xã Trường Long A, Huyện Châu Thành A, Tỉnh Hậu Giang"
93,Hậu Giang,932,Châu Thành A,31348,Trường Long Tây,Xã,"Xã Trường Long Tây, Huyện Châu Thành A, Tỉnh Hậu Giang"
93,Hậu Giang,936,Long Mỹ,31493,Lương Nghĩa,Xã,"Xã Lương Nghĩa, Huyện Long Mỹ, Tỉnh Hậu Giang"
93,Hậu Giang,936,Long Mỹ,31492,Lương Tâm,Xã,"Xã Lương Tâm, Huyện Long Mỹ, Tỉnh Hậu Giang"
93,Hậu Giang,936,Long Mỹ,31484,Thuận Hòa,Xã,"Xã Thuận Hòa, Huyện Long Mỹ, Tỉnh Hậu Giang"
93,Hậu Giang,936,Long Mỹ,31483,Thuận Hưng,Xã,"Xã Thuận Hưng, Huyện Long Mỹ, Tỉnh Hậu Giang"
93,Hậu Giang,936,Long Mỹ,31486,Vĩnh Thuận Đông,Xã,"Xã Vĩnh Thuận Đông, Huyện Long Mỹ, Tỉnh Hậu Giang"
93,Hậu Giang,936,Long Mỹ,31489,Vĩnh Viễn,Thị trấn,"Thị trấn Vĩnh Viễn, Huyện Long Mỹ, Tỉnh Hậu Giang"
93,Hậu Giang,936,Long Mỹ,31490,Vĩnh Viễn A,Xã,"Xã Vĩnh Viễn A, Huyện Long Mỹ, Tỉnh Hậu Giang"
93,Hậu Giang,936,Long Mỹ,31495,Xà Phiên,Xã,"Xã Xà Phiên, Huyện Long Mỹ, Tỉnh Hậu Giang"
93,Hậu Giang,937,Long Mỹ,31473,Bình Thạnh,Phường,"Phường Bình Thạnh, Thị xã Long Mỹ, Tỉnh Hậu Giang"
93,Hậu Giang,937,Long Mỹ,31474,Long Bình,Xã,"Xã Long Bình, Thị xã Long Mỹ, Tỉnh Hậu Giang"
93,Hậu Giang,937,Long Mỹ,31480,Long Phú,Xã,"Xã Long Phú, Thị xã Long Mỹ, Tỉnh Hậu Giang"
93,Hậu Giang,937,Long Mỹ,31477,Long Trị,Xã,"Xã Long Trị, Thị xã Long Mỹ, Tỉnh Hậu Giang"
93,Hậu Giang,937,Long Mỹ,31478,Long Trị A,Xã,"Xã Long Trị A, Thị xã Long Mỹ, Tỉnh Hậu Giang"
93,Hậu Giang,937,Long Mỹ,31481,Tân Phú,Xã,"Xã Tân Phú, Thị xã Long Mỹ, Tỉnh Hậu Giang"
93,Hậu Giang,937,Long Mỹ,31471,Thuận An,Phường,"Phường Thuận An, Thị xã Long Mỹ, Tỉnh Hậu Giang"
93,Hậu Giang,937,Long Mỹ,31472,Trà Lồng,Phường,"Phường Trà Lồng, Thị xã Long Mỹ, Tỉnh Hậu Giang"
93,Hậu Giang,937,Long Mỹ,31475,Vĩnh Tường,Phường,"Phường Vĩnh Tường, Thị xã Long Mỹ, Tỉnh Hậu Giang"
93,Hậu Giang,931,Ngã Bảy,31411,Đại Thành,Xã,"Xã Đại Thành, Thành phố Ngã Bảy, Tỉnh Hậu Giang"
93,Hậu Giang,931,Ngã Bảy,31344,Hiệp Lợi,Phường,"Phường Hiệp Lợi, Thành phố Ngã Bảy, Tỉnh Hậu Giang"
93,Hậu Giang,931,Ngã Bảy,31343,Hiệp Thành,Phường,"Phường Hiệp Thành, Thành phố Ngã Bảy, Tỉnh Hậu Giang"
93,Hậu Giang,931,Ngã Bảy,31341,Lái Hiếu,Phường,"Phường Lái Hiếu, Thành phố Ngã Bảy, Tỉnh Hậu Giang"
93,Hậu Giang,931,Ngã Bảy,31340,Ngã Bảy,Phường,"Phường Ngã Bảy, Thành phố Ngã Bảy, Tỉnh Hậu Giang"
93,Hậu Giang,931,Ngã Bảy,31414,Tân Thành,Xã,"Xã Tân Thành, Thành phố Ngã Bảy, Tỉnh Hậu Giang"
93,Hậu Giang,934,Phụng Hiệp,31402,Bình Thành,Xã,"Xã Bình Thành, Huyện Phụng Hiệp, Tỉnh Hậu Giang"
93,Hậu Giang,934,Phụng Hiệp,31433,Búng Tàu,Thị trấn,"Thị trấn Búng Tàu, Huyện Phụng Hiệp, Tỉnh Hậu Giang"
93,Hậu Giang,934,Phụng Hiệp,31396,Cây Dương,Thị trấn,"Thị trấn Cây Dương, Huyện Phụng Hiệp, Tỉnh Hậu Giang"
93,Hậu Giang,934,Phụng Hiệp,31429,Hiệp Hưng,Xã,"Xã Hiệp Hưng, Huyện Phụng Hiệp, Tỉnh Hậu Giang"
93,Hậu Giang,934,Phụng Hiệp,31423,Hòa An,Xã,"Xã Hòa An, Huyện Phụng Hiệp, Tỉnh Hậu Giang"
93,Hậu Giang,934,Phụng Hiệp,31420,Hòa Mỹ,Xã,"Xã Hòa Mỹ, Huyện Phụng Hiệp, Tỉnh Hậu Giang"
93,Hậu Giang,934,Phụng Hiệp,31393,Kinh Cùng,Thị trấn,"Thị trấn Kinh Cùng, Huyện Phụng Hiệp, Tỉnh Hậu Giang"
93,Hậu Giang,934,Phụng Hiệp,31408,Long Thạnh,Xã,"Xã Long Thạnh, Huyện Phụng Hiệp, Tỉnh Hậu Giang"
93,Hậu Giang,934,Phụng Hiệp,31417,Phụng Hiệp,Xã,"Xã Phụng Hiệp, Huyện Phụng Hiệp, Tỉnh Hậu Giang"
93,Hậu Giang,934,Phụng Hiệp,31426,Phương Bình,Xã,"Xã Phương Bình, Huyện Phụng Hiệp, Tỉnh Hậu Giang"
93,Hậu Giang,934,Phụng Hiệp,31435,Phương Phú,Xã,"Xã Phương Phú, Huyện Phụng Hiệp, Tỉnh Hậu Giang"
93,Hậu Giang,934,Phụng Hiệp,31399,Tân Bình,Xã,"Xã Tân Bình, Huyện Phụng Hiệp, Tỉnh Hậu Giang"
93,Hậu Giang,934,Phụng Hiệp,31438,Tân Long,Xã,"Xã Tân Long, Huyện Phụng Hiệp, Tỉnh Hậu Giang"
93,Hậu Giang,934,Phụng Hiệp,31432,Tân Phước Hưng,Xã,"Xã Tân Phước Hưng, Huyện Phụng Hiệp, Tỉnh Hậu Giang"
93,Hậu Giang,934,Phụng Hiệp,31405,Thạnh Hòa,Xã,"Xã Thạnh Hòa, Huyện Phụng Hiệp, Tỉnh Hậu Giang"
93,Hậu Giang,930,Vị Thanh,31336,Hoả Lựu,Xã,"Xã Hoả Lựu, Thành phố Vị Thanh, Tỉnh Hậu Giang"
93,Hậu Giang,930,Vị Thanh,31339,Hoả Tiến,Xã,"Xã Hoả Tiến, Thành phố Vị Thanh, Tỉnh Hậu Giang"
93,Hậu Giang,930,Vị Thanh,31318,I,Phường,"Phường I, Thành phố Vị Thanh, Tỉnh Hậu Giang"
93,Hậu Giang,930,Vị Thanh,31321,III,Phường,"Phường III, Thành phố Vị Thanh, Tỉnh Hậu Giang"
93,Hậu Giang,930,Vị Thanh,31324,IV,Phường,"Phường IV, Thành phố Vị Thanh, Tỉnh Hậu Giang"
93,Hậu Giang,930,Vị Thanh,31338,Tân Tiến,Xã,"Xã Tân Tiến, Thành phố Vị Thanh, Tỉnh Hậu Giang"
93,Hậu Giang,930,Vị Thanh,31327,V,Phường,"Phường V, Thành phố Vị Thanh, Tỉnh Hậu Giang"
93,Hậu Giang,930,Vị Thanh,31333,Vị Tân,Xã,"Xã Vị Tân, Thành phố Vị Thanh, Tỉnh Hậu Giang"
93,Hậu Giang,930,Vị Thanh,31330,VII,Phường,"Phường VII, Thành phố Vị Thanh, Tỉnh Hậu Giang"
93,Hậu Giang,935,Vị Thuỷ,31441,Nàng Mau,Thị trấn,"Thị trấn Nàng Mau, Huyện Vị Thuỷ, Tỉnh Hậu Giang"
93,Hậu Giang,935,Vị Thuỷ,31468,Vị Bình,Xã,"Xã Vị Bình, Huyện Vị Thuỷ, Tỉnh Hậu Giang"
93,Hậu Giang,935,Vị Thuỷ,31462,Vị Đông,Xã,"Xã Vị Đông, Huyện Vị Thuỷ, Tỉnh Hậu Giang"
93,Hậu Giang,935,Vị Thuỷ,31450,Vị Thắng,Xã,"Xã Vị Thắng, Huyện Vị Thuỷ, Tỉnh Hậu Giang"
93,Hậu Giang,935,Vị Thuỷ,31465,Vị Thanh,Xã,"Xã Vị Thanh, Huyện Vị Thuỷ, Tỉnh Hậu Giang"
93,Hậu Giang,935,Vị Thuỷ,31447,Vị Thuỷ,Xã,"Xã Vị Thuỷ, Huyện Vị Thuỷ, Tỉnh Hậu Giang"
93,Hậu Giang,935,Vị Thuỷ,31444,Vị Trung,Xã,"Xã Vị Trung, Huyện Vị Thuỷ, Tỉnh Hậu Giang"
93,Hậu Giang,935,Vị Thuỷ,31453,Vĩnh Thuận Tây,Xã,"Xã Vĩnh Thuận Tây, Huyện Vị Thuỷ, Tỉnh Hậu Giang"
93,Hậu Giang,935,Vị Thuỷ,31456,Vĩnh Trung,Xã,"Xã Vĩnh Trung, Huyện Vị Thuỷ, Tỉnh Hậu Giang"
93,Hậu Giang,935,Vị Thuỷ,31459,Vĩnh Tường,Xã,"Xã Vĩnh Tường, Huyện Vị Thuỷ, Tỉnh Hậu Giang"
79,Hồ Chí Minh,760,1,26740,Bến Nghé,Phường,"Phường Bến Nghé, Quận 1, Thành phố Hồ Chí Minh"
79,Hồ Chí Minh,760,1,26743,Bến Thành,Phường,"Phường Bến Thành, Quận 1, Thành phố Hồ Chí Minh"
79,Hồ Chí Minh,760,1,26761,Cầu Kho,Phường,"Phường Cầu Kho, Quận 1, Thành phố Hồ Chí Minh"
79,Hồ Chí Minh,760,1,26752,Cầu Ông Lãnh,Phường,"Phường Cầu Ông Lãnh, Quận 1, Thành phố Hồ Chí Minh"
79,Hồ Chí Minh,760,1,26755,Cô Giang,Phường,"Phường Cô Giang, Quận 1, Thành phố Hồ Chí Minh"
79,Hồ Chí Minh,760,1,26737,Đa Kao,Phường,"Phường Đa Kao, Quận 1, Thành phố Hồ Chí Minh"
79,Hồ Chí Minh,760,1,26758,Nguyễn Cư Trinh,Phường,"Phường Nguyễn Cư Trinh, Quận 1, Thành phố Hồ Chí Minh"
79,Hồ Chí Minh,760,1,26746,Nguyễn Thái Bình,Phường,"Phường Nguyễn Thái Bình, Quận 1, Thành phố Hồ Chí Minh"
79,Hồ Chí Minh,760,1,26749,Phạm Ngũ Lão,Phường,"Phường Phạm Ngũ Lão, Quận 1, Thành phố Hồ Chí Minh"
79,Hồ Chí Minh,760,1,26734,Tân Định,Phường,"Phường Tân Định, Quận 1, Thành phố Hồ Chí Minh"
79,Hồ Chí Minh,771,10,27184,1,Phường,"Phường 1, Quận 10, Thành phố Hồ Chí Minh"
79,Hồ Chí Minh,771,10,27178,10,Phường,"Phường 10, Quận 10, Thành phố Hồ Chí Minh"
79,Hồ Chí Minh,771,10,27172,12,Phường,"Phường 12, Quận 10, Thành phố Hồ Chí Minh"
79,Hồ Chí Minh,771,10,27166,13,Phường,"Phường 13, Quận 10, Thành phố Hồ Chí Minh"
79,Hồ Chí Minh,771,10,27169,14,Phường,"Phường 14, Quận 10, Thành phố Hồ Chí Minh"
79,Hồ Chí Minh,771,10,27163,15,Phường,"Phường 15, Quận 10, Thành phố Hồ Chí Minh"
79,Hồ Chí Minh,771,10,27190,2,Phường,"Phường 2, Quận 10, Thành phố Hồ Chí Minh"
79,Hồ Chí Minh,771,10,27193,4,Phường,"Phường 4, Quận 10, Thành phố Hồ Chí Minh"
79,Hồ Chí Minh,771,10,27202,6,Phường,"Phường 6, Quận 10, Thành phố Hồ Chí Minh"
79,Hồ Chí Minh,771,10,27187,8,Phường,"Phường 8, Quận 10, Thành phố Hồ Chí Minh"
79,Hồ Chí Minh,771,10,27181,9,Phường,"Phường 9, Quận 10, Thành phố Hồ Chí Minh"
79,Hồ Chí Minh,772,11,27247,1,Phường,"Phường 1, Quận 11, Thành phố Hồ Chí Minh"
79,Hồ Chí Minh,772,11,27232,10,Phường,"Phường 10, Quận 11, Thành phố Hồ Chí Minh"
79,Hồ Chí Minh,772,11,27226,11,Phường,"Phường 11, Quận 11, Thành phố Hồ Chí Minh"
79,Hồ Chí Minh,772,11,27214,14,Phường,"Phường 14, Quận 11, Thành phố Hồ Chí Minh"
79,Hồ Chí Minh,772,11,27208,15,Phường,"Phường 15, Quận 11, Thành phố Hồ Chí Minh"
79,Hồ Chí Minh,772,11,27253,16,Phường,"Phường 16, Quận 11, Thành phố Hồ Chí Minh"
79,Hồ Chí Minh,772,11,27220,3,Phường,"Phường 3, Quận 11, Thành phố Hồ Chí Minh"
79,Hồ Chí Minh,772,11,27211,5,Phường,"Phường 5, Quận 11, Thành phố Hồ Chí Minh"
79,Hồ Chí Minh,772,11,27238,7,Phường,"Phường 7, Quận 11, Thành phố Hồ Chí Minh"
79,Hồ Chí Minh,772,11,27229,8,Phường,"Phường 8, Quận 11, Thành phố Hồ Chí Minh"
79,Hồ Chí Minh,761,12,26779,An Phú Đông,Phường,"Phường An Phú Đông, Quận 12, Thành phố Hồ Chí Minh"
79,Hồ Chí Minh,761,12,26788,Đông Hưng Thuận,Phường,"Phường Đông Hưng Thuận, Quận 12, Thành phố Hồ Chí Minh"
79,Hồ Chí Minh,761,12,26770,Hiệp Thành,Phường,"Phường Hiệp Thành, Quận 12, Thành phố Hồ Chí Minh"
79,Hồ Chí Minh,761,12,26776,Tân Chánh Hiệp,Phường,"Phường Tân Chánh Hiệp, Quận 12, Thành phố Hồ Chí Minh"
79,Hồ Chí Minh,761,12,26787,Tân Hưng Thuận,Phường,"Phường Tân Hưng Thuận, Quận 12, Thành phố Hồ Chí Minh"
79,Hồ Chí Minh,761,12,26782,Tân Thới Hiệp,Phường,"Phường Tân Thới Hiệp, Quận 12, Thành phố Hồ Chí Minh"
79,Hồ Chí Minh,761,12,26791,Tân Thới Nhất,Phường,"Phường Tân Thới Nhất, Quận 12, Thành phố Hồ Chí Minh"
79,Hồ Chí Minh,761,12,26767,Thạnh Lộc,Phường,"Phường Thạnh Lộc, Quận 12, Thành phố Hồ Chí Minh"
79,Hồ Chí Minh,761,12,26764,Thạnh Xuân,Phường,"Phường Thạnh Xuân, Quận 12, Thành phố Hồ Chí Minh"
79,Hồ Chí Minh,761,12,26773,Thới An,Phường,"Phường Thới An, Quận 12, Thành phố Hồ Chí Minh"
79,Hồ Chí Minh,761,12,26785,Trung Mỹ Tây,Phường,"Phường Trung Mỹ Tây, Quận 12, Thành phố Hồ Chí Minh"
79,Hồ Chí Minh,770,3,27160,1,Phường,"Phường 1, Quận 3, Thành phố Hồ Chí Minh"
79,Hồ Chí Minh,770,3,27133,11,Phường,"Phường 11, Quận 3, Thành phố Hồ Chí Minh"
79,Hồ Chí Minh,770,3,27130,12,Phường,"Phường 12, Quận 3, Thành phố Hồ Chí Minh"
79,Hồ Chí Minh,770,3,27127,14,Phường,"Phường 14, Quận 3, Thành phố Hồ Chí Minh"
79,Hồ Chí Minh,770,3,27157,2,Phường,"Phường 2, Quận 3, Thành phố Hồ Chí Minh"
79,Hồ Chí Minh,770,3,27154,3,Phường,"Phường 3, Quận 3, Thành phố Hồ Chí Minh"
79,Hồ Chí Minh,770,3,27148,4,Phường,"Phường 4, Quận 3, Thành phố Hồ Chí Minh"
79,Hồ Chí Minh,770,3,27151,5,Phường,"Phường 5, Quận 3, Thành phố Hồ Chí Minh"
79,Hồ Chí Minh,770,3,27142,9,Phường,"Phường 9, Quận 3, Thành phố Hồ Chí Minh"
79,Hồ Chí Minh,770,3,27139,Võ Thị Sáu,Phường,"Phường Võ Thị Sáu, Quận 3, Thành phố Hồ Chí Minh"
79,Hồ Chí Minh,773,4,27298,1,Phường,"Phường 1, Quận 4, Thành phố Hồ Chí Minh"
79,Hồ Chí Minh,773,4,27259,13,Phường,"Phường 13, Quận 4, Thành phố Hồ Chí Minh"
79,Hồ Chí Minh,773,4,27295,15,Phường,"Phường 15, Quận 4, Thành phố Hồ Chí Minh"
79,Hồ Chí Minh,773,4,27289,16,Phường,"Phường 16, Quận 4, Thành phố Hồ Chí Minh"
79,Hồ Chí Minh,773,4,27277,18,Phường,"Phường 18, Quận 4, Thành phố Hồ Chí Minh"
79,Hồ Chí Minh,773,4,27292,2,Phường,"Phường 2, Quận 4, Thành phố Hồ Chí Minh"
79,Hồ Chí Minh,773,4,27286,3,Phường,"Phường 3, Quận 4, Thành phố Hồ Chí Minh"
79,Hồ Chí Minh,773,4,27283,4,Phường,"Phường 4, Quận 4, Thành phố Hồ Chí Minh"
79,Hồ Chí Minh,773,4,27271,8,Phường,"Phường 8, Quận 4, Thành phố Hồ Chí Minh"
79,Hồ Chí Minh,773,4,27265,9,Phường,"Phường 9, Quận 4, Thành phố Hồ Chí Minh"
79,Hồ Chí Minh,774,5,27325,1,Phường,"Phường 1, Quận 5, Thành phố Hồ Chí Minh"
79,Hồ Chí Minh,774,5,27328,11,Phường,"Phường 11, Quận 5, Thành phố Hồ Chí Minh"
79,Hồ Chí Minh,774,5,27310,12,Phường,"Phường 12, Quận 5, Thành phố Hồ Chí Minh"
79,Hồ Chí Minh,774,5,27343,13,Phường,"Phường 13, Quận 5, Thành phố Hồ Chí Minh"
79,Hồ Chí Minh,774,5,27331,14,Phường,"Phường 14, Quận 5, Thành phố Hồ Chí Minh"
79,Hồ Chí Minh,774,5,27307,2,Phường,"Phường 2, Quận 5, Thành phố Hồ Chí Minh"
79,Hồ Chí Minh,774,5,27301,4,Phường,"Phường 4, Quận 5, Thành phố Hồ Chí Minh"
79,Hồ Chí Minh,774,5,27334,5,Phường,"Phường 5, Quận 5, Thành phố Hồ Chí Minh"
79,Hồ Chí Minh,774,5,27316,7,Phường,"Phường 7, Quận 5, Thành phố Hồ Chí Minh"
79,Hồ Chí Minh,774,5,27304,9,Phường,"Phường 9, Quận 5, Thành phố Hồ Chí Minh"
79,Hồ Chí Minh,775,6,27373,1,Phường,"Phường 1, Quận 6, Thành phố Hồ Chí Minh"
79,Hồ Chí Minh,775,6,27385,10,Phường,"Phường 10, Quận 6, Thành phố Hồ Chí Minh"
79,Hồ Chí Minh,775,6,27364,11,Phường,"Phường 11, Quận 6, Thành phố Hồ Chí Minh"
79,Hồ Chí Minh,775,6,27358,12,Phường,"Phường 12, Quận 6, Thành phố Hồ Chí Minh"
79,Hồ Chí Minh,775,6,27349,13,Phường,"Phường 13, Quận 6, Thành phố Hồ Chí Minh"
79,Hồ Chí Minh,775,6,27346,14,Phường,"Phường 14, Quận 6, Thành phố Hồ Chí Minh"
79,Hồ Chí Minh,775,6,27367,2,Phường,"Phường 2, Quận 6, Thành phố Hồ Chí Minh"
79,Hồ Chí Minh,775,6,27382,7,Phường,"Phường 7, Quận 6, Thành phố Hồ Chí Minh"
79,Hồ Chí Minh,775,6,27376,8,Phường,"Phường 8, Quận 6, Thành phố Hồ Chí Minh"
79,Hồ Chí Minh,775,6,27352,9,Phường,"Phường 9, Quận 6, Thành phố Hồ Chí Minh"
79,Hồ Chí Minh,778,7,27478,Bình Thuận,Phường,"Phường Bình Thuận, Quận 7, Thành phố Hồ Chí Minh"
79,Hồ Chí Minh,778,7,27493,Phú Mỹ,Phường,"Phường Phú Mỹ, Quận 7, Thành phố Hồ Chí Minh"
79,Hồ Chí Minh,778,7,27484,Phú Thuận,Phường,"Phường Phú Thuận, Quận 7, Thành phố Hồ Chí Minh"
79,Hồ Chí Minh,778,7,27475,Tân Hưng,Phường,"Phường Tân Hưng, Quận 7, Thành phố Hồ Chí Minh"
79,Hồ Chí Minh,778,7,27472,Tân Kiểng,Phường,"Phường Tân Kiểng, Quận 7, Thành phố Hồ Chí Minh"
79,Hồ Chí Minh,778,7,27490,Tân Phong,Phường,"Phường Tân Phong, Quận 7, Thành phố Hồ Chí Minh"
79,Hồ Chí Minh,778,7,27487,Tân Phú,Phường,"Phường Tân Phú, Quận 7, Thành phố Hồ Chí Minh"
79,Hồ Chí Minh,778,7,27481,Tân Quy,Phường,"Phường Tân Quy, Quận 7, Thành phố Hồ Chí Minh"
79,Hồ Chí Minh,778,7,27466,Tân Thuận Đông,Phường,"Phường Tân Thuận Đông, Quận 7, Thành phố Hồ Chí Minh"
79,Hồ Chí Minh,778,7,27469,Tân Thuận Tây,Phường,"Phường Tân Thuận Tây, Quận 7, Thành phố Hồ Chí Minh"
79,Hồ Chí Minh,776,8,27421,14,Phường,"Phường 14, Quận 8, Thành phố Hồ Chí Minh"
79,Hồ Chí Minh,776,8,27427,15,Phường,"Phường 15, Quận 8, Thành phố Hồ Chí Minh"
79,Hồ Chí Minh,776,8,27430,16,Phường,"Phường 16, Quận 8, Thành phố Hồ Chí Minh"
79,Hồ Chí Minh,776,8,27409,4,Phường,"Phường 4, Quận 8, Thành phố Hồ Chí Minh"
79,Hồ Chí Minh,776,8,27418,5,Phường,"Phường 5, Quận 8, Thành phố Hồ Chí Minh"
79,Hồ Chí Minh,776,8,27424,6,Phường,"Phường 6, Quận 8, Thành phố Hồ Chí Minh"
79,Hồ Chí Minh,776,8,27433,7,Phường,"Phường 7, Quận 8, Thành phố Hồ Chí Minh"
79,Hồ Chí Minh,776,8,27403,Hưng Phú,Phường,"Phường Hưng Phú, Quận 8, Thành phố Hồ Chí Minh"
79,Hồ Chí Minh,776,8,27397,Rạch Ông,Phường,"Phường Rạch Ông, Quận 8, Thành phố Hồ Chí Minh"
79,Hồ Chí Minh,776,8,27415,Xóm Củi,Phường,"Phường Xóm Củi, Quận 8, Thành phố Hồ Chí Minh"
79,Hồ Chí Minh,785,Bình Chánh,27625,An Phú Tây,Xã,"Xã An Phú Tây, Huyện Bình Chánh, Thành phố Hồ Chí Minh"
79,Hồ Chí Minh,785,Bình Chánh,27637,Bình Chánh,Xã,"Xã Bình Chánh, Huyện Bình Chánh, Thành phố Hồ Chí Minh"
79,Hồ Chí Minh,785,Bình Chánh,27619,Bình Hưng,Xã,"Xã Bình Hưng, Huyện Bình Chánh, Thành phố Hồ Chí Minh"
79,Hồ Chí Minh,785,Bình Chánh,27607,Bình Lợi,Xã,"Xã Bình Lợi, Huyện Bình Chánh, Thành phố Hồ Chí Minh"
79,Hồ Chí Minh,785,Bình Chánh,27631,Đa Phước,Xã,"Xã Đa Phước, Huyện Bình Chánh, Thành phố Hồ Chí Minh"
79,Hồ Chí Minh,785,Bình Chánh,27628,Hưng Long,Xã,"Xã Hưng Long, Huyện Bình Chánh, Thành phố Hồ Chí Minh"
79,Hồ Chí Minh,785,Bình Chánh,27610,Lê Minh Xuân,Xã,"Xã Lê Minh Xuân, Huyện Bình Chánh, Thành phố Hồ Chí Minh"
79,Hồ Chí Minh,785,Bình Chánh,27598,Phạm Văn Hai,Xã,"Xã Phạm Văn Hai, Huyện Bình Chánh, Thành phố Hồ Chí Minh"
79,Hồ Chí Minh,785,Bình Chánh,27622,Phong Phú,Xã,"Xã Phong Phú, Huyện Bình Chánh, Thành phố Hồ Chí Minh"
79,Hồ Chí Minh,785,Bình Chánh,27640,Quy Đức,Xã,"Xã Quy Đức, Huyện Bình Chánh, Thành phố Hồ Chí Minh"
79,Hồ Chí Minh,785,Bình Chánh,27616,Tân Kiên,Xã,"Xã Tân Kiên, Huyện Bình Chánh, Thành phố Hồ Chí Minh"
79,Hồ Chí Minh,785,Bình Chánh,27613,Tân Nhựt,Xã,"Xã Tân Nhựt, Huyện Bình Chánh, Thành phố Hồ Chí Minh"
79,Hồ Chí Minh,785,Bình Chánh,27634,Tân Quý Tây,Xã,"Xã Tân Quý Tây, Huyện Bình Chánh, Thành phố Hồ Chí Minh"
79,Hồ Chí Minh,785,Bình Chánh,27595,Tân Túc,Thị trấn,"Thị trấn Tân Túc, Huyện Bình Chánh, Thành phố Hồ Chí Minh"
79,Hồ Chí Minh,785,Bình Chánh,27601,Vĩnh Lộc A,Xã,"Xã Vĩnh Lộc A, Huyện Bình Chánh, Thành phố Hồ Chí Minh"
79,Hồ Chí Minh,785,Bình Chánh,27604,Vĩnh Lộc B,Xã,"Xã Vĩnh Lộc B, Huyện Bình Chánh, Thành phố Hồ Chí Minh"
79,Hồ Chí Minh,777,Bình Tân,27460,An Lạc,Phường,"Phường An Lạc, Quận Bình Tân, Thành phố Hồ Chí Minh"
79,Hồ Chí Minh,777,Bình Tân,27463,An Lạc A,Phường,"Phường An Lạc A, Quận Bình Tân, Thành phố Hồ Chí Minh"
79,Hồ Chí Minh,777,Bình Tân,27436,Bình Hưng Hòa,Phường,"Phường Bình Hưng Hòa, Quận Bình Tân, Thành phố Hồ Chí Minh"
79,Hồ Chí Minh,777,Bình Tân,27439,Bình Hưng Hoà A,Phường,"Phường Bình Hưng Hoà A, Quận Bình Tân, Thành phố Hồ Chí Minh"
79,Hồ Chí Minh,777,Bình Tân,27442,Bình Hưng Hoà B,Phường,"Phường Bình Hưng Hoà B, Quận Bình Tân, Thành phố Hồ Chí Minh"
79,Hồ Chí Minh,777,Bình Tân,27445,Bình Trị Đông,Phường,"Phường Bình Trị Đông, Quận Bình Tân, Thành phố Hồ Chí Minh"
79,Hồ Chí Minh,777,Bình Tân,27448,Bình Trị Đông A,Phường,"Phường Bình Trị Đông A, Quận Bình Tân, Thành phố Hồ Chí Minh"
79,Hồ Chí Minh,777,Bình Tân,27451,Bình Trị Đông B,Phường,"Phường Bình Trị Đông B, Quận Bình Tân, Thành phố Hồ Chí Minh"
79,Hồ Chí Minh,777,Bình Tân,27454,Tân Tạo,Phường,"Phường Tân Tạo, Quận Bình Tân, Thành phố Hồ Chí Minh"
79,Hồ Chí Minh,777,Bình Tân,27457,Tân Tạo A,Phường,"Phường Tân Tạo A, Quận Bình Tân, Thành phố Hồ Chí Minh"
79,Hồ Chí Minh,765,Bình Thạnh,26944,1,Phường,"Phường 1, Quận Bình Thạnh, Thành phố Hồ Chí Minh"
79,Hồ Chí Minh,765,Bình Thạnh,26908,11,Phường,"Phường 11, Quận Bình Thạnh, Thành phố Hồ Chí Minh"
79,Hồ Chí Minh,765,Bình Thạnh,26917,12,Phường,"Phường 12, Quận Bình Thạnh, Thành phố Hồ Chí Minh"
79,Hồ Chí Minh,765,Bình Thạnh,26905,13,Phường,"Phường 13, Quận Bình Thạnh, Thành phố Hồ Chí Minh"
79,Hồ Chí Minh,765,Bình Thạnh,26929,14,Phường,"Phường 14, Quận Bình Thạnh, Thành phố Hồ Chí Minh"
79,Hồ Chí Minh,765,Bình Thạnh,26950,17,Phường,"Phường 17, Quận Bình Thạnh, Thành phố Hồ Chí Minh"
79,Hồ Chí Minh,765,Bình Thạnh,26953,19,Phường,"Phường 19, Quận Bình Thạnh, Thành phố Hồ Chí Minh"
79,Hồ Chí Minh,765,Bình Thạnh,26941,2,Phường,"Phường 2, Quận Bình Thạnh, Thành phố Hồ Chí Minh"
79,Hồ Chí Minh,765,Bình Thạnh,26956,22,Phường,"Phường 22, Quận Bình Thạnh, Thành phố Hồ Chí Minh"
79,Hồ Chí Minh,765,Bình Thạnh,26920,25,Phường,"Phường 25, Quận Bình Thạnh, Thành phố Hồ Chí Minh"
79,Hồ Chí Minh,765,Bình Thạnh,26914,26,Phường,"Phường 26, Quận Bình Thạnh, Thành phố Hồ Chí Minh"
79,Hồ Chí Minh,765,Bình Thạnh,26911,27,Phường,"Phường 27, Quận Bình Thạnh, Thành phố Hồ Chí Minh"
79,Hồ Chí Minh,765,Bình Thạnh,26962,28,Phường,"Phường 28, Quận Bình Thạnh, Thành phố Hồ Chí Minh"
79,Hồ Chí Minh,765,Bình Thạnh,26923,5,Phường,"Phường 5, Quận Bình Thạnh, Thành phố Hồ Chí Minh"
79,Hồ Chí Minh,765,Bình Thạnh,26926,7,Phường,"Phường 7, Quận Bình Thạnh, Thành phố Hồ Chí Minh"
79,Hồ Chí Minh,787,Cần Giờ,27673,An Thới Đông,Xã,"Xã An Thới Đông, Huyện Cần Giờ, Thành phố Hồ Chí Minh"
79,Hồ Chí Minh,787,Cần Giờ,27667,Bình Khánh,Xã,"Xã Bình Khánh, Huyện Cần Giờ, Thành phố Hồ Chí Minh"
79,Hồ Chí Minh,787,Cần Giờ,27664,Cần Thạnh,Thị trấn,"Thị trấn Cần Thạnh, Huyện Cần Giờ, Thành phố Hồ Chí Minh"
79,Hồ Chí Minh,787,Cần Giờ,27679,Long Hòa,Xã,"Xã Long Hòa, Huyện Cần Giờ, Thành phố Hồ Chí Minh"
79,Hồ Chí Minh,787,Cần Giờ,27682,Lý Nhơn,Xã,"Xã Lý Nhơn, Huyện Cần Giờ, Thành phố Hồ Chí Minh"
79,Hồ Chí Minh,787,Cần Giờ,27670,Tam Thôn Hiệp,Xã,"Xã Tam Thôn Hiệp, Huyện Cần Giờ, Thành phố Hồ Chí Minh"
79,Hồ Chí Minh,787,Cần Giờ,27676,Thạnh An,Xã,"Xã Thạnh An, Huyện Cần Giờ, Thành phố Hồ Chí Minh"
79,Hồ Chí Minh,783,Củ Chi,27508,An Nhơn Tây,Xã,"Xã An Nhơn Tây, Huyện Củ Chi, Thành phố Hồ Chí Minh"
79,Hồ Chí Minh,783,Củ Chi,27502,An Phú,Xã,"Xã An Phú, Huyện Củ Chi, Thành phố Hồ Chí Minh"
79,Hồ Chí Minh,783,Củ Chi,27550,Bình Mỹ,Xã,"Xã Bình Mỹ, Huyện Củ Chi, Thành phố Hồ Chí Minh"
79,Hồ Chí Minh,783,Củ Chi,27496,Củ Chi,Thị trấn,"Thị trấn Củ Chi, Huyện Củ Chi, Thành phố Hồ Chí Minh"
79,Hồ Chí Minh,783,Củ Chi,27544,Hòa Phú,Xã,"Xã Hòa Phú, Huyện Củ Chi, Thành phố Hồ Chí Minh"
79,Hồ Chí Minh,783,Củ Chi,27511,Nhuận Đức,Xã,"Xã Nhuận Đức, Huyện Củ Chi, Thành phố Hồ Chí Minh"
79,Hồ Chí Minh,783,Củ Chi,27514,Phạm Văn Cội,Xã,"Xã Phạm Văn Cội, Huyện Củ Chi, Thành phố Hồ Chí Minh"
79,Hồ Chí Minh,783,Củ Chi,27517,Phú Hòa Đông,Xã,"Xã Phú Hòa Đông, Huyện Củ Chi, Thành phố Hồ Chí Minh"
79,Hồ Chí Minh,783,Củ Chi,27499,Phú Mỹ Hưng,Xã,"Xã Phú Mỹ Hưng, Huyện Củ Chi, Thành phố Hồ Chí Minh"
79,Hồ Chí Minh,783,Củ Chi,27529,Phước Hiệp,Xã,"Xã Phước Hiệp, Huyện Củ Chi, Thành phố Hồ Chí Minh"
79,Hồ Chí Minh,783,Củ Chi,27526,Phước Thạnh,Xã,"Xã Phước Thạnh, Huyện Củ Chi, Thành phố Hồ Chí Minh"
79,Hồ Chí Minh,783,Củ Chi,27535,Phước Vĩnh An,Xã,"Xã Phước Vĩnh An, Huyện Củ Chi, Thành phố Hồ Chí Minh"
79,Hồ Chí Minh,783,Củ Chi,27532,Tân An Hội,Xã,"Xã Tân An Hội, Huyện Củ Chi, Thành phố Hồ Chí Minh"
79,Hồ Chí Minh,783,Củ Chi,27553,Tân Phú Trung,Xã,"Xã Tân Phú Trung, Huyện Củ Chi, Thành phố Hồ Chí Minh"
79,Hồ Chí Minh,783,Củ Chi,27547,Tân Thạnh Đông,Xã,"Xã Tân Thạnh Đông, Huyện Củ Chi, Thành phố Hồ Chí Minh"
79,Hồ Chí Minh,783,Củ Chi,27541,Tân Thạnh Tây,Xã,"Xã Tân Thạnh Tây, Huyện Củ Chi, Thành phố Hồ Chí Minh"
79,Hồ Chí Minh,783,Củ Chi,27556,Tân Thông Hội,Xã,"Xã Tân Thông Hội, Huyện Củ Chi, Thành phố Hồ Chí Minh"
79,Hồ Chí Minh,783,Củ Chi,27538,Thái Mỹ,Xã,"Xã Thái Mỹ, Huyện Củ Chi, Thành phố Hồ Chí Minh"
79,Hồ Chí Minh,783,Củ Chi,27523,Trung An,Xã,"Xã Trung An, Huyện Củ Chi, Thành phố Hồ Chí Minh"
79,Hồ Chí Minh,783,Củ Chi,27520,Trung Lập Hạ,Xã,"Xã Trung Lập Hạ, Huyện Củ Chi, Thành phố Hồ Chí Minh"
79,Hồ Chí Minh,783,Củ Chi,27505,Trung Lập Thượng,Xã,"Xã Trung Lập Thượng, Huyện Củ Chi, Thành phố Hồ Chí Minh"
79,Hồ Chí Minh,764,Gò Vấp,26890,1,Phường,"Phường 1, Quận Gò Vấp, Thành phố Hồ Chí Minh"
79,Hồ Chí Minh,764,Gò Vấp,26884,10,Phường,"Phường 10, Quận Gò Vấp, Thành phố Hồ Chí Minh"
79,Hồ Chí Minh,764,Gò Vấp,26899,11,Phường,"Phường 11, Quận Gò Vấp, Thành phố Hồ Chí Minh"
79,Hồ Chí Minh,764,Gò Vấp,26881,12,Phường,"Phường 12, Quận Gò Vấp, Thành phố Hồ Chí Minh"
79,Hồ Chí Minh,764,Gò Vấp,26882,14,Phường,"Phường 14, Quận Gò Vấp, Thành phố Hồ Chí Minh"
79,Hồ Chí Minh,764,Gò Vấp,26872,15,Phường,"Phường 15, Quận Gò Vấp, Thành phố Hồ Chí Minh"
79,Hồ Chí Minh,764,Gò Vấp,26878,16,Phường,"Phường 16, Quận Gò Vấp, Thành phố Hồ Chí Minh"
79,Hồ Chí Minh,764,Gò Vấp,26875,17,Phường,"Phường 17, Quận Gò Vấp, Thành phố Hồ Chí Minh"
79,Hồ Chí Minh,764,Gò Vấp,26902,3,Phường,"Phường 3, Quận Gò Vấp, Thành phố Hồ Chí Minh"
79,Hồ Chí Minh,764,Gò Vấp,26887,5,Phường,"Phường 5, Quận Gò Vấp, Thành phố Hồ Chí Minh"
79,Hồ Chí Minh,764,Gò Vấp,26876,6,Phường,"Phường 6, Quận Gò Vấp, Thành phố Hồ Chí Minh"
79,Hồ Chí Minh,764,Gò Vấp,26898,8,Phường,"Phường 8, Quận Gò Vấp, Thành phố Hồ Chí Minh"
79,Hồ Chí Minh,784,Hóc Môn,27592,Bà Điểm,Xã,"Xã Bà Điểm, Huyện Hóc Môn, Thành phố Hồ Chí Minh"
79,Hồ Chí Minh,784,Hóc Môn,27568,Đông Thạnh,Xã,"Xã Đông Thạnh, Huyện Hóc Môn, Thành phố Hồ Chí Minh"
79,Hồ Chí Minh,784,Hóc Môn,27559,Hóc Môn,Thị trấn,"Thị trấn Hóc Môn, Huyện Hóc Môn, Thành phố Hồ Chí Minh"
79,Hồ Chí Minh,784,Hóc Môn,27565,Nhị Bình,Xã,"Xã Nhị Bình, Huyện Hóc Môn, Thành phố Hồ Chí Minh"
79,Hồ Chí Minh,784,Hóc Môn,27562,Tân Hiệp,Xã,"Xã Tân Hiệp, Huyện Hóc Môn, Thành phố Hồ Chí Minh"
79,Hồ Chí Minh,784,Hóc Môn,27571,Tân Thới Nhì,Xã,"Xã Tân Thới Nhì, Huyện Hóc Môn, Thành phố Hồ Chí Minh"
79,Hồ Chí Minh,784,Hóc Môn,27580,Tân Xuân,Xã,"Xã Tân Xuân, Huyện Hóc Môn, Thành phố Hồ Chí Minh"
79,Hồ Chí Minh,784,Hóc Môn,27574,Thới Tam Thôn,Xã,"Xã Thới Tam Thôn, Huyện Hóc Môn, Thành phố Hồ Chí Minh"
79,Hồ Chí Minh,784,Hóc Môn,27586,Trung Chánh,Xã,"Xã Trung Chánh, Huyện Hóc Môn, Thành phố Hồ Chí Minh"
79,Hồ Chí Minh,784,Hóc Môn,27583,Xuân Thới Đông,Xã,"Xã Xuân Thới Đông, Huyện Hóc Môn, Thành phố Hồ Chí Minh"
79,Hồ Chí Minh,784,Hóc Môn,27577,Xuân Thới Sơn,Xã,"Xã Xuân Thới Sơn, Huyện Hóc Môn, Thành phố Hồ Chí Minh"
79,Hồ Chí Minh,784,Hóc Môn,27589,Xuân Thới Thượng,Xã,"Xã Xuân Thới Thượng, Huyện Hóc Môn, Thành phố Hồ Chí Minh"
79,Hồ Chí Minh,786,Nhà Bè,27661,Hiệp Phước,Xã,"Xã Hiệp Phước, Huyện Nhà Bè, Thành phố Hồ Chí Minh"
79,Hồ Chí Minh,786,Nhà Bè,27658,Long Thới,Xã,"Xã Long Thới, Huyện Nhà Bè, Thành phố Hồ Chí Minh"
79,Hồ Chí Minh,786,Nhà Bè,27643,Nhà Bè,Thị trấn,"Thị trấn Nhà Bè, Huyện Nhà Bè, Thành phố Hồ Chí Minh"
79,Hồ Chí Minh,786,Nhà Bè,27652,Nhơn Đức,Xã,"Xã Nhơn Đức, Huyện Nhà Bè, Thành phố Hồ Chí Minh"
79,Hồ Chí Minh,786,Nhà Bè,27655,Phú Xuân,Xã,"Xã Phú Xuân, Huyện Nhà Bè, Thành phố Hồ Chí Minh"
79,Hồ Chí Minh,786,Nhà Bè,27646,Phước Kiển,Xã,"Xã Phước Kiển, Huyện Nhà Bè, Thành phố Hồ Chí Minh"
79,Hồ Chí Minh,786,Nhà Bè,27649,Phước Lộc,Xã,"Xã Phước Lộc, Huyện Nhà Bè, Thành phố Hồ Chí Minh"
79,Hồ Chí Minh,768,Phú Nhuận,27058,1,Phường,"Phường 1, Quận Phú Nhuận, Thành phố Hồ Chí Minh"
79,Hồ Chí Minh,768,Phú Nhuận,27070,10,Phường,"Phường 10, Quận Phú Nhuận, Thành phố Hồ Chí Minh"
79,Hồ Chí Minh,768,Phú Nhuận,27073,11,Phường,"Phường 11, Quận Phú Nhuận, Thành phố Hồ Chí Minh"
79,Hồ Chí Minh,768,Phú Nhuận,27085,13,Phường,"Phường 13, Quận Phú Nhuận, Thành phố Hồ Chí Minh"
79,Hồ Chí Minh,768,Phú Nhuận,27076,15,Xã,"Xã 15, Quận Phú Nhuận, Thành phố Hồ Chí Minh"
79,Hồ Chí Minh,768,Phú Nhuận,27061,2,Phường,"Phường 2, Quận Phú Nhuận, Thành phố Hồ Chí Minh"
79,Hồ Chí Minh,768,Phú Nhuận,27043,4,Phường,"Phường 4, Quận Phú Nhuận, Thành phố Hồ Chí Minh"
79,Hồ Chí Minh,768,Phú Nhuận,27046,5,Xã,"Xã 5, Quận Phú Nhuận, Thành phố Hồ Chí Minh"
79,Hồ Chí Minh,768,Phú Nhuận,27052,7,Phường,"Phường 7, Quận Phú Nhuận, Thành phố Hồ Chí Minh"
79,Hồ Chí Minh,768,Phú Nhuận,27064,8,Phường,"Phường 8, Quận Phú Nhuận, Thành phố Hồ Chí Minh"
79,Hồ Chí Minh,768,Phú Nhuận,27049,9,Phường,"Phường 9, Quận Phú Nhuận, Thành phố Hồ Chí Minh"
79,Hồ Chí Minh,766,Tân Bình,26977,1,Phường,"Phường 1, Quận Tân Bình, Thành phố Hồ Chí Minh"
79,Hồ Chí Minh,766,Tân Bình,26992,10,Phường,"Phường 10, Quận Tân Bình, Thành phố Hồ Chí Minh"
79,Hồ Chí Minh,766,Tân Bình,26983,11,Phường,"Phường 11, Quận Tân Bình, Thành phố Hồ Chí Minh"
79,Hồ Chí Minh,766,Tân Bình,26971,12,Phường,"Phường 12, Quận Tân Bình, Thành phố Hồ Chí Minh"
79,Hồ Chí Minh,766,Tân Bình,26974,13,Phường,"Phường 13, Quận Tân Bình, Thành phố Hồ Chí Minh"
79,Hồ Chí Minh,766,Tân Bình,27004,14,Phường,"Phường 14, Quận Tân Bình, Thành phố Hồ Chí Minh"
79,Hồ Chí Minh,766,Tân Bình,27007,15,Phường,"Phường 15, Quận Tân Bình, Thành phố Hồ Chí Minh"
79,Hồ Chí Minh,766,Tân Bình,26965,2,Phường,"Phường 2, Quận Tân Bình, Thành phố Hồ Chí Minh"
79,Hồ Chí Minh,766,Tân Bình,26980,3,Phường,"Phường 3, Quận Tân Bình, Thành phố Hồ Chí Minh"
79,Hồ Chí Minh,766,Tân Bình,26968,4,Phường,"Phường 4, Quận Tân Bình, Thành phố Hồ Chí Minh"
79,Hồ Chí Minh,766,Tân Bình,26989,5,Phường,"Phường 5, Quận Tân Bình, Thành phố Hồ Chí Minh"
79,Hồ Chí Minh,766,Tân Bình,26995,6,Phường,"Phường 6, Quận Tân Bình, Thành phố Hồ Chí Minh"
79,Hồ Chí Minh,766,Tân Bình,26986,7,Phường,"Phường 7, Quận Tân Bình, Thành phố Hồ Chí Minh"
79,Hồ Chí Minh,766,Tân Bình,26998,8,Phường,"Phường 8, Quận Tân Bình, Thành phố Hồ Chí Minh"
79,Hồ Chí Minh,766,Tân Bình,27001,9,Phường,"Phường 9, Quận Tân Bình, Thành phố Hồ Chí Minh"
79,Hồ Chí Minh,767,Tân Phú,27037,Hiệp Tân,Phường,"Phường Hiệp Tân, Quận Tân Phú, Thành phố Hồ Chí Minh"
79,Hồ Chí Minh,767,Tân Phú,27034,Hòa Thạnh,Phường,"Phường Hòa Thạnh, Quận Tân Phú, Thành phố Hồ Chí Minh"
79,Hồ Chí Minh,767,Tân Phú,27028,Phú Thạnh,Phường,"Phường Phú Thạnh, Quận Tân Phú, Thành phố Hồ Chí Minh"
79,Hồ Chí Minh,767,Tân Phú,27025,Phú Thọ Hòa,Phường,"Phường Phú Thọ Hòa, Quận Tân Phú, Thành phố Hồ Chí Minh"
79,Hồ Chí Minh,767,Tân Phú,27031,Phú Trung,Phường,"Phường Phú Trung, Quận Tân Phú, Thành phố Hồ Chí Minh"
79,Hồ Chí Minh,767,Tân Phú,27016,Sơn Kỳ,Phường,"Phường Sơn Kỳ, Quận Tân Phú, Thành phố Hồ Chí Minh"
79,Hồ Chí Minh,767,Tân Phú,27019,Tân Quý,Phường,"Phường Tân Quý, Quận Tân Phú, Thành phố Hồ Chí Minh"
79,Hồ Chí Minh,767,Tân Phú,27010,Tân Sơn Nhì,Phường,"Phường Tân Sơn Nhì, Quận Tân Phú, Thành phố Hồ Chí Minh"
79,Hồ Chí Minh,767,Tân Phú,27022,Tân Thành,Phường,"Phường Tân Thành, Quận Tân Phú, Thành phố Hồ Chí Minh"
79,Hồ Chí Minh,767,Tân Phú,27040,Tân Thới Hòa,Phường,"Phường Tân Thới Hòa, Quận Tân Phú, Thành phố Hồ Chí Minh"
79,Hồ Chí Minh,767,Tân Phú,27013,Tây Thạnh,Phường,"Phường Tây Thạnh, Quận Tân Phú, Thành phố Hồ Chí Minh"
79,Hồ Chí Minh,769,Thủ Đức,27094,An Khánh,Phường,"Phường An Khánh, Thành phố Thủ Đức, Thành phố Hồ Chí Minh"
79,Hồ Chí Minh,769,Thủ Đức,27115,An Lợi Đông,Phường,"Phường An Lợi Đông, Thành phố Thủ Đức, Thành phố Hồ Chí Minh"
79,Hồ Chí Minh,769,Thủ Đức,27091,An Phú,Phường,"Phường An Phú, Thành phố Thủ Đức, Thành phố Hồ Chí Minh"
79,Hồ Chí Minh,769,Thủ Đức,26797,Bình Chiểu,Phường,"Phường Bình Chiểu, Thành phố Thủ Đức, Thành phố Hồ Chí Minh"
79,Hồ Chí Minh,769,Thủ Đức,26824,Bình Thọ,Phường,"Phường Bình Thọ, Thành phố Thủ Đức, Thành phố Hồ Chí Minh"
79,Hồ Chí Minh,769,Thủ Đức,27097,Bình Trưng Đông,Phường,"Phường Bình Trưng Đông, Thành phố Thủ Đức, Thành phố Hồ Chí Minh"
79,Hồ Chí Minh,769,Thủ Đức,27100,Bình Trưng Tây,Phường,"Phường Bình Trưng Tây, Thành phố Thủ Đức, Thành phố Hồ Chí Minh"
79,Hồ Chí Minh,769,Thủ Đức,27109,Cát Lái,Phường,"Phường Cát Lái, Thành phố Thủ Đức, Thành phố Hồ Chí Minh"
79,Hồ Chí Minh,769,Thủ Đức,26812,Hiệp Bình Chánh,Phường,"Phường Hiệp Bình Chánh, Thành phố Thủ Đức, Thành phố Hồ Chí Minh"
79,Hồ Chí Minh,769,Thủ Đức,26809,Hiệp Bình Phước,Phường,"Phường Hiệp Bình Phước, Thành phố Thủ Đức, Thành phố Hồ Chí Minh"
79,Hồ Chí Minh,769,Thủ Đức,26839,Hiệp Phú,Phường,"Phường Hiệp Phú, Thành phố Thủ Đức, Thành phố Hồ Chí Minh"
79,Hồ Chí Minh,769,Thủ Đức,26815,Linh Chiểu,Phường,"Phường Linh Chiểu, Thành phố Thủ Đức, Thành phố Hồ Chí Minh"
79,Hồ Chí Minh,769,Thủ Đức,26821,Linh Đông,Phường,"Phường Linh Đông, Thành phố Thủ Đức, Thành phố Hồ Chí Minh"
79,Hồ Chí Minh,769,Thủ Đức,26818,Linh Tây,Phường,"Phường Linh Tây, Thành phố Thủ Đức, Thành phố Hồ Chí Minh"
79,Hồ Chí Minh,769,Thủ Đức,26800,Linh Trung,Phường,"Phường Linh Trung, Thành phố Thủ Đức, Thành phố Hồ Chí Minh"
79,Hồ Chí Minh,769,Thủ Đức,26794,Linh Xuân,Phường,"Phường Linh Xuân, Thành phố Thủ Đức, Thành phố Hồ Chí Minh"
79,Hồ Chí Minh,769,Thủ Đức,26830,Long Bình,Phường,"Phường Long Bình, Thành phố Thủ Đức, Thành phố Hồ Chí Minh"
79,Hồ Chí Minh,769,Thủ Đức,26857,Long Phước,Phường,"Phường Long Phước, Thành phố Thủ Đức, Thành phố Hồ Chí Minh"
79,Hồ Chí Minh,769,Thủ Đức,26833,Long Thạnh Mỹ,Phường,"Phường Long Thạnh Mỹ, Thành phố Thủ Đức, Thành phố Hồ Chí Minh"
79,Hồ Chí Minh,769,Thủ Đức,26860,Long Trường,Phường,"Phường Long Trường, Thành phố Thủ Đức, Thành phố Hồ Chí Minh"
79,Hồ Chí Minh,769,Thủ Đức,26866,Phú Hữu,Phường,"Phường Phú Hữu, Thành phố Thủ Đức, Thành phố Hồ Chí Minh"
79,Hồ Chí Minh,769,Thủ Đức,26863,Phước Bình,Phường,"Phường Phước Bình, Thành phố Thủ Đức, Thành phố Hồ Chí Minh"
79,Hồ Chí Minh,769,Thủ Đức,26851,Phước Long A,Phường,"Phường Phước Long A, Thành phố Thủ Đức, Thành phố Hồ Chí Minh"
79,Hồ Chí Minh,769,Thủ Đức,26848,Phước Long B,Phường,"Phường Phước Long B, Thành phố Thủ Đức, Thành phố Hồ Chí Minh"
79,Hồ Chí Minh,769,Thủ Đức,26803,Tam Bình,Phường,"Phường Tam Bình, Thành phố Thủ Đức, Thành phố Hồ Chí Minh"
79,Hồ Chí Minh,769,Thủ Đức,26806,Tam Phú,Phường,"Phường Tam Phú, Thành phố Thủ Đức, Thành phố Hồ Chí Minh"
79,Hồ Chí Minh,769,Thủ Đức,26836,Tân Phú,Phường,"Phường Tân Phú, Thành phố Thủ Đức, Thành phố Hồ Chí Minh"
79,Hồ Chí Minh,769,Thủ Đức,26842,Tăng Nhơn Phú A,Phường,"Phường Tăng Nhơn Phú A, Thành phố Thủ Đức, Thành phố Hồ Chí Minh"
79,Hồ Chí Minh,769,Thủ Đức,26845,Tăng Nhơn Phú B,Phường,"Phường Tăng Nhơn Phú B, Thành phố Thủ Đức, Thành phố Hồ Chí Minh"
79,Hồ Chí Minh,769,Thủ Đức,27112,Thạnh Mỹ Lợi,Phường,"Phường Thạnh Mỹ Lợi, Thành phố Thủ Đức, Thành phố Hồ Chí Minh"
79,Hồ Chí Minh,769,Thủ Đức,27088,Thảo Điền,Phường,"Phường Thảo Điền, Thành phố Thủ Đức, Thành phố Hồ Chí Minh"
79,Hồ Chí Minh,769,Thủ Đức,27118,Thủ Thiêm,Phường,"Phường Thủ Thiêm, Thành phố Thủ Đức, Thành phố Hồ Chí Minh"
79,Hồ Chí Minh,769,Thủ Đức,26854,Trường Thạnh,Phường,"Phường Trường Thạnh, Thành phố Thủ Đức, Thành phố Hồ Chí Minh"
79,Hồ Chí Minh,769,Thủ Đức,26827,Trường Thọ,Phường,"Phường Trường Thọ, Thành phố Thủ Đức, Thành phố Hồ Chí Minh"
17,Hoà Bình,154,Cao Phong,05098,Bắc Phong,Xã,"Xã Bắc Phong, Huyện Cao Phong, Tỉnh Hoà Bình"
17,Hoà Bình,154,Cao Phong,05092,Bình Thanh,Xã,"Xã Bình Thanh, Huyện Cao Phong, Tỉnh Hoà Bình"
17,Hoà Bình,154,Cao Phong,05089,Cao Phong,Thị trấn,"Thị trấn Cao Phong, Huyện Cao Phong, Tỉnh Hoà Bình"
17,Hoà Bình,154,Cao Phong,05116,Dũng Phong,Xã,"Xã Dũng Phong, Huyện Cao Phong, Tỉnh Hoà Bình"
17,Hoà Bình,154,Cao Phong,05104,Hợp Phong,Xã,"Xã Hợp Phong, Huyện Cao Phong, Tỉnh Hoà Bình"
17,Hoà Bình,154,Cao Phong,05119,Nam Phong,Xã,"Xã Nam Phong, Huyện Cao Phong, Tỉnh Hoà Bình"
17,Hoà Bình,154,Cao Phong,05110,Tây Phong,Xã,"Xã Tây Phong, Huyện Cao Phong, Tỉnh Hoà Bình"
17,Hoà Bình,154,Cao Phong,05125,Thạch Yên,Xã,"Xã Thạch Yên, Huyện Cao Phong, Tỉnh Hoà Bình"
17,Hoà Bình,154,Cao Phong,05101,Thu Phong,Xã,"Xã Thu Phong, Huyện Cao Phong, Tỉnh Hoà Bình"
17,Hoà Bình,154,Cao Phong,05095,Thung Nai,Xã,"Xã Thung Nai, Huyện Cao Phong, Tỉnh Hoà Bình"
17,Hoà Bình,150,Đà Bắc,04876,Cao Sơn,Xã,"Xã Cao Sơn, Huyện Đà Bắc, Tỉnh Hoà Bình"
17,Hoà Bình,150,Đà Bắc,04831,Đà Bắc,Thị trấn,"Thị trấn Đà Bắc, Huyện Đà Bắc, Tỉnh Hoà Bình"
17,Hoà Bình,150,Đà Bắc,04858,Đoàn Kết,Xã,"Xã Đoàn Kết, Huyện Đà Bắc, Tỉnh Hoà Bình"
17,Hoà Bình,150,Đà Bắc,04852,Đồng Chum,Xã,"Xã Đồng Chum, Huyện Đà Bắc, Tỉnh Hoà Bình"
17,Hoà Bình,150,Đà Bắc,04861,Đồng Ruộng,Xã,"Xã Đồng Ruộng, Huyện Đà Bắc, Tỉnh Hoà Bình"
17,Hoà Bình,150,Đà Bắc,04840,Giáp Đắt,Xã,"Xã Giáp Đắt, Huyện Đà Bắc, Tỉnh Hoà Bình"
17,Hoà Bình,150,Đà Bắc,04885,Hiền Lương,Xã,"Xã Hiền Lương, Huyện Đà Bắc, Tỉnh Hoà Bình"
17,Hoà Bình,150,Đà Bắc,04846,Mường Chiềng,Xã,"Xã Mường Chiềng, Huyện Đà Bắc, Tỉnh Hoà Bình"
17,Hoà Bình,150,Đà Bắc,04834,Nánh Nghê,Xã,"Xã Nánh Nghê, Huyện Đà Bắc, Tỉnh Hoà Bình"
17,Hoà Bình,150,Đà Bắc,04855,Tân Minh,Xã,"Xã Tân Minh, Huyện Đà Bắc, Tỉnh Hoà Bình"
17,Hoà Bình,150,Đà Bắc,04849,Tân Pheo,Xã,"Xã Tân Pheo, Huyện Đà Bắc, Tỉnh Hoà Bình"
17,Hoà Bình,150,Đà Bắc,04888,Tiền Phong,Xã,"Xã Tiền Phong, Huyện Đà Bắc, Tỉnh Hoà Bình"
17,Hoà Bình,150,Đà Bắc,04879,Toàn Sơn,Xã,"Xã Toàn Sơn, Huyện Đà Bắc, Tỉnh Hoà Bình"
17,Hoà Bình,150,Đà Bắc,04870,Trung Thành,Xã,"Xã Trung Thành, Huyện Đà Bắc, Tỉnh Hoà Bình"
17,Hoà Bình,150,Đà Bắc,04867,Tú Lý,Xã,"Xã Tú Lý, Huyện Đà Bắc, Tỉnh Hoà Bình"
17,Hoà Bình,150,Đà Bắc,04891,Vầy Nưa,Xã,"Xã Vầy Nưa, Huyện Đà Bắc, Tỉnh Hoà Bình"
17,Hoà Bình,150,Đà Bắc,04873,Yên Hòa,Xã,"Xã Yên Hòa, Huyện Đà Bắc, Tỉnh Hoà Bình"
17,Hoà Bình,148,Hòa Bình,04819,Dân Chủ,Phường,"Phường Dân Chủ, Thành phố Hòa Bình, Tỉnh Hoà Bình"
17,Hoà Bình,148,Hòa Bình,04921,Độc Lập,Xã,"Xã Độc Lập, Thành phố Hòa Bình, Tỉnh Hoà Bình"
17,Hoà Bình,148,Hòa Bình,04804,Đồng Tiến,Phường,"Phường Đồng Tiến, Thành phố Hòa Bình, Tỉnh Hoà Bình"
17,Hoà Bình,148,Hòa Bình,04825,Hòa Bình,Xã,"Xã Hòa Bình, Thành phố Hòa Bình, Tỉnh Hoà Bình"
17,Hoà Bình,148,Hòa Bình,04903,Hợp Thành,Xã,"Xã Hợp Thành, Thành phố Hòa Bình, Tỉnh Hoà Bình"
17,Hoà Bình,148,Hòa Bình,04798,Hữu Nghị,Phường,"Phường Hữu Nghị, Thành phố Hòa Bình, Tỉnh Hoà Bình"
17,Hoà Bình,148,Hòa Bình,04894,Kỳ Sơn,Phường,"Phường Kỳ Sơn, Thành phố Hòa Bình, Tỉnh Hoà Bình"
17,Hoà Bình,148,Hòa Bình,04912,Mông Hóa,Xã,"Xã Mông Hóa, Thành phố Hòa Bình, Tỉnh Hoà Bình"
17,Hoà Bình,148,Hòa Bình,04807,Phương Lâm,Phường,"Phường Phương Lâm, Thành phố Hòa Bình, Tỉnh Hoà Bình"
17,Hoà Bình,148,Hòa Bình,04906,Quang Tiến,Xã,"Xã Quang Tiến, Thành phố Hòa Bình, Tỉnh Hoà Bình"
17,Hoà Bình,148,Hòa Bình,04816,Quỳnh Lâm,Phường,"Phường Quỳnh Lâm, Thành phố Hòa Bình, Tỉnh Hoà Bình"
17,Hoà Bình,148,Hòa Bình,04792,Tân Hòa,Phường,"Phường Tân Hòa, Thành phố Hòa Bình, Tỉnh Hoà Bình"
17,Hoà Bình,148,Hòa Bình,04801,Tân Thịnh,Phường,"Phường Tân Thịnh, Thành phố Hòa Bình, Tỉnh Hoà Bình"
17,Hoà Bình,148,Hòa Bình,04789,Thái Bình,Phường,"Phường Thái Bình, Thành phố Hòa Bình, Tỉnh Hoà Bình"
17,Hoà Bình,148,Hòa Bình,04795,Thịnh Lang,Phường,"Phường Thịnh Lang, Thành phố Hòa Bình, Tỉnh Hoà Bình"
17,Hoà Bình,148,Hòa Bình,04897,Thịnh Minh,Xã,"Xã Thịnh Minh, Thành phố Hòa Bình, Tỉnh Hoà Bình"
17,Hoà Bình,148,Hòa Bình,04828,Thống Nhất,Phường,"Phường Thống Nhất, Thành phố Hòa Bình, Tỉnh Hoà Bình"
17,Hoà Bình,148,Hòa Bình,04918,Trung Minh,Phường,"Phường Trung Minh, Thành phố Hòa Bình, Tỉnh Hoà Bình"
17,Hoà Bình,148,Hòa Bình,04813,Yên Mông,Xã,"Xã Yên Mông, Thành phố Hòa Bình, Tỉnh Hoà Bình"
17,Hoà Bình,153,Kim Bôi,04990,Bình Sơn,Xã,"Xã Bình Sơn, Huyện Kim Bôi, Tỉnh Hoà Bình"
17,Hoà Bình,153,Kim Bôi,04978,Bo,Thị trấn,"Thị trấn Bo, Huyện Kim Bôi, Tỉnh Hoà Bình"
17,Hoà Bình,153,Kim Bôi,05077,Cuối Hạ,Xã,"Xã Cuối Hạ, Huyện Kim Bôi, Tỉnh Hoà Bình"
17,Hoà Bình,153,Kim Bôi,05014,Đông Bắc,Xã,"Xã Đông Bắc, Huyện Kim Bôi, Tỉnh Hoà Bình"
17,Hoà Bình,153,Kim Bôi,04984,Đú Sáng,Xã,"Xã Đú Sáng, Huyện Kim Bôi, Tỉnh Hoà Bình"
17,Hoà Bình,153,Kim Bôi,05038,Hợp Tiến,Xã,"Xã Hợp Tiến, Huyện Kim Bôi, Tỉnh Hoà Bình"
17,Hoà Bình,153,Kim Bôi,04987,Hùng Sơn,Xã,"Xã Hùng Sơn, Huyện Kim Bôi, Tỉnh Hoà Bình"
17,Hoà Bình,153,Kim Bôi,05065,Kim Bôi,Xã,"Xã Kim Bôi, Huyện Kim Bôi, Tỉnh Hoà Bình"
17,Hoà Bình,153,Kim Bôi,05035,Kim Lập,Xã,"Xã Kim Lập, Huyện Kim Bôi, Tỉnh Hoà Bình"
17,Hoà Bình,153,Kim Bôi,05083,Mi Hòa,Xã,"Xã Mi Hòa, Huyện Kim Bôi, Tỉnh Hoà Bình"
17,Hoà Bình,153,Kim Bôi,05068,Nam Thượng,Xã,"Xã Nam Thượng, Huyện Kim Bôi, Tỉnh Hoà Bình"
17,Hoà Bình,153,Kim Bôi,05086,Nuông Dăm,Xã,"Xã Nuông Dăm, Huyện Kim Bôi, Tỉnh Hoà Bình"
17,Hoà Bình,153,Kim Bôi,05080,Sào Báy,Xã,"Xã Sào Báy, Huyện Kim Bôi, Tỉnh Hoà Bình"
17,Hoà Bình,153,Kim Bôi,04999,Tú Sơn,Xã,"Xã Tú Sơn, Huyện Kim Bôi, Tỉnh Hoà Bình"
17,Hoà Bình,153,Kim Bôi,05026,Vĩnh Đồng,Xã,"Xã Vĩnh Đồng, Huyện Kim Bôi, Tỉnh Hoà Bình"
17,Hoà Bình,153,Kim Bôi,05005,Vĩnh Tiến,Xã,"Xã Vĩnh Tiến, Huyện Kim Bôi, Tỉnh Hoà Bình"
17,Hoà Bình,153,Kim Bôi,05017,Xuân Thủy,Xã,"Xã Xuân Thủy, Huyện Kim Bôi, Tỉnh Hoà Bình"
17,Hoà Bình,157,Lạc Sơn,05347,Ân Nghĩa,Xã,"Xã Ân Nghĩa, Huyện Lạc Sơn, Tỉnh Hoà Bình"
17,Hoà Bình,157,Lạc Sơn,05308,Bình Hẻm,Xã,"Xã Bình Hẻm, Huyện Lạc Sơn, Tỉnh Hoà Bình"
17,Hoà Bình,157,Lạc Sơn,05323,Chí Đạo,Xã,"Xã Chí Đạo, Huyện Lạc Sơn, Tỉnh Hoà Bình"
17,Hoà Bình,157,Lạc Sơn,05320,Định Cư,Xã,"Xã Định Cư, Huyện Lạc Sơn, Tỉnh Hoà Bình"
17,Hoà Bình,157,Lạc Sơn,05332,Hương Nhượng,Xã,"Xã Hương Nhượng, Huyện Lạc Sơn, Tỉnh Hoà Bình"
17,Hoà Bình,157,Lạc Sơn,05272,Miền Đồi,Xã,"Xã Miền Đồi, Huyện Lạc Sơn, Tỉnh Hoà Bình"
17,Hoà Bình,157,Lạc Sơn,05275,Mỹ Thành,Xã,"Xã Mỹ Thành, Huyện Lạc Sơn, Tỉnh Hoà Bình"
17,Hoà Bình,157,Lạc Sơn,05350,Ngọc Lâu,Xã,"Xã Ngọc Lâu, Huyện Lạc Sơn, Tỉnh Hoà Bình"
17,Hoà Bình,157,Lạc Sơn,05329,Ngọc Sơn,Xã,"Xã Ngọc Sơn, Huyện Lạc Sơn, Tỉnh Hoà Bình"
17,Hoà Bình,157,Lạc Sơn,05290,Nhân Nghĩa,Xã,"Xã Nhân Nghĩa, Huyện Lạc Sơn, Tỉnh Hoà Bình"
17,Hoà Bình,157,Lạc Sơn,05269,Quý Hòa,Xã,"Xã Quý Hòa, Huyện Lạc Sơn, Tỉnh Hoà Bình"
17,Hoà Bình,157,Lạc Sơn,05299,Quyết Thắng,Xã,"Xã Quyết Thắng, Huyện Lạc Sơn, Tỉnh Hoà Bình"
17,Hoà Bình,157,Lạc Sơn,05287,Tân Lập,Xã,"Xã Tân Lập, Huyện Lạc Sơn, Tỉnh Hoà Bình"
17,Hoà Bình,157,Lạc Sơn,05344,Tân Mỹ,Xã,"Xã Tân Mỹ, Huyện Lạc Sơn, Tỉnh Hoà Bình"
17,Hoà Bình,157,Lạc Sơn,05293,Thượng Cốc,Xã,"Xã Thượng Cốc, Huyện Lạc Sơn, Tỉnh Hoà Bình"
17,Hoà Bình,157,Lạc Sơn,05338,Tự Do,Xã,"Xã Tự Do, Huyện Lạc Sơn, Tỉnh Hoà Bình"
17,Hoà Bình,157,Lạc Sơn,05278,Tuân Đạo,Xã,"Xã Tuân Đạo, Huyện Lạc Sơn, Tỉnh Hoà Bình"
17,Hoà Bình,157,Lạc Sơn,05281,Văn Nghĩa,Xã,"Xã Văn Nghĩa, Huyện Lạc Sơn, Tỉnh Hoà Bình"
17,Hoà Bình,157,Lạc Sơn,05284,Văn Sơn,Xã,"Xã Văn Sơn, Huyện Lạc Sơn, Tỉnh Hoà Bình"
17,Hoà Bình,157,Lạc Sơn,05266,Vụ Bản,Thị trấn,"Thị trấn Vụ Bản, Huyện Lạc Sơn, Tỉnh Hoà Bình"
17,Hoà Bình,157,Lạc Sơn,05335,Vũ Bình,Xã,"Xã Vũ Bình, Huyện Lạc Sơn, Tỉnh Hoà Bình"
17,Hoà Bình,157,Lạc Sơn,05302,Xuất Hóa,Xã,"Xã Xuất Hóa, Huyện Lạc Sơn, Tỉnh Hoà Bình"
17,Hoà Bình,157,Lạc Sơn,05341,Yên Nghiệp,Xã,"Xã Yên Nghiệp, Huyện Lạc Sơn, Tỉnh Hoà Bình"
17,Hoà Bình,157,Lạc Sơn,05305,Yên Phú,Xã,"Xã Yên Phú, Huyện Lạc Sơn, Tỉnh Hoà Bình"
17,Hoà Bình,159,Lạc Thủy,05428,An Bình,Xã,"Xã An Bình, Huyện Lạc Thủy, Tỉnh Hoà Bình"
17,Hoà Bình,159,Lạc Thủy,04981,Ba Hàng Đồi,Thị trấn,"Thị trấn Ba Hàng Đồi, Huyện Lạc Thủy, Tỉnh Hoà Bình"
17,Hoà Bình,159,Lạc Thủy,05392,Chi Nê,Thị trấn,"Thị trấn Chi Nê, Huyện Lạc Thủy, Tỉnh Hoà Bình"
17,Hoà Bình,159,Lạc Thủy,05419,Đồng Tâm,Xã,"Xã Đồng Tâm, Huyện Lạc Thủy, Tỉnh Hoà Bình"
17,Hoà Bình,159,Lạc Thủy,05404,Hưng Thi,Xã,"Xã Hưng Thi, Huyện Lạc Thủy, Tỉnh Hoà Bình"
17,Hoà Bình,159,Lạc Thủy,05413,Khoan Dụ,Xã,"Xã Khoan Dụ, Huyện Lạc Thủy, Tỉnh Hoà Bình"
17,Hoà Bình,159,Lạc Thủy,05395,Phú Nghĩa,Xã,"Xã Phú Nghĩa, Huyện Lạc Thủy, Tỉnh Hoà Bình"
17,Hoà Bình,159,Lạc Thủy,05398,Phú Thành,Xã,"Xã Phú Thành, Huyện Lạc Thủy, Tỉnh Hoà Bình"
17,Hoà Bình,159,Lạc Thủy,05425,Thống Nhất,Xã,"Xã Thống Nhất, Huyện Lạc Thủy, Tỉnh Hoà Bình"
17,Hoà Bình,159,Lạc Thủy,05422,Yên Bồng,Xã,"Xã Yên Bồng, Huyện Lạc Thủy, Tỉnh Hoà Bình"
17,Hoà Bình,152,Lương Sơn,05008,Cao Dương,Xã,"Xã Cao Dương, Huyện Lương Sơn, Tỉnh Hoà Bình"
17,Hoà Bình,152,Lương Sơn,04957,Cao Sơn,Xã,"Xã Cao Sơn, Huyện Lương Sơn, Tỉnh Hoà Bình"
17,Hoà Bình,152,Lương Sơn,04960,Cư Yên,Xã,"Xã Cư Yên, Huyện Lương Sơn, Tỉnh Hoà Bình"
17,Hoà Bình,152,Lương Sơn,04945,Hòa Sơn,Xã,"Xã Hòa Sơn, Huyện Lương Sơn, Tỉnh Hoà Bình"
17,Hoà Bình,152,Lương Sơn,04942,Lâm Sơn,Xã,"Xã Lâm Sơn, Huyện Lương Sơn, Tỉnh Hoà Bình"
17,Hoà Bình,152,Lương Sơn,04969,Liên Sơn,Xã,"Xã Liên Sơn, Huyện Lương Sơn, Tỉnh Hoà Bình"
17,Hoà Bình,152,Lương Sơn,04924,Lương Sơn,Thị trấn,"Thị trấn Lương Sơn, Huyện Lương Sơn, Tỉnh Hoà Bình"
17,Hoà Bình,152,Lương Sơn,04954,Nhuận Trạch,Xã,"Xã Nhuận Trạch, Huyện Lương Sơn, Tỉnh Hoà Bình"
17,Hoà Bình,152,Lương Sơn,04951,Tân Vinh,Xã,"Xã Tân Vinh, Huyện Lương Sơn, Tỉnh Hoà Bình"
17,Hoà Bình,152,Lương Sơn,05047,Thanh Cao,Xã,"Xã Thanh Cao, Huyện Lương Sơn, Tỉnh Hoà Bình"
17,Hoà Bình,152,Lương Sơn,05041,Thanh Sơn,Xã,"Xã Thanh Sơn, Huyện Lương Sơn, Tỉnh Hoà Bình"
17,Hoà Bình,156,Mai Châu,05227,Bao La,Xã,"Xã Bao La, Huyện Mai Châu, Tỉnh Hoà Bình"
17,Hoà Bình,156,Mai Châu,05248,Chiềng Châu,Xã,"Xã Chiềng Châu, Huyện Mai Châu, Tỉnh Hoà Bình"
17,Hoà Bình,156,Mai Châu,05224,Cun Pheo,Xã,"Xã Cun Pheo, Huyện Mai Châu, Tỉnh Hoà Bình"
17,Hoà Bình,156,Mai Châu,05221,Đồng Tân,Xã,"Xã Đồng Tân, Huyện Mai Châu, Tỉnh Hoà Bình"
17,Hoà Bình,156,Mai Châu,05212,Hang Kia,Xã,"Xã Hang Kia, Huyện Mai Châu, Tỉnh Hoà Bình"
17,Hoà Bình,156,Mai Châu,05200,Mai Châu,Thị trấn,"Thị trấn Mai Châu, Huyện Mai Châu, Tỉnh Hoà Bình"
17,Hoà Bình,156,Mai Châu,05251,Mai Hạ,Xã,"Xã Mai Hạ, Huyện Mai Châu, Tỉnh Hoà Bình"
17,Hoà Bình,156,Mai Châu,05257,Mai Hịch,Xã,"Xã Mai Hịch, Huyện Mai Châu, Tỉnh Hoà Bình"
17,Hoà Bình,156,Mai Châu,05242,Nà Phòn,Xã,"Xã Nà Phòn, Huyện Mai Châu, Tỉnh Hoà Bình"
17,Hoà Bình,156,Mai Châu,05209,Pà Cò,Xã,"Xã Pà Cò, Huyện Mai Châu, Tỉnh Hoà Bình"
17,Hoà Bình,156,Mai Châu,05206,Sơn Thủy,Xã,"Xã Sơn Thủy, Huyện Mai Châu, Tỉnh Hoà Bình"
17,Hoà Bình,156,Mai Châu,04882,Tân Thành,Xã,"Xã Tân Thành, Huyện Mai Châu, Tỉnh Hoà Bình"
17,Hoà Bình,156,Mai Châu,05254,Thành Sơn,Xã,"Xã Thành Sơn, Huyện Mai Châu, Tỉnh Hoà Bình"
17,Hoà Bình,156,Mai Châu,05233,Tòng Đậu,Xã,"Xã Tòng Đậu, Huyện Mai Châu, Tỉnh Hoà Bình"
17,Hoà Bình,156,Mai Châu,05263,Vạn Mai,Xã,"Xã Vạn Mai, Huyện Mai Châu, Tỉnh Hoà Bình"
17,Hoà Bình,156,Mai Châu,05245,Xăm Khòe,Xã,"Xã Xăm Khòe, Huyện Mai Châu, Tỉnh Hoà Bình"
17,Hoà Bình,155,Tân Lạc,05173,Đông Lai,Xã,"Xã Đông Lai, Huyện Tân Lạc, Tỉnh Hoà Bình"
17,Hoà Bình,155,Tân Lạc,05197,Gia Mô,Xã,"Xã Gia Mô, Huyện Tân Lạc, Tỉnh Hoà Bình"
17,Hoà Bình,155,Tân Lạc,05191,Lỗ Sơn,Xã,"Xã Lỗ Sơn, Huyện Tân Lạc, Tỉnh Hoà Bình"
17,Hoà Bình,155,Tân Lạc,05128,Mãn Đức,Thị trấn,"Thị trấn Mãn Đức, Huyện Tân Lạc, Tỉnh Hoà Bình"
17,Hoà Bình,155,Tân Lạc,05143,Mỹ Hòa,Xã,"Xã Mỹ Hòa, Huyện Tân Lạc, Tỉnh Hoà Bình"
17,Hoà Bình,155,Tân Lạc,05194,Ngổ Luông,Xã,"Xã Ngổ Luông, Huyện Tân Lạc, Tỉnh Hoà Bình"
17,Hoà Bình,155,Tân Lạc,05170,Ngọc Mỹ,Xã,"Xã Ngọc Mỹ, Huyện Tân Lạc, Tỉnh Hoà Bình"
17,Hoà Bình,155,Tân Lạc,05182,Nhân Mỹ,Xã,"Xã Nhân Mỹ, Huyện Tân Lạc, Tỉnh Hoà Bình"
17,Hoà Bình,155,Tân Lạc,05158,Phong Phú,Xã,"Xã Phong Phú, Huyện Tân Lạc, Tỉnh Hoà Bình"
17,Hoà Bình,155,Tân Lạc,05140,Phú Cường,Xã,"Xã Phú Cường, Huyện Tân Lạc, Tỉnh Hoà Bình"
17,Hoà Bình,155,Tân Lạc,05137,Phú Vinh,Xã,"Xã Phú Vinh, Huyện Tân Lạc, Tỉnh Hoà Bình"
17,Hoà Bình,155,Tân Lạc,05152,Quyết Chiến,Xã,"Xã Quyết Chiến, Huyện Tân Lạc, Tỉnh Hoà Bình"
17,Hoà Bình,155,Tân Lạc,05134,Suối Hoa,Xã,"Xã Suối Hoa, Huyện Tân Lạc, Tỉnh Hoà Bình"
17,Hoà Bình,155,Tân Lạc,05167,Thanh Hối,Xã,"Xã Thanh Hối, Huyện Tân Lạc, Tỉnh Hoà Bình"
17,Hoà Bình,155,Tân Lạc,05164,Tử Nê,Xã,"Xã Tử Nê, Huyện Tân Lạc, Tỉnh Hoà Bình"
17,Hoà Bình,155,Tân Lạc,05176,Vân Sơn,Xã,"Xã Vân Sơn, Huyện Tân Lạc, Tỉnh Hoà Bình"
17,Hoà Bình,158,Yên Thủy,05365,Bảo Hiệu,Xã,"Xã Bảo Hiệu, Huyện Yên Thủy, Tỉnh Hoà Bình"
17,Hoà Bình,158,Yên Thủy,05368,Đa Phúc,Xã,"Xã Đa Phúc, Huyện Yên Thủy, Tỉnh Hoà Bình"
17,Hoà Bình,158,Yên Thủy,05380,Đoàn Kết,Xã,"Xã Đoàn Kết, Huyện Yên Thủy, Tỉnh Hoà Bình"
17,Hoà Bình,158,Yên Thủy,05353,Hàng Trạm,Thị trấn,"Thị trấn Hàng Trạm, Huyện Yên Thủy, Tỉnh Hoà Bình"
17,Hoà Bình,158,Yên Thủy,05371,Hữu Lợi,Xã,"Xã Hữu Lợi, Huyện Yên Thủy, Tỉnh Hoà Bình"
17,Hoà Bình,158,Yên Thủy,05362,Lạc Lương,Xã,"Xã Lạc Lương, Huyện Yên Thủy, Tỉnh Hoà Bình"
17,Hoà Bình,158,Yên Thủy,05356,Lạc Sỹ,Xã,"Xã Lạc Sỹ, Huyện Yên Thủy, Tỉnh Hoà Bình"
17,Hoà Bình,158,Yên Thủy,05374,Lạc Thịnh,Xã,"Xã Lạc Thịnh, Huyện Yên Thủy, Tỉnh Hoà Bình"
17,Hoà Bình,158,Yên Thủy,05389,Ngọc Lương,Xã,"Xã Ngọc Lương, Huyện Yên Thủy, Tỉnh Hoà Bình"
17,Hoà Bình,158,Yên Thủy,05383,Phú Lai,Xã,"Xã Phú Lai, Huyện Yên Thủy, Tỉnh Hoà Bình"
17,Hoà Bình,158,Yên Thủy,05386,Yên Trị,Xã,"Xã Yên Trị, Huyện Yên Thủy, Tỉnh Hoà Bình"
33,Hưng Yên,329,Ân Thi,12142,Ân Thi,Thị trấn,"Thị trấn Ân Thi, Huyện Ân Thi, Tỉnh Hưng Yên"
33,Hưng Yên,329,Ân Thi,12148,Bắc Sơn,Xã,"Xã Bắc Sơn, Huyện Ân Thi, Tỉnh Hưng Yên"
33,Hưng Yên,329,Ân Thi,12151,Bãi Sậy,Xã,"Xã Bãi Sậy, Huyện Ân Thi, Tỉnh Hưng Yên"
33,Hưng Yên,329,Ân Thi,12181,Cẩm Ninh,Xã,"Xã Cẩm Ninh, Huyện Ân Thi, Tỉnh Hưng Yên"
33,Hưng Yên,329,Ân Thi,12175,Đa Lộc,Xã,"Xã Đa Lộc, Huyện Ân Thi, Tỉnh Hưng Yên"
33,Hưng Yên,329,Ân Thi,12178,Đặng Lễ,Xã,"Xã Đặng Lễ, Huyện Ân Thi, Tỉnh Hưng Yên"
33,Hưng Yên,329,Ân Thi,12154,Đào Dương,Xã,"Xã Đào Dương, Huyện Ân Thi, Tỉnh Hưng Yên"
33,Hưng Yên,329,Ân Thi,12202,Hạ Lễ,Xã,"Xã Hạ Lễ, Huyện Ân Thi, Tỉnh Hưng Yên"
33,Hưng Yên,329,Ân Thi,12190,Hồ Tùng Mậu,Xã,"Xã Hồ Tùng Mậu, Huyện Ân Thi, Tỉnh Hưng Yên"
33,Hưng Yên,329,Ân Thi,12169,Hoàng Hoa Thám,Xã,"Xã Hoàng Hoa Thám, Huyện Ân Thi, Tỉnh Hưng Yên"
33,Hưng Yên,329,Ân Thi,12196,Hồng Quang,Xã,"Xã Hồng Quang, Huyện Ân Thi, Tỉnh Hưng Yên"
33,Hưng Yên,329,Ân Thi,12184,Nguyễn Trãi,Xã,"Xã Nguyễn Trãi, Huyện Ân Thi, Tỉnh Hưng Yên"
33,Hưng Yên,329,Ân Thi,12145,Phù Ủng,Xã,"Xã Phù Ủng, Huyện Ân Thi, Tỉnh Hưng Yên"
33,Hưng Yên,329,Ân Thi,12172,Quảng Lãng,Xã,"Xã Quảng Lãng, Huyện Ân Thi, Tỉnh Hưng Yên"
33,Hưng Yên,329,Ân Thi,12157,Quang Vinh,Xã,"Xã Quang Vinh, Huyện Ân Thi, Tỉnh Hưng Yên"
33,Hưng Yên,329,Ân Thi,12193,Tiền Phong,Xã,"Xã Tiền Phong, Huyện Ân Thi, Tỉnh Hưng Yên"
33,Hưng Yên,329,Ân Thi,12160,Vân Du,Xã,"Xã Vân Du, Huyện Ân Thi, Tỉnh Hưng Yên"
33,Hưng Yên,329,Ân Thi,12166,Xuân Trúc,Xã,"Xã Xuân Trúc, Huyện Ân Thi, Tỉnh Hưng Yên"
33,Hưng Yên,323,Hưng Yên,11956,An Tảo,Phường,"Phường An Tảo, Thành phố Hưng Yên, Tỉnh Hưng Yên"
33,Hưng Yên,323,Hưng Yên,11983,Bảo Khê,Xã,"Xã Bảo Khê, Thành phố Hưng Yên, Tỉnh Hưng Yên"
33,Hưng Yên,323,Hưng Yên,11953,Hiến Nam,Phường,"Phường Hiến Nam, Thành phố Hưng Yên, Tỉnh Hưng Yên"
33,Hưng Yên,323,Hưng Yên,12388,Hoàng Hanh,Xã,"Xã Hoàng Hanh, Thành phố Hưng Yên, Tỉnh Hưng Yên"
33,Hưng Yên,323,Hưng Yên,11968,Hồng Châu,Phường,"Phường Hồng Châu, Thành phố Hưng Yên, Tỉnh Hưng Yên"
33,Hưng Yên,323,Hưng Yên,12334,Hùng Cường,Xã,"Xã Hùng Cường, Thành phố Hưng Yên, Tỉnh Hưng Yên"
33,Hưng Yên,323,Hưng Yên,11950,Lam Sơn,Phường,"Phường Lam Sơn, Thành phố Hưng Yên, Tỉnh Hưng Yên"
33,Hưng Yên,323,Hưng Yên,11959,Lê Lợi,Phường,"Phường Lê Lợi, Thành phố Hưng Yên, Tỉnh Hưng Yên"
33,Hưng Yên,323,Hưng Yên,11974,Liên Phương,Xã,"Xã Liên Phương, Thành phố Hưng Yên, Tỉnh Hưng Yên"
33,Hưng Yên,323,Hưng Yên,11962,Minh Khai,Phường,"Phường Minh Khai, Thành phố Hưng Yên, Tỉnh Hưng Yên"
33,Hưng Yên,323,Hưng Yên,12331,Phú Cường,Xã,"Xã Phú Cường, Thành phố Hưng Yên, Tỉnh Hưng Yên"
33,Hưng Yên,323,Hưng Yên,11977,Phương Nam,Xã,"Xã Phương Nam, Thành phố Hưng Yên, Tỉnh Hưng Yên"
33,Hưng Yên,323,Hưng Yên,11980,Quảng Châu,Xã,"Xã Quảng Châu, Thành phố Hưng Yên, Tỉnh Hưng Yên"
33,Hưng Yên,323,Hưng Yên,12385,Tân Hưng,Xã,"Xã Tân Hưng, Thành phố Hưng Yên, Tỉnh Hưng Yên"
33,Hưng Yên,323,Hưng Yên,11971,Trung Nghĩa,Xã,"Xã Trung Nghĩa, Thành phố Hưng Yên, Tỉnh Hưng Yên"
33,Hưng Yên,330,Khoái Châu,12229,An Vĩ,Xã,"Xã An Vĩ, Huyện Khoái Châu, Tỉnh Hưng Yên"
33,Hưng Yên,330,Khoái Châu,12211,Bình Minh,Xã,"Xã Bình Minh, Huyện Khoái Châu, Tỉnh Hưng Yên"
33,Hưng Yên,330,Khoái Châu,12265,Chí Minh,Xã,"Xã Chí Minh, Huyện Khoái Châu, Tỉnh Hưng Yên"
33,Hưng Yên,330,Khoái Châu,12238,Dân Tiến,Xã,"Xã Dân Tiến, Huyện Khoái Châu, Tỉnh Hưng Yên"
33,Hưng Yên,330,Khoái Châu,12262,Đại Tập,Xã,"Xã Đại Tập, Huyện Khoái Châu, Tỉnh Hưng Yên"
33,Hưng Yên,330,Khoái Châu,12232,Đông Kết,Xã,"Xã Đông Kết, Huyện Khoái Châu, Tỉnh Hưng Yên"
33,Hưng Yên,330,Khoái Châu,12259,Đông Ninh,Xã,"Xã Đông Ninh, Huyện Khoái Châu, Tỉnh Hưng Yên"
33,Hưng Yên,330,Khoái Châu,12208,Đông Tảo,Xã,"Xã Đông Tảo, Huyện Khoái Châu, Tỉnh Hưng Yên"
33,Hưng Yên,330,Khoái Châu,12244,Đồng Tiến,Xã,"Xã Đồng Tiến, Huyện Khoái Châu, Tỉnh Hưng Yên"
33,Hưng Yên,330,Khoái Châu,12205,Khoái Châu,Thị trấn,"Thị trấn Khoái Châu, Huyện Khoái Châu, Tỉnh Hưng Yên"
33,Hưng Yên,330,Khoái Châu,12250,Liên Khê,Xã,"Xã Liên Khê, Huyện Khoái Châu, Tỉnh Hưng Yên"
33,Hưng Yên,330,Khoái Châu,12274,Nguyễn Huệ,Xã,"Xã Nguyễn Huệ, Huyện Khoái Châu, Tỉnh Hưng Yên"
33,Hưng Yên,330,Khoái Châu,12220,Ông Đình,Xã,"Xã Ông Đình, Huyện Khoái Châu, Tỉnh Hưng Yên"
33,Hưng Yên,330,Khoái Châu,12214,Phạm Hồng Thái,Xã,"Xã Phạm Hồng Thái, Huyện Khoái Châu, Tỉnh Hưng Yên"
33,Hưng Yên,330,Khoái Châu,12253,Phùng Hưng,Xã,"Xã Phùng Hưng, Huyện Khoái Châu, Tỉnh Hưng Yên"
33,Hưng Yên,330,Khoái Châu,12247,Tân Châu,Xã,"Xã Tân Châu, Huyện Khoái Châu, Tỉnh Hưng Yên"
33,Hưng Yên,330,Khoái Châu,12223,Tân Dân,Xã,"Xã Tân Dân, Huyện Khoái Châu, Tỉnh Hưng Yên"
33,Hưng Yên,330,Khoái Châu,12271,Thuần Hưng,Xã,"Xã Thuần Hưng, Huyện Khoái Châu, Tỉnh Hưng Yên"
33,Hưng Yên,330,Khoái Châu,12226,Tứ Dân,Xã,"Xã Tứ Dân, Huyện Khoái Châu, Tỉnh Hưng Yên"
33,Hưng Yên,330,Khoái Châu,12256,Việt Hòa,Xã,"Xã Việt Hòa, Huyện Khoái Châu, Tỉnh Hưng Yên"
33,Hưng Yên,331,Kim Động,12304,Chính Nghĩa,Xã,"Xã Chính Nghĩa, Huyện Kim Động, Tỉnh Hưng Yên"
33,Hưng Yên,331,Kim Động,12325,Diên Hồng,Xã,"Xã Diên Hồng, Huyện Kim Động, Tỉnh Hưng Yên"
33,Hưng Yên,331,Kim Động,12298,Đồng Thanh,Xã,"Xã Đồng Thanh, Huyện Kim Động, Tỉnh Hưng Yên"
33,Hưng Yên,331,Kim Động,12316,Đức Hợp,Xã,"Xã Đức Hợp, Huyện Kim Động, Tỉnh Hưng Yên"
33,Hưng Yên,331,Kim Động,12328,Hiệp Cường,Xã,"Xã Hiệp Cường, Huyện Kim Động, Tỉnh Hưng Yên"
33,Hưng Yên,331,Kim Động,12319,Hùng An,Xã,"Xã Hùng An, Huyện Kim Động, Tỉnh Hưng Yên"
33,Hưng Yên,331,Kim Động,12280,Lương Bằng,Thị trấn,"Thị trấn Lương Bằng, Huyện Kim Động, Tỉnh Hưng Yên"
33,Hưng Yên,331,Kim Động,12313,Mai Động,Xã,"Xã Mai Động, Huyện Kim Động, Tỉnh Hưng Yên"
33,Hưng Yên,331,Kim Động,12283,Nghĩa Dân,Xã,"Xã Nghĩa Dân, Huyện Kim Động, Tỉnh Hưng Yên"
33,Hưng Yên,331,Kim Động,12322,Ngọc Thanh,Xã,"Xã Ngọc Thanh, Huyện Kim Động, Tỉnh Hưng Yên"
33,Hưng Yên,331,Kim Động,12292,Phạm Ngũ Lão,Xã,"Xã Phạm Ngũ Lão, Huyện Kim Động, Tỉnh Hưng Yên"
33,Hưng Yên,331,Kim Động,12295,Phú Thọ,Xã,"Xã Phú Thọ, Huyện Kim Động, Tỉnh Hưng Yên"
33,Hưng Yên,331,Kim Động,12301,Song Mai,Xã,"Xã Song Mai, Huyện Kim Động, Tỉnh Hưng Yên"
33,Hưng Yên,331,Kim Động,12286,Toàn Thắng,Xã,"Xã Toàn Thắng, Huyện Kim Động, Tỉnh Hưng Yên"
33,Hưng Yên,331,Kim Động,12289,Vĩnh Xá,Xã,"Xã Vĩnh Xá, Huyện Kim Động, Tỉnh Hưng Yên"
33,Hưng Yên,328,Mỹ Hào,12124,Bạch Sam,Phường,"Phường Bạch Sam, Thị xã Mỹ Hào, Tỉnh Hưng Yên"
33,Hưng Yên,328,Mỹ Hào,12103,Bần Yên Nhân,Phường,"Phường Bần Yên Nhân, Thị xã Mỹ Hào, Tỉnh Hưng Yên"
33,Hưng Yên,328,Mỹ Hào,12109,Cẩm Xá,Xã,"Xã Cẩm Xá, Thị xã Mỹ Hào, Tỉnh Hưng Yên"
33,Hưng Yên,328,Mỹ Hào,12121,Dị Sử,Phường,"Phường Dị Sử, Thị xã Mỹ Hào, Tỉnh Hưng Yên"
33,Hưng Yên,328,Mỹ Hào,12112,Dương Quang,Xã,"Xã Dương Quang, Thị xã Mỹ Hào, Tỉnh Hưng Yên"
33,Hưng Yên,328,Mỹ Hào,12115,Hòa Phong,Xã,"Xã Hòa Phong, Thị xã Mỹ Hào, Tỉnh Hưng Yên"
33,Hưng Yên,328,Mỹ Hào,12139,Hưng Long,Xã,"Xã Hưng Long, Thị xã Mỹ Hào, Tỉnh Hưng Yên"
33,Hưng Yên,328,Mỹ Hào,12127,Minh Đức,Phường,"Phường Minh Đức, Thị xã Mỹ Hào, Tỉnh Hưng Yên"
33,Hưng Yên,328,Mỹ Hào,12136,Ngọc Lâm,Xã,"Xã Ngọc Lâm, Thị xã Mỹ Hào, Tỉnh Hưng Yên"
33,Hưng Yên,328,Mỹ Hào,12118,Nhân Hòa,Phường,"Phường Nhân Hòa, Thị xã Mỹ Hào, Tỉnh Hưng Yên"
33,Hưng Yên,328,Mỹ Hào,12106,Phan Đình Phùng,Phường,"Phường Phan Đình Phùng, Thị xã Mỹ Hào, Tỉnh Hưng Yên"
33,Hưng Yên,328,Mỹ Hào,12130,Phùng Chí Kiên,Phường,"Phường Phùng Chí Kiên, Thị xã Mỹ Hào, Tỉnh Hưng Yên"
33,Hưng Yên,328,Mỹ Hào,12133,Xuân Dục,Xã,"Xã Xuân Dục, Thị xã Mỹ Hào, Tỉnh Hưng Yên"
33,Hưng Yên,333,Phù Cừ,12412,Đình Cao,Xã,"Xã Đình Cao, Huyện Phù Cừ, Tỉnh Hưng Yên"
33,Hưng Yên,333,Phù Cừ,12406,Đoàn Đào,Xã,"Xã Đoàn Đào, Huyện Phù Cừ, Tỉnh Hưng Yên"
33,Hưng Yên,333,Phù Cừ,12403,Minh Hoàng,Xã,"Xã Minh Hoàng, Huyện Phù Cừ, Tỉnh Hưng Yên"
33,Hưng Yên,333,Phù Cừ,12394,Minh Tân,Xã,"Xã Minh Tân, Huyện Phù Cừ, Tỉnh Hưng Yên"
33,Hưng Yên,333,Phù Cừ,12427,Nguyên Hòa,Xã,"Xã Nguyên Hòa, Huyện Phù Cừ, Tỉnh Hưng Yên"
33,Hưng Yên,333,Phù Cừ,12415,Nhật Quang,Xã,"Xã Nhật Quang, Huyện Phù Cừ, Tỉnh Hưng Yên"
33,Hưng Yên,333,Phù Cừ,12397,Phan Sào Nam,Xã,"Xã Phan Sào Nam, Huyện Phù Cừ, Tỉnh Hưng Yên"
33,Hưng Yên,333,Phù Cừ,12400,Quang Hưng,Xã,"Xã Quang Hưng, Huyện Phù Cừ, Tỉnh Hưng Yên"
33,Hưng Yên,333,Phù Cừ,12421,Tam Đa,Xã,"Xã Tam Đa, Huyện Phù Cừ, Tỉnh Hưng Yên"
33,Hưng Yên,333,Phù Cừ,12424,Tiên Tiến,Xã,"Xã Tiên Tiến, Huyện Phù Cừ, Tỉnh Hưng Yên"
33,Hưng Yên,333,Phù Cừ,12409,Tống Phan,Xã,"Xã Tống Phan, Huyện Phù Cừ, Tỉnh Hưng Yên"
33,Hưng Yên,333,Phù Cừ,12430,Tống Trân,Xã,"Xã Tống Trân, Huyện Phù Cừ, Tỉnh Hưng Yên"
33,Hưng Yên,333,Phù Cừ,12391,Trần Cao,Thị trấn,"Thị trấn Trần Cao, Huyện Phù Cừ, Tỉnh Hưng Yên"
33,Hưng Yên,332,Tiên Lữ,12355,An Viên,Xã,"Xã An Viên, Huyện Tiên Lữ, Tỉnh Hưng Yên"
33,Hưng Yên,332,Tiên Lữ,12376,Cương Chính,Xã,"Xã Cương Chính, Huyện Tiên Lữ, Tỉnh Hưng Yên"
33,Hưng Yên,332,Tiên Lữ,12364,Hải Thắng,Xã,"Xã Hải Thắng, Huyện Tiên Lữ, Tỉnh Hưng Yên"
33,Hưng Yên,332,Tiên Lữ,12340,Hưng Đạo,Xã,"Xã Hưng Đạo, Huyện Tiên Lữ, Tỉnh Hưng Yên"
33,Hưng Yên,332,Tiên Lữ,12352,Lệ Xá,Xã,"Xã Lệ Xá, Huyện Tiên Lữ, Tỉnh Hưng Yên"
33,Hưng Yên,332,Tiên Lữ,12346,Nhật Tân,Xã,"Xã Nhật Tân, Huyện Tiên Lữ, Tỉnh Hưng Yên"
33,Hưng Yên,332,Tiên Lữ,12370,Thiện Phiến,Xã,"Xã Thiện Phiến, Huyện Tiên Lữ, Tỉnh Hưng Yên"
33,Hưng Yên,332,Tiên Lữ,12367,Thủ Sỹ,Xã,"Xã Thủ Sỹ, Huyện Tiên Lữ, Tỉnh Hưng Yên"
33,Hưng Yên,332,Tiên Lữ,12373,Thụy Lôi,Xã,"Xã Thụy Lôi, Huyện Tiên Lữ, Tỉnh Hưng Yên"
33,Hưng Yên,332,Tiên Lữ,12361,Trung Dũng,Xã,"Xã Trung Dũng, Huyện Tiên Lữ, Tỉnh Hưng Yên"
33,Hưng Yên,332,Tiên Lữ,12337,Vương,Thị trấn,"Thị trấn Vương, Huyện Tiên Lữ, Tỉnh Hưng Yên"
33,Hưng Yên,326,Văn Giang,12025,Cửu Cao,Xã,"Xã Cửu Cao, Huyện Văn Giang, Tỉnh Hưng Yên"
33,Hưng Yên,326,Văn Giang,12040,Liên Nghĩa,Xã,"Xã Liên Nghĩa, Huyện Văn Giang, Tỉnh Hưng Yên"
33,Hưng Yên,326,Văn Giang,12034,Long Hưng,Xã,"Xã Long Hưng, Huyện Văn Giang, Tỉnh Hưng Yên"
33,Hưng Yên,326,Văn Giang,12049,Mễ Sở,Xã,"Xã Mễ Sở, Huyện Văn Giang, Tỉnh Hưng Yên"
33,Hưng Yên,326,Văn Giang,12031,Nghĩa Trụ,Xã,"Xã Nghĩa Trụ, Huyện Văn Giang, Tỉnh Hưng Yên"
33,Hưng Yên,326,Văn Giang,12028,Phụng Công,Xã,"Xã Phụng Công, Huyện Văn Giang, Tỉnh Hưng Yên"
33,Hưng Yên,326,Văn Giang,12043,Tân Tiến,Xã,"Xã Tân Tiến, Huyện Văn Giang, Tỉnh Hưng Yên"
33,Hưng Yên,326,Văn Giang,12046,Thắng Lợi,Xã,"Xã Thắng Lợi, Huyện Văn Giang, Tỉnh Hưng Yên"
33,Hưng Yên,326,Văn Giang,12019,Văn Giang,Thị trấn,"Thị trấn Văn Giang, Huyện Văn Giang, Tỉnh Hưng Yên"
33,Hưng Yên,326,Văn Giang,12037,Vĩnh Khúc,Xã,"Xã Vĩnh Khúc, Huyện Văn Giang, Tỉnh Hưng Yên"
33,Hưng Yên,326,Văn Giang,12022,Xuân Quan,Xã,"Xã Xuân Quan, Huyện Văn Giang, Tỉnh Hưng Yên"
33,Hưng Yên,325,Văn Lâm,11992,Chỉ Đạo,Xã,"Xã Chỉ Đạo, Huyện Văn Lâm, Tỉnh Hưng Yên"
33,Hưng Yên,325,Văn Lâm,11995,Đại Đồng,Xã,"Xã Đại Đồng, Huyện Văn Lâm, Tỉnh Hưng Yên"
33,Hưng Yên,325,Văn Lâm,12004,Đình Dù,Xã,"Xã Đình Dù, Huyện Văn Lâm, Tỉnh Hưng Yên"
33,Hưng Yên,325,Văn Lâm,11989,Lạc Đạo,Xã,"Xã Lạc Đạo, Huyện Văn Lâm, Tỉnh Hưng Yên"
33,Hưng Yên,325,Văn Lâm,12016,Lạc Hồng,Xã,"Xã Lạc Hồng, Huyện Văn Lâm, Tỉnh Hưng Yên"
33,Hưng Yên,325,Văn Lâm,12010,Lương Tài,Xã,"Xã Lương Tài, Huyện Văn Lâm, Tỉnh Hưng Yên"
33,Hưng Yên,325,Văn Lâm,12007,Minh Hải,Xã,"Xã Minh Hải, Huyện Văn Lâm, Tỉnh Hưng Yên"
33,Hưng Yên,325,Văn Lâm,11986,Như Quỳnh,Thị trấn,"Thị trấn Như Quỳnh, Huyện Văn Lâm, Tỉnh Hưng Yên"
33,Hưng Yên,325,Văn Lâm,12001,Tân Quang,Xã,"Xã Tân Quang, Huyện Văn Lâm, Tỉnh Hưng Yên"
33,Hưng Yên,325,Văn Lâm,12013,Trưng Trắc,Xã,"Xã Trưng Trắc, Huyện Văn Lâm, Tỉnh Hưng Yên"
33,Hưng Yên,325,Văn Lâm,11998,Việt Hưng,Xã,"Xã Việt Hưng, Huyện Văn Lâm, Tỉnh Hưng Yên"
33,Hưng Yên,327,Yên Mỹ,12061,Đồng Than,Xã,"Xã Đồng Than, Huyện Yên Mỹ, Tỉnh Hưng Yên"
33,Hưng Yên,327,Yên Mỹ,12070,Hoàn Long,Xã,"Xã Hoàn Long, Huyện Yên Mỹ, Tỉnh Hưng Yên"
33,Hưng Yên,327,Yên Mỹ,12067,Liêu Xá,Xã,"Xã Liêu Xá, Huyện Yên Mỹ, Tỉnh Hưng Yên"
33,Hưng Yên,327,Yên Mỹ,12064,Ngọc Long,Xã,"Xã Ngọc Long, Huyện Yên Mỹ, Tỉnh Hưng Yên"
33,Hưng Yên,327,Yên Mỹ,12055,Nguyễn Văn Linh,Xã,"Xã Nguyễn Văn Linh, Huyện Yên Mỹ, Tỉnh Hưng Yên"
33,Hưng Yên,327,Yên Mỹ,12073,Tân Lập,Xã,"Xã Tân Lập, Huyện Yên Mỹ, Tỉnh Hưng Yên"
33,Hưng Yên,327,Yên Mỹ,12100,Tân Minh,Xã,"Xã Tân Minh, Huyện Yên Mỹ, Tỉnh Hưng Yên"
33,Hưng Yên,327,Yên Mỹ,12076,Thanh Long,Xã,"Xã Thanh Long, Huyện Yên Mỹ, Tỉnh Hưng Yên"
33,Hưng Yên,327,Yên Mỹ,12085,Trung Hòa,Xã,"Xã Trung Hòa, Huyện Yên Mỹ, Tỉnh Hưng Yên"
33,Hưng Yên,327,Yên Mỹ,12091,Việt Yên,Xã,"Xã Việt Yên, Huyện Yên Mỹ, Tỉnh Hưng Yên"
33,Hưng Yên,327,Yên Mỹ,12052,Yên Mỹ,Thị trấn,"Thị trấn Yên Mỹ, Huyện Yên Mỹ, Tỉnh Hưng Yên"
33,Hưng Yên,327,Yên Mỹ,12079,Yên Phú,Xã,"Xã Yên Phú, Huyện Yên Mỹ, Tỉnh Hưng Yên"
56,Khánh Hòa,570,Cam Lâm,22465,Cam An Bắc,Xã,"Xã Cam An Bắc, Huyện Cam Lâm, Tỉnh Khánh Hòa"
56,Khánh Hòa,570,Cam Lâm,22471,Cam An Nam,Xã,"Xã Cam An Nam, Huyện Cam Lâm, Tỉnh Khánh Hòa"
56,Khánh Hòa,570,Cam Lâm,22453,Cam Đức,Thị trấn,"Thị trấn Cam Đức, Huyện Cam Lâm, Tỉnh Khánh Hòa"
56,Khánh Hòa,570,Cam Lâm,22441,Cam Hải Đông,Xã,"Xã Cam Hải Đông, Huyện Cam Lâm, Tỉnh Khánh Hòa"
56,Khánh Hòa,570,Cam Lâm,22444,Cam Hải Tây,Xã,"Xã Cam Hải Tây, Huyện Cam Lâm, Tỉnh Khánh Hòa"
56,Khánh Hòa,570,Cam Lâm,22450,Cam Hiệp Bắc,Xã,"Xã Cam Hiệp Bắc, Huyện Cam Lâm, Tỉnh Khánh Hòa"
56,Khánh Hòa,570,Cam Lâm,22456,Cam Hiệp Nam,Xã,"Xã Cam Hiệp Nam, Huyện Cam Lâm, Tỉnh Khánh Hòa"
56,Khánh Hòa,570,Cam Lâm,22438,Cam Hòa,Xã,"Xã Cam Hòa, Huyện Cam Lâm, Tỉnh Khánh Hòa"
56,Khánh Hòa,570,Cam Lâm,22459,Cam Phước Tây,Xã,"Xã Cam Phước Tây, Huyện Cam Lâm, Tỉnh Khánh Hòa"
56,Khánh Hòa,570,Cam Lâm,22435,Cam Tân,Xã,"Xã Cam Tân, Huyện Cam Lâm, Tỉnh Khánh Hòa"
56,Khánh Hòa,570,Cam Lâm,22462,Cam Thành Bắc,Xã,"Xã Cam Thành Bắc, Huyện Cam Lâm, Tỉnh Khánh Hòa"
56,Khánh Hòa,570,Cam Lâm,22447,Sơn Tân,Xã,"Xã Sơn Tân, Huyện Cam Lâm, Tỉnh Khánh Hòa"
56,Khánh Hòa,570,Cam Lâm,22708,Suối Cát,Xã,"Xã Suối Cát, Huyện Cam Lâm, Tỉnh Khánh Hòa"
56,Khánh Hòa,570,Cam Lâm,22711,Suối Tân,Xã,"Xã Suối Tân, Huyện Cam Lâm, Tỉnh Khánh Hòa"
56,Khánh Hòa,569,Cam Ranh,22423,Ba Ngòi,Phường,"Phường Ba Ngòi, Thành phố Cam Ranh, Tỉnh Khánh Hòa"
56,Khánh Hòa,569,Cam Ranh,22486,Cam Bình,Xã,"Xã Cam Bình, Thành phố Cam Ranh, Tỉnh Khánh Hòa"
56,Khánh Hòa,569,Cam Ranh,22483,Cam Lập,Xã,"Xã Cam Lập, Thành phố Cam Ranh, Tỉnh Khánh Hòa"
56,Khánh Hòa,569,Cam Ranh,22432,Cam Linh,Phường,"Phường Cam Linh, Thành phố Cam Ranh, Tỉnh Khánh Hòa"
56,Khánh Hòa,569,Cam Ranh,22417,Cam Lộc,Phường,"Phường Cam Lộc, Thành phố Cam Ranh, Tỉnh Khánh Hòa"
56,Khánh Hòa,569,Cam Ranh,22429,Cam Lợi,Phường,"Phường Cam Lợi, Thành phố Cam Ranh, Tỉnh Khánh Hòa"
56,Khánh Hòa,569,Cam Ranh,22408,Cam Nghĩa,Phường,"Phường Cam Nghĩa, Thành phố Cam Ranh, Tỉnh Khánh Hòa"
56,Khánh Hòa,569,Cam Ranh,22420,Cam Phú,Phường,"Phường Cam Phú, Thành phố Cam Ranh, Tỉnh Khánh Hòa"
56,Khánh Hòa,569,Cam Ranh,22411,Cam Phúc Bắc,Phường,"Phường Cam Phúc Bắc, Thành phố Cam Ranh, Tỉnh Khánh Hòa"
56,Khánh Hòa,569,Cam Ranh,22414,Cam Phúc Nam,Phường,"Phường Cam Phúc Nam, Thành phố Cam Ranh, Tỉnh Khánh Hòa"
56,Khánh Hòa,569,Cam Ranh,22474,Cam Phước Đông,Xã,"Xã Cam Phước Đông, Thành phố Cam Ranh, Tỉnh Khánh Hòa"
56,Khánh Hòa,569,Cam Ranh,22468,Cam Thành Nam,Xã,"Xã Cam Thành Nam, Thành phố Cam Ranh, Tỉnh Khánh Hòa"
56,Khánh Hòa,569,Cam Ranh,22480,Cam Thịnh Đông,Xã,"Xã Cam Thịnh Đông, Thành phố Cam Ranh, Tỉnh Khánh Hòa"
56,Khánh Hòa,569,Cam Ranh,22477,Cam Thịnh Tây,Xã,"Xã Cam Thịnh Tây, Thành phố Cam Ranh, Tỉnh Khánh Hòa"
56,Khánh Hòa,569,Cam Ranh,22426,Cam Thuận,Phường,"Phường Cam Thuận, Thành phố Cam Ranh, Tỉnh Khánh Hòa"
56,Khánh Hòa,574,Diên Khánh,22696,Bình Lộc,Xã,"Xã Bình Lộc, Huyện Diên Khánh, Tỉnh Khánh Hòa"
56,Khánh Hòa,574,Diên Khánh,22693,Diên An,Xã,"Xã Diên An, Huyện Diên Khánh, Tỉnh Khánh Hòa"
56,Khánh Hòa,574,Diên Khánh,22657,Diên Điền,Xã,"Xã Diên Điền, Huyện Diên Khánh, Tỉnh Khánh Hòa"
56,Khánh Hòa,574,Diên Khánh,22684,Diên Hòa,Xã,"Xã Diên Hòa, Huyện Diên Khánh, Tỉnh Khánh Hòa"
56,Khánh Hòa,574,Diên Khánh,22651,Diên Khánh,Thị trấn,"Thị trấn Diên Khánh, Huyện Diên Khánh, Tỉnh Khánh Hòa"
56,Khánh Hòa,574,Diên Khánh,22678,Diên Lạc,Xã,"Xã Diên Lạc, Huyện Diên Khánh, Tỉnh Khánh Hòa"
56,Khánh Hòa,574,Diên Khánh,22654,Diên Lâm,Xã,"Xã Diên Lâm, Huyện Diên Khánh, Tỉnh Khánh Hòa"
56,Khánh Hòa,574,Diên Khánh,22669,Diên Phú,Xã,"Xã Diên Phú, Huyện Diên Khánh, Tỉnh Khánh Hòa"
56,Khánh Hòa,574,Diên Khánh,22675,Diên Phước,Xã,"Xã Diên Phước, Huyện Diên Khánh, Tỉnh Khánh Hòa"
56,Khánh Hòa,574,Diên Khánh,22663,Diên Sơn,Xã,"Xã Diên Sơn, Huyện Diên Khánh, Tỉnh Khánh Hòa"
56,Khánh Hòa,574,Diên Khánh,22681,Diên Tân,Xã,"Xã Diên Tân, Huyện Diên Khánh, Tỉnh Khánh Hòa"
56,Khánh Hòa,574,Diên Khánh,22687,Diên Thạnh,Xã,"Xã Diên Thạnh, Huyện Diên Khánh, Tỉnh Khánh Hòa"
56,Khánh Hòa,574,Diên Khánh,22672,Diên Thọ,Xã,"Xã Diên Thọ, Huyện Diên Khánh, Tỉnh Khánh Hòa"
56,Khánh Hòa,574,Diên Khánh,22690,Diên Toàn,Xã,"Xã Diên Toàn, Huyện Diên Khánh, Tỉnh Khánh Hòa"
56,Khánh Hòa,574,Diên Khánh,22702,Suối Hiệp,Xã,"Xã Suối Hiệp, Huyện Diên Khánh, Tỉnh Khánh Hòa"
56,Khánh Hòa,574,Diên Khánh,22705,Suối Tiên,Xã,"Xã Suối Tiên, Huyện Diên Khánh, Tỉnh Khánh Hòa"
56,Khánh Hòa,574,Diên Khánh,22660,Xuân Đồng,Xã,"Xã Xuân Đồng, Huyện Diên Khánh, Tỉnh Khánh Hòa"
56,Khánh Hòa,575,Khánh Sơn,22732,Ba Cụm Bắc,Xã,"Xã Ba Cụm Bắc, Huyện Khánh Sơn, Tỉnh Khánh Hòa"
56,Khánh Hòa,575,Khánh Sơn,22735,Ba Cụm Nam,Xã,"Xã Ba Cụm Nam, Huyện Khánh Sơn, Tỉnh Khánh Hòa"
56,Khánh Hòa,575,Khánh Sơn,22726,Sơn Bình,Xã,"Xã Sơn Bình, Huyện Khánh Sơn, Tỉnh Khánh Hòa"
56,Khánh Hòa,575,Khánh Sơn,22723,Sơn Hiệp,Xã,"Xã Sơn Hiệp, Huyện Khánh Sơn, Tỉnh Khánh Hòa"
56,Khánh Hòa,575,Khánh Sơn,22720,Sơn Lâm,Xã,"Xã Sơn Lâm, Huyện Khánh Sơn, Tỉnh Khánh Hòa"
56,Khánh Hòa,575,Khánh Sơn,22729,Sơn Trung,Xã,"Xã Sơn Trung, Huyện Khánh Sơn, Tỉnh Khánh Hòa"
56,Khánh Hòa,575,Khánh Sơn,22717,Thành Sơn,Xã,"Xã Thành Sơn, Huyện Khánh Sơn, Tỉnh Khánh Hòa"
56,Khánh Hòa,575,Khánh Sơn,22714,Tô Hạp,Thị trấn,"Thị trấn Tô Hạp, Huyện Khánh Sơn, Tỉnh Khánh Hòa"
56,Khánh Hòa,573,Khánh Vĩnh,22636,Cầu Bà,Xã,"Xã Cầu Bà, Huyện Khánh Vĩnh, Tỉnh Khánh Hòa"
56,Khánh Hòa,573,Khánh Vĩnh,22633,Giang Ly,Xã,"Xã Giang Ly, Huyện Khánh Vĩnh, Tỉnh Khánh Hòa"
56,Khánh Hòa,573,Khánh Vĩnh,22615,Khánh Bình,Xã,"Xã Khánh Bình, Huyện Khánh Vĩnh, Tỉnh Khánh Hòa"
56,Khánh Hòa,573,Khánh Vĩnh,22621,Khánh Đông,Xã,"Xã Khánh Đông, Huyện Khánh Vĩnh, Tỉnh Khánh Hòa"
56,Khánh Hòa,573,Khánh Vĩnh,22612,Khánh Hiệp,Xã,"Xã Khánh Hiệp, Huyện Khánh Vĩnh, Tỉnh Khánh Hòa"
56,Khánh Hòa,573,Khánh Vĩnh,22627,Khánh Nam,Xã,"Xã Khánh Nam, Huyện Khánh Vĩnh, Tỉnh Khánh Hòa"
56,Khánh Hòa,573,Khánh Vĩnh,22645,Khánh Phú,Xã,"Xã Khánh Phú, Huyện Khánh Vĩnh, Tỉnh Khánh Hòa"
56,Khánh Hòa,573,Khánh Vĩnh,22642,Khánh Thành,Xã,"Xã Khánh Thành, Huyện Khánh Vĩnh, Tỉnh Khánh Hòa"
56,Khánh Hòa,573,Khánh Vĩnh,22624,Khánh Thượng,Xã,"Xã Khánh Thượng, Huyện Khánh Vĩnh, Tỉnh Khánh Hòa"
56,Khánh Hòa,573,Khánh Vĩnh,22618,Khánh Trung,Xã,"Xã Khánh Trung, Huyện Khánh Vĩnh, Tỉnh Khánh Hòa"
56,Khánh Hòa,573,Khánh Vĩnh,22609,Khánh Vĩnh,Thị trấn,"Thị trấn Khánh Vĩnh, Huyện Khánh Vĩnh, Tỉnh Khánh Hòa"
56,Khánh Hòa,573,Khánh Vĩnh,22639,Liên Sang,Xã,"Xã Liên Sang, Huyện Khánh Vĩnh, Tỉnh Khánh Hòa"
56,Khánh Hòa,573,Khánh Vĩnh,22648,Sơn Thái,Xã,"Xã Sơn Thái, Huyện Khánh Vĩnh, Tỉnh Khánh Hòa"
56,Khánh Hòa,573,Khánh Vĩnh,22630,Sông Cầu,Xã,"Xã Sông Cầu, Huyện Khánh Vĩnh, Tỉnh Khánh Hòa"
56,Khánh Hòa,568,Nha Trang,22363,Lộc Thọ,Phường,"Phường Lộc Thọ, Thành phố Nha Trang, Tỉnh Khánh Hòa"
56,Khánh Hòa,568,Nha Trang,22336,Ngọc Hiệp,Phường,"Phường Ngọc Hiệp, Thành phố Nha Trang, Tỉnh Khánh Hòa"
56,Khánh Hòa,568,Nha Trang,22405,Phước Đồng,Xã,"Xã Phước Đồng, Thành phố Nha Trang, Tỉnh Khánh Hòa"
56,Khánh Hòa,568,Nha Trang,22357,Phước Hải,Phường,"Phường Phước Hải, Thành phố Nha Trang, Tỉnh Khánh Hòa"
56,Khánh Hòa,568,Nha Trang,22372,Phước Hòa,Phường,"Phường Phước Hòa, Thành phố Nha Trang, Tỉnh Khánh Hòa"
56,Khánh Hòa,568,Nha Trang,22378,Phước Long,Phường,"Phường Phước Long, Thành phố Nha Trang, Tỉnh Khánh Hòa"
56,Khánh Hòa,568,Nha Trang,22351,Phương Sài,Phường,"Phường Phương Sài, Thành phố Nha Trang, Tỉnh Khánh Hòa"
56,Khánh Hòa,568,Nha Trang,22366,Tân Tiến,Phường,"Phường Tân Tiến, Thành phố Nha Trang, Tỉnh Khánh Hòa"
56,Khánh Hòa,568,Nha Trang,22348,Vạn Thạnh,Phường,"Phường Vạn Thạnh, Thành phố Nha Trang, Tỉnh Khánh Hòa"
56,Khánh Hòa,568,Nha Trang,22330,Vĩnh Hải,Phường,"Phường Vĩnh Hải, Thành phố Nha Trang, Tỉnh Khánh Hòa"
56,Khánh Hòa,568,Nha Trang,22399,Vĩnh Hiệp,Xã,"Xã Vĩnh Hiệp, Thành phố Nha Trang, Tỉnh Khánh Hòa"
56,Khánh Hòa,568,Nha Trang,22327,Vĩnh Hòa,Phường,"Phường Vĩnh Hòa, Thành phố Nha Trang, Tỉnh Khánh Hòa"
56,Khánh Hòa,568,Nha Trang,22384,Vĩnh Lương,Xã,"Xã Vĩnh Lương, Thành phố Nha Trang, Tỉnh Khánh Hòa"
56,Khánh Hòa,568,Nha Trang,22390,Vĩnh Ngọc,Xã,"Xã Vĩnh Ngọc, Thành phố Nha Trang, Tỉnh Khánh Hòa"
56,Khánh Hòa,568,Nha Trang,22375,Vĩnh Nguyên,Phường,"Phường Vĩnh Nguyên, Thành phố Nha Trang, Tỉnh Khánh Hòa"
56,Khánh Hòa,568,Nha Trang,22333,Vĩnh Phước,Phường,"Phường Vĩnh Phước, Thành phố Nha Trang, Tỉnh Khánh Hòa"
56,Khánh Hòa,568,Nha Trang,22387,Vĩnh Phương,Xã,"Xã Vĩnh Phương, Thành phố Nha Trang, Tỉnh Khánh Hòa"
56,Khánh Hòa,568,Nha Trang,22402,Vĩnh Thái,Xã,"Xã Vĩnh Thái, Thành phố Nha Trang, Tỉnh Khánh Hòa"
56,Khánh Hòa,568,Nha Trang,22393,Vĩnh Thạnh,Xã,"Xã Vĩnh Thạnh, Thành phố Nha Trang, Tỉnh Khánh Hòa"
56,Khánh Hòa,568,Nha Trang,22339,Vĩnh Thọ,Phường,"Phường Vĩnh Thọ, Thành phố Nha Trang, Tỉnh Khánh Hòa"
56,Khánh Hòa,568,Nha Trang,22396,Vĩnh Trung,Xã,"Xã Vĩnh Trung, Thành phố Nha Trang, Tỉnh Khánh Hòa"
56,Khánh Hòa,568,Nha Trang,22381,Vĩnh Trường,Phường,"Phường Vĩnh Trường, Thành phố Nha Trang, Tỉnh Khánh Hòa"
56,Khánh Hòa,572,Ninh Hòa,22540,Ninh An,Xã,"Xã Ninh An, Thị xã Ninh Hòa, Tỉnh Khánh Hòa"
56,Khánh Hòa,572,Ninh Hòa,22576,Ninh Bình,Xã,"Xã Ninh Bình, Thị xã Ninh Hòa, Tỉnh Khánh Hòa"
56,Khánh Hòa,572,Ninh Hòa,22561,Ninh Diêm,Phường,"Phường Ninh Diêm, Thị xã Ninh Hòa, Tỉnh Khánh Hòa"
56,Khánh Hòa,572,Ninh Hòa,22570,Ninh Đa,Phường,"Phường Ninh Đa, Thị xã Ninh Hòa, Tỉnh Khánh Hòa"
56,Khánh Hòa,572,Ninh Hòa,22564,Ninh Đông,Xã,"Xã Ninh Đông, Thị xã Ninh Hòa, Tỉnh Khánh Hòa"
56,Khánh Hòa,572,Ninh Hòa,22591,Ninh Giang,Phường,"Phường Ninh Giang, Thị xã Ninh Hòa, Tỉnh Khánh Hòa"
56,Khánh Hòa,572,Ninh Hòa,22594,Ninh Hà,Phường,"Phường Ninh Hà, Thị xã Ninh Hòa, Tỉnh Khánh Hòa"
56,Khánh Hòa,572,Ninh Hòa,22543,Ninh Hải,Phường,"Phường Ninh Hải, Thị xã Ninh Hòa, Tỉnh Khánh Hòa"
56,Khánh Hòa,572,Ninh Hòa,22528,Ninh Hiệp,Phường,"Phường Ninh Hiệp, Thị xã Ninh Hòa, Tỉnh Khánh Hòa"
56,Khánh Hòa,572,Ninh Hòa,22597,Ninh Hưng,Xã,"Xã Ninh Hưng, Thị xã Ninh Hòa, Tỉnh Khánh Hòa"
56,Khánh Hòa,572,Ninh Hòa,22603,Ninh Ích,Xã,"Xã Ninh Ích, Thị xã Ninh Hòa, Tỉnh Khánh Hòa"
56,Khánh Hòa,572,Ninh Hòa,22600,Ninh Lộc,Xã,"Xã Ninh Lộc, Thị xã Ninh Hòa, Tỉnh Khánh Hòa"
56,Khánh Hòa,572,Ninh Hòa,22582,Ninh Phú,Xã,"Xã Ninh Phú, Thị xã Ninh Hòa, Tỉnh Khánh Hòa"
56,Khánh Hòa,572,Ninh Hòa,22573,Ninh Phụng,Xã,"Xã Ninh Phụng, Thị xã Ninh Hòa, Tỉnh Khánh Hòa"
56,Khánh Hòa,572,Ninh Hòa,22606,Ninh Phước,Xã,"Xã Ninh Phước, Thị xã Ninh Hòa, Tỉnh Khánh Hòa"
56,Khánh Hòa,572,Ninh Hòa,22588,Ninh Quang,Xã,"Xã Ninh Quang, Thị xã Ninh Hòa, Tỉnh Khánh Hòa"
56,Khánh Hòa,572,Ninh Hòa,22552,Ninh Sim,Xã,"Xã Ninh Sim, Thị xã Ninh Hòa, Tỉnh Khánh Hòa"
56,Khánh Hòa,572,Ninh Hòa,22531,Ninh Sơn,Xã,"Xã Ninh Sơn, Thị xã Ninh Hòa, Tỉnh Khánh Hòa"
56,Khánh Hòa,572,Ninh Hòa,22585,Ninh Tân,Xã,"Xã Ninh Tân, Thị xã Ninh Hòa, Tỉnh Khánh Hòa"
56,Khánh Hòa,572,Ninh Hòa,22534,Ninh Tây,Xã,"Xã Ninh Tây, Thị xã Ninh Hòa, Tỉnh Khánh Hòa"
56,Khánh Hòa,572,Ninh Hòa,22558,Ninh Thân,Xã,"Xã Ninh Thân, Thị xã Ninh Hòa, Tỉnh Khánh Hòa"
56,Khánh Hòa,572,Ninh Hòa,22546,Ninh Thọ,Xã,"Xã Ninh Thọ, Thị xã Ninh Hòa, Tỉnh Khánh Hòa"
56,Khánh Hòa,572,Ninh Hòa,22537,Ninh Thượng,Xã,"Xã Ninh Thượng, Thị xã Ninh Hòa, Tỉnh Khánh Hòa"
56,Khánh Hòa,572,Ninh Hòa,22567,Ninh Thủy,Phường,"Phường Ninh Thủy, Thị xã Ninh Hòa, Tỉnh Khánh Hòa"
56,Khánh Hòa,572,Ninh Hòa,22549,Ninh Trung,Xã,"Xã Ninh Trung, Thị xã Ninh Hòa, Tỉnh Khánh Hòa"
56,Khánh Hòa,572,Ninh Hòa,22555,Ninh Xuân,Xã,"Xã Ninh Xuân, Thị xã Ninh Hòa, Tỉnh Khánh Hòa"
56,Khánh Hòa,576,Trường Sa,22739,Sinh Tồn,Xã,"Xã Sinh Tồn, Huyện Trường Sa, Tỉnh Khánh Hòa"
56,Khánh Hòa,576,Trường Sa,22737,Song Tử Tây,Xã,"Xã Song Tử Tây, Huyện Trường Sa, Tỉnh Khánh Hòa"
56,Khánh Hòa,576,Trường Sa,22736,Trường Sa,Thị trấn,"Thị trấn Trường Sa, Huyện Trường Sa, Tỉnh Khánh Hòa"
56,Khánh Hòa,571,Vạn Ninh,22492,Đại Lãnh,Xã,"Xã Đại Lãnh, Huyện Vạn Ninh, Tỉnh Khánh Hòa"
56,Khánh Hòa,571,Vạn Ninh,22501,Vạn Bình,Xã,"Xã Vạn Bình, Huyện Vạn Ninh, Tỉnh Khánh Hòa"
56,Khánh Hòa,571,Vạn Ninh,22489,Vạn Giã,Thị trấn,"Thị trấn Vạn Giã, Huyện Vạn Ninh, Tỉnh Khánh Hòa"
56,Khánh Hòa,571,Vạn Ninh,22525,Vạn Hưng,Xã,"Xã Vạn Hưng, Huyện Vạn Ninh, Tỉnh Khánh Hòa"
56,Khánh Hòa,571,Vạn Ninh,22507,Vạn Khánh,Xã,"Xã Vạn Khánh, Huyện Vạn Ninh, Tỉnh Khánh Hòa"
56,Khánh Hòa,571,Vạn Ninh,22498,Vạn Long,Xã,"Xã Vạn Long, Huyện Vạn Ninh, Tỉnh Khánh Hòa"
56,Khánh Hòa,571,Vạn Ninh,22513,Vạn Lương,Xã,"Xã Vạn Lương, Huyện Vạn Ninh, Tỉnh Khánh Hòa"
56,Khánh Hòa,571,Vạn Ninh,22510,Vạn Phú,Xã,"Xã Vạn Phú, Huyện Vạn Ninh, Tỉnh Khánh Hòa"
56,Khánh Hòa,571,Vạn Ninh,22495,Vạn Phước,Xã,"Xã Vạn Phước, Huyện Vạn Ninh, Tỉnh Khánh Hòa"
56,Khánh Hòa,571,Vạn Ninh,22516,Vạn Thắng,Xã,"Xã Vạn Thắng, Huyện Vạn Ninh, Tỉnh Khánh Hòa"
56,Khánh Hòa,571,Vạn Ninh,22519,Vạn Thạnh,Xã,"Xã Vạn Thạnh, Huyện Vạn Ninh, Tỉnh Khánh Hòa"
56,Khánh Hòa,571,Vạn Ninh,22504,Vạn Thọ,Xã,"Xã Vạn Thọ, Huyện Vạn Ninh, Tỉnh Khánh Hòa"
56,Khánh Hòa,571,Vạn Ninh,22522,Xuân Sơn,Xã,"Xã Xuân Sơn, Huyện Vạn Ninh, Tỉnh Khánh Hòa"
91,Kiên Giang,908,An Biên,31006,Đông Thái,Xã,"Xã Đông Thái, Huyện An Biên, Tỉnh Kiên Giang"
91,Kiên Giang,908,An Biên,31009,Đông Yên,Xã,"Xã Đông Yên, Huyện An Biên, Tỉnh Kiên Giang"
91,Kiên Giang,908,An Biên,30997,Hưng Yên,Xã,"Xã Hưng Yên, Huyện An Biên, Tỉnh Kiên Giang"
91,Kiên Giang,908,An Biên,31000,Nam Thái,Xã,"Xã Nam Thái, Huyện An Biên, Tỉnh Kiên Giang"
91,Kiên Giang,908,An Biên,31003,Nam Thái A,Xã,"Xã Nam Thái A, Huyện An Biên, Tỉnh Kiên Giang"
91,Kiên Giang,908,An Biên,30994,Nam Yên,Xã,"Xã Nam Yên, Huyện An Biên, Tỉnh Kiên Giang"
91,Kiên Giang,908,An Biên,30988,Tây Yên,Xã,"Xã Tây Yên, Huyện An Biên, Tỉnh Kiên Giang"
91,Kiên Giang,908,An Biên,30991,Tây Yên A,Xã,"Xã Tây Yên A, Huyện An Biên, Tỉnh Kiên Giang"
91,Kiên Giang,908,An Biên,30985,Thứ Ba,Thị trấn,"Thị trấn Thứ Ba, Huyện An Biên, Tỉnh Kiên Giang"
91,Kiên Giang,909,An Minh,31024,Đông Hòa,Xã,"Xã Đông Hòa, Huyện An Minh, Tỉnh Kiên Giang"
91,Kiên Giang,909,An Minh,31033,Đông Hưng,Xã,"Xã Đông Hưng, Huyện An Minh, Tỉnh Kiên Giang"
91,Kiên Giang,909,An Minh,31036,Đông Hưng A,Xã,"Xã Đông Hưng A, Huyện An Minh, Tỉnh Kiên Giang"
91,Kiên Giang,909,An Minh,31039,Đông Hưng B,Xã,"Xã Đông Hưng B, Huyện An Minh, Tỉnh Kiên Giang"
91,Kiên Giang,909,An Minh,31030,Đông Thạnh,Xã,"Xã Đông Thạnh, Huyện An Minh, Tỉnh Kiên Giang"
91,Kiên Giang,909,An Minh,31031,Tân Thạnh,Xã,"Xã Tân Thạnh, Huyện An Minh, Tỉnh Kiên Giang"
91,Kiên Giang,909,An Minh,31018,Thứ Mười Một,Thị trấn,"Thị trấn Thứ Mười Một, Huyện An Minh, Tỉnh Kiên Giang"
91,Kiên Giang,909,An Minh,31021,Thuận Hoà,Xã,"Xã Thuận Hoà, Huyện An Minh, Tỉnh Kiên Giang"
91,Kiên Giang,909,An Minh,31042,Vân Khánh,Xã,"Xã Vân Khánh, Huyện An Minh, Tỉnh Kiên Giang"
91,Kiên Giang,909,An Minh,31045,Vân Khánh Đông,Xã,"Xã Vân Khánh Đông, Huyện An Minh, Tỉnh Kiên Giang"
91,Kiên Giang,909,An Minh,31048,Vân Khánh Tây,Xã,"Xã Vân Khánh Tây, Huyện An Minh, Tỉnh Kiên Giang"
91,Kiên Giang,905,Châu Thành,30898,Bình An,Xã,"Xã Bình An, Huyện Châu Thành, Tỉnh Kiên Giang"
91,Kiên Giang,905,Châu Thành,30889,Giục Tượng,Xã,"Xã Giục Tượng, Huyện Châu Thành, Tỉnh Kiên Giang"
91,Kiên Giang,905,Châu Thành,30895,Minh Hòa,Xã,"Xã Minh Hòa, Huyện Châu Thành, Tỉnh Kiên Giang"
91,Kiên Giang,905,Châu Thành,30880,Minh Lương,Thị trấn,"Thị trấn Minh Lương, Huyện Châu Thành, Tỉnh Kiên Giang"
91,Kiên Giang,905,Châu Thành,30887,Mong Thọ,Xã,"Xã Mong Thọ, Huyện Châu Thành, Tỉnh Kiên Giang"
91,Kiên Giang,905,Châu Thành,30883,Mong Thọ A,Xã,"Xã Mong Thọ A, Huyện Châu Thành, Tỉnh Kiên Giang"
91,Kiên Giang,905,Châu Thành,30886,Mong Thọ B,Xã,"Xã Mong Thọ B, Huyện Châu Thành, Tỉnh Kiên Giang"
91,Kiên Giang,905,Châu Thành,30901,Thạnh Lộc,Xã,"Xã Thạnh Lộc, Huyện Châu Thành, Tỉnh Kiên Giang"
91,Kiên Giang,905,Châu Thành,30892,Vĩnh Hòa Hiệp,Xã,"Xã Vĩnh Hòa Hiệp, Huyện Châu Thành, Tỉnh Kiên Giang"
91,Kiên Giang,905,Châu Thành,30893,Vĩnh Hoà Phú,Xã,"Xã Vĩnh Hoà Phú, Huyện Châu Thành, Tỉnh Kiên Giang"
91,Kiên Giang,914,Giang Thành,30797,Phú Lợi,Xã,"Xã Phú Lợi, Huyện Giang Thành, Tỉnh Kiên Giang"
91,Kiên Giang,914,Giang Thành,30799,Phú Mỹ,Xã,"Xã Phú Mỹ, Huyện Giang Thành, Tỉnh Kiên Giang"
91,Kiên Giang,914,Giang Thành,30796,Tân Khánh Hòa,Xã,"Xã Tân Khánh Hòa, Huyện Giang Thành, Tỉnh Kiên Giang"
91,Kiên Giang,914,Giang Thành,30793,Vĩnh Điều,Xã,"Xã Vĩnh Điều, Huyện Giang Thành, Tỉnh Kiên Giang"
91,Kiên Giang,914,Giang Thành,30791,Vĩnh Phú,Xã,"Xã Vĩnh Phú, Huyện Giang Thành, Tỉnh Kiên Giang"
91,Kiên Giang,906,Giồng Riềng,30922,Bàn Tân Định,Xã,"Xã Bàn Tân Định, Huyện Giồng Riềng, Tỉnh Kiên Giang"
91,Kiên Giang,906,Giồng Riềng,30919,Bàn Thạch,Xã,"Xã Bàn Thạch, Huyện Giồng Riềng, Tỉnh Kiên Giang"
91,Kiên Giang,906,Giồng Riềng,30904,Giồng Riềng,Thị trấn,"Thị trấn Giồng Riềng, Huyện Giồng Riềng, Tỉnh Kiên Giang"
91,Kiên Giang,906,Giồng Riềng,30940,Hoà An,Xã,"Xã Hoà An, Huyện Giồng Riềng, Tỉnh Kiên Giang"
91,Kiên Giang,906,Giồng Riềng,30934,Hòa Hưng,Xã,"Xã Hòa Hưng, Huyện Giồng Riềng, Tỉnh Kiên Giang"
91,Kiên Giang,906,Giồng Riềng,30937,Hoà Lợi,Xã,"Xã Hoà Lợi, Huyện Giồng Riềng, Tỉnh Kiên Giang"
91,Kiên Giang,906,Giồng Riềng,30949,Hòa Thuận,Xã,"Xã Hòa Thuận, Huyện Giồng Riềng, Tỉnh Kiên Giang"
91,Kiên Giang,906,Giồng Riềng,30943,Long Thạnh,Xã,"Xã Long Thạnh, Huyện Giồng Riềng, Tỉnh Kiên Giang"
91,Kiên Giang,906,Giồng Riềng,30928,Ngọc Chúc,Xã,"Xã Ngọc Chúc, Huyện Giồng Riềng, Tỉnh Kiên Giang"
91,Kiên Giang,906,Giồng Riềng,30950,Ngọc Hoà,Xã,"Xã Ngọc Hoà, Huyện Giồng Riềng, Tỉnh Kiên Giang"
91,Kiên Giang,906,Giồng Riềng,30925,Ngọc Thành,Xã,"Xã Ngọc Thành, Huyện Giồng Riềng, Tỉnh Kiên Giang"
91,Kiên Giang,906,Giồng Riềng,30931,Ngọc Thuận,Xã,"Xã Ngọc Thuận, Huyện Giồng Riềng, Tỉnh Kiên Giang"
91,Kiên Giang,906,Giồng Riềng,30917,Thạnh Bình,Xã,"Xã Thạnh Bình, Huyện Giồng Riềng, Tỉnh Kiên Giang"
91,Kiên Giang,906,Giồng Riềng,30916,Thạnh Hòa,Xã,"Xã Thạnh Hòa, Huyện Giồng Riềng, Tỉnh Kiên Giang"
91,Kiên Giang,906,Giồng Riềng,30907,Thạnh Hưng,Xã,"Xã Thạnh Hưng, Huyện Giồng Riềng, Tỉnh Kiên Giang"
91,Kiên Giang,906,Giồng Riềng,30913,Thạnh Lộc,Xã,"Xã Thạnh Lộc, Huyện Giồng Riềng, Tỉnh Kiên Giang"
91,Kiên Giang,906,Giồng Riềng,30910,Thạnh Phước,Xã,"Xã Thạnh Phước, Huyện Giồng Riềng, Tỉnh Kiên Giang"
91,Kiên Giang,906,Giồng Riềng,30947,Vĩnh Phú,Xã,"Xã Vĩnh Phú, Huyện Giồng Riềng, Tỉnh Kiên Giang"
91,Kiên Giang,906,Giồng Riềng,30946,Vĩnh Thạnh,Xã,"Xã Vĩnh Thạnh, Huyện Giồng Riềng, Tỉnh Kiên Giang"
91,Kiên Giang,907,Gò Quao,30964,Định An,Xã,"Xã Định An, Huyện Gò Quao, Tỉnh Kiên Giang"
91,Kiên Giang,907,Gò Quao,30958,Định Hòa,Xã,"Xã Định Hòa, Huyện Gò Quao, Tỉnh Kiên Giang"
91,Kiên Giang,907,Gò Quao,30952,Gò Quao,Thị trấn,"Thị trấn Gò Quao, Huyện Gò Quao, Tỉnh Kiên Giang"
91,Kiên Giang,907,Gò Quao,30961,Thới Quản,Xã,"Xã Thới Quản, Huyện Gò Quao, Tỉnh Kiên Giang"
91,Kiên Giang,907,Gò Quao,30967,Thủy Liễu,Xã,"Xã Thủy Liễu, Huyện Gò Quao, Tỉnh Kiên Giang"
91,Kiên Giang,907,Gò Quao,30955,Vĩnh Hòa Hưng Bắc,Xã,"Xã Vĩnh Hòa Hưng Bắc, Huyện Gò Quao, Tỉnh Kiên Giang"
91,Kiên Giang,907,Gò Quao,30970,Vĩnh Hòa Hưng Nam,Xã,"Xã Vĩnh Hòa Hưng Nam, Huyện Gò Quao, Tỉnh Kiên Giang"
91,Kiên Giang,907,Gò Quao,30973,Vĩnh Phước A,Xã,"Xã Vĩnh Phước A, Huyện Gò Quao, Tỉnh Kiên Giang"
91,Kiên Giang,907,Gò Quao,30976,Vĩnh Phước B,Xã,"Xã Vĩnh Phước B, Huyện Gò Quao, Tỉnh Kiên Giang"
91,Kiên Giang,907,Gò Quao,30982,Vĩnh Thắng,Xã,"Xã Vĩnh Thắng, Huyện Gò Quao, Tỉnh Kiên Giang"
91,Kiên Giang,907,Gò Quao,30979,Vĩnh Tuy,Xã,"Xã Vĩnh Tuy, Huyện Gò Quao, Tỉnh Kiên Giang"
91,Kiên Giang,900,Hà Tiên,30772,Bình San,Phường,"Phường Bình San, Thành phố Hà Tiên, Tỉnh Kiên Giang"
91,Kiên Giang,900,Hà Tiên,30769,Đông Hồ,Phường,"Phường Đông Hồ, Thành phố Hà Tiên, Tỉnh Kiên Giang"
91,Kiên Giang,900,Hà Tiên,30778,Mỹ Đức,Phường,"Phường Mỹ Đức, Thành phố Hà Tiên, Tỉnh Kiên Giang"
91,Kiên Giang,900,Hà Tiên,30775,Pháo Đài,Phường,"Phường Pháo Đài, Thành phố Hà Tiên, Tỉnh Kiên Giang"
91,Kiên Giang,900,Hà Tiên,30784,Thuận Yên,Xã,"Xã Thuận Yên, Thành phố Hà Tiên, Tỉnh Kiên Giang"
91,Kiên Giang,900,Hà Tiên,30781,Tiên Hải,Xã,"Xã Tiên Hải, Thành phố Hà Tiên, Tỉnh Kiên Giang"
91,Kiên Giang,900,Hà Tiên,30766,Tô Châu,Phường,"Phường Tô Châu, Thành phố Hà Tiên, Tỉnh Kiên Giang"
91,Kiên Giang,903,Hòn Đất,30826,Bình Giang,Xã,"Xã Bình Giang, Huyện Hòn Đất, Tỉnh Kiên Giang"
91,Kiên Giang,903,Hòn Đất,30823,Bình Sơn,Xã,"Xã Bình Sơn, Huyện Hòn Đất, Tỉnh Kiên Giang"
91,Kiên Giang,903,Hòn Đất,30817,Hòn Đất,Thị trấn,"Thị trấn Hòn Đất, Huyện Hòn Đất, Tỉnh Kiên Giang"
91,Kiên Giang,903,Hòn Đất,30840,Lình Huỳnh,Xã,"Xã Lình Huỳnh, Huyện Hòn Đất, Tỉnh Kiên Giang"
91,Kiên Giang,903,Hòn Đất,30832,Mỹ Hiệp Sơn,Xã,"Xã Mỹ Hiệp Sơn, Huyện Hòn Đất, Tỉnh Kiên Giang"
91,Kiên Giang,903,Hòn Đất,30844,Mỹ Lâm,Xã,"Xã Mỹ Lâm, Huyện Hòn Đất, Tỉnh Kiên Giang"
91,Kiên Giang,903,Hòn Đất,30847,Mỹ Phước,Xã,"Xã Mỹ Phước, Huyện Hòn Đất, Tỉnh Kiên Giang"
91,Kiên Giang,903,Hòn Đất,30828,Mỹ Thái,Xã,"Xã Mỹ Thái, Huyện Hòn Đất, Tỉnh Kiên Giang"
91,Kiên Giang,903,Hòn Đất,30838,Mỹ Thuận,Xã,"Xã Mỹ Thuận, Huyện Hòn Đất, Tỉnh Kiên Giang"
91,Kiên Giang,903,Hòn Đất,30829,Nam Thái Sơn,Xã,"Xã Nam Thái Sơn, Huyện Hòn Đất, Tỉnh Kiên Giang"
91,Kiên Giang,903,Hòn Đất,30820,Sóc Sơn,Thị trấn,"Thị trấn Sóc Sơn, Huyện Hòn Đất, Tỉnh Kiên Giang"
91,Kiên Giang,903,Hòn Đất,30836,Sơn Bình,Xã,"Xã Sơn Bình, Huyện Hòn Đất, Tỉnh Kiên Giang"
91,Kiên Giang,903,Hòn Đất,30835,Sơn Kiên,Xã,"Xã Sơn Kiên, Huyện Hòn Đất, Tỉnh Kiên Giang"
91,Kiên Giang,903,Hòn Đất,30841,Thổ Sơn,Xã,"Xã Thổ Sơn, Huyện Hòn Đất, Tỉnh Kiên Giang"
91,Kiên Giang,912,Kiên Hải,31114,An Sơn,Xã,"Xã An Sơn, Huyện Kiên Hải, Tỉnh Kiên Giang"
91,Kiên Giang,912,Kiên Hải,31108,Hòn Tre,Xã,"Xã Hòn Tre, Huyện Kiên Hải, Tỉnh Kiên Giang"
91,Kiên Giang,912,Kiên Hải,31111,Lại Sơn,Xã,"Xã Lại Sơn, Huyện Kiên Hải, Tỉnh Kiên Giang"
91,Kiên Giang,912,Kiên Hải,31115,Nam Du,Xã,"Xã Nam Du, Huyện Kiên Hải, Tỉnh Kiên Giang"
91,Kiên Giang,902,Kiên Lương,30808,Bình An,Xã,"Xã Bình An, Huyện Kiên Lương, Tỉnh Kiên Giang"
91,Kiên Giang,902,Kiên Lương,30809,Bình Trị,Xã,"Xã Bình Trị, Huyện Kiên Lương, Tỉnh Kiên Giang"
91,Kiên Giang,902,Kiên Lương,30805,Dương Hòa,Xã,"Xã Dương Hòa, Huyện Kiên Lương, Tỉnh Kiên Giang"
91,Kiên Giang,902,Kiên Lương,30802,Hòa Điền,Xã,"Xã Hòa Điền, Huyện Kiên Lương, Tỉnh Kiên Giang"
91,Kiên Giang,902,Kiên Lương,30814,Hòn Nghệ,Xã,"Xã Hòn Nghệ, Huyện Kiên Lương, Tỉnh Kiên Giang"
91,Kiên Giang,902,Kiên Lương,30790,Kiên Bình,Xã,"Xã Kiên Bình, Huyện Kiên Lương, Tỉnh Kiên Giang"
91,Kiên Giang,902,Kiên Lương,30787,Kiên Lương,Thị trấn,"Thị trấn Kiên Lương, Huyện Kiên Lương, Tỉnh Kiên Giang"
91,Kiên Giang,902,Kiên Lương,30811,Sơn Hải,Xã,"Xã Sơn Hải, Huyện Kiên Lương, Tỉnh Kiên Giang"
91,Kiên Giang,911,Phú Quốc,31081,An Thới,Phường,"Phường An Thới, Thành phố Phú Quốc, Tỉnh Kiên Giang"
91,Kiên Giang,911,Phú Quốc,31102,Bãi Thơm,Xã,"Xã Bãi Thơm, Thành phố Phú Quốc, Tỉnh Kiên Giang"
91,Kiên Giang,911,Phú Quốc,31084,Cửa Cạn,Xã,"Xã Cửa Cạn, Thành phố Phú Quốc, Tỉnh Kiên Giang"
91,Kiên Giang,911,Phú Quốc,31090,Cửa Dương,Xã,"Xã Cửa Dương, Thành phố Phú Quốc, Tỉnh Kiên Giang"
91,Kiên Giang,911,Phú Quốc,31078,Dương Đông,Phường,"Phường Dương Đông, Thành phố Phú Quốc, Tỉnh Kiên Giang"
91,Kiên Giang,911,Phú Quốc,31096,Dương Tơ,Xã,"Xã Dương Tơ, Thành phố Phú Quốc, Tỉnh Kiên Giang"
91,Kiên Giang,911,Phú Quốc,31087,Gành Dầu,Xã,"Xã Gành Dầu, Thành phố Phú Quốc, Tỉnh Kiên Giang"
91,Kiên Giang,911,Phú Quốc,31093,Hàm Ninh,Xã,"Xã Hàm Ninh, Thành phố Phú Quốc, Tỉnh Kiên Giang"
91,Kiên Giang,911,Phú Quốc,31105,Thổ Châu,Xã,"Xã Thổ Châu, Thành phố Phú Quốc, Tỉnh Kiên Giang"
91,Kiên Giang,899,Rạch Giá,30751,An Bình,Phường,"Phường An Bình, Thành phố Rạch Giá, Tỉnh Kiên Giang"
91,Kiên Giang,899,Rạch Giá,30748,An Hòa,Phường,"Phường An Hòa, Thành phố Rạch Giá, Tỉnh Kiên Giang"
91,Kiên Giang,899,Rạch Giá,30763,Phi Thông,Xã,"Xã Phi Thông, Thành phố Rạch Giá, Tỉnh Kiên Giang"
91,Kiên Giang,899,Rạch Giá,30754,Rạch Sỏi,Phường,"Phường Rạch Sỏi, Thành phố Rạch Giá, Tỉnh Kiên Giang"
91,Kiên Giang,899,Rạch Giá,30739,Vĩnh Hiệp,Phường,"Phường Vĩnh Hiệp, Thành phố Rạch Giá, Tỉnh Kiên Giang"
91,Kiên Giang,899,Rạch Giá,30745,Vĩnh Lạc,Phường,"Phường Vĩnh Lạc, Thành phố Rạch Giá, Tỉnh Kiên Giang"
91,Kiên Giang,899,Rạch Giá,30757,Vĩnh Lợi,Phường,"Phường Vĩnh Lợi, Thành phố Rạch Giá, Tỉnh Kiên Giang"
91,Kiên Giang,899,Rạch Giá,30736,Vĩnh Quang,Phường,"Phường Vĩnh Quang, Thành phố Rạch Giá, Tỉnh Kiên Giang"
91,Kiên Giang,899,Rạch Giá,30733,Vĩnh Thanh,Phường,"Phường Vĩnh Thanh, Thành phố Rạch Giá, Tỉnh Kiên Giang"
91,Kiên Giang,899,Rạch Giá,30742,Vĩnh Thanh Vân,Phường,"Phường Vĩnh Thanh Vân, Thành phố Rạch Giá, Tỉnh Kiên Giang"
91,Kiên Giang,899,Rạch Giá,30760,Vĩnh Thông,Phường,"Phường Vĩnh Thông, Thành phố Rạch Giá, Tỉnh Kiên Giang"
91,Kiên Giang,904,Tân Hiệp,30871,Tân An,Xã,"Xã Tân An, Huyện Tân Hiệp, Tỉnh Kiên Giang"
91,Kiên Giang,904,Tân Hiệp,30850,Tân Hiệp,Thị trấn,"Thị trấn Tân Hiệp, Huyện Tân Hiệp, Tỉnh Kiên Giang"
91,Kiên Giang,904,Tân Hiệp,30868,Tân Hiệp A,Xã,"Xã Tân Hiệp A, Huyện Tân Hiệp, Tỉnh Kiên Giang"
91,Kiên Giang,904,Tân Hiệp,30859,Tân Hiệp B,Xã,"Xã Tân Hiệp B, Huyện Tân Hiệp, Tỉnh Kiên Giang"
91,Kiên Giang,904,Tân Hiệp,30860,Tân Hoà,Xã,"Xã Tân Hoà, Huyện Tân Hiệp, Tỉnh Kiên Giang"
91,Kiên Giang,904,Tân Hiệp,30853,Tân Hội,Xã,"Xã Tân Hội, Huyện Tân Hiệp, Tỉnh Kiên Giang"
91,Kiên Giang,904,Tân Hiệp,30856,Tân Thành,Xã,"Xã Tân Thành, Huyện Tân Hiệp, Tỉnh Kiên Giang"
91,Kiên Giang,904,Tân Hiệp,30865,Thạnh Đông,Xã,"Xã Thạnh Đông, Huyện Tân Hiệp, Tỉnh Kiên Giang"
91,Kiên Giang,904,Tân Hiệp,30874,Thạnh Đông A,Xã,"Xã Thạnh Đông A, Huyện Tân Hiệp, Tỉnh Kiên Giang"
91,Kiên Giang,904,Tân Hiệp,30862,Thạnh Đông B,Xã,"Xã Thạnh Đông B, Huyện Tân Hiệp, Tỉnh Kiên Giang"
91,Kiên Giang,904,Tân Hiệp,30877,Thạnh Trị,Xã,"Xã Thạnh Trị, Huyện Tân Hiệp, Tỉnh Kiên Giang"
91,Kiên Giang,913,U Minh Thượng,31027,An Minh Bắc,Xã,"Xã An Minh Bắc, Huyện U Minh Thượng, Tỉnh Kiên Giang"
91,Kiên Giang,913,U Minh Thượng,31057,Hoà Chánh,Xã,"Xã Hoà Chánh, Huyện U Minh Thượng, Tỉnh Kiên Giang"
91,Kiên Giang,913,U Minh Thượng,31066,Minh Thuận,Xã,"Xã Minh Thuận, Huyện U Minh Thượng, Tỉnh Kiên Giang"
91,Kiên Giang,913,U Minh Thượng,31012,Thạnh Yên,Xã,"Xã Thạnh Yên, Huyện U Minh Thượng, Tỉnh Kiên Giang"
91,Kiên Giang,913,U Minh Thượng,31015,Thạnh Yên A,Xã,"Xã Thạnh Yên A, Huyện U Minh Thượng, Tỉnh Kiên Giang"
91,Kiên Giang,913,U Minh Thượng,31054,Vĩnh Hòa,Xã,"Xã Vĩnh Hòa, Huyện U Minh Thượng, Tỉnh Kiên Giang"
91,Kiên Giang,910,Vĩnh Thuận,31064,Bình Minh,Xã,"Xã Bình Minh, Huyện Vĩnh Thuận, Tỉnh Kiên Giang"
91,Kiên Giang,910,Vĩnh Thuận,31074,Phong Đông,Xã,"Xã Phong Đông, Huyện Vĩnh Thuận, Tỉnh Kiên Giang"
91,Kiên Giang,910,Vĩnh Thuận,31072,Tân Thuận,Xã,"Xã Tân Thuận, Huyện Vĩnh Thuận, Tỉnh Kiên Giang"
91,Kiên Giang,910,Vĩnh Thuận,31060,Vĩnh Bình Bắc,Xã,"Xã Vĩnh Bình Bắc, Huyện Vĩnh Thuận, Tỉnh Kiên Giang"
91,Kiên Giang,910,Vĩnh Thuận,31063,Vĩnh Bình Nam,Xã,"Xã Vĩnh Bình Nam, Huyện Vĩnh Thuận, Tỉnh Kiên Giang"
91,Kiên Giang,910,Vĩnh Thuận,31075,Vĩnh Phong,Xã,"Xã Vĩnh Phong, Huyện Vĩnh Thuận, Tỉnh Kiên Giang"
91,Kiên Giang,910,Vĩnh Thuận,31051,Vĩnh Thuận,Thị trấn,"Thị trấn Vĩnh Thuận, Huyện Vĩnh Thuận, Tỉnh Kiên Giang"
91,Kiên Giang,910,Vĩnh Thuận,31069,Vĩnh Thuận,Xã,"Xã Vĩnh Thuận, Huyện Vĩnh Thuận, Tỉnh Kiên Giang"
62,Kon Tum,610,Đắk Glei,23344,Đắk Blô,Xã,"Xã Đắk Blô, Huyện Đắk Glei, Tỉnh Kon Tum"
62,Kon Tum,610,Đắk Glei,23356,Đắk Choong,Xã,"Xã Đắk Choong, Huyện Đắk Glei, Tỉnh Kon Tum"
62,Kon Tum,610,Đắk Glei,23341,Đắk Glei,Thị trấn,"Thị trấn Đắk Glei, Huyện Đắk Glei, Tỉnh Kon Tum"
62,Kon Tum,610,Đắk Glei,23371,Đắk KRoong,Xã,"Xã Đắk KRoong, Huyện Đắk Glei, Tỉnh Kon Tum"
62,Kon Tum,610,Đắk Glei,23368,Đắk Long,Xã,"Xã Đắk Long, Huyện Đắk Glei, Tỉnh Kon Tum"
62,Kon Tum,610,Đắk Glei,23347,Đắk Man,Xã,"Xã Đắk Man, Huyện Đắk Glei, Tỉnh Kon Tum"
62,Kon Tum,610,Đắk Glei,23374,Đắk Môn,Xã,"Xã Đắk Môn, Huyện Đắk Glei, Tỉnh Kon Tum"
62,Kon Tum,610,Đắk Glei,23350,Đắk Nhoong,Xã,"Xã Đắk Nhoong, Huyện Đắk Glei, Tỉnh Kon Tum"
62,Kon Tum,610,Đắk Glei,23353,Đắk Pék,Xã,"Xã Đắk Pék, Huyện Đắk Glei, Tỉnh Kon Tum"
62,Kon Tum,610,Đắk Glei,23362,Mường Hoong,Xã,"Xã Mường Hoong, Huyện Đắk Glei, Tỉnh Kon Tum"
62,Kon Tum,610,Đắk Glei,23365,Ngọc Linh,Xã,"Xã Ngọc Linh, Huyện Đắk Glei, Tỉnh Kon Tum"
62,Kon Tum,610,Đắk Glei,23359,Xốp,Xã,"Xã Xốp, Huyện Đắk Glei, Tỉnh Kon Tum"
62,Kon Tum,615,Đắk Hà,23500,Đắk Hà,Thị trấn,"Thị trấn Đắk Hà, Huyện Đắk Hà, Tỉnh Kon Tum"
62,Kon Tum,615,Đắk Hà,23506,Đắk HRing,Xã,"Xã Đắk HRing, Huyện Đắk Hà, Tỉnh Kon Tum"
62,Kon Tum,615,Đắk Hà,23524,Đắk La,Xã,"Xã Đắk La, Huyện Đắk Hà, Tỉnh Kon Tum"
62,Kon Tum,615,Đắk Hà,23504,Đăk Long,Xã,"Xã Đăk Long, Huyện Đắk Hà, Tỉnh Kon Tum"
62,Kon Tum,615,Đắk Hà,23512,Đắk Mar,Xã,"Xã Đắk Mar, Huyện Đắk Hà, Tỉnh Kon Tum"
62,Kon Tum,615,Đắk Hà,23510,Đăk Ngọk,Xã,"Xã Đăk Ngọk, Huyện Đắk Hà, Tỉnh Kon Tum"
62,Kon Tum,615,Đắk Hà,23503,Đắk PXi,Xã,"Xã Đắk PXi, Huyện Đắk Hà, Tỉnh Kon Tum"
62,Kon Tum,615,Đắk Hà,23509,Đắk Ui,Xã,"Xã Đắk Ui, Huyện Đắk Hà, Tỉnh Kon Tum"
62,Kon Tum,615,Đắk Hà,23521,Hà Mòn,Xã,"Xã Hà Mòn, Huyện Đắk Hà, Tỉnh Kon Tum"
62,Kon Tum,615,Đắk Hà,23518,Ngok Réo,Xã,"Xã Ngok Réo, Huyện Đắk Hà, Tỉnh Kon Tum"
62,Kon Tum,615,Đắk Hà,23515,Ngok Wang,Xã,"Xã Ngok Wang, Huyện Đắk Hà, Tỉnh Kon Tum"
62,Kon Tum,612,Đắk Tô,23440,Diên Bình,Xã,"Xã Diên Bình, Huyện Đắk Tô, Tỉnh Kon Tum"
62,Kon Tum,612,Đắk Tô,23427,Đắk Rơ Nga,Xã,"Xã Đắk Rơ Nga, Huyện Đắk Tô, Tỉnh Kon Tum"
62,Kon Tum,612,Đắk Tô,23401,Đắk Tô,Thị trấn,"Thị trấn Đắk Tô, Huyện Đắk Tô, Tỉnh Kon Tum"
62,Kon Tum,612,Đắk Tô,23430,Đắk Trăm,Xã,"Xã Đắk Trăm, Huyện Đắk Tô, Tỉnh Kon Tum"
62,Kon Tum,612,Đắk Tô,23434,Kon Đào,Xã,"Xã Kon Đào, Huyện Đắk Tô, Tỉnh Kon Tum"
62,Kon Tum,612,Đắk Tô,23428,Ngọk Tụ,Xã,"Xã Ngọk Tụ, Huyện Đắk Tô, Tỉnh Kon Tum"
62,Kon Tum,612,Đắk Tô,23443,Pô Kô,Xã,"Xã Pô Kô, Huyện Đắk Tô, Tỉnh Kon Tum"
62,Kon Tum,612,Đắk Tô,23437,Tân Cảnh,Xã,"Xã Tân Cảnh, Huyện Đắk Tô, Tỉnh Kon Tum"
62,Kon Tum,612,Đắk Tô,23431,Văn Lem,Xã,"Xã Văn Lem, Huyện Đắk Tô, Tỉnh Kon Tum"
62,Kon Tum,618,Ia H' Drai,23537,Ia Dom,Xã,"Xã Ia Dom, Huyện Ia H' Drai, Tỉnh Kon Tum"
62,Kon Tum,618,Ia H' Drai,23535,Ia Đal,Xã,"Xã Ia Đal, Huyện Ia H' Drai, Tỉnh Kon Tum"
62,Kon Tum,618,Ia H' Drai,23538,Ia Tơi,Xã,"Xã Ia Tơi, Huyện Ia H' Drai, Tỉnh Kon Tum"
62,Kon Tum,613,Kon Plông,23452,Đắk Nên,Xã,"Xã Đắk Nên, Huyện Kon Plông, Tỉnh Kon Tum"
62,Kon Tum,613,Kon Plông,23455,Đắk Ring,Xã,"Xã Đắk Ring, Huyện Kon Plông, Tỉnh Kon Tum"
62,Kon Tum,613,Kon Plông,23461,Đắk Tăng,Xã,"Xã Đắk Tăng, Huyện Kon Plông, Tỉnh Kon Tum"
62,Kon Tum,613,Kon Plông,23476,Hiếu,Xã,"Xã Hiếu, Huyện Kon Plông, Tỉnh Kon Tum"
62,Kon Tum,613,Kon Plông,23458,Măng Bút,Xã,"Xã Măng Bút, Huyện Kon Plông, Tỉnh Kon Tum"
62,Kon Tum,613,Kon Plông,23470,Măng Cành,Xã,"Xã Măng Cành, Huyện Kon Plông, Tỉnh Kon Tum"
62,Kon Tum,613,Kon Plông,23473,Măng Đen,Thị trấn,"Thị trấn Măng Đen, Huyện Kon Plông, Tỉnh Kon Tum"
62,Kon Tum,613,Kon Plông,23464,Ngok Tem,Xã,"Xã Ngok Tem, Huyện Kon Plông, Tỉnh Kon Tum"
62,Kon Tum,613,Kon Plông,23467,Pờ Ê,Xã,"Xã Pờ Ê, Huyện Kon Plông, Tỉnh Kon Tum"
62,Kon Tum,614,Kon Rẫy,23482,Đắk Kôi,Xã,"Xã Đắk Kôi, Huyện Kon Rẫy, Tỉnh Kon Tum"
62,Kon Tum,614,Kon Rẫy,23491,Đắk Pne,Xã,"Xã Đắk Pne, Huyện Kon Rẫy, Tỉnh Kon Tum"
62,Kon Tum,614,Kon Rẫy,23488,Đắk Ruồng,Xã,"Xã Đắk Ruồng, Huyện Kon Rẫy, Tỉnh Kon Tum"
62,Kon Tum,614,Kon Rẫy,23479,Đắk Rve,Thị trấn,"Thị trấn Đắk Rve, Huyện Kon Rẫy, Tỉnh Kon Tum"
62,Kon Tum,614,Kon Rẫy,23485,Đắk Tơ Lung,Xã,"Xã Đắk Tơ Lung, Huyện Kon Rẫy, Tỉnh Kon Tum"
62,Kon Tum,614,Kon Rẫy,23494,Đắk Tờ Re,Xã,"Xã Đắk Tờ Re, Huyện Kon Rẫy, Tỉnh Kon Tum"
62,Kon Tum,614,Kon Rẫy,23497,Tân Lập,Xã,"Xã Tân Lập, Huyện Kon Rẫy, Tỉnh Kon Tum"
62,Kon Tum,608,Kon Tum,23332,Chư Hreng,Xã,"Xã Chư Hreng, Thành phố Kon Tum, Tỉnh Kon Tum"
62,Kon Tum,608,Kon Tum,23284,Duy Tân,Phường,"Phường Duy Tân, Thành phố Kon Tum, Tỉnh Kon Tum"
62,Kon Tum,608,Kon Tum,23323,Đắk Blà,Xã,"Xã Đắk Blà, Thành phố Kon Tum, Tỉnh Kon Tum"
62,Kon Tum,608,Kon Tum,23311,Đắk Cấm,Xã,"Xã Đắk Cấm, Thành phố Kon Tum, Tỉnh Kon Tum"
62,Kon Tum,608,Kon Tum,23327,Đăk Năng,Xã,"Xã Đăk Năng, Thành phố Kon Tum, Tỉnh Kon Tum"
62,Kon Tum,608,Kon Tum,23335,Đắk Rơ Wa,Xã,"Xã Đắk Rơ Wa, Thành phố Kon Tum, Tỉnh Kon Tum"
62,Kon Tum,608,Kon Tum,23329,Đoàn Kết,Xã,"Xã Đoàn Kết, Thành phố Kon Tum, Tỉnh Kon Tum"
62,Kon Tum,608,Kon Tum,23338,Hòa Bình,Xã,"Xã Hòa Bình, Thành phố Kon Tum, Tỉnh Kon Tum"
62,Kon Tum,608,Kon Tum,23326,Ia Chim,Xã,"Xã Ia Chim, Thành phố Kon Tum, Tỉnh Kon Tum"
62,Kon Tum,608,Kon Tum,23314,Kroong,Xã,"Xã Kroong, Thành phố Kon Tum, Tỉnh Kon Tum"
62,Kon Tum,608,Kon Tum,23302,Lê Lợi,Phường,"Phường Lê Lợi, Thành phố Kon Tum, Tỉnh Kon Tum"
62,Kon Tum,608,Kon Tum,23296,Ngô Mây,Phường,"Phường Ngô Mây, Thành phố Kon Tum, Tỉnh Kon Tum"
62,Kon Tum,608,Kon Tum,23317,Ngọk Bay,Xã,"Xã Ngọk Bay, Thành phố Kon Tum, Tỉnh Kon Tum"
62,Kon Tum,608,Kon Tum,23305,Nguyễn Trãi,Phường,"Phường Nguyễn Trãi, Thành phố Kon Tum, Tỉnh Kon Tum"
62,Kon Tum,608,Kon Tum,23281,Quang Trung,Phường,"Phường Quang Trung, Thành phố Kon Tum, Tỉnh Kon Tum"
62,Kon Tum,608,Kon Tum,23287,Quyết Thắng,Phường,"Phường Quyết Thắng, Thành phố Kon Tum, Tỉnh Kon Tum"
62,Kon Tum,608,Kon Tum,23293,Thắng Lợi,Phường,"Phường Thắng Lợi, Thành phố Kon Tum, Tỉnh Kon Tum"
62,Kon Tum,608,Kon Tum,23299,Thống Nhất,Phường,"Phường Thống Nhất, Thành phố Kon Tum, Tỉnh Kon Tum"
62,Kon Tum,608,Kon Tum,23308,Trần Hưng Đạo,Phường,"Phường Trần Hưng Đạo, Thành phố Kon Tum, Tỉnh Kon Tum"
62,Kon Tum,608,Kon Tum,23290,Trường Chinh,Phường,"Phường Trường Chinh, Thành phố Kon Tum, Tỉnh Kon Tum"
62,Kon Tum,608,Kon Tum,23320,Vinh Quang,Xã,"Xã Vinh Quang, Thành phố Kon Tum, Tỉnh Kon Tum"
62,Kon Tum,611,Ngọc Hồi,23380,Đắk Ang,Xã,"Xã Đắk Ang, Huyện Ngọc Hồi, Tỉnh Kon Tum"
62,Kon Tum,611,Ngọc Hồi,23383,Đắk Dục,Xã,"Xã Đắk Dục, Huyện Ngọc Hồi, Tỉnh Kon Tum"
62,Kon Tum,611,Ngọc Hồi,23392,Đắk Kan,Xã,"Xã Đắk Kan, Huyện Ngọc Hồi, Tỉnh Kon Tum"
62,Kon Tum,611,Ngọc Hồi,23386,Đắk Nông,Xã,"Xã Đắk Nông, Huyện Ngọc Hồi, Tỉnh Kon Tum"
62,Kon Tum,611,Ngọc Hồi,23389,Đắk Xú,Xã,"Xã Đắk Xú, Huyện Ngọc Hồi, Tỉnh Kon Tum"
62,Kon Tum,611,Ngọc Hồi,23377,Plei Kần,Thị trấn,"Thị trấn Plei Kần, Huyện Ngọc Hồi, Tỉnh Kon Tum"
62,Kon Tum,611,Ngọc Hồi,23395,Pờ Y,Xã,"Xã Pờ Y , Huyện Ngọc Hồi, Tỉnh Kon Tum"
62,Kon Tum,611,Ngọc Hồi,23398,Sa Loong,Xã,"Xã Sa Loong, Huyện Ngọc Hồi, Tỉnh Kon Tum"
62,Kon Tum,616,Sa Thầy,23534,Hơ Moong,Xã,"Xã Hơ Moong, Huyện Sa Thầy, Tỉnh Kon Tum"
62,Kon Tum,616,Sa Thầy,23536,Mô Rai,Xã,"Xã Mô Rai, Huyện Sa Thầy, Tỉnh Kon Tum"
62,Kon Tum,616,Sa Thầy,23530,Rơ Kơi,Xã,"Xã Rơ Kơi, Huyện Sa Thầy, Tỉnh Kon Tum"
62,Kon Tum,616,Sa Thầy,23545,Sa Bình,Xã,"Xã Sa Bình, Huyện Sa Thầy, Tỉnh Kon Tum"
62,Kon Tum,616,Sa Thầy,23542,Sa Nghĩa,Xã,"Xã Sa Nghĩa, Huyện Sa Thầy, Tỉnh Kon Tum"
62,Kon Tum,616,Sa Thầy,23533,Sa Nhơn,Xã,"Xã Sa Nhơn, Huyện Sa Thầy, Tỉnh Kon Tum"
62,Kon Tum,616,Sa Thầy,23539,Sa Sơn,Xã,"Xã Sa Sơn, Huyện Sa Thầy, Tỉnh Kon Tum"
62,Kon Tum,616,Sa Thầy,23527,Sa Thầy,Thị trấn,"Thị trấn Sa Thầy, Huyện Sa Thầy, Tỉnh Kon Tum"
62,Kon Tum,616,Sa Thầy,23554,Ya ly,Xã,"Xã Ya ly, Huyện Sa Thầy, Tỉnh Kon Tum"
62,Kon Tum,616,Sa Thầy,23551,Ya Tăng,Xã,"Xã Ya Tăng, Huyện Sa Thầy, Tỉnh Kon Tum"
62,Kon Tum,616,Sa Thầy,23548,Ya Xiêr,Xã,"Xã Ya Xiêr, Huyện Sa Thầy, Tỉnh Kon Tum"
62,Kon Tum,617,Tu Mơ Rông,23425,Đắk Hà,Xã,"Xã Đắk Hà, Huyện Tu Mơ Rông, Tỉnh Kon Tum"
62,Kon Tum,617,Tu Mơ Rông,23407,Đắk Na,Xã,"Xã Đắk Na, Huyện Tu Mơ Rông, Tỉnh Kon Tum"
62,Kon Tum,617,Tu Mơ Rông,23417,Đắk Rơ Ông,Xã,"Xã Đắk Rơ Ông, Huyện Tu Mơ Rông, Tỉnh Kon Tum"
62,Kon Tum,617,Tu Mơ Rông,23416,Đắk Sao,Xã,"Xã Đắk Sao, Huyện Tu Mơ Rông, Tỉnh Kon Tum"
62,Kon Tum,617,Tu Mơ Rông,23419,Đắk Tờ Kan,Xã,"Xã Đắk Tờ Kan, Huyện Tu Mơ Rông, Tỉnh Kon Tum"
62,Kon Tum,617,Tu Mơ Rông,23410,Măng Ri,Xã,"Xã Măng Ri, Huyện Tu Mơ Rông, Tỉnh Kon Tum"
62,Kon Tum,617,Tu Mơ Rông,23404,Ngọk Lây,Xã,"Xã Ngọk Lây, Huyện Tu Mơ Rông, Tỉnh Kon Tum"
62,Kon Tum,617,Tu Mơ Rông,23413,Ngọk Yêu,Xã,"Xã Ngọk Yêu, Huyện Tu Mơ Rông, Tỉnh Kon Tum"
62,Kon Tum,617,Tu Mơ Rông,23446,Tê Xăng,Xã,"Xã Tê Xăng, Huyện Tu Mơ Rông, Tỉnh Kon Tum"
62,Kon Tum,617,Tu Mơ Rông,23422,Tu Mơ Rông,Xã,"Xã Tu Mơ Rông, Huyện Tu Mơ Rông, Tỉnh Kon Tum"
62,Kon Tum,617,Tu Mơ Rông,23449,Văn Xuôi,Xã,"Xã Văn Xuôi, Huyện Tu Mơ Rông, Tỉnh Kon Tum"
12,Lai Châu,105,Lai Châu,03389,Đoàn Kết,Phường,"Phường Đoàn Kết, Thành phố Lai Châu, Tỉnh Lai Châu"
12,Lai Châu,105,Lai Châu,03408,Đông Phong,Phường,"Phường Đông Phong, Thành phố Lai Châu, Tỉnh Lai Châu"
12,Lai Châu,105,Lai Châu,03386,Quyết Thắng,Phường,"Phường Quyết Thắng, Thành phố Lai Châu, Tỉnh Lai Châu"
12,Lai Châu,105,Lai Châu,03388,Quyết Tiến,Phường,"Phường Quyết Tiến, Thành phố Lai Châu, Tỉnh Lai Châu"
12,Lai Châu,105,Lai Châu,03409,San Thàng,Xã,"Xã San Thàng, Thành phố Lai Châu, Tỉnh Lai Châu"
12,Lai Châu,105,Lai Châu,03403,Sùng Phài,Xã,"Xã Sùng Phài, Thành phố Lai Châu, Tỉnh Lai Châu"
12,Lai Châu,105,Lai Châu,03387,Tân Phong,Phường,"Phường Tân Phong, Thành phố Lai Châu, Tỉnh Lai Châu"
12,Lai Châu,107,Mường Tè,03466,Bum Nưa,Xã,"Xã Bum Nưa, Huyện Mường Tè, Tỉnh Lai Châu"
12,Lai Châu,107,Mường Tè,03454,Bum Tở,Xã,"Xã Bum Tở, Huyện Mường Tè, Tỉnh Lai Châu"
12,Lai Châu,107,Mường Tè,03439,Ka Lăng,Xã,"Xã Ka Lăng, Huyện Mường Tè, Tỉnh Lai Châu"
12,Lai Châu,107,Mường Tè,03469,Kan Hồ,Xã,"Xã Kan Hồ, Huyện Mường Tè, Tỉnh Lai Châu"
12,Lai Châu,107,Mường Tè,03451,Mù Cả,Xã,"Xã Mù Cả, Huyện Mường Tè, Tỉnh Lai Châu"
12,Lai Châu,107,Mường Tè,03433,Mường Tè,Thị trấn,"Thị trấn Mường Tè, Huyện Mường Tè, Tỉnh Lai Châu"
12,Lai Châu,107,Mường Tè,03445,Mường Tè,Xã,"Xã Mường Tè, Huyện Mường Tè, Tỉnh Lai Châu"
12,Lai Châu,107,Mường Tè,03457,Nậm Khao,Xã,"Xã Nậm Khao, Huyện Mường Tè, Tỉnh Lai Châu"
12,Lai Châu,107,Mường Tè,03442,Pa ủ,Xã,"Xã Pa ủ, Huyện Mường Tè, Tỉnh Lai Châu"
12,Lai Châu,107,Mường Tè,03448,Pa Vệ Sử,Xã,"Xã Pa Vệ Sử, Huyện Mường Tè, Tỉnh Lai Châu"
12,Lai Châu,107,Mường Tè,03440,Tá Bạ,Xã,"Xã Tá Bạ, Huyện Mường Tè, Tỉnh Lai Châu"
12,Lai Châu,107,Mường Tè,03463,Tà Tổng,Xã,"Xã Tà Tổng, Huyện Mường Tè, Tỉnh Lai Châu"
12,Lai Châu,107,Mường Tè,03436,Thu Lũm,Xã,"Xã Thu Lũm, Huyện Mường Tè, Tỉnh Lai Châu"
12,Lai Châu,107,Mường Tè,03467,Vàng San,Xã,"Xã Vàng San, Huyện Mường Tè, Tỉnh Lai Châu"
12,Lai Châu,112,Nậm Nhùn,03460,Hua Bum,Xã,"Xã Hua Bum, Huyện Nậm Nhùn, Tỉnh Lai Châu"
12,Lai Châu,112,Nậm Nhùn,03481,Lê Lợi,Xã,"Xã Lê Lợi, Huyện Nậm Nhùn, Tỉnh Lai Châu"
12,Lai Châu,112,Nậm Nhùn,03472,Mường Mô,Xã,"Xã Mường Mô, Huyện Nậm Nhùn, Tỉnh Lai Châu"
12,Lai Châu,112,Nậm Nhùn,03502,Nậm Ban,Xã,"Xã Nậm Ban, Huyện Nậm Nhùn, Tỉnh Lai Châu"
12,Lai Châu,112,Nậm Nhùn,03473,Nậm Chà,Xã,"Xã Nậm Chà, Huyện Nậm Nhùn, Tỉnh Lai Châu"
12,Lai Châu,112,Nậm Nhùn,03475,Nậm Hàng,Xã,"Xã Nậm Hàng, Huyện Nậm Nhùn, Tỉnh Lai Châu"
12,Lai Châu,112,Nậm Nhùn,03474,Nậm Manh,Xã,"Xã Nậm Manh, Huyện Nậm Nhùn, Tỉnh Lai Châu"
12,Lai Châu,112,Nậm Nhùn,03434,Nậm Nhùn,Thị trấn,"Thị trấn Nậm Nhùn, Huyện Nậm Nhùn, Tỉnh Lai Châu"
12,Lai Châu,112,Nậm Nhùn,03488,Nậm Pì,Xã,"Xã Nậm Pì, Huyện Nậm Nhùn, Tỉnh Lai Châu"
12,Lai Châu,112,Nậm Nhùn,03484,Pú Đao,Xã,"Xã Pú Đao, Huyện Nậm Nhùn, Tỉnh Lai Châu"
12,Lai Châu,112,Nậm Nhùn,03503,Trung Chải,Xã,"Xã Trung Chải, Huyện Nậm Nhùn, Tỉnh Lai Châu"
12,Lai Châu,109,Phong Thổ,03577,Bản Lang,Xã,"Xã Bản Lang, Huyện Phong Thổ, Tỉnh Lai Châu"
12,Lai Châu,109,Phong Thổ,03571,Dào San,Xã,"Xã Dào San, Huyện Phong Thổ, Tỉnh Lai Châu"
12,Lai Châu,109,Phong Thổ,03580,Hoang Thèn,Xã,"Xã Hoang Thèn, Huyện Phong Thổ, Tỉnh Lai Châu"
12,Lai Châu,109,Phong Thổ,03490,Huổi Luông,Xã,"Xã Huổi Luông, Huyện Phong Thổ, Tỉnh Lai Châu"
12,Lai Châu,109,Phong Thổ,03583,Khổng Lào,Xã,"Xã Khổng Lào, Huyện Phong Thổ, Tỉnh Lai Châu"
12,Lai Châu,109,Phong Thổ,03391,Lản Nhì Thàng,Xã,"Xã Lản Nhì Thàng, Huyện Phong Thổ, Tỉnh Lai Châu"
12,Lai Châu,109,Phong Thổ,03574,Ma Ly Pho,Xã,"Xã Ma Ly Pho, Huyện Phong Thổ, Tỉnh Lai Châu"
12,Lai Châu,109,Phong Thổ,03553,Mồ Sì San,Xã,"Xã Mồ Sì San, Huyện Phong Thổ, Tỉnh Lai Châu"
12,Lai Châu,109,Phong Thổ,03568,Mù Sang,Xã,"Xã Mù Sang, Huyện Phong Thổ, Tỉnh Lai Châu"
12,Lai Châu,109,Phong Thổ,03589,Mường So,Xã,"Xã Mường So, Huyện Phong Thổ, Tỉnh Lai Châu"
12,Lai Châu,109,Phong Thổ,03586,Nậm Xe,Xã,"Xã Nậm Xe, Huyện Phong Thổ, Tỉnh Lai Châu"
12,Lai Châu,109,Phong Thổ,03559,Pa Vây Sử,Xã,"Xã Pa Vây Sử, Huyện Phong Thổ, Tỉnh Lai Châu"
12,Lai Châu,109,Phong Thổ,03549,Phong Thổ,Thị trấn,"Thị trấn Phong Thổ, Huyện Phong Thổ, Tỉnh Lai Châu"
12,Lai Châu,109,Phong Thổ,03550,Sì Lở Lầu,Xã,"Xã Sì Lở Lầu, Huyện Phong Thổ, Tỉnh Lai Châu"
12,Lai Châu,109,Phong Thổ,03592,Sin Suối Hồ,Xã,"Xã Sin Suối Hồ, Huyện Phong Thổ, Tỉnh Lai Châu"
12,Lai Châu,109,Phong Thổ,03565,Tông Qua Lìn,Xã,"Xã Tông Qua Lìn, Huyện Phong Thổ, Tỉnh Lai Châu"
12,Lai Châu,109,Phong Thổ,03562,Vàng Ma Chải,Xã,"Xã Vàng Ma Chải, Huyện Phong Thổ, Tỉnh Lai Châu"
12,Lai Châu,108,Sìn Hồ,03538,Căn Co,Xã,"Xã Căn Co, Huyện Sìn Hồ, Tỉnh Lai Châu"
12,Lai Châu,108,Sìn Hồ,03487,Chăn Nưa,Xã,"Xã Chăn Nưa, Huyện Sìn Hồ, Tỉnh Lai Châu"
12,Lai Châu,108,Sìn Hồ,03499,Hồng Thu,Xã,"Xã Hồng Thu, Huyện Sìn Hồ, Tỉnh Lai Châu"
12,Lai Châu,108,Sìn Hồ,03529,Làng Mô,Xã,"Xã Làng Mô, Huyện Sìn Hồ, Tỉnh Lai Châu"
12,Lai Châu,108,Sìn Hồ,03509,Lùng Thàng,Xã,"Xã Lùng Thàng, Huyện Sìn Hồ, Tỉnh Lai Châu"
12,Lai Châu,108,Sìn Hồ,03508,Ma Quai,Xã,"Xã Ma Quai, Huyện Sìn Hồ, Tỉnh Lai Châu"
12,Lai Châu,108,Sìn Hồ,03526,Nậm Cha,Xã,"Xã Nậm Cha, Huyện Sìn Hồ, Tỉnh Lai Châu"
12,Lai Châu,108,Sìn Hồ,03544,Nậm Cuổi,Xã,"Xã Nậm Cuổi, Huyện Sìn Hồ, Tỉnh Lai Châu"
12,Lai Châu,108,Sìn Hồ,03547,Nậm Hăn,Xã,"Xã Nậm Hăn, Huyện Sìn Hồ, Tỉnh Lai Châu"
12,Lai Châu,108,Sìn Hồ,03535,Nậm Mạ,Xã,"Xã Nậm Mạ, Huyện Sìn Hồ, Tỉnh Lai Châu"
12,Lai Châu,108,Sìn Hồ,03517,Nậm Tăm,Xã,"Xã Nậm Tăm, Huyện Sìn Hồ, Tỉnh Lai Châu"
12,Lai Châu,108,Sìn Hồ,03532,Noong Hẻo,Xã,"Xã Noong Hẻo, Huyện Sìn Hồ, Tỉnh Lai Châu"
12,Lai Châu,108,Sìn Hồ,03527,Pa Khoá,Xã,"Xã Pa Khoá, Huyện Sìn Hồ, Tỉnh Lai Châu"
12,Lai Châu,108,Sìn Hồ,03493,Pa Tần,Xã,"Xã Pa Tần, Huyện Sìn Hồ, Tỉnh Lai Châu"
12,Lai Châu,108,Sìn Hồ,03505,Phăng Sô Lin,Xã,"Xã Phăng Sô Lin, Huyện Sìn Hồ, Tỉnh Lai Châu"
12,Lai Châu,108,Sìn Hồ,03496,Phìn Hồ,Xã,"Xã Phìn Hồ, Huyện Sìn Hồ, Tỉnh Lai Châu"
12,Lai Châu,108,Sìn Hồ,03523,Pu Sam Cáp,Xã,"Xã Pu Sam Cáp, Huyện Sìn Hồ, Tỉnh Lai Châu"
12,Lai Châu,108,Sìn Hồ,03514,Sà Dề Phìn,Xã,"Xã Sà Dề Phìn, Huyện Sìn Hồ, Tỉnh Lai Châu"
12,Lai Châu,108,Sìn Hồ,03478,Sìn Hồ,Thị trấn,"Thị trấn Sìn Hồ, Huyện Sìn Hồ, Tỉnh Lai Châu"
12,Lai Châu,108,Sìn Hồ,03520,Tả Ngảo,Xã,"Xã Tả Ngảo, Huyện Sìn Hồ, Tỉnh Lai Châu"
12,Lai Châu,108,Sìn Hồ,03511,Tả Phìn,Xã,"Xã Tả Phìn, Huyện Sìn Hồ, Tỉnh Lai Châu"
12,Lai Châu,108,Sìn Hồ,03541,Tủa Sín Chải,Xã,"Xã Tủa Sín Chải, Huyện Sìn Hồ, Tỉnh Lai Châu"
12,Lai Châu,106,Tam Đường,03424,Bản Bo,Xã,"Xã Bản Bo, Huyện Tam Đường, Tỉnh Lai Châu"
12,Lai Châu,106,Tam Đường,03418,Bản Giang,Xã,"Xã Bản Giang, Huyện Tam Đường, Tỉnh Lai Châu"
12,Lai Châu,106,Tam Đường,03421,Bản Hon,Xã,"Xã Bản Hon, Huyện Tam Đường, Tỉnh Lai Châu"
12,Lai Châu,106,Tam Đường,03412,Bình Lư,Xã,"Xã Bình Lư, Huyện Tam Đường, Tỉnh Lai Châu"
12,Lai Châu,106,Tam Đường,03405,Giang Ma,Xã,"Xã Giang Ma, Huyện Tam Đường, Tỉnh Lai Châu"
12,Lai Châu,106,Tam Đường,03406,Hồ Thầu,Xã,"Xã Hồ Thầu, Huyện Tam Đường, Tỉnh Lai Châu"
12,Lai Châu,106,Tam Đường,03430,Khun Há,Xã,"Xã Khun Há, Huyện Tam Đường, Tỉnh Lai Châu"
12,Lai Châu,106,Tam Đường,03427,Nà Tăm,Xã,"Xã Nà Tăm, Huyện Tam Đường, Tỉnh Lai Châu"
12,Lai Châu,106,Tam Đường,03415,Nùng Nàng,Xã,"Xã Nùng Nàng, Huyện Tam Đường, Tỉnh Lai Châu"
12,Lai Châu,106,Tam Đường,03413,Sơn Bình,Xã,"Xã Sơn Bình, Huyện Tam Đường, Tỉnh Lai Châu"
12,Lai Châu,106,Tam Đường,03400,Tả Lèng,Xã,"Xã Tả Lèng, Huyện Tam Đường, Tỉnh Lai Châu"
12,Lai Châu,106,Tam Đường,03390,Tam Đường,Thị trấn,"Thị trấn Tam Đường, Huyện Tam Đường, Tỉnh Lai Châu"
12,Lai Châu,106,Tam Đường,03394,Thèn Sin,Xã,"Xã Thèn Sin, Huyện Tam Đường, Tỉnh Lai Châu"
12,Lai Châu,111,Tân Uyên,03607,Hố Mít,Xã,"Xã Hố Mít, Huyện Tân Uyên, Tỉnh Lai Châu"
12,Lai Châu,111,Tân Uyên,03601,Mường Khoa,Xã,"Xã Mường Khoa, Huyện Tân Uyên, Tỉnh Lai Châu"
12,Lai Châu,111,Tân Uyên,03610,Nậm Cần,Xã,"Xã Nậm Cần, Huyện Tân Uyên, Tỉnh Lai Châu"
12,Lai Châu,111,Tân Uyên,03613,Nậm Sỏ,Xã,"Xã Nậm Sỏ, Huyện Tân Uyên, Tỉnh Lai Châu"
12,Lai Châu,111,Tân Uyên,03616,Pắc Ta,Xã,"Xã Pắc Ta, Huyện Tân Uyên, Tỉnh Lai Châu"
12,Lai Châu,111,Tân Uyên,03602,Phúc Khoa,Xã,"Xã Phúc Khoa, Huyện Tân Uyên, Tỉnh Lai Châu"
12,Lai Châu,111,Tân Uyên,03622,Tà Mít,Xã,"Xã Tà Mít, Huyện Tân Uyên, Tỉnh Lai Châu"
12,Lai Châu,111,Tân Uyên,03598,Tân Uyên,Thị trấn,"Thị trấn Tân Uyên, Huyện Tân Uyên, Tỉnh Lai Châu"
12,Lai Châu,111,Tân Uyên,03604,Thân Thuộc,Xã,"Xã Thân Thuộc, Huyện Tân Uyên, Tỉnh Lai Châu"
12,Lai Châu,111,Tân Uyên,03605,Trung Đồng,Xã,"Xã Trung Đồng, Huyện Tân Uyên, Tỉnh Lai Châu"
12,Lai Châu,110,Than Uyên,03632,Hua Nà,Xã,"Xã Hua Nà, Huyện Than Uyên, Tỉnh Lai Châu"
12,Lai Châu,110,Than Uyên,03643,Khoen On,Xã,"Xã Khoen On, Huyện Than Uyên, Tỉnh Lai Châu"
12,Lai Châu,110,Than Uyên,03631,Mường Cang,Xã,"Xã Mường Cang, Huyện Than Uyên, Tỉnh Lai Châu"
12,Lai Châu,110,Than Uyên,03637,Mường Kim,Xã,"Xã Mường Kim, Huyện Than Uyên, Tỉnh Lai Châu"
12,Lai Châu,110,Than Uyên,03625,Mường Mít,Xã,"Xã Mường Mít, Huyện Than Uyên, Tỉnh Lai Châu"
12,Lai Châu,110,Than Uyên,03619,Mường Than,Xã,"Xã Mường Than, Huyện Than Uyên, Tỉnh Lai Châu"
12,Lai Châu,110,Than Uyên,03628,Pha Mu,Xã,"Xã Pha Mu, Huyện Than Uyên, Tỉnh Lai Châu"
12,Lai Châu,110,Than Uyên,03618,Phúc Than,Xã,"Xã Phúc Than, Huyện Than Uyên, Tỉnh Lai Châu"
12,Lai Châu,110,Than Uyên,03640,Tà Gia,Xã,"Xã Tà Gia, Huyện Than Uyên, Tỉnh Lai Châu"
12,Lai Châu,110,Than Uyên,03634,Tà Hừa,Xã,"Xã Tà Hừa, Huyện Than Uyên, Tỉnh Lai Châu"
12,Lai Châu,110,Than Uyên,03638,Tà Mung,Xã,"Xã Tà Mung, Huyện Than Uyên, Tỉnh Lai Châu"
12,Lai Châu,110,Than Uyên,03595,Than Uyên,Thị trấn,"Thị trấn Than Uyên, Huyện Than Uyên, Tỉnh Lai Châu"
68,Lâm Đồng,680,Bảo Lâm,25069,B'Lá,Xã,"Xã B'Lá, Huyện Bảo Lâm, Tỉnh Lâm Đồng"
68,Lâm Đồng,680,Bảo Lâm,25084,Lộc An,Xã,"Xã Lộc An, Huyện Bảo Lâm, Tỉnh Lâm Đồng"
68,Lâm Đồng,680,Bảo Lâm,25066,Lộc Bắc,Xã,"Xã Lộc Bắc, Huyện Bảo Lâm, Tỉnh Lâm Đồng"
68,Lâm Đồng,680,Bảo Lâm,25057,Lộc Bảo,Xã,"Xã Lộc Bảo, Huyện Bảo Lâm, Tỉnh Lâm Đồng"
68,Lâm Đồng,680,Bảo Lâm,25081,Lộc Đức,Xã,"Xã Lộc Đức, Huyện Bảo Lâm, Tỉnh Lâm Đồng"
68,Lâm Đồng,680,Bảo Lâm,25060,Lộc Lâm,Xã,"Xã Lộc Lâm, Huyện Bảo Lâm, Tỉnh Lâm Đồng"
68,Lâm Đồng,680,Bảo Lâm,25093,Lộc Nam,Xã,"Xã Lộc Nam, Huyện Bảo Lâm, Tỉnh Lâm Đồng"
68,Lâm Đồng,680,Bảo Lâm,25072,Lộc Ngãi,Xã,"Xã Lộc Ngãi, Huyện Bảo Lâm, Tỉnh Lâm Đồng"
68,Lâm Đồng,680,Bảo Lâm,25063,Lộc Phú,Xã,"Xã Lộc Phú, Huyện Bảo Lâm, Tỉnh Lâm Đồng"
68,Lâm Đồng,680,Bảo Lâm,25075,Lộc Quảng,Xã,"Xã Lộc Quảng, Huyện Bảo Lâm, Tỉnh Lâm Đồng"
68,Lâm Đồng,680,Bảo Lâm,25078,Lộc Tân,Xã,"Xã Lộc Tân, Huyện Bảo Lâm, Tỉnh Lâm Đồng"
68,Lâm Đồng,680,Bảo Lâm,25054,Lộc Thắng,Thị trấn,"Thị trấn Lộc Thắng, Huyện Bảo Lâm, Tỉnh Lâm Đồng"
68,Lâm Đồng,680,Bảo Lâm,25090,Lộc Thành,Xã,"Xã Lộc Thành, Huyện Bảo Lâm, Tỉnh Lâm Đồng"
68,Lâm Đồng,680,Bảo Lâm,25087,Tân Lạc,Xã,"Xã Tân Lạc, Huyện Bảo Lâm, Tỉnh Lâm Đồng"
68,Lâm Đồng,673,Bảo Lộc,24823,1,Phường,"Phường 1, Thành phố Bảo Lộc, Tỉnh Lâm Đồng"
68,Lâm Đồng,673,Bảo Lộc,24820,2,Phường,"Phường 2, Thành phố Bảo Lộc, Tỉnh Lâm Đồng"
68,Lâm Đồng,673,Bảo Lộc,24826,B'lao,Phường,"Phường B'lao, Thành phố Bảo Lộc, Tỉnh Lâm Đồng"
68,Lâm Đồng,673,Bảo Lộc,24844,Đại Lào,Xã,"Xã Đại Lào, Thành phố Bảo Lộc, Tỉnh Lâm Đồng"
68,Lâm Đồng,673,Bảo Lộc,24832,ĐamBri,Xã,"Xã ĐamBri, Thành phố Bảo Lộc, Tỉnh Lâm Đồng"
68,Lâm Đồng,673,Bảo Lộc,24841,Lộc Châu,Xã,"Xã Lộc Châu, Thành phố Bảo Lộc, Tỉnh Lâm Đồng"
68,Lâm Đồng,673,Bảo Lộc,24838,Lộc Nga,Xã,"Xã Lộc Nga, Thành phố Bảo Lộc, Tỉnh Lâm Đồng"
68,Lâm Đồng,673,Bảo Lộc,24814,Lộc Phát,Phường,"Phường Lộc Phát, Thành phố Bảo Lộc, Tỉnh Lâm Đồng"
68,Lâm Đồng,673,Bảo Lộc,24829,Lộc Sơn,Phường,"Phường Lộc Sơn, Thành phố Bảo Lộc, Tỉnh Lâm Đồng"
68,Lâm Đồng,673,Bảo Lộc,24835,Lộc Thanh,Xã,"Xã Lộc Thanh, Thành phố Bảo Lộc, Tỉnh Lâm Đồng"
68,Lâm Đồng,673,Bảo Lộc,24817,Lộc Tiến,Phường,"Phường Lộc Tiến, Thành phố Bảo Lộc, Tỉnh Lâm Đồng"
68,Lâm Đồng,679,Di Linh,25033,Bảo Thuận,Xã,"Xã Bảo Thuận, Huyện Di Linh, Tỉnh Lâm Đồng"
68,Lâm Đồng,679,Di Linh,25000,Di Linh,Thị trấn,"Thị trấn Di Linh, Huyện Di Linh, Tỉnh Lâm Đồng"
68,Lâm Đồng,679,Di Linh,25018,Đinh Lạc,Xã,"Xã Đinh Lạc, Huyện Di Linh, Tỉnh Lâm Đồng"
68,Lâm Đồng,679,Di Linh,25024,Đinh Trang Hòa,Xã,"Xã Đinh Trang Hòa, Huyện Di Linh, Tỉnh Lâm Đồng"
68,Lâm Đồng,679,Di Linh,25003,Đinh Trang Thượng,Xã,"Xã Đinh Trang Thượng, Huyện Di Linh, Tỉnh Lâm Đồng"
68,Lâm Đồng,679,Di Linh,25051,Gia Bắc,Xã,"Xã Gia Bắc, Huyện Di Linh, Tỉnh Lâm Đồng"
68,Lâm Đồng,679,Di Linh,25015,Gia Hiệp,Xã,"Xã Gia Hiệp, Huyện Di Linh, Tỉnh Lâm Đồng"
68,Lâm Đồng,679,Di Linh,25030,Gung Ré,Xã,"Xã Gung Ré, Huyện Di Linh, Tỉnh Lâm Đồng"
68,Lâm Đồng,679,Di Linh,25045,Hòa Bắc,Xã,"Xã Hòa Bắc, Huyện Di Linh, Tỉnh Lâm Đồng"
68,Lâm Đồng,679,Di Linh,25042,Hòa Nam,Xã,"Xã Hòa Nam, Huyện Di Linh, Tỉnh Lâm Đồng"
68,Lâm Đồng,679,Di Linh,25036,Hòa Ninh,Xã,"Xã Hòa Ninh, Huyện Di Linh, Tỉnh Lâm Đồng"
68,Lâm Đồng,679,Di Linh,25039,Hòa Trung,Xã,"Xã Hòa Trung, Huyện Di Linh, Tỉnh Lâm Đồng"
68,Lâm Đồng,679,Di Linh,25027,Liên Đầm,Xã,"Xã Liên Đầm, Huyện Di Linh, Tỉnh Lâm Đồng"
68,Lâm Đồng,679,Di Linh,25048,Sơn Điền,Xã,"Xã Sơn Điền, Huyện Di Linh, Tỉnh Lâm Đồng"
68,Lâm Đồng,679,Di Linh,25021,Tam Bố,Xã,"Xã Tam Bố, Huyện Di Linh, Tỉnh Lâm Đồng"
68,Lâm Đồng,679,Di Linh,25009,Tân Châu,Xã,"Xã Tân Châu, Huyện Di Linh, Tỉnh Lâm Đồng"
68,Lâm Đồng,679,Di Linh,25007,Tân Lâm,Xã,"Xã Tân Lâm, Huyện Di Linh, Tỉnh Lâm Đồng"
68,Lâm Đồng,679,Di Linh,25012,Tân Nghĩa,Xã,"Xã Tân Nghĩa, Huyện Di Linh, Tỉnh Lâm Đồng"
68,Lâm Đồng,679,Di Linh,25006,Tân Thượng,Xã,"Xã Tân Thượng, Huyện Di Linh, Tỉnh Lâm Đồng"
68,Lâm Đồng,682,Đạ Huoai,25129,An Nhơn,Xã,"Xã An Nhơn, Huyện Đạ Huoai, Tỉnh Lâm Đồng"
68,Lâm Đồng,682,Đạ Huoai,25114,Bà Gia,Xã,"Xã Bà Gia, Huyện Đạ Huoai, Tỉnh Lâm Đồng"
68,Lâm Đồng,682,Đạ Huoai,25159,Cát Tiên,Thị trấn,"Thị trấn Cát Tiên, Huyện Đạ Huoai, Tỉnh Lâm Đồng"
68,Lâm Đồng,682,Đạ Huoai,25153,Đạ Kho,Xã,"Xã Đạ Kho, Huyện Đạ Huoai, Tỉnh Lâm Đồng"
68,Lâm Đồng,682,Đạ Huoai,25141,Đạ Lây,Xã,"Xã Đạ Lây, Huyện Đạ Huoai, Tỉnh Lâm Đồng"
68,Lâm Đồng,682,Đạ Huoai,25096,Đạ M'ri,Thị trấn,"Thị trấn Đạ M'ri, Huyện Đạ Huoai, Tỉnh Lâm Đồng"
68,Lâm Đồng,682,Đạ Huoai,25111,Đạ Oai,Xã,"Xã Đạ Oai, Huyện Đạ Huoai, Tỉnh Lâm Đồng"
68,Lâm Đồng,682,Đạ Huoai,25156,Đạ Pal,Xã,"Xã Đạ Pal, Huyện Đạ Huoai, Tỉnh Lâm Đồng"
68,Lâm Đồng,682,Đạ Huoai,25126,Đạ Tẻh,Thị trấn,"Thị trấn Đạ Tẻh, Huyện Đạ Huoai, Tỉnh Lâm Đồng"
68,Lâm Đồng,682,Đạ Huoai,25192,Đồng Nai Thượng,Xã,"Xã Đồng Nai Thượng, Huyện Đạ Huoai, Tỉnh Lâm Đồng"
68,Lâm Đồng,682,Đạ Huoai,25183,Đức Phổ,Xã,"Xã Đức Phổ, Huyện Đạ Huoai, Tỉnh Lâm Đồng"
68,Lâm Đồng,682,Đạ Huoai,25168,Gia Viễn,Xã,"Xã Gia Viễn, Huyện Đạ Huoai, Tỉnh Lâm Đồng"
68,Lâm Đồng,682,Đạ Huoai,25105,Hà Lâm,Xã,"Xã Hà Lâm, Huyện Đạ Huoai, Tỉnh Lâm Đồng"
68,Lâm Đồng,682,Đạ Huoai,25099,Ma Đa Guôi,Thị trấn,"Thị trấn Ma Đa Guôi, Huyện Đạ Huoai, Tỉnh Lâm Đồng"
68,Lâm Đồng,682,Đạ Huoai,25117,Ma Đa Guôi,Xã,"Xã Ma Đa Guôi, Huyện Đạ Huoai, Tỉnh Lâm Đồng"
68,Lâm Đồng,682,Đạ Huoai,25135,Mỹ Đức,Xã,"Xã Mỹ Đức, Huyện Đạ Huoai, Tỉnh Lâm Đồng"
68,Lâm Đồng,682,Đạ Huoai,25171,Nam Ninh,Xã,"Xã Nam Ninh, Huyện Đạ Huoai, Tỉnh Lâm Đồng"
68,Lâm Đồng,682,Đạ Huoai,25180,Phước Cát,Thị trấn,"Thị trấn Phước Cát , Huyện Đạ Huoai, Tỉnh Lâm Đồng"
68,Lâm Đồng,682,Đạ Huoai,25165,Phước Cát 2,Xã,"Xã Phước Cát 2, Huyện Đạ Huoai, Tỉnh Lâm Đồng"
68,Lâm Đồng,682,Đạ Huoai,25189,Quảng Ngãi,Xã,"Xã Quảng Ngãi, Huyện Đạ Huoai, Tỉnh Lâm Đồng"
68,Lâm Đồng,682,Đạ Huoai,25138,Quảng Trị,Xã,"Xã Quảng Trị, Huyện Đạ Huoai, Tỉnh Lâm Đồng"
68,Lâm Đồng,682,Đạ Huoai,25132,Quốc Oai,Xã,"Xã Quốc Oai, Huyện Đạ Huoai, Tỉnh Lâm Đồng"
68,Lâm Đồng,682,Đạ Huoai,25162,Tiên Hoàng,Xã,"Xã Tiên Hoàng, Huyện Đạ Huoai, Tỉnh Lâm Đồng"
68,Lâm Đồng,672,Đà Lạt,24784,1,Phường,"Phường 1, Thành phố Đà Lạt, Tỉnh Lâm Đồng"
68,Lâm Đồng,672,Đà Lạt,24796,10,Phường,"Phường 10, Thành phố Đà Lạt, Tỉnh Lâm Đồng"
68,Lâm Đồng,672,Đà Lạt,24799,11,Phường,"Phường 11, Thành phố Đà Lạt, Tỉnh Lâm Đồng"
68,Lâm Đồng,672,Đà Lạt,24775,12,Phường,"Phường 12, Thành phố Đà Lạt, Tỉnh Lâm Đồng"
68,Lâm Đồng,672,Đà Lạt,24781,2,Phường,"Phường 2, Thành phố Đà Lạt, Tỉnh Lâm Đồng"
68,Lâm Đồng,672,Đà Lạt,24802,3,Phường,"Phường 3, Thành phố Đà Lạt, Tỉnh Lâm Đồng"
68,Lâm Đồng,672,Đà Lạt,24793,4,Phường,"Phường 4, Thành phố Đà Lạt, Tỉnh Lâm Đồng"
68,Lâm Đồng,672,Đà Lạt,24790,5,Phường,"Phường 5, Thành phố Đà Lạt, Tỉnh Lâm Đồng"
68,Lâm Đồng,672,Đà Lạt,24787,6,Phường,"Phường 6, Thành phố Đà Lạt, Tỉnh Lâm Đồng"
68,Lâm Đồng,672,Đà Lạt,24769,7,Phường,"Phường 7, Thành phố Đà Lạt, Tỉnh Lâm Đồng"
68,Lâm Đồng,672,Đà Lạt,24772,8,Phường,"Phường 8, Thành phố Đà Lạt, Tỉnh Lâm Đồng"
68,Lâm Đồng,672,Đà Lạt,24778,9,Phường,"Phường 9, Thành phố Đà Lạt, Tỉnh Lâm Đồng"
68,Lâm Đồng,672,Đà Lạt,24808,Tà Nung,Xã,"Xã Tà Nung, Thành phố Đà Lạt, Tỉnh Lâm Đồng"
68,Lâm Đồng,672,Đà Lạt,24810,Trạm Hành,Xã,"Xã Trạm Hành, Thành phố Đà Lạt, Tỉnh Lâm Đồng"
68,Lâm Đồng,672,Đà Lạt,24805,Xuân Thọ,Xã,"Xã Xuân Thọ, Thành phố Đà Lạt, Tỉnh Lâm Đồng"
68,Lâm Đồng,672,Đà Lạt,24811,Xuân Trường,Xã,"Xã Xuân Trường, Thành phố Đà Lạt, Tỉnh Lâm Đồng"
68,Lâm Đồng,674,Đam Rông,24889,Đạ K'Nàng,Xã,"Xã Đạ K'Nàng, Huyện Đam Rông, Tỉnh Lâm Đồng"
68,Lâm Đồng,674,Đam Rông,24856,Đạ Long,Xã,"Xã Đạ Long, Huyện Đam Rông, Tỉnh Lâm Đồng"
68,Lâm Đồng,674,Đam Rông,24859,Đạ M'Rông,Xã,"Xã Đạ M'Rông, Huyện Đam Rông, Tỉnh Lâm Đồng"
68,Lâm Đồng,674,Đam Rông,24875,Đạ Rsal,Xã,"Xã Đạ Rsal, Huyện Đam Rông, Tỉnh Lâm Đồng"
68,Lâm Đồng,674,Đam Rông,24853,Đạ Tông,Xã,"Xã Đạ Tông, Huyện Đam Rông, Tỉnh Lâm Đồng"
68,Lâm Đồng,674,Đam Rông,24874,Liêng Srônh,Xã,"Xã Liêng Srônh, Huyện Đam Rông, Tỉnh Lâm Đồng"
68,Lâm Đồng,674,Đam Rông,24886,Phi Liêng,Xã,"Xã Phi Liêng, Huyện Đam Rông, Tỉnh Lâm Đồng"
68,Lâm Đồng,674,Đam Rông,24877,Rô Men,Xã,"Xã Rô Men, Huyện Đam Rông, Tỉnh Lâm Đồng"
68,Lâm Đồng,677,Đơn Dương,24928,D'Ran,Thị trấn,"Thị trấn D'Ran, Huyện Đơn Dương, Tỉnh Lâm Đồng"
68,Lâm Đồng,677,Đơn Dương,24937,Đạ Ròn,Xã,"Xã Đạ Ròn, Huyện Đơn Dương, Tỉnh Lâm Đồng"
68,Lâm Đồng,677,Đơn Dương,24943,Ka Đô,Xã,"Xã Ka Đô, Huyện Đơn Dương, Tỉnh Lâm Đồng"
68,Lâm Đồng,677,Đơn Dương,24949,Ka Đơn,Xã,"Xã Ka Đơn, Huyện Đơn Dương, Tỉnh Lâm Đồng"
68,Lâm Đồng,677,Đơn Dương,24940,Lạc Lâm,Xã,"Xã Lạc Lâm, Huyện Đơn Dương, Tỉnh Lâm Đồng"
68,Lâm Đồng,677,Đơn Dương,24934,Lạc Xuân,Xã,"Xã Lạc Xuân, Huyện Đơn Dương, Tỉnh Lâm Đồng"
68,Lâm Đồng,677,Đơn Dương,24955,Quảng Lập,Xã,"Xã Quảng Lập, Huyện Đơn Dương, Tỉnh Lâm Đồng"
68,Lâm Đồng,677,Đơn Dương,24931,Thạnh Mỹ,Thị trấn,"Thị trấn Thạnh Mỹ, Huyện Đơn Dương, Tỉnh Lâm Đồng"
68,Lâm Đồng,677,Đơn Dương,24952,Tu Tra,Xã,"Xã Tu Tra, Huyện Đơn Dương, Tỉnh Lâm Đồng"
68,Lâm Đồng,678,Đức Trọng,24970,Bình Thạnh,Xã,"Xã Bình Thạnh, Huyện Đức Trọng, Tỉnh Lâm Đồng"
68,Lâm Đồng,678,Đức Trọng,24994,Đà Loan,Xã,"Xã Đà Loan, Huyện Đức Trọng, Tỉnh Lâm Đồng"
68,Lâm Đồng,678,Đức Trọng,24989,Đa Quyn,Xã,"Xã Đa Quyn, Huyện Đức Trọng, Tỉnh Lâm Đồng"
68,Lâm Đồng,678,Đức Trọng,24961,Hiệp An,Xã,"Xã Hiệp An, Huyện Đức Trọng, Tỉnh Lâm Đồng"
68,Lâm Đồng,678,Đức Trọng,24967,Hiệp Thạnh,Xã,"Xã Hiệp Thạnh, Huyện Đức Trọng, Tỉnh Lâm Đồng"
68,Lâm Đồng,678,Đức Trọng,24964,Liên Hiệp,Xã,"Xã Liên Hiệp, Huyện Đức Trọng, Tỉnh Lâm Đồng"
68,Lâm Đồng,678,Đức Trọng,24958,Liên Nghĩa,Thị trấn,"Thị trấn Liên Nghĩa, Huyện Đức Trọng, Tỉnh Lâm Đồng"
68,Lâm Đồng,678,Đức Trọng,24973,N'Thol Hạ,Xã,"Xã N'Thol Hạ, Huyện Đức Trọng, Tỉnh Lâm Đồng"
68,Lâm Đồng,678,Đức Trọng,24985,Ninh Gia,Xã,"Xã Ninh Gia, Huyện Đức Trọng, Tỉnh Lâm Đồng"
68,Lâm Đồng,678,Đức Trọng,24997,Ninh Loan,Xã,"Xã Ninh Loan, Huyện Đức Trọng, Tỉnh Lâm Đồng"
68,Lâm Đồng,678,Đức Trọng,24982,Phú Hội,Xã,"Xã Phú Hội, Huyện Đức Trọng, Tỉnh Lâm Đồng"
68,Lâm Đồng,678,Đức Trọng,24991,Tà Hine,Xã,"Xã Tà Hine, Huyện Đức Trọng, Tỉnh Lâm Đồng"
68,Lâm Đồng,678,Đức Trọng,24988,Tà Năng,Xã,"Xã Tà Năng, Huyện Đức Trọng, Tỉnh Lâm Đồng"
68,Lâm Đồng,678,Đức Trọng,24976,Tân Hội,Xã,"Xã Tân Hội, Huyện Đức Trọng, Tỉnh Lâm Đồng"
68,Lâm Đồng,678,Đức Trọng,24979,Tân Thành,Xã,"Xã Tân Thành, Huyện Đức Trọng, Tỉnh Lâm Đồng"
68,Lâm Đồng,675,Lạc Dương,24847,Đạ Chais,Xã,"Xã Đạ Chais, Huyện Lạc Dương, Tỉnh Lâm Đồng"
68,Lâm Đồng,675,Lạc Dương,24848,Đạ Nhim,Xã,"Xã Đạ Nhim, Huyện Lạc Dương, Tỉnh Lâm Đồng"
68,Lâm Đồng,675,Lạc Dương,24865,Đạ Sar,Xã,"Xã Đạ Sar, Huyện Lạc Dương, Tỉnh Lâm Đồng"
68,Lâm Đồng,675,Lạc Dương,24850,Đưng KNớ,Xã,"Xã Đưng KNớ, Huyện Lạc Dương, Tỉnh Lâm Đồng"
68,Lâm Đồng,675,Lạc Dương,24846,Lạc Dương,Thị trấn,"Thị trấn Lạc Dương, Huyện Lạc Dương, Tỉnh Lâm Đồng"
68,Lâm Đồng,675,Lạc Dương,24862,Lát,Xã,"Xã Lát, Huyện Lạc Dương, Tỉnh Lâm Đồng"
68,Lâm Đồng,676,Lâm Hà,24895,Đạ Đờn,Xã,"Xã Đạ Đờn, Huyện Lâm Hà, Tỉnh Lâm Đồng"
68,Lâm Đồng,676,Lâm Hà,24922,Đan Phượng,Xã,"Xã Đan Phượng, Huyện Lâm Hà, Tỉnh Lâm Đồng"
68,Lâm Đồng,676,Lâm Hà,24871,Đinh Văn,Thị trấn,"Thị trấn Đinh Văn, Huyện Lâm Hà, Tỉnh Lâm Đồng"
68,Lâm Đồng,676,Lâm Hà,24901,Đông Thanh,Xã,"Xã Đông Thanh, Huyện Lâm Hà, Tỉnh Lâm Đồng"
68,Lâm Đồng,676,Lâm Hà,24904,Gia Lâm,Xã,"Xã Gia Lâm, Huyện Lâm Hà, Tỉnh Lâm Đồng"
68,Lâm Đồng,676,Lâm Hà,24913,Hoài Đức,Xã,"Xã Hoài Đức, Huyện Lâm Hà, Tỉnh Lâm Đồng"
68,Lâm Đồng,676,Lâm Hà,24919,Liên Hà,Xã,"Xã Liên Hà, Huyện Lâm Hà, Tỉnh Lâm Đồng"
68,Lâm Đồng,676,Lâm Hà,24892,Mê Linh,Xã,"Xã Mê Linh, Huyện Lâm Hà, Tỉnh Lâm Đồng"
68,Lâm Đồng,676,Lâm Hà,24868,Nam Ban,Thị trấn,"Thị trấn Nam Ban, Huyện Lâm Hà, Tỉnh Lâm Đồng"
68,Lâm Đồng,676,Lâm Hà,24925,Nam Hà,Xã,"Xã Nam Hà, Huyện Lâm Hà, Tỉnh Lâm Đồng"
68,Lâm Đồng,676,Lâm Hà,24883,Phi Tô,Xã,"Xã Phi Tô, Huyện Lâm Hà, Tỉnh Lâm Đồng"
68,Lâm Đồng,676,Lâm Hà,24880,Phú Sơn,Xã,"Xã Phú Sơn, Huyện Lâm Hà, Tỉnh Lâm Đồng"
68,Lâm Đồng,676,Lâm Hà,24898,Phúc Thọ,Xã,"Xã Phúc Thọ, Huyện Lâm Hà, Tỉnh Lâm Đồng"
68,Lâm Đồng,676,Lâm Hà,24916,Tân Hà,Xã,"Xã Tân Hà, Huyện Lâm Hà, Tỉnh Lâm Đồng"
68,Lâm Đồng,676,Lâm Hà,24907,Tân Thanh,Xã,"Xã Tân Thanh, Huyện Lâm Hà, Tỉnh Lâm Đồng"
68,Lâm Đồng,676,Lâm Hà,24910,Tân Văn,Xã,"Xã Tân Văn, Huyện Lâm Hà, Tỉnh Lâm Đồng"
20,Lạng Sơn,185,Bắc Sơn,06343,Bắc Quỳnh,Xã,"Xã Bắc Quỳnh, Huyện Bắc Sơn, Tỉnh Lạng Sơn"
20,Lạng Sơn,185,Bắc Sơn,06325,Bắc Sơn,Thị trấn,"Thị trấn Bắc Sơn, Huyện Bắc Sơn, Tỉnh Lạng Sơn"
20,Lạng Sơn,185,Bắc Sơn,06364,Chiến Thắng,Xã,"Xã Chiến Thắng, Huyện Bắc Sơn, Tỉnh Lạng Sơn"
20,Lạng Sơn,185,Bắc Sơn,06358,Chiêu Vũ,Xã,"Xã Chiêu Vũ, Huyện Bắc Sơn, Tỉnh Lạng Sơn"
20,Lạng Sơn,185,Bắc Sơn,06337,Đồng ý,Xã,"Xã Đồng ý, Huyện Bắc Sơn, Tỉnh Lạng Sơn"
20,Lạng Sơn,185,Bắc Sơn,06349,Hưng Vũ,Xã,"Xã Hưng Vũ, Huyện Bắc Sơn, Tỉnh Lạng Sơn"
20,Lạng Sơn,185,Bắc Sơn,06328,Long Đống,Xã,"Xã Long Đống, Huyện Bắc Sơn, Tỉnh Lạng Sơn"
20,Lạng Sơn,185,Bắc Sơn,06376,Nhất Hòa,Xã,"Xã Nhất Hòa, Huyện Bắc Sơn, Tỉnh Lạng Sơn"
20,Lạng Sơn,185,Bắc Sơn,06382,Nhất Tiến,Xã,"Xã Nhất Tiến, Huyện Bắc Sơn, Tỉnh Lạng Sơn"
20,Lạng Sơn,185,Bắc Sơn,06361,Tân Hương,Xã,"Xã Tân Hương, Huyện Bắc Sơn, Tỉnh Lạng Sơn"
20,Lạng Sơn,185,Bắc Sơn,06352,Tân Lập,Xã,"Xã Tân Lập, Huyện Bắc Sơn, Tỉnh Lạng Sơn"
20,Lạng Sơn,185,Bắc Sơn,06379,Tân Thành,Xã,"Xã Tân Thành, Huyện Bắc Sơn, Tỉnh Lạng Sơn"
20,Lạng Sơn,185,Bắc Sơn,06340,Tân Tri,Xã,"Xã Tân Tri, Huyện Bắc Sơn, Tỉnh Lạng Sơn"
20,Lạng Sơn,185,Bắc Sơn,06370,Trấn Yên,Xã,"Xã Trấn Yên, Huyện Bắc Sơn, Tỉnh Lạng Sơn"
20,Lạng Sơn,185,Bắc Sơn,06331,Vạn Thủy,Xã,"Xã Vạn Thủy, Huyện Bắc Sơn, Tỉnh Lạng Sơn"
20,Lạng Sơn,185,Bắc Sơn,06367,Vũ Lăng,Xã,"Xã Vũ Lăng, Huyện Bắc Sơn, Tỉnh Lạng Sơn"
20,Lạng Sơn,185,Bắc Sơn,06373,Vũ Lễ,Xã,"Xã Vũ Lễ, Huyện Bắc Sơn, Tỉnh Lạng Sơn"
20,Lạng Sơn,185,Bắc Sơn,06355,Vũ Sơn,Xã,"Xã Vũ Sơn, Huyện Bắc Sơn, Tỉnh Lạng Sơn"
20,Lạng Sơn,181,Bình Gia,06112,Bình Gia,Thị trấn,"Thị trấn Bình Gia, Huyện Bình Gia, Tỉnh Lạng Sơn"
20,Lạng Sơn,181,Bình Gia,06118,Bình La,Xã,"Xã Bình La, Huyện Bình Gia, Tỉnh Lạng Sơn"
20,Lạng Sơn,181,Bình Gia,06103,Hòa Bình,Xã,"Xã Hòa Bình, Huyện Bình Gia, Tỉnh Lạng Sơn"
20,Lạng Sơn,181,Bình Gia,06073,Hoa Thám,Xã,"Xã Hoa Thám, Huyện Bình Gia, Tỉnh Lạng Sơn"
20,Lạng Sơn,181,Bình Gia,06100,Hoàng Văn Thụ,Xã,"Xã Hoàng Văn Thụ, Huyện Bình Gia, Tỉnh Lạng Sơn"
20,Lạng Sơn,181,Bình Gia,06079,Hồng Phong,Xã,"Xã Hồng Phong, Huyện Bình Gia, Tỉnh Lạng Sơn"
20,Lạng Sơn,181,Bình Gia,06115,Hồng Thái,Xã,"Xã Hồng Thái, Huyện Bình Gia, Tỉnh Lạng Sơn"
20,Lạng Sơn,181,Bình Gia,06067,Hưng Đạo,Xã,"Xã Hưng Đạo, Huyện Bình Gia, Tỉnh Lạng Sơn"
20,Lạng Sơn,181,Bình Gia,06094,Minh Khai,Xã,"Xã Minh Khai, Huyện Bình Gia, Tỉnh Lạng Sơn"
20,Lạng Sơn,181,Bình Gia,06106,Mông Ân,Xã,"Xã Mông Ân, Huyện Bình Gia, Tỉnh Lạng Sơn"
20,Lạng Sơn,181,Bình Gia,06088,Quang Trung,Xã,"Xã Quang Trung, Huyện Bình Gia, Tỉnh Lạng Sơn"
20,Lạng Sơn,181,Bình Gia,06076,Quý Hòa,Xã,"Xã Quý Hòa, Huyện Bình Gia, Tỉnh Lạng Sơn"
20,Lạng Sơn,181,Bình Gia,06109,Tân Hòa,Xã,"Xã Tân Hòa, Huyện Bình Gia, Tỉnh Lạng Sơn"
20,Lạng Sơn,181,Bình Gia,06121,Tân Văn,Xã,"Xã Tân Văn, Huyện Bình Gia, Tỉnh Lạng Sơn"
20,Lạng Sơn,181,Bình Gia,06085,Thiện Hòa,Xã,"Xã Thiện Hòa, Huyện Bình Gia, Tỉnh Lạng Sơn"
20,Lạng Sơn,181,Bình Gia,06097,Thiện Long,Xã,"Xã Thiện Long, Huyện Bình Gia, Tỉnh Lạng Sơn"
20,Lạng Sơn,181,Bình Gia,06091,Thiện Thuật,Xã,"Xã Thiện Thuật, Huyện Bình Gia, Tỉnh Lạng Sơn"
20,Lạng Sơn,181,Bình Gia,06070,Vĩnh Yên,Xã,"Xã Vĩnh Yên, Huyện Bình Gia, Tỉnh Lạng Sơn"
20,Lạng Sơn,181,Bình Gia,06082,Yên Lỗ,Xã,"Xã Yên Lỗ, Huyện Bình Gia, Tỉnh Lạng Sơn"
20,Lạng Sơn,183,Cao Lộc,06190,Bảo Lâm,Xã,"Xã Bảo Lâm, Huyện Cao Lộc, Tỉnh Lạng Sơn"
20,Lạng Sơn,183,Cao Lộc,06217,Bình Trung,Xã,"Xã Bình Trung, Huyện Cao Lộc, Tỉnh Lạng Sơn"
20,Lạng Sơn,183,Cao Lộc,06196,Cao Lâu,Xã,"Xã Cao Lâu, Huyện Cao Lộc, Tỉnh Lạng Sơn"
20,Lạng Sơn,183,Cao Lộc,06187,Cao Lộc,Thị trấn,"Thị trấn Cao Lộc, Huyện Cao Lộc, Tỉnh Lạng Sơn"
20,Lạng Sơn,183,Cao Lộc,06232,Công Sơn,Xã,"Xã Công Sơn, Huyện Cao Lộc, Tỉnh Lạng Sơn"
20,Lạng Sơn,183,Cao Lộc,06184,Đồng Đăng,Thị trấn,"Thị trấn Đồng Đăng, Huyện Cao Lộc, Tỉnh Lạng Sơn"
20,Lạng Sơn,183,Cao Lộc,06235,Gia Cát,Xã,"Xã Gia Cát, Huyện Cao Lộc, Tỉnh Lạng Sơn"
20,Lạng Sơn,183,Cao Lộc,06220,Hải Yến,Xã,"Xã Hải Yến, Huyện Cao Lộc, Tỉnh Lạng Sơn"
20,Lạng Sơn,183,Cao Lộc,06223,Hòa Cư,Xã,"Xã Hòa Cư, Huyện Cao Lộc, Tỉnh Lạng Sơn"
20,Lạng Sơn,183,Cao Lộc,06205,Hồng Phong,Xã,"Xã Hồng Phong, Huyện Cao Lộc, Tỉnh Lạng Sơn"
20,Lạng Sơn,183,Cao Lộc,06226,Hợp Thành,Xã,"Xã Hợp Thành, Huyện Cao Lộc, Tỉnh Lạng Sơn"
20,Lạng Sơn,183,Cao Lộc,06211,Lộc Yên,Xã,"Xã Lộc Yên, Huyện Cao Lộc, Tỉnh Lạng Sơn"
20,Lạng Sơn,183,Cao Lộc,06238,Mẫu Sơn,Xã,"Xã Mẫu Sơn, Huyện Cao Lộc, Tỉnh Lạng Sơn"
20,Lạng Sơn,183,Cao Lộc,06214,Phú Xá,Xã,"Xã Phú Xá, Huyện Cao Lộc, Tỉnh Lạng Sơn"
20,Lạng Sơn,183,Cao Lộc,06244,Tân Liên,Xã,"Xã Tân Liên, Huyện Cao Lộc, Tỉnh Lạng Sơn"
20,Lạng Sơn,183,Cao Lộc,06250,Tân Thành,Xã,"Xã Tân Thành, Huyện Cao Lộc, Tỉnh Lạng Sơn"
20,Lạng Sơn,183,Cao Lộc,06199,Thạch Đạn,Xã,"Xã Thạch Đạn, Huyện Cao Lộc, Tỉnh Lạng Sơn"
20,Lạng Sơn,183,Cao Lộc,06193,Thanh Lòa,Xã,"Xã Thanh Lòa, Huyện Cao Lộc, Tỉnh Lạng Sơn"
20,Lạng Sơn,183,Cao Lộc,06208,Thụy Hùng,Xã,"Xã Thụy Hùng, Huyện Cao Lộc, Tỉnh Lạng Sơn"
20,Lạng Sơn,183,Cao Lộc,06241,Xuân Long,Xã,"Xã Xuân Long, Huyện Cao Lộc, Tỉnh Lạng Sơn"
20,Lạng Sơn,183,Cao Lộc,06202,Xuất Lễ,Xã,"Xã Xuất Lễ, Huyện Cao Lộc, Tỉnh Lạng Sơn"
20,Lạng Sơn,183,Cao Lộc,06247,Yên Trạch,Xã,"Xã Yên Trạch, Huyện Cao Lộc, Tỉnh Lạng Sơn"
20,Lạng Sơn,187,Chi Lăng,06478,Bắc Thủy,Xã,"Xã Bắc Thủy, Huyện Chi Lăng, Tỉnh Lạng Sơn"
20,Lạng Sơn,187,Chi Lăng,06487,Bằng Hữu,Xã,"Xã Bằng Hữu, Huyện Chi Lăng, Tỉnh Lạng Sơn"
20,Lạng Sơn,187,Chi Lăng,06493,Bằng Mạc,Xã,"Xã Bằng Mạc, Huyện Chi Lăng, Tỉnh Lạng Sơn"
20,Lạng Sơn,187,Chi Lăng,06523,Chi Lăng,Xã,"Xã Chi Lăng, Huyện Chi Lăng, Tỉnh Lạng Sơn"
20,Lạng Sơn,187,Chi Lăng,06466,Chi Lăng,Thị trấn,"Thị trấn Chi Lăng, Huyện Chi Lăng, Tỉnh Lạng Sơn"
20,Lạng Sơn,187,Chi Lăng,06481,Chiến Thắng,Xã,"Xã Chiến Thắng, Huyện Chi Lăng, Tỉnh Lạng Sơn"
20,Lạng Sơn,187,Chi Lăng,06463,Đồng Mỏ,Thị trấn,"Thị trấn Đồng Mỏ, Huyện Chi Lăng, Tỉnh Lạng Sơn"
20,Lạng Sơn,187,Chi Lăng,06475,Gia Lộc,Xã,"Xã Gia Lộc, Huyện Chi Lăng, Tỉnh Lạng Sơn"
20,Lạng Sơn,187,Chi Lăng,06508,Hòa Bình,Xã,"Xã Hòa Bình, Huyện Chi Lăng, Tỉnh Lạng Sơn"
20,Lạng Sơn,187,Chi Lăng,06514,Hữu Kiên,Xã,"Xã Hữu Kiên, Huyện Chi Lăng, Tỉnh Lạng Sơn"
20,Lạng Sơn,187,Chi Lăng,06499,Lâm Sơn,Xã,"Xã Lâm Sơn, Huyện Chi Lăng, Tỉnh Lạng Sơn"
20,Lạng Sơn,187,Chi Lăng,06502,Liên Sơn,Xã,"Xã Liên Sơn, Huyện Chi Lăng, Tỉnh Lạng Sơn"
20,Lạng Sơn,187,Chi Lăng,06484,Mai Sao,Xã,"Xã Mai Sao, Huyện Chi Lăng, Tỉnh Lạng Sơn"
20,Lạng Sơn,187,Chi Lăng,06496,Nhân Lý,Xã,"Xã Nhân Lý, Huyện Chi Lăng, Tỉnh Lạng Sơn"
20,Lạng Sơn,187,Chi Lăng,06517,Quan Sơn,Xã,"Xã Quan Sơn, Huyện Chi Lăng, Tỉnh Lạng Sơn"
20,Lạng Sơn,187,Chi Lăng,06490,Thượng Cường,Xã,"Xã Thượng Cường, Huyện Chi Lăng, Tỉnh Lạng Sơn"
20,Lạng Sơn,187,Chi Lăng,06469,Vân An,Xã,"Xã Vân An, Huyện Chi Lăng, Tỉnh Lạng Sơn"
20,Lạng Sơn,187,Chi Lăng,06505,Vạn Linh,Xã,"Xã Vạn Linh, Huyện Chi Lăng, Tỉnh Lạng Sơn"
20,Lạng Sơn,187,Chi Lăng,06472,Vân Thủy,Xã,"Xã Vân Thủy, Huyện Chi Lăng, Tỉnh Lạng Sơn"
20,Lạng Sơn,187,Chi Lăng,06520,Y Tịch,Xã,"Xã Y Tịch, Huyện Chi Lăng, Tỉnh Lạng Sơn"
20,Lạng Sơn,189,Đình Lập,06646,Bắc Lãng,Xã,"Xã Bắc Lãng, Huyện Đình Lập, Tỉnh Lạng Sơn"
20,Lạng Sơn,189,Đình Lập,06619,Bắc Xa,Xã,"Xã Bắc Xa, Huyện Đình Lập, Tỉnh Lạng Sơn"
20,Lạng Sơn,189,Đình Lập,06622,Bính Xá,Xã,"Xã Bính Xá, Huyện Đình Lập, Tỉnh Lạng Sơn"
20,Lạng Sơn,189,Đình Lập,06637,Châu Sơn,Xã,"Xã Châu Sơn, Huyện Đình Lập, Tỉnh Lạng Sơn"
20,Lạng Sơn,189,Đình Lập,06634,Cường Lợi,Xã,"Xã Cường Lợi, Huyện Đình Lập, Tỉnh Lạng Sơn"
20,Lạng Sơn,189,Đình Lập,06613,Đình Lập,Thị trấn,"Thị trấn Đình Lập, Huyện Đình Lập, Tỉnh Lạng Sơn"
20,Lạng Sơn,189,Đình Lập,06628,Đình Lập,Xã,"Xã Đình Lập, Huyện Đình Lập, Tỉnh Lạng Sơn"
20,Lạng Sơn,189,Đình Lập,06643,Đồng Thắng,Xã,"Xã Đồng Thắng, Huyện Đình Lập, Tỉnh Lạng Sơn"
20,Lạng Sơn,189,Đình Lập,06625,Kiên Mộc,Xã,"Xã Kiên Mộc, Huyện Đình Lập, Tỉnh Lạng Sơn"
20,Lạng Sơn,189,Đình Lập,06640,Lâm Ca,Xã,"Xã Lâm Ca, Huyện Đình Lập, Tỉnh Lạng Sơn"
20,Lạng Sơn,189,Đình Lập,06616,Nông Trường Thái Bình,Thị trấn,"Thị trấn Nông Trường Thái Bình, Huyện Đình Lập, Tỉnh Lạng Sơn"
20,Lạng Sơn,189,Đình Lập,06631,Thái Bình,Xã,"Xã Thái Bình, Huyện Đình Lập, Tỉnh Lạng Sơn"
20,Lạng Sơn,186,Hữu Lũng,06427,Cai Kinh,Xã,"Xã Cai Kinh, Huyện Hữu Lũng, Tỉnh Lạng Sơn"
20,Lạng Sơn,186,Hữu Lũng,06424,Đồng Tân,Xã,"Xã Đồng Tân, Huyện Hữu Lũng, Tỉnh Lạng Sơn"
20,Lạng Sơn,186,Hữu Lũng,06436,Đồng Tiến,Xã,"Xã Đồng Tiến, Huyện Hữu Lũng, Tỉnh Lạng Sơn"
20,Lạng Sơn,186,Hữu Lũng,06451,Hồ Sơn,Xã,"Xã Hồ Sơn, Huyện Hữu Lũng, Tỉnh Lạng Sơn"
20,Lạng Sơn,186,Hữu Lũng,06397,Hòa Bình,Xã,"Xã Hòa Bình, Huyện Hữu Lũng, Tỉnh Lạng Sơn"
20,Lạng Sơn,186,Hữu Lũng,06430,Hòa Lạc,Xã,"Xã Hòa Lạc, Huyện Hữu Lũng, Tỉnh Lạng Sơn"
20,Lạng Sơn,186,Hữu Lũng,06445,Hòa Sơn,Xã,"Xã Hòa Sơn, Huyện Hữu Lũng, Tỉnh Lạng Sơn"
20,Lạng Sơn,186,Hữu Lũng,06460,Hòa Thắng,Xã,"Xã Hòa Thắng, Huyện Hữu Lũng, Tỉnh Lạng Sơn"
20,Lạng Sơn,186,Hữu Lũng,06388,Hữu Liên,Xã,"Xã Hữu Liên, Huyện Hữu Lũng, Tỉnh Lạng Sơn"
20,Lạng Sơn,186,Hữu Lũng,06385,Hữu Lũng,Thị trấn,"Thị trấn Hữu Lũng, Huyện Hữu Lũng, Tỉnh Lạng Sơn"
20,Lạng Sơn,186,Hữu Lũng,06457,Minh Hòa,Xã,"Xã Minh Hòa, Huyện Hữu Lũng, Tỉnh Lạng Sơn"
20,Lạng Sơn,186,Hữu Lũng,06448,Minh Sơn,Xã,"Xã Minh Sơn, Huyện Hữu Lũng, Tỉnh Lạng Sơn"
20,Lạng Sơn,186,Hữu Lũng,06415,Minh Tiến,Xã,"Xã Minh Tiến, Huyện Hữu Lũng, Tỉnh Lạng Sơn"
20,Lạng Sơn,186,Hữu Lũng,06418,Nhật Tiến,Xã,"Xã Nhật Tiến, Huyện Hữu Lũng, Tỉnh Lạng Sơn"
20,Lạng Sơn,186,Hữu Lũng,06394,Quyết Thắng,Xã,"Xã Quyết Thắng, Huyện Hữu Lũng, Tỉnh Lạng Sơn"
20,Lạng Sơn,186,Hữu Lũng,06442,Tân Thành,Xã,"Xã Tân Thành, Huyện Hữu Lũng, Tỉnh Lạng Sơn"
20,Lạng Sơn,186,Hữu Lũng,06421,Thanh Sơn,Xã,"Xã Thanh Sơn, Huyện Hữu Lũng, Tỉnh Lạng Sơn"
20,Lạng Sơn,186,Hữu Lũng,06406,Thiện Tân,Xã,"Xã Thiện Tân, Huyện Hữu Lũng, Tỉnh Lạng Sơn"
20,Lạng Sơn,186,Hữu Lũng,06433,Vân Nham,Xã,"Xã Vân Nham, Huyện Hữu Lũng, Tỉnh Lạng Sơn"
20,Lạng Sơn,186,Hữu Lũng,06391,Yên Bình,Xã,"Xã Yên Bình, Huyện Hữu Lũng, Tỉnh Lạng Sơn"
20,Lạng Sơn,186,Hữu Lũng,06403,Yên Sơn,Xã,"Xã Yên Sơn, Huyện Hữu Lũng, Tỉnh Lạng Sơn"
20,Lạng Sơn,186,Hữu Lũng,06400,Yên Thịnh,Xã,"Xã Yên Thịnh, Huyện Hữu Lũng, Tỉnh Lạng Sơn"
20,Lạng Sơn,186,Hữu Lũng,06412,Yên Vượng,Xã,"Xã Yên Vượng, Huyện Hữu Lũng, Tỉnh Lạng Sơn"
20,Lạng Sơn,178,Lạng Sơn,05983,Chi Lăng,Phường,"Phường Chi Lăng, Thành phố Lạng Sơn, Tỉnh Lạng Sơn"
20,Lạng Sơn,178,Lạng Sơn,05980,Đông Kinh,Phường,"Phường Đông Kinh, Thành phố Lạng Sơn, Tỉnh Lạng Sơn"
20,Lạng Sơn,178,Lạng Sơn,05986,Hoàng Đồng,Xã,"Xã Hoàng Đồng, Thành phố Lạng Sơn, Tỉnh Lạng Sơn"
20,Lạng Sơn,178,Lạng Sơn,05971,Hoàng Văn Thụ,Phường,"Phường Hoàng Văn Thụ, Thành phố Lạng Sơn, Tỉnh Lạng Sơn"
20,Lạng Sơn,178,Lạng Sơn,05992,Mai Pha,Xã,"Xã Mai Pha, Thành phố Lạng Sơn, Tỉnh Lạng Sơn"
20,Lạng Sơn,178,Lạng Sơn,05989,Quảng Lạc,Xã,"Xã Quảng Lạc, Thành phố Lạng Sơn, Tỉnh Lạng Sơn"
20,Lạng Sơn,178,Lạng Sơn,05974,Tam Thanh,Phường,"Phường Tam Thanh, Thành phố Lạng Sơn, Tỉnh Lạng Sơn"
20,Lạng Sơn,178,Lạng Sơn,05977,Vĩnh Trại,Phường,"Phường Vĩnh Trại, Thành phố Lạng Sơn, Tỉnh Lạng Sơn"
20,Lạng Sơn,188,Lộc Bình,06610,Ái Quốc,Xã,"Xã Ái Quốc, Huyện Lộc Bình, Tỉnh Lạng Sơn"
20,Lạng Sơn,188,Lộc Bình,06553,Đồng Bục,Xã,"Xã Đồng Bục, Huyện Lộc Bình, Tỉnh Lạng Sơn"
20,Lạng Sơn,188,Lộc Bình,06592,Đông Quan,Xã,"Xã Đông Quan, Huyện Lộc Bình, Tỉnh Lạng Sơn"
20,Lạng Sơn,188,Lộc Bình,06550,Hữu Khánh,Xã,"Xã Hữu Khánh, Huyện Lộc Bình, Tỉnh Lạng Sơn"
20,Lạng Sơn,188,Lộc Bình,06598,Hữu Lân,Xã,"Xã Hữu Lân, Huyện Lộc Bình, Tỉnh Lạng Sơn"
20,Lạng Sơn,188,Lộc Bình,06544,Khánh Xuân,Xã,"Xã Khánh Xuân, Huyện Lộc Bình, Tỉnh Lạng Sơn"
20,Lạng Sơn,188,Lộc Bình,06565,Khuất Xá,Xã,"Xã Khuất Xá, Huyện Lộc Bình, Tỉnh Lạng Sơn"
20,Lạng Sơn,188,Lộc Bình,06529,Lộc Bình,Thị trấn,"Thị trấn Lộc Bình, Huyện Lộc Bình, Tỉnh Lạng Sơn"
20,Lạng Sơn,188,Lộc Bình,06601,Lợi Bác,Xã,"Xã Lợi Bác, Huyện Lộc Bình, Tỉnh Lạng Sơn"
20,Lạng Sơn,188,Lộc Bình,06532,Mẫu Sơn,Xã,"Xã Mẫu Sơn, Huyện Lộc Bình, Tỉnh Lạng Sơn"
20,Lạng Sơn,188,Lộc Bình,06595,Minh Hiệp,Xã,"Xã Minh Hiệp, Huyện Lộc Bình, Tỉnh Lạng Sơn"
20,Lạng Sơn,188,Lộc Bình,06526,Na Dương,Thị trấn,"Thị trấn Na Dương, Huyện Lộc Bình, Tỉnh Lạng Sơn"
20,Lạng Sơn,188,Lộc Bình,06604,Nam Quan,Xã,"Xã Nam Quan, Huyện Lộc Bình, Tỉnh Lạng Sơn"
20,Lạng Sơn,188,Lộc Bình,06589,Sàn Viên,Xã,"Xã Sàn Viên, Huyện Lộc Bình, Tỉnh Lạng Sơn"
20,Lạng Sơn,188,Lộc Bình,06559,Tam Gia,Xã,"Xã Tam Gia, Huyện Lộc Bình, Tỉnh Lạng Sơn"
20,Lạng Sơn,188,Lộc Bình,06577,Thống Nhất,Xã,"Xã Thống Nhất, Huyện Lộc Bình, Tỉnh Lạng Sơn"
20,Lạng Sơn,188,Lộc Bình,06562,Tú Đoạn,Xã,"Xã Tú Đoạn, Huyện Lộc Bình, Tỉnh Lạng Sơn"
20,Lạng Sơn,188,Lộc Bình,06547,Tú Mịch,Xã,"Xã Tú Mịch, Huyện Lộc Bình, Tỉnh Lạng Sơn"
20,Lạng Sơn,188,Lộc Bình,06607,Xuân Dương,Xã,"Xã Xuân Dương, Huyện Lộc Bình, Tỉnh Lạng Sơn"
20,Lạng Sơn,188,Lộc Bình,06541,Yên Khoái,Xã,"Xã Yên Khoái, Huyện Lộc Bình, Tỉnh Lạng Sơn"
20,Lạng Sơn,180,Tràng Định,06010,Cao Minh,Xã,"Xã Cao Minh, Huyện Tràng Định, Tỉnh Lạng Sơn"
20,Lạng Sơn,180,Tràng Định,06034,Chi Lăng,Xã,"Xã Chi Lăng, Huyện Tràng Định, Tỉnh Lạng Sơn"
20,Lạng Sơn,180,Tràng Định,06013,Chí Minh,Xã,"Xã Chí Minh, Huyện Tràng Định, Tỉnh Lạng Sơn"
20,Lạng Sơn,180,Tràng Định,06043,Đào Viên,Xã,"Xã Đào Viên, Huyện Tràng Định, Tỉnh Lạng Sơn"
20,Lạng Sơn,180,Tràng Định,06046,Đề Thám,Xã,"Xã Đề Thám, Huyện Tràng Định, Tỉnh Lạng Sơn"
20,Lạng Sơn,180,Tràng Định,06001,Đoàn Kết,Xã,"Xã Đoàn Kết, Huyện Tràng Định, Tỉnh Lạng Sơn"
20,Lạng Sơn,180,Tràng Định,06025,Đội Cấn,Xã,"Xã Đội Cấn, Huyện Tràng Định, Tỉnh Lạng Sơn"
20,Lạng Sơn,180,Tràng Định,06055,Hùng Sơn,Xã,"Xã Hùng Sơn, Huyện Tràng Định, Tỉnh Lạng Sơn"
20,Lạng Sơn,180,Tràng Định,06061,Hùng Việt,Xã,"Xã Hùng Việt, Huyện Tràng Định, Tỉnh Lạng Sơn"
20,Lạng Sơn,180,Tràng Định,06049,Kháng Chiến,Xã,"Xã Kháng Chiến, Huyện Tràng Định, Tỉnh Lạng Sơn"
20,Lạng Sơn,180,Tràng Định,05998,Khánh Long,Xã,"Xã Khánh Long, Huyện Tràng Định, Tỉnh Lạng Sơn"
20,Lạng Sơn,180,Tràng Định,06031,Kim Đồng,Xã,"Xã Kim Đồng, Huyện Tràng Định, Tỉnh Lạng Sơn"
20,Lạng Sơn,180,Tràng Định,06004,Quốc Khánh,Xã,"Xã Quốc Khánh, Huyện Tràng Định, Tỉnh Lạng Sơn"
20,Lạng Sơn,180,Tràng Định,06058,Quốc Việt,Xã,"Xã Quốc Việt, Huyện Tràng Định, Tỉnh Lạng Sơn"
20,Lạng Sơn,180,Tràng Định,06028,Tân Minh,Xã,"Xã Tân Minh, Huyện Tràng Định, Tỉnh Lạng Sơn"
20,Lạng Sơn,180,Tràng Định,06019,Tân Tiến,Xã,"Xã Tân Tiến, Huyện Tràng Định, Tỉnh Lạng Sơn"
20,Lạng Sơn,180,Tràng Định,06022,Tân Yên,Xã,"Xã Tân Yên, Huyện Tràng Định, Tỉnh Lạng Sơn"
20,Lạng Sơn,180,Tràng Định,06040,Thất Khê,Thị trấn,"Thị trấn Thất Khê, Huyện Tràng Định, Tỉnh Lạng Sơn"
20,Lạng Sơn,180,Tràng Định,06016,Tri Phương,Xã,"Xã Tri Phương, Huyện Tràng Định, Tỉnh Lạng Sơn"
20,Lạng Sơn,180,Tràng Định,06037,Trung Thành,Xã,"Xã Trung Thành, Huyện Tràng Định, Tỉnh Lạng Sơn"
20,Lạng Sơn,182,Văn Lãng,06139,Bắc Hùng,Xã,"Xã Bắc Hùng, Huyện Văn Lãng, Tỉnh Lạng Sơn"
20,Lạng Sơn,182,Văn Lãng,06133,Bắc La,Xã,"Xã Bắc La, Huyện Văn Lãng, Tỉnh Lạng Sơn"
20,Lạng Sơn,182,Văn Lãng,06154,Bắc Việt,Xã,"Xã Bắc Việt, Huyện Văn Lãng, Tỉnh Lạng Sơn"
20,Lạng Sơn,182,Văn Lãng,06160,Gia Miễn,Xã,"Xã Gia Miễn, Huyện Văn Lãng, Tỉnh Lạng Sơn"
20,Lạng Sơn,182,Văn Lãng,06178,Hoàng Văn Thụ,Xã,"Xã Hoàng Văn Thụ, Huyện Văn Lãng, Tỉnh Lạng Sơn"
20,Lạng Sơn,182,Văn Lãng,06157,Hoàng Việt,Xã,"Xã Hoàng Việt, Huyện Văn Lãng, Tỉnh Lạng Sơn"
20,Lạng Sơn,182,Văn Lãng,06151,Hội Hoan,Xã,"Xã Hội Hoan, Huyện Văn Lãng, Tỉnh Lạng Sơn"
20,Lạng Sơn,182,Văn Lãng,06175,Hồng Thái,Xã,"Xã Hồng Thái, Huyện Văn Lãng, Tỉnh Lạng Sơn"
20,Lạng Sơn,182,Văn Lãng,06124,Na Sầm,Thị trấn,"Thị trấn Na Sầm, Huyện Văn Lãng, Tỉnh Lạng Sơn"
20,Lạng Sơn,182,Văn Lãng,06181,Nhạc Kỳ,Xã,"Xã Nhạc Kỳ, Huyện Văn Lãng, Tỉnh Lạng Sơn"
20,Lạng Sơn,182,Văn Lãng,06172,Tân Mỹ,Xã,"Xã Tân Mỹ, Huyện Văn Lãng, Tỉnh Lạng Sơn"
20,Lạng Sơn,182,Văn Lãng,06142,Tân Tác,Xã,"Xã Tân Tác, Huyện Văn Lãng, Tỉnh Lạng Sơn"
20,Lạng Sơn,182,Văn Lãng,06166,Tân Thanh,Xã,"Xã Tân Thanh, Huyện Văn Lãng, Tỉnh Lạng Sơn"
20,Lạng Sơn,182,Văn Lãng,06163,Thành Hòa,Xã,"Xã Thành Hòa, Huyện Văn Lãng, Tỉnh Lạng Sơn"
20,Lạng Sơn,182,Văn Lãng,06148,Thanh Long,Xã,"Xã Thanh Long, Huyện Văn Lãng, Tỉnh Lạng Sơn"
20,Lạng Sơn,182,Văn Lãng,06136,Thụy Hùng,Xã,"Xã Thụy Hùng, Huyện Văn Lãng, Tỉnh Lạng Sơn"
20,Lạng Sơn,182,Văn Lãng,06127,Trùng Khánh,Xã,"Xã Trùng Khánh, Huyện Văn Lãng, Tỉnh Lạng Sơn"
20,Lạng Sơn,184,Văn Quan,06283,An Sơn,Xã,"Xã An Sơn, Huyện Văn Quan, Tỉnh Lạng Sơn"
20,Lạng Sơn,184,Văn Quan,06298,Bình Phúc,Xã,"Xã Bình Phúc, Huyện Văn Quan, Tỉnh Lạng Sơn"
20,Lạng Sơn,184,Văn Quan,06280,Điềm He,Xã,"Xã Điềm He, Huyện Văn Quan, Tỉnh Lạng Sơn"
20,Lạng Sơn,184,Văn Quan,06274,Hòa Bình,Xã,"Xã Hòa Bình, Huyện Văn Quan, Tỉnh Lạng Sơn"
20,Lạng Sơn,184,Văn Quan,06322,Hữu Lễ,Xã,"Xã Hữu Lễ, Huyện Văn Quan, Tỉnh Lạng Sơn"
20,Lạng Sơn,184,Văn Quan,06286,Khánh Khê,Xã,"Xã Khánh Khê, Huyện Văn Quan, Tỉnh Lạng Sơn"
20,Lạng Sơn,184,Văn Quan,06268,Liên Hội,Xã,"Xã Liên Hội, Huyện Văn Quan, Tỉnh Lạng Sơn"
20,Lạng Sơn,184,Văn Quan,06292,Lương Năng,Xã,"Xã Lương Năng, Huyện Văn Quan, Tỉnh Lạng Sơn"
20,Lạng Sơn,184,Văn Quan,06307,Tân Đoàn,Xã,"Xã Tân Đoàn, Huyện Văn Quan, Tỉnh Lạng Sơn"
20,Lạng Sơn,184,Văn Quan,06256,Trấn Ninh,Xã,"Xã Trấn Ninh, Huyện Văn Quan, Tỉnh Lạng Sơn"
20,Lạng Sơn,184,Văn Quan,06316,Tràng Phái,Xã,"Xã Tràng Phái, Huyện Văn Quan, Tỉnh Lạng Sơn"
20,Lạng Sơn,184,Văn Quan,06313,Tri Lễ,Xã,"Xã Tri Lễ, Huyện Văn Quan, Tỉnh Lạng Sơn"
20,Lạng Sơn,184,Văn Quan,06277,Tú Xuyên,Xã,"Xã Tú Xuyên, Huyện Văn Quan, Tỉnh Lạng Sơn"
20,Lạng Sơn,184,Văn Quan,06253,Văn Quan,Thị trấn,"Thị trấn Văn Quan, Huyện Văn Quan, Tỉnh Lạng Sơn"
20,Lạng Sơn,184,Văn Quan,06319,Yên Phúc,Xã,"Xã Yên Phúc, Huyện Văn Quan, Tỉnh Lạng Sơn"
10,Lào Cai,085,Bắc Hà,02839,Bắc Hà,Thị trấn,"Thị trấn Bắc Hà, Huyện Bắc Hà, Tỉnh Lào Cai"
10,Lào Cai,085,Bắc Hà,02899,Bản Cái,Xã,"Xã Bản Cái, Huyện Bắc Hà, Tỉnh Lào Cai"
10,Lào Cai,085,Bắc Hà,02869,Bản Liền,Xã,"Xã Bản Liền, Huyện Bắc Hà, Tỉnh Lào Cai"
10,Lào Cai,085,Bắc Hà,02866,Bản Phố,Xã,"Xã Bản Phố, Huyện Bắc Hà, Tỉnh Lào Cai"
10,Lào Cai,085,Bắc Hà,02890,Bảo Nhai,Xã,"Xã Bảo Nhai, Huyện Bắc Hà, Tỉnh Lào Cai"
10,Lào Cai,085,Bắc Hà,02896,Cốc Lầu,Xã,"Xã Cốc Lầu, Huyện Bắc Hà, Tỉnh Lào Cai"
10,Lào Cai,085,Bắc Hà,02878,Cốc Ly,Xã,"Xã Cốc Ly, Huyện Bắc Hà, Tỉnh Lào Cai"
10,Lào Cai,085,Bắc Hà,02863,Hoàng Thu Phố,Xã,"Xã Hoàng Thu Phố, Huyện Bắc Hà, Tỉnh Lào Cai"
10,Lào Cai,085,Bắc Hà,02842,Lùng Cải,Xã,"Xã Lùng Cải, Huyện Bắc Hà, Tỉnh Lào Cai"
10,Lào Cai,085,Bắc Hà,02848,Lùng Phình,Xã,"Xã Lùng Phình, Huyện Bắc Hà, Tỉnh Lào Cai"
10,Lào Cai,085,Bắc Hà,02875,Na Hối,Xã,"Xã Na Hối, Huyện Bắc Hà, Tỉnh Lào Cai"
10,Lào Cai,085,Bắc Hà,02884,Nậm Đét,Xã,"Xã Nậm Đét, Huyện Bắc Hà, Tỉnh Lào Cai"
10,Lào Cai,085,Bắc Hà,02887,Nậm Khánh,Xã,"Xã Nậm Khánh, Huyện Bắc Hà, Tỉnh Lào Cai"
10,Lào Cai,085,Bắc Hà,02893,Nậm Lúc,Xã,"Xã Nậm Lúc, Huyện Bắc Hà, Tỉnh Lào Cai"
10,Lào Cai,085,Bắc Hà,02881,Nậm Mòn,Xã,"Xã Nậm Mòn, Huyện Bắc Hà, Tỉnh Lào Cai"
10,Lào Cai,085,Bắc Hà,02854,Tả Củ Tỷ,Xã,"Xã Tả Củ Tỷ, Huyện Bắc Hà, Tỉnh Lào Cai"
10,Lào Cai,085,Bắc Hà,02851,Tả Van Chư,Xã,"Xã Tả Van Chư, Huyện Bắc Hà, Tỉnh Lào Cai"
10,Lào Cai,085,Bắc Hà,02857,Thải Giàng Phố,Xã,"Xã Thải Giàng Phố, Huyện Bắc Hà, Tỉnh Lào Cai"
10,Lào Cai,086,Bảo Thắng,02914,Bản Cầm,Xã,"Xã Bản Cầm, Huyện Bảo Thắng, Tỉnh Lào Cai"
10,Lào Cai,086,Bảo Thắng,02911,Bản Phiệt,Xã,"Xã Bản Phiệt, Huyện Bảo Thắng, Tỉnh Lào Cai"
10,Lào Cai,086,Bảo Thắng,02923,Gia Phú,Xã,"Xã Gia Phú, Huyện Bảo Thắng, Tỉnh Lào Cai"
10,Lào Cai,086,Bảo Thắng,02902,Nông trường Phong Hải,Thị trấn,"Thị trấn Nông trường Phong Hải, Huyện Bảo Thắng, Tỉnh Lào Cai"
10,Lào Cai,086,Bảo Thắng,02905,Phố Lu,Thị trấn,"Thị trấn Phố Lu, Huyện Bảo Thắng, Tỉnh Lào Cai"
10,Lào Cai,086,Bảo Thắng,02920,Phong Niên,Xã,"Xã Phong Niên, Huyện Bảo Thắng, Tỉnh Lào Cai"
10,Lào Cai,086,Bảo Thắng,02944,Phú Nhuận,Xã,"Xã Phú Nhuận, Huyện Bảo Thắng, Tỉnh Lào Cai"
10,Lào Cai,086,Bảo Thắng,02938,Sơn Hà,Xã,"Xã Sơn Hà, Huyện Bảo Thắng, Tỉnh Lào Cai"
10,Lào Cai,086,Bảo Thắng,02929,Sơn Hải,Xã,"Xã Sơn Hải, Huyện Bảo Thắng, Tỉnh Lào Cai"
10,Lào Cai,086,Bảo Thắng,02908,Tằng Loỏng,Thị trấn,"Thị trấn Tằng Loỏng, Huyện Bảo Thắng, Tỉnh Lào Cai"
10,Lào Cai,086,Bảo Thắng,02917,Thái Niên,Xã,"Xã Thái Niên, Huyện Bảo Thắng, Tỉnh Lào Cai"
10,Lào Cai,086,Bảo Thắng,02935,Trì Quang,Xã,"Xã Trì Quang, Huyện Bảo Thắng, Tỉnh Lào Cai"
10,Lào Cai,086,Bảo Thắng,02932,Xuân Giao,Xã,"Xã Xuân Giao, Huyện Bảo Thắng, Tỉnh Lào Cai"
10,Lào Cai,086,Bảo Thắng,02926,Xuân Quang,Xã,"Xã Xuân Quang, Huyện Bảo Thắng, Tỉnh Lào Cai"
10,Lào Cai,087,Bảo Yên,02989,Bảo Hà,Xã,"Xã Bảo Hà, Huyện Bảo Yên, Tỉnh Lào Cai"
10,Lào Cai,087,Bảo Yên,02974,Cam Cọn,Xã,"Xã Cam Cọn, Huyện Bảo Yên, Tỉnh Lào Cai"
10,Lào Cai,087,Bảo Yên,02959,Điện Quan,Xã,"Xã Điện Quan, Huyện Bảo Yên, Tỉnh Lào Cai"
10,Lào Cai,087,Bảo Yên,02971,Kim Sơn,Xã,"Xã Kim Sơn, Huyện Bảo Yên, Tỉnh Lào Cai"
10,Lào Cai,087,Bảo Yên,02992,Lương Sơn,Xã,"Xã Lương Sơn, Huyện Bảo Yên, Tỉnh Lào Cai"
10,Lào Cai,087,Bảo Yên,02977,Minh Tân,Xã,"Xã Minh Tân, Huyện Bảo Yên, Tỉnh Lào Cai"
10,Lào Cai,087,Bảo Yên,02953,Nghĩa Đô,Xã,"Xã Nghĩa Đô, Huyện Bảo Yên, Tỉnh Lào Cai"
10,Lào Cai,087,Bảo Yên,02947,Phố Ràng,Thị trấn,"Thị trấn Phố Ràng, Huyện Bảo Yên, Tỉnh Lào Cai"
10,Lào Cai,087,Bảo Yên,02998,Phúc Khánh,Xã,"Xã Phúc Khánh, Huyện Bảo Yên, Tỉnh Lào Cai"
10,Lào Cai,087,Bảo Yên,02965,Tân Dương,Xã,"Xã Tân Dương, Huyện Bảo Yên, Tỉnh Lào Cai"
10,Lào Cai,087,Bảo Yên,02950,Tân Tiến,Xã,"Xã Tân Tiến, Huyện Bảo Yên, Tỉnh Lào Cai"
10,Lào Cai,087,Bảo Yên,02968,Thượng Hà,Xã,"Xã Thượng Hà, Huyện Bảo Yên, Tỉnh Lào Cai"
10,Lào Cai,087,Bảo Yên,02983,Việt Tiến,Xã,"Xã Việt Tiến, Huyện Bảo Yên, Tỉnh Lào Cai"
10,Lào Cai,087,Bảo Yên,02956,Vĩnh Yên,Xã,"Xã Vĩnh Yên, Huyện Bảo Yên, Tỉnh Lào Cai"
10,Lào Cai,087,Bảo Yên,02962,Xuân Hoà,Xã,"Xã Xuân Hoà, Huyện Bảo Yên, Tỉnh Lào Cai"
10,Lào Cai,087,Bảo Yên,02980,Xuân Thượng,Xã,"Xã Xuân Thượng, Huyện Bảo Yên, Tỉnh Lào Cai"
10,Lào Cai,087,Bảo Yên,02986,Yên Sơn,Xã,"Xã Yên Sơn, Huyện Bảo Yên, Tỉnh Lào Cai"
10,Lào Cai,082,Bát Xát,02692,A Lù,Xã,"Xã A Lù, Huyện Bát Xát, Tỉnh Lào Cai"
10,Lào Cai,082,Bát Xát,02686,A Mú Sung,Xã,"Xã A Mú Sung, Huyện Bát Xát, Tỉnh Lào Cai"
10,Lào Cai,082,Bát Xát,02716,Bản Qua,Xã,"Xã Bản Qua, Huyện Bát Xát, Tỉnh Lào Cai"
10,Lào Cai,082,Bát Xát,02710,Bản Vược,Xã,"Xã Bản Vược, Huyện Bát Xát, Tỉnh Lào Cai"
10,Lào Cai,082,Bát Xát,02725,Bản Xèo,Xã,"Xã Bản Xèo, Huyện Bát Xát, Tỉnh Lào Cai"
10,Lào Cai,082,Bát Xát,02683,Bát Xát,Thị trấn,"Thị trấn Bát Xát, Huyện Bát Xát, Tỉnh Lào Cai"
10,Lào Cai,082,Bát Xát,02704,Cốc Mỳ,Xã,"Xã Cốc Mỳ, Huyện Bát Xát, Tỉnh Lào Cai"
10,Lào Cai,082,Bát Xát,02707,Dền Sáng,Xã,"Xã Dền Sáng, Huyện Bát Xát, Tỉnh Lào Cai"
10,Lào Cai,082,Bát Xát,02722,Dền Thàng,Xã,"Xã Dền Thàng, Huyện Bát Xát, Tỉnh Lào Cai"
10,Lào Cai,082,Bát Xát,02728,Mường Hum,Xã,"Xã Mường Hum, Huyện Bát Xát, Tỉnh Lào Cai"
10,Lào Cai,082,Bát Xát,02719,Mường Vi,Xã,"Xã Mường Vi, Huyện Bát Xát, Tỉnh Lào Cai"
10,Lào Cai,082,Bát Xát,02689,Nậm Chạc,Xã,"Xã Nậm Chạc, Huyện Bát Xát, Tỉnh Lào Cai"
10,Lào Cai,082,Bát Xát,02740,Nậm Pung,Xã,"Xã Nậm Pung, Huyện Bát Xát, Tỉnh Lào Cai"
10,Lào Cai,082,Bát Xát,02737,Pa Cheo,Xã,"Xã Pa Cheo, Huyện Bát Xát, Tỉnh Lào Cai"
10,Lào Cai,082,Bát Xát,02743,Phìn Ngan,Xã,"Xã Phìn Ngan, Huyện Bát Xát, Tỉnh Lào Cai"
10,Lào Cai,082,Bát Xát,02734,Quang Kim,Xã,"Xã Quang Kim, Huyện Bát Xát, Tỉnh Lào Cai"
10,Lào Cai,082,Bát Xát,02713,Sàng Ma Sáo,Xã,"Xã Sàng Ma Sáo, Huyện Bát Xát, Tỉnh Lào Cai"
10,Lào Cai,082,Bát Xát,02749,Tòng Sành,Xã,"Xã Tòng Sành, Huyện Bát Xát, Tỉnh Lào Cai"
10,Lào Cai,082,Bát Xát,02695,Trịnh Tường,Xã,"Xã Trịnh Tường, Huyện Bát Xát, Tỉnh Lào Cai"
10,Lào Cai,082,Bát Xát,02731,Trung Lèng Hồ,Xã,"Xã Trung Lèng Hồ, Huyện Bát Xát, Tỉnh Lào Cai"
10,Lào Cai,082,Bát Xát,02701,Y Tý,Xã,"Xã Y Tý, Huyện Bát Xát, Tỉnh Lào Cai"
10,Lào Cai,080,Lào Cai,02668,Bắc Cường,Phường,"Phường Bắc Cường, Thành phố Lào Cai, Tỉnh Lào Cai"
10,Lào Cai,080,Lào Cai,02650,Bắc Lệnh,Phường,"Phường Bắc Lệnh, Thành phố Lào Cai, Tỉnh Lào Cai"
10,Lào Cai,080,Lào Cai,02658,Bình Minh,Phường,"Phường Bình Minh, Thành phố Lào Cai, Tỉnh Lào Cai"
10,Lào Cai,080,Lào Cai,02674,Cam Đường,Xã,"Xã Cam Đường, Thành phố Lào Cai, Tỉnh Lào Cai"
10,Lào Cai,080,Lào Cai,02644,Cốc Lếu,Phường,"Phường Cốc Lếu, Thành phố Lào Cai, Tỉnh Lào Cai"
10,Lào Cai,080,Lào Cai,02746,Cốc San,Xã,"Xã Cốc San, Thành phố Lào Cai, Tỉnh Lào Cai"
10,Lào Cai,080,Lào Cai,02635,Duyên Hải,Phường,"Phường Duyên Hải, Thành phố Lào Cai, Tỉnh Lào Cai"
10,Lào Cai,080,Lào Cai,02662,Đồng Tuyển,Xã,"Xã Đồng Tuyển, Thành phố Lào Cai, Tỉnh Lào Cai"
10,Lào Cai,080,Lào Cai,02680,Hợp Thành,Xã,"Xã Hợp Thành, Thành phố Lào Cai, Tỉnh Lào Cai"
10,Lào Cai,080,Lào Cai,02647,Kim Tân,Phường,"Phường Kim Tân, Thành phố Lào Cai, Tỉnh Lào Cai"
10,Lào Cai,080,Lào Cai,02641,Lào Cai,Phường,"Phường Lào Cai, Thành phố Lào Cai, Tỉnh Lào Cai"
10,Lào Cai,080,Lào Cai,02671,Nam Cường,Phường,"Phường Nam Cường, Thành phố Lào Cai, Tỉnh Lào Cai"
10,Lào Cai,080,Lào Cai,02653,Pom Hán,Phường,"Phường Pom Hán, Thành phố Lào Cai, Tỉnh Lào Cai"
10,Lào Cai,080,Lào Cai,02677,Tả Phời,Xã,"Xã Tả Phời, Thành phố Lào Cai, Tỉnh Lào Cai"
10,Lào Cai,080,Lào Cai,02659,Thống Nhất,Xã,"Xã Thống Nhất, Thành phố Lào Cai, Tỉnh Lào Cai"
10,Lào Cai,080,Lào Cai,02665,Vạn Hoà,Xã,"Xã Vạn Hoà, Thành phố Lào Cai, Tỉnh Lào Cai"
10,Lào Cai,080,Lào Cai,02656,Xuân Tăng,Phường,"Phường Xuân Tăng, Thành phố Lào Cai, Tỉnh Lào Cai"
10,Lào Cai,083,Mường Khương,02788,Bản Lầu,Xã,"Xã Bản Lầu, Huyện Mường Khương, Tỉnh Lào Cai"
10,Lào Cai,083,Mường Khương,02797,Bản Sen,Xã,"Xã Bản Sen, Huyện Mường Khương, Tỉnh Lào Cai"
10,Lào Cai,083,Mường Khương,02782,Cao Sơn,Xã,"Xã Cao Sơn, Huyện Mường Khương, Tỉnh Lào Cai"
10,Lào Cai,083,Mường Khương,02764,Dìn Chin,Xã,"Xã Dìn Chin, Huyện Mường Khương, Tỉnh Lào Cai"
10,Lào Cai,083,Mường Khương,02791,La Pan Tẩn,Xã,"Xã La Pan Tẩn, Huyện Mường Khương, Tỉnh Lào Cai"
10,Lào Cai,083,Mường Khương,02776,Lùng Khấu Nhin,Xã,"Xã Lùng Khấu Nhin, Huyện Mường Khương, Tỉnh Lào Cai"
10,Lào Cai,083,Mường Khương,02785,Lùng Vai,Xã,"Xã Lùng Vai, Huyện Mường Khương, Tỉnh Lào Cai"
10,Lào Cai,083,Mường Khương,02761,Mường Khương,Thị trấn,"Thị trấn Mường Khương, Huyện Mường Khương, Tỉnh Lào Cai"
10,Lào Cai,083,Mường Khương,02770,Nậm Chảy,Xã,"Xã Nậm Chảy, Huyện Mường Khương, Tỉnh Lào Cai"
10,Lào Cai,083,Mường Khương,02773,Nấm Lư,Xã,"Xã Nấm Lư, Huyện Mường Khương, Tỉnh Lào Cai"
10,Lào Cai,083,Mường Khương,02752,Pha Long,Xã,"Xã Pha Long, Huyện Mường Khương, Tỉnh Lào Cai"
10,Lào Cai,083,Mường Khương,02767,Tả Gia Khâu,Xã,"Xã Tả Gia Khâu, Huyện Mường Khương, Tỉnh Lào Cai"
10,Lào Cai,083,Mường Khương,02755,Tả Ngải Chồ,Xã,"Xã Tả Ngải Chồ, Huyện Mường Khương, Tỉnh Lào Cai"
10,Lào Cai,083,Mường Khương,02794,Tả Thàng,Xã,"Xã Tả Thàng, Huyện Mường Khương, Tỉnh Lào Cai"
10,Lào Cai,083,Mường Khương,02779,Thanh Bình,Xã,"Xã Thanh Bình, Huyện Mường Khương, Tỉnh Lào Cai"
10,Lào Cai,083,Mường Khương,02758,Tung Chung Phố,Xã,"Xã Tung Chung Phố, Huyện Mường Khương, Tỉnh Lào Cai"
10,Lào Cai,088,Sa Pa,03046,Bản Hồ,Xã,"Xã Bản Hồ, Thị xã Sa Pa, Tỉnh Lào Cai"
10,Lào Cai,088,Sa Pa,03028,Cầu Mây,Phường,"Phường Cầu Mây, Thị xã Sa Pa, Tỉnh Lào Cai"
10,Lào Cai,088,Sa Pa,03016,Hàm Rồng,Phường,"Phường Hàm Rồng, Thị xã Sa Pa, Tỉnh Lào Cai"
10,Lào Cai,088,Sa Pa,03019,Hoàng Liên,Xã,"Xã Hoàng Liên, Thị xã Sa Pa, Tỉnh Lào Cai"
10,Lào Cai,088,Sa Pa,03052,Liên Minh,Xã,"Xã Liên Minh, Thị xã Sa Pa, Tỉnh Lào Cai"
10,Lào Cai,088,Sa Pa,03043,Mường Bo,Xã,"Xã Mường Bo, Thị xã Sa Pa, Tỉnh Lào Cai"
10,Lào Cai,088,Sa Pa,03037,Mường Hoa,Xã,"Xã Mường Hoa, Thị xã Sa Pa, Tỉnh Lào Cai"
10,Lào Cai,088,Sa Pa,03004,Ngũ Chỉ Sơn,Xã,"Xã Ngũ Chỉ Sơn, Thị xã Sa Pa, Tỉnh Lào Cai"
10,Lào Cai,088,Sa Pa,03003,Ô Quý Hồ,Phường,"Phường Ô Quý Hồ, Thị xã Sa Pa, Tỉnh Lào Cai"
10,Lào Cai,088,Sa Pa,03006,Phan Si Păng,Phường,"Phường Phan Si Păng, Thị xã Sa Pa, Tỉnh Lào Cai"
10,Lào Cai,088,Sa Pa,03001,Sa Pa,Phường,"Phường Sa Pa, Thị xã Sa Pa, Tỉnh Lào Cai"
10,Lào Cai,088,Sa Pa,03002,Sa Pả,Phường,"Phường Sa Pả, Thị xã Sa Pa, Tỉnh Lào Cai"
10,Lào Cai,088,Sa Pa,03013,Tả Phìn,Xã,"Xã Tả Phìn, Thị xã Sa Pa, Tỉnh Lào Cai"
10,Lào Cai,088,Sa Pa,03040,Tả Van,Xã,"Xã Tả Van, Thị xã Sa Pa, Tỉnh Lào Cai"
10,Lào Cai,088,Sa Pa,03022,Thanh Bình,Xã,"Xã Thanh Bình, Thị xã Sa Pa, Tỉnh Lào Cai"
10,Lào Cai,088,Sa Pa,03010,Trung Chải,Xã,"Xã Trung Chải, Thị xã Sa Pa, Tỉnh Lào Cai"
10,Lào Cai,084,Si Ma Cai,02806,Bản Mế,Xã,"Xã Bản Mế, Huyện Si Ma Cai, Tỉnh Lào Cai"
10,Lào Cai,084,Si Ma Cai,02821,Cán Cấu,Xã,"Xã Cán Cấu, Huyện Si Ma Cai, Tỉnh Lào Cai"
10,Lào Cai,084,Si Ma Cai,02818,Lùng Thẩn,Xã,"Xã Lùng Thẩn, Huyện Si Ma Cai, Tỉnh Lào Cai"
10,Lào Cai,084,Si Ma Cai,02800,Nàn Sán,Xã,"Xã Nàn Sán, Huyện Si Ma Cai, Tỉnh Lào Cai"
10,Lào Cai,084,Si Ma Cai,02836,Nàn Sín,Xã,"Xã Nàn Sín, Huyện Si Ma Cai, Tỉnh Lào Cai"
10,Lào Cai,084,Si Ma Cai,02827,Quan Hồ Thẩn,Xã,"Xã Quan Hồ Thẩn, Huyện Si Ma Cai, Tỉnh Lào Cai"
10,Lào Cai,084,Si Ma Cai,02812,Sán Chải,Xã,"Xã Sán Chải, Huyện Si Ma Cai, Tỉnh Lào Cai"
10,Lào Cai,084,Si Ma Cai,02809,Si Ma Cai,Thị trấn,"Thị trấn Si Ma Cai, Huyện Si Ma Cai, Tỉnh Lào Cai"
10,Lào Cai,084,Si Ma Cai,02824,Sín Chéng,Xã,"Xã Sín Chéng, Huyện Si Ma Cai, Tỉnh Lào Cai"
10,Lào Cai,084,Si Ma Cai,02803,Thào Chư Phìn,Xã,"Xã Thào Chư Phìn, Huyện Si Ma Cai, Tỉnh Lào Cai"
10,Lào Cai,089,Văn Bàn,03091,Chiềng Ken,Xã,"Xã Chiềng Ken, Huyện Văn Bàn, Tỉnh Lào Cai"
10,Lào Cai,089,Văn Bàn,03088,Dần Thàng,Xã,"Xã Dần Thàng, Huyện Văn Bàn, Tỉnh Lào Cai"
10,Lào Cai,089,Văn Bàn,03106,Dương Quỳ,Xã,"Xã Dương Quỳ, Huyện Văn Bàn, Tỉnh Lào Cai"
10,Lào Cai,089,Văn Bàn,03097,Hoà Mạc,Xã,"Xã Hoà Mạc, Huyện Văn Bàn, Tỉnh Lào Cai"
10,Lào Cai,089,Văn Bàn,03055,Khánh Yên,Thị trấn,"Thị trấn Khánh Yên, Huyện Văn Bàn, Tỉnh Lào Cai"
10,Lào Cai,089,Văn Bàn,03103,Khánh Yên Hạ,Xã,"Xã Khánh Yên Hạ, Huyện Văn Bàn, Tỉnh Lào Cai"
10,Lào Cai,089,Văn Bàn,03082,Khánh Yên Thượng,Xã,"Xã Khánh Yên Thượng, Huyện Văn Bàn, Tỉnh Lào Cai"
10,Lào Cai,089,Văn Bàn,03100,Khánh Yên Trung,Xã,"Xã Khánh Yên Trung, Huyện Văn Bàn, Tỉnh Lào Cai"
10,Lào Cai,089,Văn Bàn,03094,Làng Giàng,Xã,"Xã Làng Giàng, Huyện Văn Bàn, Tỉnh Lào Cai"
10,Lào Cai,089,Văn Bàn,03118,Liêm Phú,Xã,"Xã Liêm Phú, Huyện Văn Bàn, Tỉnh Lào Cai"
10,Lào Cai,089,Văn Bàn,03112,Minh Lương,Xã,"Xã Minh Lương, Huyện Văn Bàn, Tỉnh Lào Cai"
10,Lào Cai,089,Văn Bàn,03076,Nậm Chầy,Xã,"Xã Nậm Chầy, Huyện Văn Bàn, Tỉnh Lào Cai"
10,Lào Cai,089,Văn Bàn,03073,Nậm Dạng,Xã,"Xã Nậm Dạng, Huyện Văn Bàn, Tỉnh Lào Cai"
10,Lào Cai,089,Văn Bàn,03067,Nậm Mả,Xã,"Xã Nậm Mả, Huyện Văn Bàn, Tỉnh Lào Cai"
10,Lào Cai,089,Văn Bàn,03109,Nậm Tha,Xã,"Xã Nậm Tha, Huyện Văn Bàn, Tỉnh Lào Cai"
10,Lào Cai,089,Văn Bàn,03121,Nậm Xây,Xã,"Xã Nậm Xây, Huyện Văn Bàn, Tỉnh Lào Cai"
10,Lào Cai,089,Văn Bàn,03085,Nậm Xé,Xã,"Xã Nậm Xé, Huyện Văn Bàn, Tỉnh Lào Cai"
10,Lào Cai,089,Văn Bàn,03064,Sơn Thuỷ,Xã,"Xã Sơn Thuỷ, Huyện Văn Bàn, Tỉnh Lào Cai"
10,Lào Cai,089,Văn Bàn,03079,Tân An,Xã,"Xã Tân An, Huyện Văn Bàn, Tỉnh Lào Cai"
10,Lào Cai,089,Văn Bàn,03070,Tân Thượng,Xã,"Xã Tân Thượng, Huyện Văn Bàn, Tỉnh Lào Cai"
10,Lào Cai,089,Văn Bàn,03115,Thẩm Dương,Xã,"Xã Thẩm Dương, Huyện Văn Bàn, Tỉnh Lào Cai"
10,Lào Cai,089,Văn Bàn,03061,Võ Lao,Xã,"Xã Võ Lao, Huyện Văn Bàn, Tỉnh Lào Cai"
80,Long An,803,Bến Lức,28012,An Thạnh,Xã,"Xã An Thạnh, Huyện Bến Lức, Tỉnh Long An"
80,Long An,803,Bến Lức,27991,Bến Lức,Thị trấn,"Thị trấn Bến Lức, Huyện Bến Lức, Tỉnh Long An"
80,Long An,803,Bến Lức,28015,Bình Đức,Xã,"Xã Bình Đức, Huyện Bến Lức, Tỉnh Long An"
80,Long An,803,Bến Lức,28024,Long Hiệp,Xã,"Xã Long Hiệp, Huyện Bến Lức, Tỉnh Long An"
80,Long An,803,Bến Lức,27997,Lương Bình,Xã,"Xã Lương Bình, Huyện Bến Lức, Tỉnh Long An"
80,Long An,803,Bến Lức,28003,Lương Hòa,Xã,"Xã Lương Hòa, Huyện Bến Lức, Tỉnh Long An"
80,Long An,803,Bến Lức,28018,Mỹ Yên,Xã,"Xã Mỹ Yên, Huyện Bến Lức, Tỉnh Long An"
80,Long An,803,Bến Lức,28033,Nhựt Chánh,Xã,"Xã Nhựt Chánh, Huyện Bến Lức, Tỉnh Long An"
80,Long An,803,Bến Lức,28030,Phước Lợi,Xã,"Xã Phước Lợi, Huyện Bến Lức, Tỉnh Long An"
80,Long An,803,Bến Lức,28009,Tân Bửu,Xã,"Xã Tân Bửu, Huyện Bến Lức, Tỉnh Long An"
80,Long An,803,Bến Lức,28027,Thạnh Đức,Xã,"Xã Thạnh Đức, Huyện Bến Lức, Tỉnh Long An"
80,Long An,803,Bến Lức,28000,Thạnh Hòa,Xã,"Xã Thạnh Hòa, Huyện Bến Lức, Tỉnh Long An"
80,Long An,803,Bến Lức,27994,Thạnh Lợi,Xã,"Xã Thạnh Lợi, Huyện Bến Lức, Tỉnh Long An"
80,Long An,803,Bến Lức,28021,Thanh Phú,Xã,"Xã Thanh Phú, Huyện Bến Lức, Tỉnh Long An"
80,Long An,806,Cần Đước,28108,Cần Đước,Thị trấn,"Thị trấn Cần Đước, Huyện Cần Đước, Tỉnh Long An"
80,Long An,806,Cần Đước,28126,Long Cang,Xã,"Xã Long Cang, Huyện Cần Đước, Tỉnh Long An"
80,Long An,806,Cần Đước,28117,Long Định,Xã,"Xã Long Định, Huyện Cần Đước, Tỉnh Long An"
80,Long An,806,Cần Đước,28123,Long Hòa,Xã,"Xã Long Hòa, Huyện Cần Đước, Tỉnh Long An"
80,Long An,806,Cần Đước,28144,Long Hựu Đông,Xã,"Xã Long Hựu Đông, Huyện Cần Đước, Tỉnh Long An"
80,Long An,806,Cần Đước,28153,Long Hựu Tây,Xã,"Xã Long Hựu Tây, Huyện Cần Đước, Tỉnh Long An"
80,Long An,806,Cần Đước,28114,Long Khê,Xã,"Xã Long Khê, Huyện Cần Đước, Tỉnh Long An"
80,Long An,806,Cần Đước,28129,Long Sơn,Xã,"Xã Long Sơn, Huyện Cần Đước, Tỉnh Long An"
80,Long An,806,Cần Đước,28111,Long Trạch,Xã,"Xã Long Trạch, Huyện Cần Đước, Tỉnh Long An"
80,Long An,806,Cần Đước,28135,Mỹ Lệ,Xã,"Xã Mỹ Lệ, Huyện Cần Đước, Tỉnh Long An"
80,Long An,806,Cần Đước,28150,Phước Đông,Xã,"Xã Phước Đông, Huyện Cần Đước, Tỉnh Long An"
80,Long An,806,Cần Đước,28141,Phước Tuy,Xã,"Xã Phước Tuy, Huyện Cần Đước, Tỉnh Long An"
80,Long An,806,Cần Đước,28120,Phước Vân,Xã,"Xã Phước Vân, Huyện Cần Đước, Tỉnh Long An"
80,Long An,806,Cần Đước,28147,Tân Ân,Xã,"Xã Tân Ân, Huyện Cần Đước, Tỉnh Long An"
80,Long An,806,Cần Đước,28156,Tân Chánh,Xã,"Xã Tân Chánh, Huyện Cần Đước, Tỉnh Long An"
80,Long An,806,Cần Đước,28138,Tân Lân,Xã,"Xã Tân Lân, Huyện Cần Đước, Tỉnh Long An"
80,Long An,806,Cần Đước,28132,Tân Trạch,Xã,"Xã Tân Trạch, Huyện Cần Đước, Tỉnh Long An"
80,Long An,807,Cần Giuộc,28159,Cần Giuộc,Thị trấn,"Thị trấn Cần Giuộc, Huyện Cần Giuộc, Tỉnh Long An"
80,Long An,807,Cần Giuộc,28204,Đông Thạnh,Xã,"Xã Đông Thạnh, Huyện Cần Giuộc, Tỉnh Long An"
80,Long An,807,Cần Giuộc,28198,Long An,Xã,"Xã Long An, Huyện Cần Giuộc, Tỉnh Long An"
80,Long An,807,Cần Giuộc,28168,Long Hậu,Xã,"Xã Long Hậu, Huyện Cần Giuộc, Tỉnh Long An"
80,Long An,807,Cần Giuộc,28201,Long Phụng,Xã,"Xã Long Phụng, Huyện Cần Giuộc, Tỉnh Long An"
80,Long An,807,Cần Giuộc,28165,Long Thượng,Xã,"Xã Long Thượng, Huyện Cần Giuộc, Tỉnh Long An"
80,Long An,807,Cần Giuộc,28177,Mỹ Lộc,Xã,"Xã Mỹ Lộc, Huyện Cần Giuộc, Tỉnh Long An"
80,Long An,807,Cần Giuộc,28174,Phước Hậu,Xã,"Xã Phước Hậu, Huyện Cần Giuộc, Tỉnh Long An"
80,Long An,807,Cần Giuộc,28180,Phước Lại,Xã,"Xã Phước Lại, Huyện Cần Giuộc, Tỉnh Long An"
80,Long An,807,Cần Giuộc,28183,Phước Lâm,Xã,"Xã Phước Lâm, Huyện Cần Giuộc, Tỉnh Long An"
80,Long An,807,Cần Giuộc,28162,Phước Lý,Xã,"Xã Phước Lý, Huyện Cần Giuộc, Tỉnh Long An"
80,Long An,807,Cần Giuộc,28195,Phước Vĩnh Đông,Xã,"Xã Phước Vĩnh Đông, Huyện Cần Giuộc, Tỉnh Long An"
80,Long An,807,Cần Giuộc,28192,Phước Vĩnh Tây,Xã,"Xã Phước Vĩnh Tây, Huyện Cần Giuộc, Tỉnh Long An"
80,Long An,807,Cần Giuộc,28207,Tân Tập,Xã,"Xã Tân Tập, Huyện Cần Giuộc, Tỉnh Long An"
80,Long An,807,Cần Giuộc,28189,Thuận Thành,Xã,"Xã Thuận Thành, Huyện Cần Giuộc, Tỉnh Long An"
80,Long An,808,Châu Thành,28240,An Lục Long,Xã,"Xã An Lục Long, Huyện Châu Thành, Tỉnh Long An"
80,Long An,808,Châu Thành,28213,Bình Quới,Xã,"Xã Bình Quới, Huyện Châu Thành, Tỉnh Long An"
80,Long An,808,Châu Thành,28237,Dương Xuân Hội,Xã,"Xã Dương Xuân Hội, Huyện Châu Thành, Tỉnh Long An"
80,Long An,808,Châu Thành,28228,Hiệp Thạnh,Xã,"Xã Hiệp Thạnh, Huyện Châu Thành, Tỉnh Long An"
80,Long An,808,Châu Thành,28216,Hòa Phú,Xã,"Xã Hòa Phú, Huyện Châu Thành, Tỉnh Long An"
80,Long An,808,Châu Thành,28243,Long Trì,Xã,"Xã Long Trì, Huyện Châu Thành, Tỉnh Long An"
80,Long An,808,Châu Thành,28219,Phú Ngãi Trị,Xã,"Xã Phú Ngãi Trị, Huyện Châu Thành, Tỉnh Long An"
80,Long An,808,Châu Thành,28231,Phước Tân Hưng,Xã,"Xã Phước Tân Hưng, Huyện Châu Thành, Tỉnh Long An"
80,Long An,808,Châu Thành,28210,Tầm Vu,Thị trấn,"Thị trấn Tầm Vu, Huyện Châu Thành, Tỉnh Long An"
80,Long An,808,Châu Thành,28234,Thanh Phú Long,Xã,"Xã Thanh Phú Long, Huyện Châu Thành, Tỉnh Long An"
80,Long An,808,Châu Thành,28246,Thanh Vĩnh Đông,Xã,"Xã Thanh Vĩnh Đông, Huyện Châu Thành, Tỉnh Long An"
80,Long An,808,Châu Thành,28225,Thuận Mỹ,Xã,"Xã Thuận Mỹ, Huyện Châu Thành, Tỉnh Long An"
80,Long An,808,Châu Thành,28222,Vĩnh Công,Xã,"Xã Vĩnh Công, Huyện Châu Thành, Tỉnh Long An"
80,Long An,802,Đức Hòa,27943,An Ninh Đông,Xã,"Xã An Ninh Đông, Huyện Đức Hòa, Tỉnh Long An"
80,Long An,802,Đức Hòa,27946,An Ninh Tây,Xã,"Xã An Ninh Tây, Huyện Đức Hòa, Tỉnh Long An"
80,Long An,802,Đức Hòa,27937,Đức Hòa,Thị trấn,"Thị trấn Đức Hòa, Huyện Đức Hòa, Tỉnh Long An"
80,Long An,802,Đức Hòa,27982,Đức Hòa Đông,Xã,"Xã Đức Hòa Đông, Huyện Đức Hòa, Tỉnh Long An"
80,Long An,802,Đức Hòa,27985,Đức Hòa Hạ,Xã,"Xã Đức Hòa Hạ, Huyện Đức Hòa, Tỉnh Long An"
80,Long An,802,Đức Hòa,27967,Đức Hòa Thượng,Xã,"Xã Đức Hòa Thượng, Huyện Đức Hòa, Tỉnh Long An"
80,Long An,802,Đức Hòa,27958,Đức Lập Hạ,Xã,"Xã Đức Lập Hạ, Huyện Đức Hòa, Tỉnh Long An"
80,Long An,802,Đức Hòa,27955,Đức Lập Thượng,Xã,"Xã Đức Lập Thượng, Huyện Đức Hòa, Tỉnh Long An"
80,Long An,802,Đức Hòa,27931,Hậu Nghĩa,Thị trấn,"Thị trấn Hậu Nghĩa, Huyện Đức Hòa, Tỉnh Long An"
80,Long An,802,Đức Hòa,27934,Hiệp Hòa,Thị trấn,"Thị trấn Hiệp Hòa, Huyện Đức Hòa, Tỉnh Long An"
80,Long An,802,Đức Hòa,27952,Hiệp Hòa,Xã,"Xã Hiệp Hòa, Huyện Đức Hòa, Tỉnh Long An"
80,Long An,802,Đức Hòa,27973,Hòa Khánh Đông,Xã,"Xã Hòa Khánh Đông, Huyện Đức Hòa, Tỉnh Long An"
80,Long An,802,Đức Hòa,27979,Hòa Khánh Nam,Xã,"Xã Hòa Khánh Nam, Huyện Đức Hòa, Tỉnh Long An"
80,Long An,802,Đức Hòa,27970,Hòa Khánh Tây,Xã,"Xã Hòa Khánh Tây, Huyện Đức Hòa, Tỉnh Long An"
80,Long An,802,Đức Hòa,27988,Hựu Thạnh,Xã,"Xã Hựu Thạnh, Huyện Đức Hòa, Tỉnh Long An"
80,Long An,802,Đức Hòa,27940,Lộc Giang,Xã,"Xã Lộc Giang, Huyện Đức Hòa, Tỉnh Long An"
80,Long An,802,Đức Hòa,27964,Mỹ Hạnh Bắc,Xã,"Xã Mỹ Hạnh Bắc, Huyện Đức Hòa, Tỉnh Long An"
80,Long An,802,Đức Hòa,27976,Mỹ Hạnh Nam,Xã,"Xã Mỹ Hạnh Nam, Huyện Đức Hòa, Tỉnh Long An"
80,Long An,802,Đức Hòa,27949,Tân Mỹ,Xã,"Xã Tân Mỹ, Huyện Đức Hòa, Tỉnh Long An"
80,Long An,802,Đức Hòa,27961,Tân Phú,Xã,"Xã Tân Phú, Huyện Đức Hòa, Tỉnh Long An"
80,Long An,801,Đức Huệ,27919,Bình Hòa Bắc,Xã,"Xã Bình Hòa Bắc, Huyện Đức Huệ, Tỉnh Long An"
80,Long An,801,Đức Huệ,27922,Bình Hòa Hưng,Xã,"Xã Bình Hòa Hưng, Huyện Đức Huệ, Tỉnh Long An"
80,Long An,801,Đức Huệ,27925,Bình Hòa Nam,Xã,"Xã Bình Hòa Nam, Huyện Đức Huệ, Tỉnh Long An"
80,Long An,801,Đức Huệ,27916,Bình Thành,Xã,"Xã Bình Thành, Huyện Đức Huệ, Tỉnh Long An"
80,Long An,801,Đức Huệ,27898,Đông Thành,Thị trấn,"Thị trấn Đông Thành, Huyện Đức Huệ, Tỉnh Long An"
80,Long An,801,Đức Huệ,27928,Mỹ Bình,Xã,"Xã Mỹ Bình, Huyện Đức Huệ, Tỉnh Long An"
80,Long An,801,Đức Huệ,27901,Mỹ Quý Đông,Xã,"Xã Mỹ Quý Đông, Huyện Đức Huệ, Tỉnh Long An"
80,Long An,801,Đức Huệ,27907,Mỹ Quý Tây,Xã,"Xã Mỹ Quý Tây, Huyện Đức Huệ, Tỉnh Long An"
80,Long An,801,Đức Huệ,27904,Mỹ Thạnh Bắc,Xã,"Xã Mỹ Thạnh Bắc, Huyện Đức Huệ, Tỉnh Long An"
80,Long An,801,Đức Huệ,27913,Mỹ Thạnh Đông,Xã,"Xã Mỹ Thạnh Đông, Huyện Đức Huệ, Tỉnh Long An"
80,Long An,801,Đức Huệ,27910,Mỹ Thạnh Tây,Xã,"Xã Mỹ Thạnh Tây, Huyện Đức Huệ, Tỉnh Long An"
80,Long An,795,Kiến Tường,27787,1,Phường,"Phường 1, Thị xã Kiến Tường, Tỉnh Long An"
80,Long An,795,Kiến Tường,27788,2,Phường,"Phường 2, Thị xã Kiến Tường, Tỉnh Long An"
80,Long An,795,Kiến Tường,27806,3,Phường,"Phường 3, Thị xã Kiến Tường, Tỉnh Long An"
80,Long An,795,Kiến Tường,27793,Bình Hiệp,Xã,"Xã Bình Hiệp, Thị xã Kiến Tường, Tỉnh Long An"
80,Long An,795,Kiến Tường,27799,Bình Tân,Xã,"Xã Bình Tân, Thị xã Kiến Tường, Tỉnh Long An"
80,Long An,795,Kiến Tường,27817,Thạnh Hưng,Xã,"Xã Thạnh Hưng, Thị xã Kiến Tường, Tỉnh Long An"
80,Long An,795,Kiến Tường,27790,Thạnh Trị,Xã,"Xã Thạnh Trị, Thị xã Kiến Tường, Tỉnh Long An"
80,Long An,795,Kiến Tường,27805,Tuyên Thạnh,Xã,"Xã Tuyên Thạnh, Thị xã Kiến Tường, Tỉnh Long An"
80,Long An,798,Mộc Hóa,27811,Bình Hòa Đông,Xã,"Xã Bình Hòa Đông, Huyện Mộc Hóa, Tỉnh Long An"
80,Long An,798,Mộc Hóa,27796,Bình Hòa Tây,Xã,"Xã Bình Hòa Tây, Huyện Mộc Hóa, Tỉnh Long An"
80,Long An,798,Mộc Hóa,27808,Bình Hòa Trung,Xã,"Xã Bình Hòa Trung, Huyện Mộc Hóa, Tỉnh Long An"
80,Long An,798,Mộc Hóa,27814,Bình Phong Thạnh,Thị trấn,"Thị trấn Bình Phong Thạnh, Huyện Mộc Hóa, Tỉnh Long An"
80,Long An,798,Mộc Hóa,27802,Bình Thạnh,Xã,"Xã Bình Thạnh, Huyện Mộc Hóa, Tỉnh Long An"
80,Long An,798,Mộc Hóa,27820,Tân Lập,Xã,"Xã Tân Lập, Huyện Mộc Hóa, Tỉnh Long An"
80,Long An,798,Mộc Hóa,27823,Tân Thành,Xã,"Xã Tân Thành, Huyện Mộc Hóa, Tỉnh Long An"
80,Long An,794,Tân An,27694,1,Phường,"Phường 1, Thành phố Tân An, Tỉnh Long An"
80,Long An,794,Tân An,27697,3,Phường,"Phường 3, Thành phố Tân An, Tỉnh Long An"
80,Long An,794,Tân An,27691,4,Phường,"Phường 4, Thành phố Tân An, Tỉnh Long An"
80,Long An,794,Tân An,27685,5,Phường,"Phường 5, Thành phố Tân An, Tỉnh Long An"
80,Long An,794,Tân An,27700,6,Phường,"Phường 6, Thành phố Tân An, Tỉnh Long An"
80,Long An,794,Tân An,27698,7,Phường,"Phường 7, Thành phố Tân An, Tỉnh Long An"
80,Long An,794,Tân An,27718,An Vĩnh Ngãi,Xã,"Xã An Vĩnh Ngãi, Thành phố Tân An, Tỉnh Long An"
80,Long An,794,Tân An,27712,Bình Tâm,Xã,"Xã Bình Tâm, Thành phố Tân An, Tỉnh Long An"
80,Long An,794,Tân An,27703,Hướng Thọ Phú,Xã,"Xã Hướng Thọ Phú, Thành phố Tân An, Tỉnh Long An"
80,Long An,794,Tân An,27715,Khánh Hậu,Phường,"Phường Khánh Hậu, Thành phố Tân An, Tỉnh Long An"
80,Long An,794,Tân An,27709,Lợi Bình Nhơn,Xã,"Xã Lợi Bình Nhơn, Thành phố Tân An, Tỉnh Long An"
80,Long An,794,Tân An,27706,Nhơn Thạnh Trung,Xã,"Xã Nhơn Thạnh Trung, Thành phố Tân An, Tỉnh Long An"
80,Long An,794,Tân An,27692,Tân Khánh,Phường,"Phường Tân Khánh, Thành phố Tân An, Tỉnh Long An"
80,Long An,796,Tân Hưng,27730,Hưng Điền,Xã,"Xã Hưng Điền, Huyện Tân Hưng, Tỉnh Long An"
80,Long An,796,Tân Hưng,27727,Hưng Điền B,Xã,"Xã Hưng Điền B, Huyện Tân Hưng, Tỉnh Long An"
80,Long An,796,Tân Hưng,27724,Hưng Hà,Xã,"Xã Hưng Hà, Huyện Tân Hưng, Tỉnh Long An"
80,Long An,796,Tân Hưng,27736,Hưng Thạnh,Xã,"Xã Hưng Thạnh, Huyện Tân Hưng, Tỉnh Long An"
80,Long An,796,Tân Hưng,27721,Tân Hưng,Thị trấn,"Thị trấn Tân Hưng, Huyện Tân Hưng, Tỉnh Long An"
80,Long An,796,Tân Hưng,27733,Thạnh Hưng,Xã,"Xã Thạnh Hưng, Huyện Tân Hưng, Tỉnh Long An"
80,Long An,796,Tân Hưng,27754,Vĩnh Bửu,Xã,"Xã Vĩnh Bửu, Huyện Tân Hưng, Tỉnh Long An"
80,Long An,796,Tân Hưng,27751,Vĩnh Châu A,Xã,"Xã Vĩnh Châu A, Huyện Tân Hưng, Tỉnh Long An"
80,Long An,796,Tân Hưng,27742,Vĩnh Châu B,Xã,"Xã Vĩnh Châu B, Huyện Tân Hưng, Tỉnh Long An"
80,Long An,796,Tân Hưng,27748,Vĩnh Đại,Xã,"Xã Vĩnh Đại, Huyện Tân Hưng, Tỉnh Long An"
80,Long An,796,Tân Hưng,27745,Vĩnh Lợi,Xã,"Xã Vĩnh Lợi, Huyện Tân Hưng, Tỉnh Long An"
80,Long An,796,Tân Hưng,27739,Vĩnh Thạnh,Xã,"Xã Vĩnh Thạnh, Huyện Tân Hưng, Tỉnh Long An"
80,Long An,799,Tân Thạnh,27829,Bắc Hòa,Xã,"Xã Bắc Hòa, Huyện Tân Thạnh, Tỉnh Long An"
80,Long An,799,Tân Thạnh,27841,Hậu Thạnh Đông,Xã,"Xã Hậu Thạnh Đông, Huyện Tân Thạnh, Tỉnh Long An"
80,Long An,799,Tân Thạnh,27832,Hậu Thạnh Tây,Xã,"Xã Hậu Thạnh Tây, Huyện Tân Thạnh, Tỉnh Long An"
80,Long An,799,Tân Thạnh,27847,Kiến Bình,Xã,"Xã Kiến Bình, Huyện Tân Thạnh, Tỉnh Long An"
80,Long An,799,Tân Thạnh,27844,Nhơn Hoà,Xã,"Xã Nhơn Hoà, Huyện Tân Thạnh, Tỉnh Long An"
80,Long An,799,Tân Thạnh,27835,Nhơn Hòa Lập,Xã,"Xã Nhơn Hòa Lập, Huyện Tân Thạnh, Tỉnh Long An"
80,Long An,799,Tân Thạnh,27859,Nhơn Ninh,Xã,"Xã Nhơn Ninh, Huyện Tân Thạnh, Tỉnh Long An"
80,Long An,799,Tân Thạnh,27853,Tân Bình,Xã,"Xã Tân Bình, Huyện Tân Thạnh, Tỉnh Long An"
80,Long An,799,Tân Thạnh,27862,Tân Hòa,Xã,"Xã Tân Hòa, Huyện Tân Thạnh, Tỉnh Long An"
80,Long An,799,Tân Thạnh,27838,Tân Lập,Xã,"Xã Tân Lập, Huyện Tân Thạnh, Tỉnh Long An"
80,Long An,799,Tân Thạnh,27856,Tân Ninh,Xã,"Xã Tân Ninh, Huyện Tân Thạnh, Tỉnh Long An"
80,Long An,799,Tân Thạnh,27826,Tân Thạnh,Thị trấn,"Thị trấn Tân Thạnh, Huyện Tân Thạnh, Tỉnh Long An"
80,Long An,799,Tân Thạnh,27850,Tân Thành,Xã,"Xã Tân Thành, Huyện Tân Thạnh, Tỉnh Long An"
80,Long An,805,Tân Trụ,28096,Bình Lãng,Xã,"Xã Bình Lãng, Huyện Tân Trụ, Tỉnh Long An"
80,Long An,805,Tân Trụ,28099,Bình Tịnh,Xã,"Xã Bình Tịnh, Huyện Tân Trụ, Tỉnh Long An"
80,Long An,805,Tân Trụ,28090,Bình Trinh Đông,Xã,"Xã Bình Trinh Đông, Huyện Tân Trụ, Tỉnh Long An"
80,Long An,805,Tân Trụ,28102,Đức Tân,Xã,"Xã Đức Tân, Huyện Tân Trụ, Tỉnh Long An"
80,Long An,805,Tân Trụ,28087,Lạc Tấn,Xã,"Xã Lạc Tấn, Huyện Tân Trụ, Tỉnh Long An"
80,Long An,805,Tân Trụ,28105,Nhựt Ninh,Xã,"Xã Nhựt Ninh, Huyện Tân Trụ, Tỉnh Long An"
80,Long An,805,Tân Trụ,28084,Quê Mỹ Thạnh,Xã,"Xã Quê Mỹ Thạnh, Huyện Tân Trụ, Tỉnh Long An"
80,Long An,805,Tân Trụ,28078,Tân Bình,Xã,"Xã Tân Bình, Huyện Tân Trụ, Tỉnh Long An"
80,Long An,805,Tân Trụ,28093,Tân Phước Tây,Xã,"Xã Tân Phước Tây, Huyện Tân Trụ, Tỉnh Long An"
80,Long An,805,Tân Trụ,28075,Tân Trụ,Thị trấn,"Thị trấn Tân Trụ, Huyện Tân Trụ, Tỉnh Long An"
80,Long An,800,Thạnh Hóa,27892,Tân Đông,Xã,"Xã Tân Đông, Huyện Thạnh Hóa, Tỉnh Long An"
80,Long An,800,Thạnh Hóa,27868,Tân Hiệp,Xã,"Xã Tân Hiệp, Huyện Thạnh Hóa, Tỉnh Long An"
80,Long An,800,Thạnh Hóa,27889,Tân Tây,Xã,"Xã Tân Tây, Huyện Thạnh Hóa, Tỉnh Long An"
80,Long An,800,Thạnh Hóa,27895,Thạnh An,Xã,"Xã Thạnh An, Huyện Thạnh Hóa, Tỉnh Long An"
80,Long An,800,Thạnh Hóa,27865,Thạnh Hóa,Thị trấn,"Thị trấn Thạnh Hóa, Huyện Thạnh Hóa, Tỉnh Long An"
80,Long An,800,Thạnh Hóa,27877,Thạnh Phú,Xã,"Xã Thạnh Phú, Huyện Thạnh Hóa, Tỉnh Long An"
80,Long An,800,Thạnh Hóa,27874,Thạnh Phước,Xã,"Xã Thạnh Phước, Huyện Thạnh Hóa, Tỉnh Long An"
80,Long An,800,Thạnh Hóa,27871,Thuận Bình,Xã,"Xã Thuận Bình, Huyện Thạnh Hóa, Tỉnh Long An"
80,Long An,800,Thạnh Hóa,27880,Thuận Nghĩa Hòa,Xã,"Xã Thuận Nghĩa Hòa, Huyện Thạnh Hóa, Tỉnh Long An"
80,Long An,800,Thạnh Hóa,27883,Thủy Đông,Xã,"Xã Thủy Đông, Huyện Thạnh Hóa, Tỉnh Long An"
80,Long An,800,Thạnh Hóa,27886,Thủy Tây,Xã,"Xã Thủy Tây, Huyện Thạnh Hóa, Tỉnh Long An"
80,Long An,804,Thủ Thừa,28054,Bình An,Xã,"Xã Bình An, Huyện Thủ Thừa, Tỉnh Long An"
80,Long An,804,Thủ Thừa,28063,Bình Thạnh,Xã,"Xã Bình Thạnh, Huyện Thủ Thừa, Tỉnh Long An"
80,Long An,804,Thủ Thừa,28039,Long Thạnh,Xã,"Xã Long Thạnh, Huyện Thủ Thừa, Tỉnh Long An"
80,Long An,804,Thủ Thừa,28045,Long Thuận,Xã,"Xã Long Thuận, Huyện Thủ Thừa, Tỉnh Long An"
80,Long An,804,Thủ Thừa,28060,Mỹ An,Xã,"Xã Mỹ An, Huyện Thủ Thừa, Tỉnh Long An"
80,Long An,804,Thủ Thừa,28048,Mỹ Lạc,Xã,"Xã Mỹ Lạc, Huyện Thủ Thừa, Tỉnh Long An"
80,Long An,804,Thủ Thừa,28066,Mỹ Phú,Xã,"Xã Mỹ Phú, Huyện Thủ Thừa, Tỉnh Long An"
80,Long An,804,Thủ Thừa,28051,Mỹ Thạnh,Xã,"Xã Mỹ Thạnh, Huyện Thủ Thừa, Tỉnh Long An"
80,Long An,804,Thủ Thừa,28057,Nhị Thành,Xã,"Xã Nhị Thành, Huyện Thủ Thừa, Tỉnh Long An"
80,Long An,804,Thủ Thừa,28072,Tân Long,Xã,"Xã Tân Long, Huyện Thủ Thừa, Tỉnh Long An"
80,Long An,804,Thủ Thừa,28042,Tân Thành,Xã,"Xã Tân Thành, Huyện Thủ Thừa, Tỉnh Long An"
80,Long An,804,Thủ Thừa,28036,Thủ Thừa,Thị trấn,"Thị trấn Thủ Thừa, Huyện Thủ Thừa, Tỉnh Long An"
80,Long An,797,Vĩnh Hưng,27760,Hưng Điền A,Xã,"Xã Hưng Điền A, Huyện Vĩnh Hưng, Tỉnh Long An"
80,Long An,797,Vĩnh Hưng,27763,Khánh Hưng,Xã,"Xã Khánh Hưng, Huyện Vĩnh Hưng, Tỉnh Long An"
80,Long An,797,Vĩnh Hưng,27772,Thái Bình Trung,Xã,"Xã Thái Bình Trung, Huyện Vĩnh Hưng, Tỉnh Long An"
80,Long An,797,Vĩnh Hưng,27766,Thái Trị,Xã,"Xã Thái Trị, Huyện Vĩnh Hưng, Tỉnh Long An"
80,Long An,797,Vĩnh Hưng,27781,Tuyên Bình,Xã,"Xã Tuyên Bình, Huyện Vĩnh Hưng, Tỉnh Long An"
80,Long An,797,Vĩnh Hưng,27784,Tuyên Bình Tây,Xã,"Xã Tuyên Bình Tây, Huyện Vĩnh Hưng, Tỉnh Long An"
80,Long An,797,Vĩnh Hưng,27775,Vĩnh Bình,Xã,"Xã Vĩnh Bình, Huyện Vĩnh Hưng, Tỉnh Long An"
80,Long An,797,Vĩnh Hưng,27757,Vĩnh Hưng,Thị trấn,"Thị trấn Vĩnh Hưng, Huyện Vĩnh Hưng, Tỉnh Long An"
80,Long An,797,Vĩnh Hưng,27778,Vĩnh Thuận,Xã,"Xã Vĩnh Thuận, Huyện Vĩnh Hưng, Tỉnh Long An"
80,Long An,797,Vĩnh Hưng,27769,Vĩnh Trị,Xã,"Xã Vĩnh Trị, Huyện Vĩnh Hưng, Tỉnh Long An"
36,Nam Định,365,Giao Thủy,14206,Bạch Long,Xã,"Xã Bạch Long, Huyện Giao Thủy, Tỉnh Nam Định"
36,Nam Định,365,Giao Thủy,14170,Bình Hòa,Xã,"Xã Bình Hòa, Huyện Giao Thủy, Tỉnh Nam Định"
36,Nam Định,365,Giao Thủy,14182,Giao An,Xã,"Xã Giao An, Huyện Giao Thủy, Tỉnh Nam Định"
36,Nam Định,365,Giao Thủy,14188,Giao Châu,Xã,"Xã Giao Châu, Huyện Giao Thủy, Tỉnh Nam Định"
36,Nam Định,365,Giao Thủy,14176,Giao Hà,Xã,"Xã Giao Hà, Huyện Giao Thủy, Tỉnh Nam Định"
36,Nam Định,365,Giao Thủy,14203,Giao Hải,Xã,"Xã Giao Hải, Huyện Giao Thủy, Tỉnh Nam Định"
36,Nam Định,365,Giao Thủy,14155,Giao Hương,Xã,"Xã Giao Hương, Huyện Giao Thủy, Tỉnh Nam Định"
36,Nam Định,365,Giao Thủy,14185,Giao Lạc,Xã,"Xã Giao Lạc, Huyện Giao Thủy, Tỉnh Nam Định"
36,Nam Định,365,Giao Thủy,14209,Giao Long,Xã,"Xã Giao Long, Huyện Giao Thủy, Tỉnh Nam Định"
36,Nam Định,365,Giao Thủy,14179,Giao Nhân,Xã,"Xã Giao Nhân, Huyện Giao Thủy, Tỉnh Nam Định"
36,Nam Định,365,Giao Thủy,14212,Giao Phong,Xã,"Xã Giao Phong, Huyện Giao Thủy, Tỉnh Nam Định"
36,Nam Định,365,Giao Thủy,14191,Giao Tân,Xã,"Xã Giao Tân, Huyện Giao Thủy, Tỉnh Nam Định"
36,Nam Định,365,Giao Thủy,14164,Giao Thanh,Xã,"Xã Giao Thanh, Huyện Giao Thủy, Tỉnh Nam Định"
36,Nam Định,365,Giao Thủy,14161,Giao Thiện,Xã,"Xã Giao Thiện, Huyện Giao Thủy, Tỉnh Nam Định"
36,Nam Định,365,Giao Thủy,14200,Giao Thịnh,Xã,"Xã Giao Thịnh, Huyện Giao Thủy, Tỉnh Nam Định"
36,Nam Định,365,Giao Thủy,14167,Giao Thủy,Thị trấn,"Thị trấn Giao Thủy, Huyện Giao Thủy, Tỉnh Nam Định"
36,Nam Định,365,Giao Thủy,14197,Giao Xuân,Xã,"Xã Giao Xuân, Huyện Giao Thủy, Tỉnh Nam Định"
36,Nam Định,365,Giao Thủy,14194,Giao Yến,Xã,"Xã Giao Yến, Huyện Giao Thủy, Tỉnh Nam Định"
36,Nam Định,365,Giao Thủy,14158,Hồng Thuận,Xã,"Xã Hồng Thuận, Huyện Giao Thủy, Tỉnh Nam Định"
36,Nam Định,365,Giao Thủy,14152,Quất Lâm,Thị trấn,"Thị trấn Quất Lâm, Huyện Giao Thủy, Tỉnh Nam Định"
36,Nam Định,366,Hải Hậu,14218,Cồn,Thị trấn,"Thị trấn Cồn, Huyện Hải Hậu, Tỉnh Nam Định"
36,Nam Định,366,Hải Hậu,14284,Hải An,Xã,"Xã Hải An, Huyện Hải Hậu, Tỉnh Nam Định"
36,Nam Định,366,Hải Hậu,14236,Hải Anh,Xã,"Xã Hải Anh, Huyện Hải Hậu, Tỉnh Nam Định"
36,Nam Định,366,Hải Hậu,14311,Hải Châu,Xã,"Xã Hải Châu, Huyện Hải Hậu, Tỉnh Nam Định"
36,Nam Định,366,Hải Hậu,14269,Hải Đông,Xã,"Xã Hải Đông, Huyện Hải Hậu, Tỉnh Nam Định"
36,Nam Định,366,Hải Hậu,14260,Hải Đường,Xã,"Xã Hải Đường, Huyện Hải Hậu, Tỉnh Nam Định"
36,Nam Định,366,Hải Hậu,14296,Hải Giang,Xã,"Xã Hải Giang, Huyện Hải Hậu, Tỉnh Nam Định"
36,Nam Định,366,Hải Hậu,14317,Hải Hòa,Xã,"Xã Hải Hòa, Huyện Hải Hậu, Tỉnh Nam Định"
36,Nam Định,366,Hải Hậu,14248,Hải Hưng,Xã,"Xã Hải Hưng, Huyện Hải Hậu, Tỉnh Nam Định"
36,Nam Định,366,Hải Hậu,14263,Hải Lộc,Xã,"Xã Hải Lộc, Huyện Hải Hậu, Tỉnh Nam Định"
36,Nam Định,366,Hải Hậu,14254,Hải Long,Xã,"Xã Hải Long, Huyện Hải Hậu, Tỉnh Nam Định"
36,Nam Định,366,Hải Hậu,14233,Hải Minh,Xã,"Xã Hải Minh, Huyện Hải Hậu, Tỉnh Nam Định"
36,Nam Định,366,Hải Hậu,14224,Hải Nam,Xã,"Xã Hải Nam, Huyện Hải Hậu, Tỉnh Nam Định"
36,Nam Định,366,Hải Hậu,14302,Hải Ninh,Xã,"Xã Hải Ninh, Huyện Hải Hậu, Tỉnh Nam Định"
36,Nam Định,366,Hải Hậu,14281,Hải Phong,Xã,"Xã Hải Phong, Huyện Hải Hậu, Tỉnh Nam Định"
36,Nam Định,366,Hải Hậu,14293,Hải Phú,Xã,"Xã Hải Phú, Huyện Hải Hậu, Tỉnh Nam Định"
36,Nam Định,366,Hải Hậu,14266,Hải Quang,Xã,"Xã Hải Quang, Huyện Hải Hậu, Tỉnh Nam Định"
36,Nam Định,366,Hải Hậu,14272,Hải Sơn,Xã,"Xã Hải Sơn, Huyện Hải Hậu, Tỉnh Nam Định"
36,Nam Định,366,Hải Hậu,14275,Hải Tân,Xã,"Xã Hải Tân, Huyện Hải Hậu, Tỉnh Nam Định"
36,Nam Định,366,Hải Hậu,14287,Hải Tây,Xã,"Xã Hải Tây, Huyện Hải Hậu, Tỉnh Nam Định"
36,Nam Định,366,Hải Hậu,14227,Hải Trung,Xã,"Xã Hải Trung, Huyện Hải Hậu, Tỉnh Nam Định"
36,Nam Định,366,Hải Hậu,14308,Hải Xuân,Xã,"Xã Hải Xuân, Huyện Hải Hậu, Tỉnh Nam Định"
36,Nam Định,366,Hải Hậu,14221,Thịnh Long,Thị trấn,"Thị trấn Thịnh Long, Huyện Hải Hậu, Tỉnh Nam Định"
36,Nam Định,366,Hải Hậu,14215,Yên Định,Thị trấn,"Thị trấn Yên Định, Huyện Hải Hậu, Tỉnh Nam Định"
36,Nam Định,356,Nam Định,13669,Cửa Bắc,Phường,"Phường Cửa Bắc, Thành phố Nam Định, Tỉnh Nam Định"
36,Nam Định,356,Nam Định,13690,Cửa Nam,Phường,"Phường Cửa Nam, Thành phố Nam Định, Tỉnh Nam Định"
36,Nam Định,356,Nam Định,13708,Hưng Lộc,Phường,"Phường Hưng Lộc, Thành phố Nam Định, Tỉnh Nam Định"
36,Nam Định,356,Nam Định,13684,Lộc Hạ,Phường,"Phường Lộc Hạ, Thành phố Nam Định, Tỉnh Nam Định"
36,Nam Định,356,Nam Định,13693,Lộc Hòa,Phường,"Phường Lộc Hòa, Thành phố Nam Định, Tỉnh Nam Định"
36,Nam Định,356,Nam Định,13687,Lộc Vượng,Phường,"Phường Lộc Vượng, Thành phố Nam Định, Tỉnh Nam Định"
36,Nam Định,356,Nam Định,13711,Mỹ Hà,Xã,"Xã Mỹ Hà, Thành phố Nam Định, Tỉnh Nam Định"
36,Nam Định,356,Nam Định,13735,Mỹ Lộc,Xã,"Xã Mỹ Lộc, Thành phố Nam Định, Tỉnh Nam Định"
36,Nam Định,356,Nam Định,13726,Mỹ Phúc,Xã,"Xã Mỹ Phúc, Thành phố Nam Định, Tỉnh Nam Định"
36,Nam Định,356,Nam Định,13723,Mỹ Tân,Xã,"Xã Mỹ Tân, Thành phố Nam Định, Tỉnh Nam Định"
36,Nam Định,356,Nam Định,13717,Mỹ Thắng,Xã,"Xã Mỹ Thắng, Thành phố Nam Định, Tỉnh Nam Định"
36,Nam Định,356,Nam Định,13732,Mỹ Thuận,Xã,"Xã Mỹ Thuận, Thành phố Nam Định, Tỉnh Nam Định"
36,Nam Định,356,Nam Định,13720,Mỹ Trung,Xã,"Xã Mỹ Trung, Thành phố Nam Định, Tỉnh Nam Định"
36,Nam Định,356,Nam Định,13699,Mỹ Xá,Phường,"Phường Mỹ Xá, Thành phố Nam Định, Tỉnh Nam Định"
36,Nam Định,356,Nam Định,13696,Nam Phong,Phường,"Phường Nam Phong, Thành phố Nam Định, Tỉnh Nam Định"
36,Nam Định,356,Nam Định,13705,Nam Vân,Phường,"Phường Nam Vân, Thành phố Nam Định, Tỉnh Nam Định"
36,Nam Định,356,Nam Định,13678,Năng Tĩnh,Phường,"Phường Năng Tĩnh, Thành phố Nam Định, Tỉnh Nam Định"
36,Nam Định,356,Nam Định,13681,Quang Trung,Phường,"Phường Quang Trung, Thành phố Nam Định, Tỉnh Nam Định"
36,Nam Định,356,Nam Định,13666,Trần Hưng Đạo,Phường,"Phường Trần Hưng Đạo, Thành phố Nam Định, Tỉnh Nam Định"
36,Nam Định,356,Nam Định,13657,Trường Thi,Phường,"Phường Trường Thi, Thành phố Nam Định, Tỉnh Nam Định"
36,Nam Định,356,Nam Định,13636,Vị Xuyên,Phường,"Phường Vị Xuyên, Thành phố Nam Định, Tỉnh Nam Định"
36,Nam Định,362,Nam Trực,14011,Bình Minh,Xã,"Xã Bình Minh, Huyện Nam Trực, Tỉnh Nam Định"
36,Nam Định,362,Nam Trực,14014,Đồng Sơn,Xã,"Xã Đồng Sơn, Huyện Nam Trực, Tỉnh Nam Định"
36,Nam Định,362,Nam Trực,13984,Hồng Quang,Xã,"Xã Hồng Quang, Huyện Nam Trực, Tỉnh Nam Định"
36,Nam Định,362,Nam Trực,13990,Nam Cường,Xã,"Xã Nam Cường, Huyện Nam Trực, Tỉnh Nam Định"
36,Nam Định,362,Nam Trực,14002,Nam Dương,Xã,"Xã Nam Dương, Huyện Nam Trực, Tỉnh Nam Định"
36,Nam Định,362,Nam Trực,13972,Nam Điền,Xã,"Xã Nam Điền, Huyện Nam Trực, Tỉnh Nam Định"
36,Nam Định,362,Nam Trực,13966,Nam Giang,Thị trấn,"Thị trấn Nam Giang, Huyện Nam Trực, Tỉnh Nam Định"
36,Nam Định,362,Nam Trực,14020,Nam Hải,Xã,"Xã Nam Hải, Huyện Nam Trực, Tỉnh Nam Định"
36,Nam Định,362,Nam Trực,13999,Nam Hoa,Xã,"Xã Nam Hoa, Huyện Nam Trực, Tỉnh Nam Định"
36,Nam Định,362,Nam Trực,13993,Nam Hồng,Xã,"Xã Nam Hồng, Huyện Nam Trực, Tỉnh Nam Định"
36,Nam Định,362,Nam Trực,13996,Nam Hùng,Xã,"Xã Nam Hùng, Huyện Nam Trực, Tỉnh Nam Định"
36,Nam Định,362,Nam Trực,14008,Nam Lợi,Xã,"Xã Nam Lợi, Huyện Nam Trực, Tỉnh Nam Định"
36,Nam Định,362,Nam Trực,14023,Nam Thái,Xã,"Xã Nam Thái, Huyện Nam Trực, Tỉnh Nam Định"
36,Nam Định,362,Nam Trực,13978,Nam Thắng,Xã,"Xã Nam Thắng, Huyện Nam Trực, Tỉnh Nam Định"
36,Nam Định,362,Nam Trực,14005,Nam Thanh,Xã,"Xã Nam Thanh, Huyện Nam Trực, Tỉnh Nam Định"
36,Nam Định,362,Nam Trực,14017,Nam Tiến,Xã,"Xã Nam Tiến, Huyện Nam Trực, Tỉnh Nam Định"
36,Nam Định,362,Nam Trực,13975,Nghĩa An,Xã,"Xã Nghĩa An, Huyện Nam Trực, Tỉnh Nam Định"
36,Nam Định,362,Nam Trực,13987,Tân Thịnh,Xã,"Xã Tân Thịnh, Huyện Nam Trực, Tỉnh Nam Định"
36,Nam Định,361,Nghĩa Hưng,13900,Đồng Thịnh,Xã,"Xã Đồng Thịnh, Huyện Nghĩa Hưng, Tỉnh Nam Định"
36,Nam Định,361,Nghĩa Hưng,13909,Hoàng Nam,Xã,"Xã Hoàng Nam, Huyện Nghĩa Hưng, Tỉnh Nam Định"
36,Nam Định,361,Nghĩa Hưng,13891,Liễu Đề,Thị trấn,"Thị trấn Liễu Đề, Huyện Nghĩa Hưng, Tỉnh Nam Định"
36,Nam Định,361,Nghĩa Hưng,13963,Nam Điền,Xã,"Xã Nam Điền, Huyện Nghĩa Hưng, Tỉnh Nam Định"
36,Nam Định,361,Nghĩa Hưng,13912,Nghĩa Châu,Xã,"Xã Nghĩa Châu, Huyện Nghĩa Hưng, Tỉnh Nam Định"
36,Nam Định,361,Nghĩa Hưng,13957,Nghĩa Hải,Xã,"Xã Nghĩa Hải, Huyện Nghĩa Hưng, Tỉnh Nam Định"
36,Nam Định,361,Nghĩa Hưng,13924,Nghĩa Hồng,Xã,"Xã Nghĩa Hồng, Huyện Nghĩa Hưng, Tỉnh Nam Định"
36,Nam Định,361,Nghĩa Hưng,13942,Nghĩa Hùng,Xã,"Xã Nghĩa Hùng, Huyện Nghĩa Hưng, Tỉnh Nam Định"
36,Nam Định,361,Nghĩa Hưng,13921,Nghĩa Lạc,Xã,"Xã Nghĩa Lạc, Huyện Nghĩa Hưng, Tỉnh Nam Định"
36,Nam Định,361,Nghĩa Hưng,13945,Nghĩa Lâm,Xã,"Xã Nghĩa Lâm, Huyện Nghĩa Hưng, Tỉnh Nam Định"
36,Nam Định,361,Nghĩa Hưng,13954,Nghĩa Lợi,Xã,"Xã Nghĩa Lợi, Huyện Nghĩa Hưng, Tỉnh Nam Định"
36,Nam Định,361,Nghĩa Hưng,13927,Nghĩa Phong,Xã,"Xã Nghĩa Phong, Huyện Nghĩa Hưng, Tỉnh Nam Định"
36,Nam Định,361,Nghĩa Hưng,13930,Nghĩa Phú,Xã,"Xã Nghĩa Phú, Huyện Nghĩa Hưng, Tỉnh Nam Định"
36,Nam Định,361,Nghĩa Hưng,13918,Nghĩa Sơn,Xã,"Xã Nghĩa Sơn, Huyện Nghĩa Hưng, Tỉnh Nam Định"
36,Nam Định,361,Nghĩa Hưng,13906,Nghĩa Thái,Xã,"Xã Nghĩa Thái, Huyện Nghĩa Hưng, Tỉnh Nam Định"
36,Nam Định,361,Nghĩa Hưng,13948,Nghĩa Thành,Xã,"Xã Nghĩa Thành, Huyện Nghĩa Hưng, Tỉnh Nam Định"
36,Nam Định,361,Nghĩa Hưng,13915,Nghĩa Trung,Xã,"Xã Nghĩa Trung, Huyện Nghĩa Hưng, Tỉnh Nam Định"
36,Nam Định,361,Nghĩa Hưng,13951,Phúc Thắng,Xã,"Xã Phúc Thắng, Huyện Nghĩa Hưng, Tỉnh Nam Định"
36,Nam Định,361,Nghĩa Hưng,13939,Quỹ Nhất,Thị trấn,"Thị trấn Quỹ Nhất, Huyện Nghĩa Hưng, Tỉnh Nam Định"
36,Nam Định,361,Nghĩa Hưng,13894,Rạng Đông,Thị trấn,"Thị trấn Rạng Đông, Huyện Nghĩa Hưng, Tỉnh Nam Định"
36,Nam Định,363,Trực Ninh,14056,Cát Thành,Thị trấn,"Thị trấn Cát Thành, Huyện Trực Ninh, Tỉnh Nam Định"
36,Nam Định,363,Trực Ninh,14026,Cổ Lễ,Thị trấn,"Thị trấn Cổ Lễ, Huyện Trực Ninh, Tỉnh Nam Định"
36,Nam Định,363,Trực Ninh,14038,Liêm Hải,Xã,"Xã Liêm Hải, Huyện Trực Ninh, Tỉnh Nam Định"
36,Nam Định,363,Trực Ninh,14077,Ninh Cường,Thị trấn,"Thị trấn Ninh Cường, Huyện Trực Ninh, Tỉnh Nam Định"
36,Nam Định,363,Trực Ninh,14029,Phương Định,Xã,"Xã Phương Định, Huyện Trực Ninh, Tỉnh Nam Định"
36,Nam Định,363,Trực Ninh,14032,Trực Chính,Xã,"Xã Trực Chính, Huyện Trực Ninh, Tỉnh Nam Định"
36,Nam Định,363,Trực Ninh,14074,Trực Cường,Xã,"Xã Trực Cường, Huyện Trực Ninh, Tỉnh Nam Định"
36,Nam Định,363,Trực Ninh,14071,Trực Đại,Xã,"Xã Trực Đại, Huyện Trực Ninh, Tỉnh Nam Định"
36,Nam Định,363,Trực Ninh,14047,Trực Đạo,Xã,"Xã Trực Đạo, Huyện Trực Ninh, Tỉnh Nam Định"
36,Nam Định,363,Trực Ninh,14050,Trực Hưng,Xã,"Xã Trực Hưng, Huyện Trực Ninh, Tỉnh Nam Định"
36,Nam Định,363,Trực Ninh,14083,Trực Hùng,Xã,"Xã Trực Hùng, Huyện Trực Ninh, Tỉnh Nam Định"
36,Nam Định,363,Trực Ninh,14062,Trực Khang,Xã,"Xã Trực Khang, Huyện Trực Ninh, Tỉnh Nam Định"
36,Nam Định,363,Trực Ninh,14068,Trực Mỹ,Xã,"Xã Trực Mỹ, Huyện Trực Ninh, Tỉnh Nam Định"
36,Nam Định,363,Trực Ninh,14053,Trực Nội,Xã,"Xã Trực Nội, Huyện Trực Ninh, Tỉnh Nam Định"
36,Nam Định,363,Trực Ninh,14080,Trực Thái,Xã,"Xã Trực Thái, Huyện Trực Ninh, Tỉnh Nam Định"
36,Nam Định,363,Trực Ninh,14086,Trực Thắng,Xã,"Xã Trực Thắng, Huyện Trực Ninh, Tỉnh Nam Định"
36,Nam Định,363,Trực Ninh,14059,Trực Thanh,Xã,"Xã Trực Thanh, Huyện Trực Ninh, Tỉnh Nam Định"
36,Nam Định,363,Trực Ninh,14065,Trực Thuận,Xã,"Xã Trực Thuận, Huyện Trực Ninh, Tỉnh Nam Định"
36,Nam Định,363,Trực Ninh,14041,Trực Tuấn,Xã,"Xã Trực Tuấn, Huyện Trực Ninh, Tỉnh Nam Định"
36,Nam Định,363,Trực Ninh,14035,Trung Đông,Xã,"Xã Trung Đông, Huyện Trực Ninh, Tỉnh Nam Định"
36,Nam Định,363,Trực Ninh,14044,Việt Hùng,Xã,"Xã Việt Hùng, Huyện Trực Ninh, Tỉnh Nam Định"
36,Nam Định,359,Vụ Bản,13762,Cộng Hòa,Xã,"Xã Cộng Hòa, Huyện Vụ Bản, Tỉnh Nam Định"
36,Nam Định,359,Vụ Bản,13756,Đại An,Xã,"Xã Đại An, Huyện Vụ Bản, Tỉnh Nam Định"
36,Nam Định,359,Vụ Bản,13786,Đại Thắng,Xã,"Xã Đại Thắng, Huyện Vụ Bản, Tỉnh Nam Định"
36,Nam Định,359,Vụ Bản,13741,Gôi,Thị trấn,"Thị trấn Gôi, Huyện Vụ Bản, Tỉnh Nam Định"
36,Nam Định,359,Vụ Bản,13747,Hiển Khánh,Xã,"Xã Hiển Khánh, Huyện Vụ Bản, Tỉnh Nam Định"
36,Nam Định,359,Vụ Bản,13753,Hợp Hưng,Xã,"Xã Hợp Hưng, Huyện Vụ Bản, Tỉnh Nam Định"
36,Nam Định,359,Vụ Bản,13780,Kim Thái,Xã,"Xã Kim Thái, Huyện Vụ Bản, Tỉnh Nam Định"
36,Nam Định,359,Vụ Bản,13783,Liên Minh,Xã,"Xã Liên Minh, Huyện Vụ Bản, Tỉnh Nam Định"
36,Nam Định,359,Vụ Bản,13750,Minh Tân,Xã,"Xã Minh Tân, Huyện Vụ Bản, Tỉnh Nam Định"
36,Nam Định,359,Vụ Bản,13768,Quang Trung,Xã,"Xã Quang Trung, Huyện Vụ Bản, Tỉnh Nam Định"
36,Nam Định,359,Vụ Bản,13789,Tam Thanh,Xã,"Xã Tam Thanh, Huyện Vụ Bản, Tỉnh Nam Định"
36,Nam Định,359,Vụ Bản,13777,Thành Lợi,Xã,"Xã Thành Lợi, Huyện Vụ Bản, Tỉnh Nam Định"
36,Nam Định,359,Vụ Bản,13765,Trung Thành,Xã,"Xã Trung Thành, Huyện Vụ Bản, Tỉnh Nam Định"
36,Nam Định,359,Vụ Bản,13792,Vĩnh Hào,Xã,"Xã Vĩnh Hào, Huyện Vụ Bản, Tỉnh Nam Định"
36,Nam Định,364,Xuân Trường,14125,Thọ Nghiệp,Xã,"Xã Thọ Nghiệp, Huyện Xuân Trường, Tỉnh Nam Định"
36,Nam Định,364,Xuân Trường,14122,Trà Lũ,Xã,"Xã Trà Lũ, Huyện Xuân Trường, Tỉnh Nam Định"
36,Nam Định,364,Xuân Trường,14092,Xuân Châu,Xã,"Xã Xuân Châu, Huyện Xuân Trường, Tỉnh Nam Định"
36,Nam Định,364,Xuân Trường,14104,Xuân Giang,Xã,"Xã Xuân Giang, Huyện Xuân Trường, Tỉnh Nam Định"
36,Nam Định,364,Xuân Trường,14095,Xuân Hồng,Xã,"Xã Xuân Hồng, Huyện Xuân Trường, Tỉnh Nam Định"
36,Nam Định,364,Xuân Trường,14116,Xuân Ngọc,Xã,"Xã Xuân Ngọc, Huyện Xuân Trường, Tỉnh Nam Định"
36,Nam Định,364,Xuân Trường,14143,Xuân Ninh,Xã,"Xã Xuân Ninh, Huyện Xuân Trường, Tỉnh Nam Định"
36,Nam Định,364,Xuân Trường,14128,Xuân Phú,Xã,"Xã Xuân Phú, Huyện Xuân Trường, Tỉnh Nam Định"
36,Nam Định,364,Xuân Trường,14146,Xuân Phúc,Xã,"Xã Xuân Phúc, Huyện Xuân Trường, Tỉnh Nam Định"
36,Nam Định,364,Xuân Trường,14110,Xuân Tân,Xã,"Xã Xuân Tân, Huyện Xuân Trường, Tỉnh Nam Định"
36,Nam Định,364,Xuân Trường,14098,Xuân Thành,Xã,"Xã Xuân Thành, Huyện Xuân Trường, Tỉnh Nam Định"
36,Nam Định,364,Xuân Trường,14101,Xuân Thượng,Xã,"Xã Xuân Thượng, Huyện Xuân Trường, Tỉnh Nam Định"
36,Nam Định,364,Xuân Trường,14089,Xuân Trường,Thị trấn,"Thị trấn Xuân Trường, Huyện Xuân Trường, Tỉnh Nam Định"
36,Nam Định,364,Xuân Trường,14134,Xuân Vinh,Xã,"Xã Xuân Vinh, Huyện Xuân Trường, Tỉnh Nam Định"
36,Nam Định,360,Ý Yên,13876,Hồng Quang,Xã,"Xã Hồng Quang, Huyện Ý Yên, Tỉnh Nam Định"
36,Nam Định,360,Ý Yên,13795,Lâm,Thị trấn,"Thị trấn Lâm, Huyện Ý Yên, Tỉnh Nam Định"
36,Nam Định,360,Ý Yên,13819,Phú Hưng,Xã,"Xã Phú Hưng, Huyện Ý Yên, Tỉnh Nam Định"
36,Nam Định,360,Ý Yên,13807,Tân Minh,Xã,"Xã Tân Minh, Huyện Ý Yên, Tỉnh Nam Định"
36,Nam Định,360,Ý Yên,13801,Trung Nghĩa,Xã,"Xã Trung Nghĩa, Huyện Ý Yên, Tỉnh Nam Định"
36,Nam Định,360,Ý Yên,13825,Yên Bình,Xã,"Xã Yên Bình, Huyện Ý Yên, Tỉnh Nam Định"
36,Nam Định,360,Ý Yên,13822,Yên Chính,Xã,"Xã Yên Chính, Huyện Ý Yên, Tỉnh Nam Định"
36,Nam Định,360,Ý Yên,13870,Yên Cường,Xã,"Xã Yên Cường, Huyện Ý Yên, Tỉnh Nam Định"
36,Nam Định,360,Ý Yên,13834,Yên Dương,Xã,"Xã Yên Dương, Huyện Ý Yên, Tỉnh Nam Định"
36,Nam Định,360,Ý Yên,13879,Yên Đồng,Xã,"Xã Yên Đồng, Huyện Ý Yên, Tỉnh Nam Định"
36,Nam Định,360,Ý Yên,13882,Yên Khang,Xã,"Xã Yên Khang, Huyện Ý Yên, Tỉnh Nam Định"
36,Nam Định,360,Ý Yên,13843,Yên Khánh,Xã,"Xã Yên Khánh, Huyện Ý Yên, Tỉnh Nam Định"
36,Nam Định,360,Ý Yên,13873,Yên Lộc,Xã,"Xã Yên Lộc, Huyện Ý Yên, Tỉnh Nam Định"
36,Nam Định,360,Ý Yên,13852,Yên Lương,Xã,"Xã Yên Lương, Huyện Ý Yên, Tỉnh Nam Định"
36,Nam Định,360,Ý Yên,13831,Yên Mỹ,Xã,"Xã Yên Mỹ, Huyện Ý Yên, Tỉnh Nam Định"
36,Nam Định,360,Ý Yên,13885,Yên Nhân,Xã,"Xã Yên Nhân, Huyện Ý Yên, Tỉnh Nam Định"
36,Nam Định,360,Ý Yên,13849,Yên Ninh,Xã,"Xã Yên Ninh, Huyện Ý Yên, Tỉnh Nam Định"
36,Nam Định,360,Ý Yên,13846,Yên Phong,Xã,"Xã Yên Phong, Huyện Ý Yên, Tỉnh Nam Định"
36,Nam Định,360,Ý Yên,13867,Yên Phúc,Xã,"Xã Yên Phúc, Huyện Ý Yên, Tỉnh Nam Định"
36,Nam Định,360,Ý Yên,13864,Yên Thắng,Xã,"Xã Yên Thắng, Huyện Ý Yên, Tỉnh Nam Định"
36,Nam Định,360,Ý Yên,13810,Yên Thọ,Xã,"Xã Yên Thọ, Huyện Ý Yên, Tỉnh Nam Định"
36,Nam Định,360,Ý Yên,13861,Yên Tiến,Xã,"Xã Yên Tiến, Huyện Ý Yên, Tỉnh Nam Định"
36,Nam Định,360,Ý Yên,13888,Yên Trị,Xã,"Xã Yên Trị, Huyện Ý Yên, Tỉnh Nam Định"
40,Nghệ An,424,Anh Sơn,17338,Bình Sơn,Xã,"Xã Bình Sơn, Huyện Anh Sơn, Tỉnh Nghệ An"
40,Nghệ An,424,Anh Sơn,17350,Cẩm Sơn,Xã,"Xã Cẩm Sơn, Huyện Anh Sơn, Tỉnh Nghệ An"
40,Nghệ An,424,Anh Sơn,17386,Cao Sơn,Xã,"Xã Cao Sơn, Huyện Anh Sơn, Tỉnh Nghệ An"
40,Nghệ An,424,Anh Sơn,17353,Đức Sơn,Xã,"Xã Đức Sơn, Huyện Anh Sơn, Tỉnh Nghệ An"
40,Nghệ An,424,Anh Sơn,17357,Hoa Sơn,Xã,"Xã Hoa Sơn, Huyện Anh Sơn, Tỉnh Nghệ An"
40,Nghệ An,424,Anh Sơn,17368,Hội Sơn,Xã,"Xã Hội Sơn, Huyện Anh Sơn, Tỉnh Nghệ An"
40,Nghệ An,424,Anh Sơn,17347,Hùng Sơn,Xã,"Xã Hùng Sơn, Huyện Anh Sơn, Tỉnh Nghệ An"
40,Nghệ An,424,Anh Sơn,17380,Khai Sơn,Xã,"Xã Khai Sơn, Huyện Anh Sơn, Tỉnh Nghệ An"
40,Nghệ An,424,Anh Sơn,17329,Kim Nhan,Thị trấn,"Thị trấn Kim Nhan, Huyện Anh Sơn, Tỉnh Nghệ An"
40,Nghệ An,424,Anh Sơn,17365,Lạng Sơn,Xã,"Xã Lạng Sơn, Huyện Anh Sơn, Tỉnh Nghệ An"
40,Nghệ An,424,Anh Sơn,17383,Lĩnh Sơn,Xã,"Xã Lĩnh Sơn, Huyện Anh Sơn, Tỉnh Nghệ An"
40,Nghệ An,424,Anh Sơn,17377,Long Sơn,Xã,"Xã Long Sơn, Huyện Anh Sơn, Tỉnh Nghệ An"
40,Nghệ An,424,Anh Sơn,17374,Phúc Sơn,Xã,"Xã Phúc Sơn, Huyện Anh Sơn, Tỉnh Nghệ An"
40,Nghệ An,424,Anh Sơn,17344,Tam Đỉnh,Xã,"Xã Tam Đỉnh, Huyện Anh Sơn, Tỉnh Nghệ An"
40,Nghệ An,424,Anh Sơn,17359,Tào Sơn,Xã,"Xã Tào Sơn, Huyện Anh Sơn, Tỉnh Nghệ An"
40,Nghệ An,424,Anh Sơn,17335,Thành Sơn,Xã,"Xã Thành Sơn, Huyện Anh Sơn, Tỉnh Nghệ An"
40,Nghệ An,424,Anh Sơn,17332,Thọ Sơn,Xã,"Xã Thọ Sơn, Huyện Anh Sơn, Tỉnh Nghệ An"
40,Nghệ An,424,Anh Sơn,17356,Tường Sơn,Xã,"Xã Tường Sơn, Huyện Anh Sơn, Tỉnh Nghệ An"
40,Nghệ An,424,Anh Sơn,17362,Vĩnh Sơn,Xã,"Xã Vĩnh Sơn, Huyện Anh Sơn, Tỉnh Nghệ An"
40,Nghệ An,422,Con Cuông,17230,Bình Chuẩn,Xã,"Xã Bình Chuẩn, Huyện Con Cuông, Tỉnh Nghệ An"
40,Nghệ An,422,Con Cuông,17236,Cam Lâm,Xã,"Xã Cam Lâm, Huyện Con Cuông, Tỉnh Nghệ An"
40,Nghệ An,422,Con Cuông,17248,Châu Khê,Xã,"Xã Châu Khê, Huyện Con Cuông, Tỉnh Nghệ An"
40,Nghệ An,422,Con Cuông,17251,Chi Khê,Xã,"Xã Chi Khê, Huyện Con Cuông, Tỉnh Nghệ An"
40,Nghệ An,422,Con Cuông,17242,Đôn Phục,Xã,"Xã Đôn Phục, Huyện Con Cuông, Tỉnh Nghệ An"
40,Nghệ An,422,Con Cuông,17233,Lạng Khê,Xã,"Xã Lạng Khê, Huyện Con Cuông, Tỉnh Nghệ An"
40,Nghệ An,422,Con Cuông,17260,Lục Dạ,Xã,"Xã Lục Dạ, Huyện Con Cuông, Tỉnh Nghệ An"
40,Nghệ An,422,Con Cuông,17245,Mậu Đức,Xã,"Xã Mậu Đức, Huyện Con Cuông, Tỉnh Nghệ An"
40,Nghệ An,422,Con Cuông,17263,Môn Sơn,Xã,"Xã Môn Sơn, Huyện Con Cuông, Tỉnh Nghệ An"
40,Nghệ An,422,Con Cuông,17239,Thạch Ngàn,Xã,"Xã Thạch Ngàn, Huyện Con Cuông, Tỉnh Nghệ An"
40,Nghệ An,422,Con Cuông,17254,Trà Lân,Thị trấn,"Thị trấn Trà Lân, Huyện Con Cuông, Tỉnh Nghệ An"
40,Nghệ An,422,Con Cuông,17257,Yên Khê,Xã,"Xã Yên Khê, Huyện Con Cuông, Tỉnh Nghệ An"
40,Nghệ An,425,Diễn Châu,17500,Diễn An,Xã,"Xã Diễn An, Huyện Diễn Châu, Tỉnh Nghệ An"
40,Nghệ An,425,Diễn Châu,17476,Diễn Cát,Xã,"Xã Diễn Cát, Huyện Diễn Châu, Tỉnh Nghệ An"
40,Nghệ An,425,Diễn Châu,17395,Diễn Đoài,Xã,"Xã Diễn Đoài, Huyện Diễn Châu, Tỉnh Nghệ An"
40,Nghệ An,425,Diễn Châu,17443,Diễn Đồng,Xã,"Xã Diễn Đồng, Huyện Diễn Châu, Tỉnh Nghệ An"
40,Nghệ An,425,Diễn Châu,17461,Diễn Hoa,Xã,"Xã Diễn Hoa, Huyện Diễn Châu, Tỉnh Nghệ An"
40,Nghệ An,425,Diễn Châu,17404,Diễn Hoàng,Xã,"Xã Diễn Hoàng, Huyện Diễn Châu, Tỉnh Nghệ An"
40,Nghệ An,425,Diễn Châu,17413,Diễn Hồng,Xã,"Xã Diễn Hồng, Huyện Diễn Châu, Tỉnh Nghệ An"
40,Nghệ An,425,Diễn Châu,17431,Diễn Kim,Xã,"Xã Diễn Kim, Huyện Diễn Châu, Tỉnh Nghệ An"
40,Nghệ An,425,Diễn Châu,17434,Diễn Kỷ,Xã,"Xã Diễn Kỷ, Huyện Diễn Châu, Tỉnh Nghệ An"
40,Nghệ An,425,Diễn Châu,17392,Diễn Lâm,Xã,"Xã Diễn Lâm, Huyện Diễn Châu, Tỉnh Nghệ An"
40,Nghệ An,425,Diễn Châu,17425,Diễn Liên,Xã,"Xã Diễn Liên, Huyện Diễn Châu, Tỉnh Nghệ An"
40,Nghệ An,425,Diễn Châu,17494,Diễn Lộc,Xã,"Xã Diễn Lộc, Huyện Diễn Châu, Tỉnh Nghệ An"
40,Nghệ An,425,Diễn Châu,17491,Diễn Lợi,Xã,"Xã Diễn Lợi, Huyện Diễn Châu, Tỉnh Nghệ An"
40,Nghệ An,425,Diễn Châu,17410,Diễn Mỹ,Xã,"Xã Diễn Mỹ, Huyện Diễn Châu, Tỉnh Nghệ An"
40,Nghệ An,425,Diễn Châu,17458,Diễn Nguyên,Xã,"Xã Diễn Nguyên, Huyện Diễn Châu, Tỉnh Nghệ An"
40,Nghệ An,425,Diễn Châu,17416,Diễn Phong,Xã,"Xã Diễn Phong, Huyện Diễn Châu, Tỉnh Nghệ An"
40,Nghệ An,425,Diễn Châu,17503,Diễn Phú,Xã,"Xã Diễn Phú, Huyện Diễn Châu, Tỉnh Nghệ An"
40,Nghệ An,425,Diễn Châu,17467,Diễn Phúc,Xã,"Xã Diễn Phúc, Huyện Diễn Châu, Tỉnh Nghệ An"
40,Nghệ An,425,Diễn Châu,17482,Diễn Tân,Xã,"Xã Diễn Tân, Huyện Diễn Châu, Tỉnh Nghệ An"
40,Nghệ An,425,Diễn Châu,17440,Diễn Thái,Xã,"Xã Diễn Thái, Huyện Diễn Châu, Tỉnh Nghệ An"
40,Nghệ An,425,Diễn Châu,17464,Diễn Thành,Thị trấn,"Thị trấn Diễn Thành, Huyện Diễn Châu, Tỉnh Nghệ An"
40,Nghệ An,425,Diễn Châu,17479,Diễn Thịnh,Xã,"Xã Diễn Thịnh, Huyện Diễn Châu, Tỉnh Nghệ An"
40,Nghệ An,425,Diễn Châu,17488,Diễn Thọ,Xã,"Xã Diễn Thọ, Huyện Diễn Châu, Tỉnh Nghệ An"
40,Nghệ An,425,Diễn Châu,17497,Diễn Trung,Xã,"Xã Diễn Trung, Huyện Diễn Châu, Tỉnh Nghệ An"
40,Nghệ An,425,Diễn Châu,17398,Diễn Trường,Xã,"Xã Diễn Trường, Huyện Diễn Châu, Tỉnh Nghệ An"
40,Nghệ An,425,Diễn Châu,17428,Diễn Vạn,Xã,"Xã Diễn Vạn, Huyện Diễn Châu, Tỉnh Nghệ An"
40,Nghệ An,425,Diễn Châu,17401,Diễn Yên,Xã,"Xã Diễn Yên, Huyện Diễn Châu, Tỉnh Nghệ An"
40,Nghệ An,425,Diễn Châu,17449,Hạnh Quảng,Xã,"Xã Hạnh Quảng, Huyện Diễn Châu, Tỉnh Nghệ An"
40,Nghệ An,425,Diễn Châu,17419,Hùng Hải,Xã,"Xã Hùng Hải, Huyện Diễn Châu, Tỉnh Nghệ An"
40,Nghệ An,425,Diễn Châu,17485,Minh Châu,Xã,"Xã Minh Châu, Huyện Diễn Châu, Tỉnh Nghệ An"
40,Nghệ An,425,Diễn Châu,17452,Ngọc Bích,Xã,"Xã Ngọc Bích, Huyện Diễn Châu, Tỉnh Nghệ An"
40,Nghệ An,425,Diễn Châu,17437,Xuân Tháp,Xã,"Xã Xuân Tháp, Huyện Diễn Châu, Tỉnh Nghệ An"
40,Nghệ An,427,Đô Lương,17638,Bắc Sơn,Xã,"Xã Bắc Sơn, Huyện Đô Lương, Tỉnh Nghệ An"
40,Nghệ An,427,Đô Lương,17623,Bạch Ngọc,Xã,"Xã Bạch Ngọc, Huyện Đô Lương, Tỉnh Nghệ An"
40,Nghệ An,427,Đô Lương,17632,Bài Sơn,Xã,"Xã Bài Sơn, Huyện Đô Lương, Tỉnh Nghệ An"
40,Nghệ An,427,Đô Lương,17626,Bồi Sơn,Xã,"Xã Bồi Sơn, Huyện Đô Lương, Tỉnh Nghệ An"
40,Nghệ An,427,Đô Lương,17668,Đà Sơn,Xã,"Xã Đà Sơn, Huyện Đô Lương, Tỉnh Nghệ An"
40,Nghệ An,427,Đô Lương,17710,Đại Sơn,Xã,"Xã Đại Sơn, Huyện Đô Lương, Tỉnh Nghệ An"
40,Nghệ An,427,Đô Lương,17650,Đặng Sơn,Xã,"Xã Đặng Sơn, Huyện Đô Lương, Tỉnh Nghệ An"
40,Nghệ An,427,Đô Lương,17617,Đô Lương,Thị trấn,"Thị trấn Đô Lương, Huyện Đô Lương, Tỉnh Nghệ An"
40,Nghệ An,427,Đô Lương,17653,Đông Sơn,Xã,"Xã Đông Sơn, Huyện Đô Lương, Tỉnh Nghệ An"
40,Nghệ An,427,Đô Lương,17619,Giang Sơn Đông,Xã,"Xã Giang Sơn Đông, Huyện Đô Lương, Tỉnh Nghệ An"
40,Nghệ An,427,Đô Lương,17620,Giang Sơn Tây,Xã,"Xã Giang Sơn Tây, Huyện Đô Lương, Tỉnh Nghệ An"
40,Nghệ An,427,Đô Lương,17701,Hiến Sơn,Xã,"Xã Hiến Sơn, Huyện Đô Lương, Tỉnh Nghệ An"
40,Nghệ An,427,Đô Lương,17647,Hòa Sơn,Xã,"Xã Hòa Sơn, Huyện Đô Lương, Tỉnh Nghệ An"
40,Nghệ An,427,Đô Lương,17629,Hồng Sơn,Xã,"Xã Hồng Sơn, Huyện Đô Lương, Tỉnh Nghệ An"
40,Nghệ An,427,Đô Lương,17671,Lạc Sơn,Xã,"Xã Lạc Sơn, Huyện Đô Lương, Tỉnh Nghệ An"
40,Nghệ An,427,Đô Lương,17659,Lưu Sơn,Xã,"Xã Lưu Sơn, Huyện Đô Lương, Tỉnh Nghệ An"
40,Nghệ An,427,Đô Lương,17692,Minh Sơn,Xã,"Xã Minh Sơn, Huyện Đô Lương, Tỉnh Nghệ An"
40,Nghệ An,427,Đô Lương,17704,Mỹ Sơn,Xã,"Xã Mỹ Sơn, Huyện Đô Lương, Tỉnh Nghệ An"
40,Nghệ An,427,Đô Lương,17656,Nam Sơn,Xã,"Xã Nam Sơn, Huyện Đô Lương, Tỉnh Nghệ An"
40,Nghệ An,427,Đô Lương,17698,Nhân Sơn,Xã,"Xã Nhân Sơn, Huyện Đô Lương, Tỉnh Nghệ An"
40,Nghệ An,427,Đô Lương,17680,Quang Sơn,Xã,"Xã Quang Sơn, Huyện Đô Lương, Tỉnh Nghệ An"
40,Nghệ An,427,Đô Lương,17674,Tân Sơn,Xã,"Xã Tân Sơn, Huyện Đô Lương, Tỉnh Nghệ An"
40,Nghệ An,427,Đô Lương,17677,Thái Sơn,Xã,"Xã Thái Sơn, Huyện Đô Lương, Tỉnh Nghệ An"
40,Nghệ An,427,Đô Lương,17683,Thịnh Sơn,Xã,"Xã Thịnh Sơn, Huyện Đô Lương, Tỉnh Nghệ An"
40,Nghệ An,427,Đô Lương,17695,Thuận Sơn,Xã,"Xã Thuận Sơn, Huyện Đô Lương, Tỉnh Nghệ An"
40,Nghệ An,427,Đô Lương,17644,Thượng Sơn,Xã,"Xã Thượng Sơn, Huyện Đô Lương, Tỉnh Nghệ An"
40,Nghệ An,427,Đô Lương,17641,Tràng Sơn,Xã,"Xã Tràng Sơn, Huyện Đô Lương, Tỉnh Nghệ An"
40,Nghệ An,427,Đô Lương,17707,Trù Sơn,Xã,"Xã Trù Sơn, Huyện Đô Lương, Tỉnh Nghệ An"
40,Nghệ An,427,Đô Lương,17686,Trung Sơn,Xã,"Xã Trung Sơn, Huyện Đô Lương, Tỉnh Nghệ An"
40,Nghệ An,427,Đô Lương,17665,Văn Sơn,Xã,"Xã Văn Sơn, Huyện Đô Lương, Tỉnh Nghệ An"
40,Nghệ An,427,Đô Lương,17689,Xuân Sơn,Xã,"Xã Xuân Sơn, Huyện Đô Lương, Tỉnh Nghệ An"
40,Nghệ An,427,Đô Lương,17662,Yên Sơn,Xã,"Xã Yên Sơn, Huyện Đô Lương, Tỉnh Nghệ An"
40,Nghệ An,432,Hoàng Mai,17125,Mai Hùng,Phường,"Phường Mai Hùng, Thị xã Hoàng Mai, Tỉnh Nghệ An"
40,Nghệ An,432,Hoàng Mai,17128,Quỳnh Dị,Phường,"Phường Quỳnh Dị, Thị xã Hoàng Mai, Tỉnh Nghệ An"
40,Nghệ An,432,Hoàng Mai,17113,Quỳnh Lập,Xã,"Xã Quỳnh Lập, Thị xã Hoàng Mai, Tỉnh Nghệ An"
40,Nghệ An,432,Hoàng Mai,17137,Quỳnh Liên,Xã,"Xã Quỳnh Liên, Thị xã Hoàng Mai, Tỉnh Nghệ An"
40,Nghệ An,432,Hoàng Mai,17107,Quỳnh Lộc,Xã,"Xã Quỳnh Lộc, Thị xã Hoàng Mai, Tỉnh Nghệ An"
40,Nghệ An,432,Hoàng Mai,17134,Quỳnh Phương,Phường,"Phường Quỳnh Phương, Thị xã Hoàng Mai, Tỉnh Nghệ An"
40,Nghệ An,432,Hoàng Mai,17110,Quỳnh Thiện,Phường,"Phường Quỳnh Thiện, Thị xã Hoàng Mai, Tỉnh Nghệ An"
40,Nghệ An,432,Hoàng Mai,17116,Quỳnh Trang,Xã,"Xã Quỳnh Trang, Thị xã Hoàng Mai, Tỉnh Nghệ An"
40,Nghệ An,432,Hoàng Mai,17104,Quỳnh Vinh,Xã,"Xã Quỳnh Vinh, Thị xã Hoàng Mai, Tỉnh Nghệ An"
40,Nghệ An,432,Hoàng Mai,17131,Quỳnh Xuân,Phường,"Phường Quỳnh Xuân, Thị xã Hoàng Mai, Tỉnh Nghệ An"
40,Nghệ An,431,Hưng Nguyên,18052,Châu Nhân,Xã,"Xã Châu Nhân, Huyện Hưng Nguyên, Tỉnh Nghệ An"
40,Nghệ An,431,Hưng Nguyên,18016,Hưng Đạo,Xã,"Xã Hưng Đạo, Huyện Hưng Nguyên, Tỉnh Nghệ An"
40,Nghệ An,431,Hưng Nguyên,18025,Hưng Lĩnh,Xã,"Xã Hưng Lĩnh, Huyện Hưng Nguyên, Tỉnh Nghệ An"
40,Nghệ An,431,Hưng Nguyên,18037,Hưng Nghĩa,Xã,"Xã Hưng Nghĩa, Huyện Hưng Nguyên, Tỉnh Nghệ An"
40,Nghệ An,431,Hưng Nguyên,18001,Hưng Nguyên,Thị trấn,"Thị trấn Hưng Nguyên, Huyện Hưng Nguyên, Tỉnh Nghệ An"
40,Nghệ An,431,Hưng Nguyên,18010,Hưng Tây,Xã,"Xã Hưng Tây, Huyện Hưng Nguyên, Tỉnh Nghệ An"
40,Nghệ An,431,Hưng Nguyên,18064,Hưng Thành,Xã,"Xã Hưng Thành, Huyện Hưng Nguyên, Tỉnh Nghệ An"
40,Nghệ An,431,Hưng Nguyên,18004,Hưng Trung,Xã,"Xã Hưng Trung, Huyện Hưng Nguyên, Tỉnh Nghệ An"
40,Nghệ An,431,Hưng Nguyên,18008,Hưng Yên Bắc,Xã,"Xã Hưng Yên Bắc, Huyện Hưng Nguyên, Tỉnh Nghệ An"
40,Nghệ An,431,Hưng Nguyên,18007,Hưng Yên Nam,Xã,"Xã Hưng Yên Nam, Huyện Hưng Nguyên, Tỉnh Nghệ An"
40,Nghệ An,431,Hưng Nguyên,18043,Long Xá,Xã,"Xã Long Xá, Huyện Hưng Nguyên, Tỉnh Nghệ An"
40,Nghệ An,431,Hưng Nguyên,18040,Phúc Lợi,Xã,"Xã Phúc Lợi, Huyện Hưng Nguyên, Tỉnh Nghệ An"
40,Nghệ An,431,Hưng Nguyên,18022,Thịnh Mỹ,Xã,"Xã Thịnh Mỹ, Huyện Hưng Nguyên, Tỉnh Nghệ An"
40,Nghệ An,431,Hưng Nguyên,18028,Thông Tân,Xã,"Xã Thông Tân, Huyện Hưng Nguyên, Tỉnh Nghệ An"
40,Nghệ An,431,Hưng Nguyên,18055,Xuân Lam,Xã,"Xã Xuân Lam, Huyện Hưng Nguyên, Tỉnh Nghệ An"
40,Nghệ An,417,Kỳ Sơn,16819,Bắc Lý,Xã,"Xã Bắc Lý, Huyện Kỳ Sơn, Tỉnh Nghệ An"
40,Nghệ An,417,Kỳ Sơn,16840,Bảo Nam,Xã,"Xã Bảo Nam, Huyện Kỳ Sơn, Tỉnh Nghệ An"
40,Nghệ An,417,Kỳ Sơn,16846,Bảo Thắng,Xã,"Xã Bảo Thắng, Huyện Kỳ Sơn, Tỉnh Nghệ An"
40,Nghệ An,417,Kỳ Sơn,16855,Chiêu Lưu,Xã,"Xã Chiêu Lưu, Huyện Kỳ Sơn, Tỉnh Nghệ An"
40,Nghệ An,417,Kỳ Sơn,16825,Đoọc Mạy,Xã,"Xã Đoọc Mạy, Huyện Kỳ Sơn, Tỉnh Nghệ An"
40,Nghệ An,417,Kỳ Sơn,16828,Huồi Tụ,Xã,"Xã Huồi Tụ, Huyện Kỳ Sơn, Tỉnh Nghệ An"
40,Nghệ An,417,Kỳ Sơn,16861,Hữu Kiệm,Xã,"Xã Hữu Kiệm, Huyện Kỳ Sơn, Tỉnh Nghệ An"
40,Nghệ An,417,Kỳ Sơn,16849,Hữu Lập,Xã,"Xã Hữu Lập, Huyện Kỳ Sơn, Tỉnh Nghệ An"
40,Nghệ An,417,Kỳ Sơn,16822,Keng Đu,Xã,"Xã Keng Đu, Huyện Kỳ Sơn, Tỉnh Nghệ An"
40,Nghệ An,417,Kỳ Sơn,16867,Mường Ải,Xã,"Xã Mường Ải, Huyện Kỳ Sơn, Tỉnh Nghệ An"
40,Nghệ An,417,Kỳ Sơn,16831,Mường Lống,Xã,"Xã Mường Lống, Huyện Kỳ Sơn, Tỉnh Nghệ An"
40,Nghệ An,417,Kỳ Sơn,16858,Mường Típ,Xã,"Xã Mường Típ, Huyện Kỳ Sơn, Tỉnh Nghệ An"
40,Nghệ An,417,Kỳ Sơn,16813,Mường Xén,Thị trấn,"Thị trấn Mường Xén, Huyện Kỳ Sơn, Tỉnh Nghệ An"
40,Nghệ An,417,Kỳ Sơn,16816,Mỹ Lý,Xã,"Xã Mỹ Lý, Huyện Kỳ Sơn, Tỉnh Nghệ An"
40,Nghệ An,417,Kỳ Sơn,16834,Na Loi,Xã,"Xã Na Loi, Huyện Kỳ Sơn, Tỉnh Nghệ An"
40,Nghệ An,417,Kỳ Sơn,16870,Na Ngoi,Xã,"Xã Na Ngoi, Huyện Kỳ Sơn, Tỉnh Nghệ An"
40,Nghệ An,417,Kỳ Sơn,16837,Nậm Cắn,Xã,"Xã Nậm Cắn, Huyện Kỳ Sơn, Tỉnh Nghệ An"
40,Nghệ An,417,Kỳ Sơn,16873,Nậm Càn,Xã,"Xã Nậm Càn, Huyện Kỳ Sơn, Tỉnh Nghệ An"
40,Nghệ An,417,Kỳ Sơn,16843,Phà Đánh,Xã,"Xã Phà Đánh, Huyện Kỳ Sơn, Tỉnh Nghệ An"
40,Nghệ An,417,Kỳ Sơn,16852,Tà Cạ,Xã,"Xã Tà Cạ, Huyện Kỳ Sơn, Tỉnh Nghệ An"
40,Nghệ An,417,Kỳ Sơn,16864,Tây Sơn,Xã,"Xã Tây Sơn, Huyện Kỳ Sơn, Tỉnh Nghệ An"
40,Nghệ An,430,Nam Đàn,17962,Hùng Tiến,Xã,"Xã Hùng Tiến, Huyện Nam Đàn, Tỉnh Nghệ An"
40,Nghệ An,430,Nam Đàn,17986,Khánh Sơn,Xã,"Xã Khánh Sơn, Huyện Nam Đàn, Tỉnh Nghệ An"
40,Nghệ An,430,Nam Đàn,17971,Kim Liên,Xã,"Xã Kim Liên, Huyện Nam Đàn, Tỉnh Nghệ An"
40,Nghệ An,430,Nam Đàn,17941,Nam Anh,Xã,"Xã Nam Anh, Huyện Nam Đàn, Tỉnh Nghệ An"
40,Nghệ An,430,Nam Đàn,17983,Nam Cát,Xã,"Xã Nam Cát, Huyện Nam Đàn, Tỉnh Nghệ An"
40,Nghệ An,430,Nam Đàn,17950,Nam Đàn,Thị trấn,"Thị trấn Nam Đàn, Huyện Nam Đàn, Tỉnh Nghệ An"
40,Nghệ An,430,Nam Đàn,17956,Nam Giang,Xã,"Xã Nam Giang, Huyện Nam Đàn, Tỉnh Nghệ An"
40,Nghệ An,430,Nam Đàn,17932,Nam Hưng,Xã,"Xã Nam Hưng, Huyện Nam Đàn, Tỉnh Nghệ An"
40,Nghệ An,430,Nam Đàn,17998,Nam Kim,Xã,"Xã Nam Kim, Huyện Nam Đàn, Tỉnh Nghệ An"
40,Nghệ An,430,Nam Đàn,17953,Nam Lĩnh,Xã,"Xã Nam Lĩnh, Huyện Nam Đàn, Tỉnh Nghệ An"
40,Nghệ An,430,Nam Đàn,17938,Nam Thanh,Xã,"Xã Nam Thanh, Huyện Nam Đàn, Tỉnh Nghệ An"
40,Nghệ An,430,Nam Đàn,17944,Nam Xuân,Xã,"Xã Nam Xuân, Huyện Nam Đàn, Tỉnh Nghệ An"
40,Nghệ An,430,Nam Đàn,17935,Nghĩa Thái,Xã,"Xã Nghĩa Thái, Huyện Nam Đàn, Tỉnh Nghệ An"
40,Nghệ An,430,Nam Đàn,17968,Thượng Tân Lộc,Xã,"Xã Thượng Tân Lộc, Huyện Nam Đàn, Tỉnh Nghệ An"
40,Nghệ An,430,Nam Đàn,17989,Trung Phúc Cường,Xã,"Xã Trung Phúc Cường, Huyện Nam Đàn, Tỉnh Nghệ An"
40,Nghệ An,430,Nam Đàn,17959,Xuân Hòa,Xã,"Xã Xuân Hòa, Huyện Nam Đàn, Tỉnh Nghệ An"
40,Nghệ An,430,Nam Đàn,17980,Xuân Hồng,Xã,"Xã Xuân Hồng, Huyện Nam Đàn, Tỉnh Nghệ An"
40,Nghệ An,429,Nghi Lộc,17899,Diên Hoa,Xã,"Xã Diên Hoa, Huyện Nghi Lộc, Tỉnh Nghệ An"
40,Nghệ An,429,Nghi Lộc,17878,Khánh Hợp,Xã,"Xã Khánh Hợp, Huyện Nghi Lộc, Tỉnh Nghệ An"
40,Nghệ An,429,Nghi Lộc,17884,Nghi Công Bắc,Xã,"Xã Nghi Công Bắc, Huyện Nghi Lộc, Tỉnh Nghệ An"
40,Nghệ An,429,Nghi Lộc,17887,Nghi Công Nam,Xã,"Xã Nghi Công Nam, Huyện Nghi Lộc, Tỉnh Nghệ An"
40,Nghệ An,429,Nghi Lộc,17842,Nghi Đồng,Xã,"Xã Nghi Đồng, Huyện Nghi Lộc, Tỉnh Nghệ An"
40,Nghệ An,429,Nghi Lộc,17839,Nghi Hưng,Xã,"Xã Nghi Hưng, Huyện Nghi Lộc, Tỉnh Nghệ An"
40,Nghệ An,429,Nghi Lộc,17854,Nghi Kiều,Xã,"Xã Nghi Kiều, Huyện Nghi Lộc, Tỉnh Nghệ An"
40,Nghệ An,429,Nghi Lộc,17848,Nghi Lâm,Xã,"Xã Nghi Lâm, Huyện Nghi Lộc, Tỉnh Nghệ An"
40,Nghệ An,429,Nghi Lộc,17866,Nghi Long,Xã,"Xã Nghi Long, Huyện Nghi Lộc, Tỉnh Nghệ An"
40,Nghệ An,429,Nghi Lộc,17857,Nghi Mỹ,Xã,"Xã Nghi Mỹ, Huyện Nghi Lộc, Tỉnh Nghệ An"
40,Nghệ An,429,Nghi Lộc,17860,Nghi Phương,Xã,"Xã Nghi Phương, Huyện Nghi Lộc, Tỉnh Nghệ An"
40,Nghệ An,429,Nghi Lộc,17851,Nghi Quang,Xã,"Xã Nghi Quang, Huyện Nghi Lộc, Tỉnh Nghệ An"
40,Nghệ An,429,Nghi Lộc,17890,Nghi Thạch,Xã,"Xã Nghi Thạch, Huyện Nghi Lộc, Tỉnh Nghệ An"
40,Nghệ An,429,Nghi Lộc,17845,Nghi Thiết,Xã,"Xã Nghi Thiết, Huyện Nghi Lộc, Tỉnh Nghệ An"
40,Nghệ An,429,Nghi Lộc,17863,Nghi Thuận,Xã,"Xã Nghi Thuận, Huyện Nghi Lộc, Tỉnh Nghệ An"
40,Nghệ An,429,Nghi Lộc,17836,Nghi Tiến,Xã,"Xã Nghi Tiến, Huyện Nghi Lộc, Tỉnh Nghệ An"
40,Nghệ An,429,Nghi Lộc,17893,Nghi Trung,Xã,"Xã Nghi Trung, Huyện Nghi Lộc, Tỉnh Nghệ An"
40,Nghệ An,429,Nghi Lộc,17830,Nghi Văn,Xã,"Xã Nghi Văn, Huyện Nghi Lộc, Tỉnh Nghệ An"
40,Nghệ An,429,Nghi Lộc,17911,Nghi Vạn,Xã,"Xã Nghi Vạn, Huyện Nghi Lộc, Tỉnh Nghệ An"
40,Nghệ An,429,Nghi Lộc,17869,Nghi Xá,Xã,"Xã Nghi Xá, Huyện Nghi Lộc, Tỉnh Nghệ An"
40,Nghệ An,429,Nghi Lộc,17833,Nghi Yên,Xã,"Xã Nghi Yên, Huyện Nghi Lộc, Tỉnh Nghệ An"
40,Nghệ An,429,Nghi Lộc,17827,Quán Hành,Thị trấn,"Thị trấn Quán Hành, Huyện Nghi Lộc, Tỉnh Nghệ An"
40,Nghệ An,429,Nghi Lộc,17896,Thịnh Trường,Xã,"Xã Thịnh Trường, Huyện Nghi Lộc, Tỉnh Nghệ An"
40,Nghệ An,419,Nghĩa Đàn,17023,Nghĩa An,Xã,"Xã Nghĩa An, Huyện Nghĩa Đàn, Tỉnh Nghệ An"
40,Nghệ An,419,Nghĩa Đàn,16960,Nghĩa Bình,Xã,"Xã Nghĩa Bình, Huyện Nghĩa Đàn, Tỉnh Nghệ An"
40,Nghệ An,419,Nghĩa Đàn,16941,Nghĩa Đàn,Thị trấn,"Thị trấn Nghĩa Đàn, Huyện Nghĩa Đàn, Tỉnh Nghệ An"
40,Nghệ An,419,Nghĩa Đàn,17020,Nghĩa Đức,Xã,"Xã Nghĩa Đức, Huyện Nghĩa Đàn, Tỉnh Nghệ An"
40,Nghệ An,419,Nghĩa Đàn,16984,Nghĩa Hội,Xã,"Xã Nghĩa Hội, Huyện Nghĩa Đàn, Tỉnh Nghệ An"
40,Nghệ An,419,Nghĩa Đàn,16975,Nghĩa Hồng,Xã,"Xã Nghĩa Hồng, Huyện Nghĩa Đàn, Tỉnh Nghệ An"
40,Nghệ An,419,Nghĩa Đàn,16972,Nghĩa Hưng,Xã,"Xã Nghĩa Hưng, Huyện Nghĩa Đàn, Tỉnh Nghệ An"
40,Nghệ An,419,Nghĩa Đàn,17032,Nghĩa Khánh,Xã,"Xã Nghĩa Khánh, Huyện Nghĩa Đàn, Tỉnh Nghệ An"
40,Nghệ An,419,Nghĩa Đàn,16948,Nghĩa Lạc,Xã,"Xã Nghĩa Lạc, Huyện Nghĩa Đàn, Tỉnh Nghệ An"
40,Nghệ An,419,Nghĩa Đàn,16951,Nghĩa Lâm,Xã,"Xã Nghĩa Lâm, Huyện Nghĩa Đàn, Tỉnh Nghệ An"
40,Nghệ An,419,Nghĩa Đàn,17029,Nghĩa Lộc,Xã,"Xã Nghĩa Lộc, Huyện Nghĩa Đàn, Tỉnh Nghệ An"
40,Nghệ An,419,Nghĩa Đàn,16957,Nghĩa Lợi,Xã,"Xã Nghĩa Lợi, Huyện Nghĩa Đàn, Tỉnh Nghệ An"
40,Nghệ An,419,Nghĩa Đàn,17026,Nghĩa Long,Xã,"Xã Nghĩa Long, Huyện Nghĩa Đàn, Tỉnh Nghệ An"
40,Nghệ An,419,Nghĩa Đàn,16942,Nghĩa Mai,Xã,"Xã Nghĩa Mai, Huyện Nghĩa Đàn, Tỉnh Nghệ An"
40,Nghệ An,419,Nghĩa Đàn,16966,Nghĩa Minh,Xã,"Xã Nghĩa Minh, Huyện Nghĩa Đàn, Tỉnh Nghệ An"
40,Nghệ An,419,Nghĩa Đàn,16954,Nghĩa Sơn,Xã,"Xã Nghĩa Sơn, Huyện Nghĩa Đàn, Tỉnh Nghệ An"
40,Nghệ An,419,Nghĩa Đàn,16987,Nghĩa Thành,Xã,"Xã Nghĩa Thành, Huyện Nghĩa Đàn, Tỉnh Nghệ An"
40,Nghệ An,419,Nghĩa Đàn,16969,Nghĩa Thọ,Xã,"Xã Nghĩa Thọ, Huyện Nghĩa Đàn, Tỉnh Nghệ An"
40,Nghệ An,419,Nghĩa Đàn,16981,Nghĩa Trung,Xã,"Xã Nghĩa Trung, Huyện Nghĩa Đàn, Tỉnh Nghệ An"
40,Nghệ An,419,Nghĩa Đàn,16945,Nghĩa Yên,Xã,"Xã Nghĩa Yên, Huyện Nghĩa Đàn, Tỉnh Nghệ An"
40,Nghệ An,415,Quế Phong,16774,Căm Muộn,Xã,"Xã Căm Muộn, Huyện Quế Phong, Tỉnh Nghệ An"
40,Nghệ An,415,Quế Phong,16759,Châu Kim,Xã,"Xã Châu Kim, Huyện Quế Phong, Tỉnh Nghệ An"
40,Nghệ An,415,Quế Phong,16765,Châu Thôn,Xã,"Xã Châu Thôn, Huyện Quế Phong, Tỉnh Nghệ An"
40,Nghệ An,415,Quế Phong,16744,Đồng Văn,Xã,"Xã Đồng Văn, Huyện Quế Phong, Tỉnh Nghệ An"
40,Nghệ An,415,Quế Phong,16747,Hạnh Dịch,Xã,"Xã Hạnh Dịch, Huyện Quế Phong, Tỉnh Nghệ An"
40,Nghệ An,415,Quế Phong,16738,Kim Sơn,Thị trấn,"Thị trấn Kim Sơn, Huyện Quế Phong, Tỉnh Nghệ An"
40,Nghệ An,415,Quế Phong,16763,Mường Nọc,Xã,"Xã Mường Nọc, Huyện Quế Phong, Tỉnh Nghệ An"
40,Nghệ An,415,Quế Phong,16753,Nậm Giải,Xã,"Xã Nậm Giải, Huyện Quế Phong, Tỉnh Nghệ An"
40,Nghệ An,415,Quế Phong,16768,Nậm Nhoóng,Xã,"Xã Nậm Nhoóng, Huyện Quế Phong, Tỉnh Nghệ An"
40,Nghệ An,415,Quế Phong,16771,Quang Phong,Xã,"Xã Quang Phong, Huyện Quế Phong, Tỉnh Nghệ An"
40,Nghệ An,415,Quế Phong,16741,Thông Thụ,Xã,"Xã Thông Thụ, Huyện Quế Phong, Tỉnh Nghệ An"
40,Nghệ An,415,Quế Phong,16750,Tiền Phong,Xã,"Xã Tiền Phong, Huyện Quế Phong, Tỉnh Nghệ An"
40,Nghệ An,415,Quế Phong,16756,Tri Lễ,Xã,"Xã Tri Lễ, Huyện Quế Phong, Tỉnh Nghệ An"
40,Nghệ An,416,Quỳ Châu,16780,Châu Bính,Xã,"Xã Châu Bính, Huyện Quỳ Châu, Tỉnh Nghệ An"
40,Nghệ An,416,Quỳ Châu,16804,Châu Bình,Xã,"Xã Châu Bình, Huyện Quỳ Châu, Tỉnh Nghệ An"
40,Nghệ An,416,Quỳ Châu,16795,Châu Hạnh,Xã,"Xã Châu Hạnh, Huyện Quỳ Châu, Tỉnh Nghệ An"
40,Nghệ An,416,Quỳ Châu,16807,Châu Hoàn,Xã,"Xã Châu Hoàn, Huyện Quỳ Châu, Tỉnh Nghệ An"
40,Nghệ An,416,Quỳ Châu,16786,Châu Hội,Xã,"Xã Châu Hội, Huyện Quỳ Châu, Tỉnh Nghệ An"
40,Nghệ An,416,Quỳ Châu,16789,Châu Nga,Xã,"Xã Châu Nga, Huyện Quỳ Châu, Tỉnh Nghệ An"
40,Nghệ An,416,Quỳ Châu,16801,Châu Phong,Xã,"Xã Châu Phong, Huyện Quỳ Châu, Tỉnh Nghệ An"
40,Nghệ An,416,Quỳ Châu,16798,Châu Thắng,Xã,"Xã Châu Thắng, Huyện Quỳ Châu, Tỉnh Nghệ An"
40,Nghệ An,416,Quỳ Châu,16783,Châu Thuận,Xã,"Xã Châu Thuận, Huyện Quỳ Châu, Tỉnh Nghệ An"
40,Nghệ An,416,Quỳ Châu,16792,Châu Tiến,Xã,"Xã Châu Tiến, Huyện Quỳ Châu, Tỉnh Nghệ An"
40,Nghệ An,416,Quỳ Châu,16810,Diên Lãm,Xã,"Xã Diên Lãm, Huyện Quỳ Châu, Tỉnh Nghệ An"
40,Nghệ An,416,Quỳ Châu,16777,Tân Lạc,Thị trấn,"Thị trấn Tân Lạc, Huyện Quỳ Châu, Tỉnh Nghệ An"
40,Nghệ An,420,Quỳ Hợp,17095,Bắc Sơn,Xã,"Xã Bắc Sơn, Huyện Quỳ Hợp, Tỉnh Nghệ An"
40,Nghệ An,420,Quỳ Hợp,17062,Châu Cường,Xã,"Xã Châu Cường, Huyện Quỳ Hợp, Tỉnh Nghệ An"
40,Nghệ An,420,Quỳ Hợp,17080,Châu Đình,Xã,"Xã Châu Đình, Huyện Quỳ Hợp, Tỉnh Nghệ An"
40,Nghệ An,420,Quỳ Hợp,17044,Châu Hồng,Xã,"Xã Châu Hồng, Huyện Quỳ Hợp, Tỉnh Nghệ An"
40,Nghệ An,420,Quỳ Hợp,17056,Châu Lộc,Xã,"Xã Châu Lộc, Huyện Quỳ Hợp, Tỉnh Nghệ An"
40,Nghệ An,420,Quỳ Hợp,17089,Châu Lý,Xã,"Xã Châu Lý, Huyện Quỳ Hợp, Tỉnh Nghệ An"
40,Nghệ An,420,Quỳ Hợp,17065,Châu Quang,Xã,"Xã Châu Quang, Huyện Quỳ Hợp, Tỉnh Nghệ An"
40,Nghệ An,420,Quỳ Hợp,17077,Châu Thái,Xã,"Xã Châu Thái, Huyện Quỳ Hợp, Tỉnh Nghệ An"
40,Nghệ An,420,Quỳ Hợp,17050,Châu Thành,Xã,"Xã Châu Thành, Huyện Quỳ Hợp, Tỉnh Nghệ An"
40,Nghệ An,420,Quỳ Hợp,17041,Châu Tiến,Xã,"Xã Châu Tiến, Huyện Quỳ Hợp, Tỉnh Nghệ An"
40,Nghệ An,420,Quỳ Hợp,17047,Đồng Hợp,Xã,"Xã Đồng Hợp, Huyện Quỳ Hợp, Tỉnh Nghệ An"
40,Nghệ An,420,Quỳ Hợp,17092,Hạ Sơn,Xã,"Xã Hạ Sơn, Huyện Quỳ Hợp, Tỉnh Nghệ An"
40,Nghệ An,420,Quỳ Hợp,17053,Liên Hợp,Xã,"Xã Liên Hợp, Huyện Quỳ Hợp, Tỉnh Nghệ An"
40,Nghệ An,420,Quỳ Hợp,17071,Minh Hợp,Xã,"Xã Minh Hợp, Huyện Quỳ Hợp, Tỉnh Nghệ An"
40,Nghệ An,420,Quỳ Hợp,17086,Nam Sơn,Xã,"Xã Nam Sơn, Huyện Quỳ Hợp, Tỉnh Nghệ An"
40,Nghệ An,420,Quỳ Hợp,17074,Nghĩa Xuân,Xã,"Xã Nghĩa Xuân, Huyện Quỳ Hợp, Tỉnh Nghệ An"
40,Nghệ An,420,Quỳ Hợp,17035,Quỳ Hợp,Thị trấn,"Thị trấn Quỳ Hợp, Huyện Quỳ Hợp, Tỉnh Nghệ An"
40,Nghệ An,420,Quỳ Hợp,17059,Tam Hợp,Xã,"Xã Tam Hợp, Huyện Quỳ Hợp, Tỉnh Nghệ An"
40,Nghệ An,420,Quỳ Hợp,17068,Thọ Hợp,Xã,"Xã Thọ Hợp, Huyện Quỳ Hợp, Tỉnh Nghệ An"
40,Nghệ An,420,Quỳ Hợp,17083,Văn Lợi,Xã,"Xã Văn Lợi, Huyện Quỳ Hợp, Tỉnh Nghệ An"
40,Nghệ An,420,Quỳ Hợp,17038,Yên Hợp,Xã,"Xã Yên Hợp, Huyện Quỳ Hợp, Tỉnh Nghệ An"
40,Nghệ An,421,Quỳnh Lưu,17206,An Hòa,Xã,"Xã An Hòa, Huyện Quỳnh Lưu, Tỉnh Nghệ An"
40,Nghệ An,421,Quỳnh Lưu,17185,Bình Sơn,Xã,"Xã Bình Sơn, Huyện Quỳnh Lưu, Tỉnh Nghệ An"
40,Nghệ An,421,Quỳnh Lưu,17179,Cầu Giát,Thị trấn,"Thị trấn Cầu Giát, Huyện Quỳnh Lưu, Tỉnh Nghệ An"
40,Nghệ An,421,Quỳnh Lưu,17176,Minh Lương,Xã,"Xã Minh Lương, Huyện Quỳnh Lưu, Tỉnh Nghệ An"
40,Nghệ An,421,Quỳnh Lưu,17146,Ngọc Sơn,Xã,"Xã Ngọc Sơn, Huyện Quỳnh Lưu, Tỉnh Nghệ An"
40,Nghệ An,421,Quỳnh Lưu,17209,Phú Nghĩa,Xã,"Xã Phú Nghĩa, Huyện Quỳnh Lưu, Tỉnh Nghệ An"
40,Nghệ An,421,Quỳnh Lưu,17158,Quỳnh Bảng,Xã,"Xã Quỳnh Bảng, Huyện Quỳnh Lưu, Tỉnh Nghệ An"
40,Nghệ An,421,Quỳnh Lưu,17122,Quỳnh Châu,Xã,"Xã Quỳnh Châu, Huyện Quỳnh Lưu, Tỉnh Nghệ An"
40,Nghệ An,421,Quỳnh Lưu,17191,Quỳnh Diễn,Xã,"Xã Quỳnh Diễn, Huyện Quỳnh Lưu, Tỉnh Nghệ An"
40,Nghệ An,421,Quỳnh Lưu,17173,Quỳnh Đôi,Xã,"Xã Quỳnh Đôi, Huyện Quỳnh Lưu, Tỉnh Nghệ An"
40,Nghệ An,421,Quỳnh Lưu,17197,Quỳnh Giang,Xã,"Xã Quỳnh Giang, Huyện Quỳnh Lưu, Tỉnh Nghệ An"
40,Nghệ An,421,Quỳnh Lưu,17167,Quỳnh Hậu,Xã,"Xã Quỳnh Hậu, Huyện Quỳnh Lưu, Tỉnh Nghệ An"
40,Nghệ An,421,Quỳnh Lưu,17170,Quỳnh Lâm,Xã,"Xã Quỳnh Lâm, Huyện Quỳnh Lưu, Tỉnh Nghệ An"
40,Nghệ An,421,Quỳnh Lưu,17152,Quỳnh Sơn,Xã,"Xã Quỳnh Sơn, Huyện Quỳnh Lưu, Tỉnh Nghệ An"
40,Nghệ An,421,Quỳnh Lưu,17149,Quỳnh Tam,Xã,"Xã Quỳnh Tam, Huyện Quỳnh Lưu, Tỉnh Nghệ An"
40,Nghệ An,421,Quỳnh Lưu,17119,Quỳnh Tân,Xã,"Xã Quỳnh Tân, Huyện Quỳnh Lưu, Tỉnh Nghệ An"
40,Nghệ An,421,Quỳnh Lưu,17155,Quỳnh Thạch,Xã,"Xã Quỳnh Thạch, Huyện Quỳnh Lưu, Tỉnh Nghệ An"
40,Nghệ An,421,Quỳnh Lưu,17101,Quỳnh Thắng,Xã,"Xã Quỳnh Thắng, Huyện Quỳnh Lưu, Tỉnh Nghệ An"
40,Nghệ An,421,Quỳnh Lưu,17164,Quỳnh Thanh,Xã,"Xã Quỳnh Thanh, Huyện Quỳnh Lưu, Tỉnh Nghệ An"
40,Nghệ An,421,Quỳnh Lưu,17143,Quỳnh Văn,Xã,"Xã Quỳnh Văn, Huyện Quỳnh Lưu, Tỉnh Nghệ An"
40,Nghệ An,421,Quỳnh Lưu,17182,Quỳnh Yên,Xã,"Xã Quỳnh Yên, Huyện Quỳnh Lưu, Tỉnh Nghệ An"
40,Nghệ An,421,Quỳnh Lưu,17140,Tân Sơn,Xã,"Xã Tân Sơn, Huyện Quỳnh Lưu, Tỉnh Nghệ An"
40,Nghệ An,421,Quỳnh Lưu,17224,Tân Thắng,Xã,"Xã Tân Thắng, Huyện Quỳnh Lưu, Tỉnh Nghệ An"
40,Nghệ An,421,Quỳnh Lưu,17218,Thuận Long,Xã,"Xã Thuận Long, Huyện Quỳnh Lưu, Tỉnh Nghệ An"
40,Nghệ An,421,Quỳnh Lưu,17212,Văn Hải,Xã,"Xã Văn Hải, Huyện Quỳnh Lưu, Tỉnh Nghệ An"
40,Nghệ An,423,Tân Kỳ,17281,Bình Hợp,Xã,"Xã Bình Hợp, Huyện Tân Kỳ, Tỉnh Nghệ An"
40,Nghệ An,423,Tân Kỳ,17287,Đồng Văn,Xã,"Xã Đồng Văn, Huyện Tân Kỳ, Tỉnh Nghệ An"
40,Nghệ An,423,Tân Kỳ,17278,Giai Xuân,Xã,"Xã Giai Xuân, Huyện Tân Kỳ, Tỉnh Nghệ An"
40,Nghệ An,423,Tân Kỳ,17296,Hoàn Long,Xã,"Xã Hoàn Long, Huyện Tân Kỳ, Tỉnh Nghệ An"
40,Nghệ An,423,Tân Kỳ,17317,Hương Sơn,Xã,"Xã Hương Sơn, Huyện Tân Kỳ, Tỉnh Nghệ An"
40,Nghệ An,423,Tân Kỳ,17314,Kỳ Sơn,Xã,"Xã Kỳ Sơn, Huyện Tân Kỳ, Tỉnh Nghệ An"
40,Nghệ An,423,Tân Kỳ,17320,Kỳ Tân,Xã,"Xã Kỳ Tân, Huyện Tân Kỳ, Tỉnh Nghệ An"
40,Nghệ An,423,Tân Kỳ,17308,Nghĩa Dũng,Xã,"Xã Nghĩa Dũng, Huyện Tân Kỳ, Tỉnh Nghệ An"
40,Nghệ An,423,Tân Kỳ,17284,Nghĩa Đồng,Xã,"Xã Nghĩa Đồng, Huyện Tân Kỳ, Tỉnh Nghệ An"
40,Nghệ An,423,Tân Kỳ,17326,Nghĩa Hành,Xã,"Xã Nghĩa Hành, Huyện Tân Kỳ, Tỉnh Nghệ An"
40,Nghệ An,423,Tân Kỳ,17299,Nghĩa Phúc,Xã,"Xã Nghĩa Phúc, Huyện Tân Kỳ, Tỉnh Nghệ An"
40,Nghệ An,423,Tân Kỳ,17290,Nghĩa Thái,Xã,"Xã Nghĩa Thái, Huyện Tân Kỳ, Tỉnh Nghệ An"
40,Nghệ An,423,Tân Kỳ,17323,Phú Sơn,Xã,"Xã Phú Sơn, Huyện Tân Kỳ, Tỉnh Nghệ An"
40,Nghệ An,423,Tân Kỳ,17305,Tân An,Xã,"Xã Tân An, Huyện Tân Kỳ, Tỉnh Nghệ An"
40,Nghệ An,423,Tân Kỳ,17269,Tân Hợp,Xã,"Xã Tân Hợp, Huyện Tân Kỳ, Tỉnh Nghệ An"
40,Nghệ An,423,Tân Kỳ,17325,Tân Hương,Xã,"Xã Tân Hương, Huyện Tân Kỳ, Tỉnh Nghệ An"
40,Nghệ An,423,Tân Kỳ,17266,Tân Kỳ,Thị trấn,"Thị trấn Tân Kỳ, Huyện Tân Kỳ, Tỉnh Nghệ An"
40,Nghệ An,423,Tân Kỳ,17272,Tân Phú,Xã,"Xã Tân Phú, Huyện Tân Kỳ, Tỉnh Nghệ An"
40,Nghệ An,423,Tân Kỳ,17275,Tân Xuân,Xã,"Xã Tân Xuân, Huyện Tân Kỳ, Tỉnh Nghệ An"
40,Nghệ An,423,Tân Kỳ,17302,Tiên Kỳ,Xã,"Xã Tiên Kỳ, Huyện Tân Kỳ, Tỉnh Nghệ An"
40,Nghệ An,414,Thái Hoà,17017,Đông Hiếu,Xã,"Xã Đông Hiếu, Thị xã Thái Hoà, Tỉnh Nghệ An"
40,Nghệ An,414,Thái Hoà,16939,Hoà Hiếu,Phường,"Phường Hoà Hiếu, Thị xã Thái Hoà, Tỉnh Nghệ An"
40,Nghệ An,414,Thái Hoà,17003,Long Sơn,Phường,"Phường Long Sơn, Thị xã Thái Hoà, Tỉnh Nghệ An"
40,Nghệ An,414,Thái Hoà,17008,Nghĩa Mỹ,Xã,"Xã Nghĩa Mỹ, Thị xã Thái Hoà, Tỉnh Nghệ An"
40,Nghệ An,414,Thái Hoà,17014,Nghĩa Thuận,Xã,"Xã Nghĩa Thuận, Thị xã Thái Hoà, Tỉnh Nghệ An"
40,Nghệ An,414,Thái Hoà,17005,Nghĩa Tiến,Xã,"Xã Nghĩa Tiến, Thị xã Thái Hoà, Tỉnh Nghệ An"
40,Nghệ An,414,Thái Hoà,16993,Quang Phong,Phường,"Phường Quang Phong, Thị xã Thái Hoà, Tỉnh Nghệ An"
40,Nghệ An,414,Thái Hoà,16994,Quang Tiến,Phường,"Phường Quang Tiến, Thị xã Thái Hoà, Tỉnh Nghệ An"
40,Nghệ An,414,Thái Hoà,17011,Tây Hiếu,Xã,"Xã Tây Hiếu, Thị xã Thái Hoà, Tỉnh Nghệ An"
40,Nghệ An,428,Thanh Chương,17716,Cát Văn,Xã,"Xã Cát Văn, Huyện Thanh Chương, Tỉnh Nghệ An"
40,Nghệ An,428,Thanh Chương,17713,Dùng,Thị trấn,"Thị trấn Dùng, Huyện Thanh Chương, Tỉnh Nghệ An"
40,Nghệ An,428,Thanh Chương,17749,Đại Đồng,Xã,"Xã Đại Đồng, Huyện Thanh Chương, Tỉnh Nghệ An"
40,Nghệ An,428,Thanh Chương,17764,Đồng Văn,Xã,"Xã Đồng Văn, Huyện Thanh Chương, Tỉnh Nghệ An"
40,Nghệ An,428,Thanh Chương,17722,Hạnh Lâm,Xã,"Xã Hạnh Lâm, Huyện Thanh Chương, Tỉnh Nghệ An"
40,Nghệ An,428,Thanh Chương,17791,Kim Bảng,Xã,"Xã Kim Bảng, Huyện Thanh Chương, Tỉnh Nghệ An"
40,Nghệ An,428,Thanh Chương,17818,Mai Giang,Xã,"Xã Mai Giang, Huyện Thanh Chương, Tỉnh Nghệ An"
40,Nghệ An,428,Thanh Chương,17719,Minh Sơn,Xã,"Xã Minh Sơn, Huyện Thanh Chương, Tỉnh Nghệ An"
40,Nghệ An,428,Thanh Chương,17785,Minh Tiến,Xã,"Xã Minh Tiến, Huyện Thanh Chương, Tỉnh Nghệ An"
40,Nghệ An,428,Thanh Chương,17759,Ngọc Lâm,Xã,"Xã Ngọc Lâm, Huyện Thanh Chương, Tỉnh Nghệ An"
40,Nghệ An,428,Thanh Chương,17767,Ngọc Sơn,Xã,"Xã Ngọc Sơn, Huyện Thanh Chương, Tỉnh Nghệ An"
40,Nghệ An,428,Thanh Chương,17728,Phong Thịnh,Xã,"Xã Phong Thịnh, Huyện Thanh Chương, Tỉnh Nghệ An"
40,Nghệ An,428,Thanh Chương,17773,Thanh An,Xã,"Xã Thanh An, Huyện Thanh Chương, Tỉnh Nghệ An"
40,Nghệ An,428,Thanh Chương,17824,Thanh Đức,Xã,"Xã Thanh Đức, Huyện Thanh Chương, Tỉnh Nghệ An"
40,Nghệ An,428,Thanh Chương,17806,Thanh Hà,Xã,"Xã Thanh Hà, Huyện Thanh Chương, Tỉnh Nghệ An"
40,Nghệ An,428,Thanh Chương,17758,Thanh Hương,Xã,"Xã Thanh Hương, Huyện Thanh Chương, Tỉnh Nghệ An"
40,Nghệ An,428,Thanh Chương,17815,Thanh Lâm,Xã,"Xã Thanh Lâm, Huyện Thanh Chương, Tỉnh Nghệ An"
40,Nghệ An,428,Thanh Chương,17743,Thanh Liên,Xã,"Xã Thanh Liên, Huyện Thanh Chương, Tỉnh Nghệ An"
40,Nghệ An,428,Thanh Chương,17734,Thanh Mỹ,Xã,"Xã Thanh Mỹ, Huyện Thanh Chương, Tỉnh Nghệ An"
40,Nghệ An,428,Thanh Chương,17755,Thanh Ngọc,Xã,"Xã Thanh Ngọc, Huyện Thanh Chương, Tỉnh Nghệ An"
40,Nghệ An,428,Thanh Chương,17731,Thanh Phong,Xã,"Xã Thanh Phong, Huyện Thanh Chương, Tỉnh Nghệ An"
40,Nghệ An,428,Thanh Chương,17776,Thanh Quả,Xã,"Xã Thanh Quả, Huyện Thanh Chương, Tỉnh Nghệ An"
40,Nghệ An,428,Thanh Chương,17723,Thanh Sơn,Xã,"Xã Thanh Sơn, Huyện Thanh Chương, Tỉnh Nghệ An"
40,Nghệ An,428,Thanh Chương,17770,Thanh Thịnh,Xã,"Xã Thanh Thịnh, Huyện Thanh Chương, Tỉnh Nghệ An"
40,Nghệ An,428,Thanh Chương,17797,Thanh Thủy,Xã,"Xã Thanh Thủy, Huyện Thanh Chương, Tỉnh Nghệ An"
40,Nghệ An,428,Thanh Chương,17737,Thanh Tiên,Xã,"Xã Thanh Tiên, Huyện Thanh Chương, Tỉnh Nghệ An"
40,Nghệ An,428,Thanh Chương,17812,Thanh Tùng,Xã,"Xã Thanh Tùng, Huyện Thanh Chương, Tỉnh Nghệ An"
40,Nghệ An,428,Thanh Chương,17821,Thanh Xuân,Xã,"Xã Thanh Xuân, Huyện Thanh Chương, Tỉnh Nghệ An"
40,Nghệ An,428,Thanh Chương,17779,Xuân Dương,Xã,"Xã Xuân Dương, Huyện Thanh Chương, Tỉnh Nghệ An"
40,Nghệ An,418,Tương Dương,16885,Hữu Khuông,Xã,"Xã Hữu Khuông, Huyện Tương Dương, Tỉnh Nghệ An"
40,Nghệ An,418,Tương Dương,16906,Lưỡng Minh,Xã,"Xã Lưỡng Minh, Huyện Tương Dương, Tỉnh Nghệ An"
40,Nghệ An,418,Tương Dương,16915,Lưu Kiền,Xã,"Xã Lưu Kiền, Huyện Tương Dương, Tỉnh Nghệ An"
40,Nghệ An,418,Tương Dương,16879,Mai Sơn,Xã,"Xã Mai Sơn, Huyện Tương Dương, Tỉnh Nghệ An"
40,Nghệ An,418,Tương Dương,16903,Nga My,Xã,"Xã Nga My, Huyện Tương Dương, Tỉnh Nghệ An"
40,Nghệ An,418,Tương Dương,16882,Nhôn Mai,Xã,"Xã Nhôn Mai, Huyện Tương Dương, Tỉnh Nghệ An"
40,Nghệ An,418,Tương Dương,16927,Tam Đình,Xã,"Xã Tam Đình, Huyện Tương Dương, Tỉnh Nghệ An"
40,Nghệ An,418,Tương Dương,16936,Tam Hợp,Xã,"Xã Tam Hợp, Huyện Tương Dương, Tỉnh Nghệ An"
40,Nghệ An,418,Tương Dương,16933,Tam Quang,Xã,"Xã Tam Quang, Huyện Tương Dương, Tỉnh Nghệ An"
40,Nghệ An,418,Tương Dương,16924,Tam Thái,Xã,"Xã Tam Thái, Huyện Tương Dương, Tỉnh Nghệ An"
40,Nghệ An,418,Tương Dương,16876,Thạch Giám,Thị trấn,"Thị trấn Thạch Giám, Huyện Tương Dương, Tỉnh Nghệ An"
40,Nghệ An,418,Tương Dương,16921,Xá Lượng,Xã,"Xã Xá Lượng, Huyện Tương Dương, Tỉnh Nghệ An"
40,Nghệ An,418,Tương Dương,16904,Xiêng My,Xã,"Xã Xiêng My, Huyện Tương Dương, Tỉnh Nghệ An"
40,Nghệ An,418,Tương Dương,16909,Yên Hòa,Xã,"Xã Yên Hòa, Huyện Tương Dương, Tỉnh Nghệ An"
40,Nghệ An,418,Tương Dương,16912,Yên Na,Xã,"Xã Yên Na, Huyện Tương Dương, Tỉnh Nghệ An"
40,Nghệ An,418,Tương Dương,16930,Yên Thắng,Xã,"Xã Yên Thắng, Huyện Tương Dương, Tỉnh Nghệ An"
40,Nghệ An,418,Tương Dương,16900,Yên Tĩnh,Xã,"Xã Yên Tĩnh, Huyện Tương Dương, Tỉnh Nghệ An"
40,Nghệ An,412,Vinh,16693,Bến Thủy,Phường,"Phường Bến Thủy, Thành phố Vinh, Tỉnh Nghệ An"
40,Nghệ An,412,Vinh,16678,Cửa Nam,Phường,"Phường Cửa Nam, Thành phố Vinh, Tỉnh Nghệ An"
40,Nghệ An,412,Vinh,16663,Đông Vĩnh,Phường,"Phường Đông Vĩnh, Thành phố Vinh, Tỉnh Nghệ An"
40,Nghệ An,412,Vinh,16666,Hà Huy Tập,Phường,"Phường Hà Huy Tập, Thành phố Vinh, Tỉnh Nghệ An"
40,Nghệ An,412,Vinh,16672,Hưng Bình,Phường,"Phường Hưng Bình, Thành phố Vinh, Tỉnh Nghệ An"
40,Nghệ An,412,Vinh,18013,Hưng Chính,Xã,"Xã Hưng Chính, Thành phố Vinh, Tỉnh Nghệ An"
40,Nghệ An,412,Vinh,16675,Hưng Dũng,Phường,"Phường Hưng Dũng, Thành phố Vinh, Tỉnh Nghệ An"
40,Nghệ An,412,Vinh,16705,Hưng Đông,Phường,"Phường Hưng Đông, Thành phố Vinh, Tỉnh Nghệ An"
40,Nghệ An,412,Vinh,16711,Hưng Hòa,Xã,"Xã Hưng Hòa, Thành phố Vinh, Tỉnh Nghệ An"
40,Nghệ An,412,Vinh,16708,Hưng Lộc,Phường,"Phường Hưng Lộc, Thành phố Vinh, Tỉnh Nghệ An"
40,Nghệ An,412,Vinh,16673,Hưng Phúc,Phường,"Phường Hưng Phúc, Thành phố Vinh, Tỉnh Nghệ An"
40,Nghệ An,412,Vinh,16669,Lê Lợi,Phường,"Phường Lê Lợi, Thành phố Vinh, Tỉnh Nghệ An"
40,Nghệ An,412,Vinh,17914,Nghi Ân,Xã,"Xã Nghi Ân, Thành phố Vinh, Tỉnh Nghệ An"
40,Nghệ An,412,Vinh,17923,Nghi Đức,Phường,"Phường Nghi Đức, Thành phố Vinh, Tỉnh Nghệ An"
40,Nghệ An,412,Vinh,16729,Nghi Hải,Phường,"Phường Nghi Hải, Thành phố Vinh, Tỉnh Nghệ An"
40,Nghệ An,412,Vinh,16726,Nghi Hòa,Phường,"Phường Nghi Hòa, Thành phố Vinh, Tỉnh Nghệ An"
40,Nghệ An,412,Vinh,16732,Nghi Hương,Phường,"Phường Nghi Hương, Thành phố Vinh, Tỉnh Nghệ An"
40,Nghệ An,412,Vinh,17920,Nghi Kim,Xã,"Xã Nghi Kim, Thành phố Vinh, Tỉnh Nghệ An"
40,Nghệ An,412,Vinh,17908,Nghi Liên,Xã,"Xã Nghi Liên, Thành phố Vinh, Tỉnh Nghệ An"
40,Nghệ An,412,Vinh,17902,Nghi Phong,Xã,"Xã Nghi Phong, Thành phố Vinh, Tỉnh Nghệ An"
40,Nghệ An,412,Vinh,16702,Nghi Phú,Phường,"Phường Nghi Phú, Thành phố Vinh, Tỉnh Nghệ An"
40,Nghệ An,412,Vinh,16720,Nghi Tân,Phường,"Phường Nghi Tân, Thành phố Vinh, Tỉnh Nghệ An"
40,Nghệ An,412,Vinh,17926,Nghi Thái,Xã,"Xã Nghi Thái, Thành phố Vinh, Tỉnh Nghệ An"
40,Nghệ An,412,Vinh,16735,Nghi Thu,Phường,"Phường Nghi Thu, Thành phố Vinh, Tỉnh Nghệ An"
40,Nghệ An,412,Vinh,16717,Nghi Thuỷ,Phường,"Phường Nghi Thuỷ, Thành phố Vinh, Tỉnh Nghệ An"
40,Nghệ An,412,Vinh,17905,Nghi Xuân,Xã,"Xã Nghi Xuân, Thành phố Vinh, Tỉnh Nghệ An"
40,Nghệ An,412,Vinh,17917,Phúc Thọ,Xã,"Xã Phúc Thọ, Thành phố Vinh, Tỉnh Nghệ An"
40,Nghệ An,412,Vinh,16670,Quán Bàu,Phường,"Phường Quán Bàu, Thành phố Vinh, Tỉnh Nghệ An"
40,Nghệ An,412,Vinh,16681,Quang Trung,Phường,"Phường Quang Trung, Thành phố Vinh, Tỉnh Nghệ An"
40,Nghệ An,412,Vinh,16723,Thu Thuỷ,Phường,"Phường Thu Thuỷ, Thành phố Vinh, Tỉnh Nghệ An"
40,Nghệ An,412,Vinh,16699,Trung Đô,Phường,"Phường Trung Đô, Thành phố Vinh, Tỉnh Nghệ An"
40,Nghệ An,412,Vinh,16690,Trường Thi,Phường,"Phường Trường Thi, Thành phố Vinh, Tỉnh Nghệ An"
40,Nghệ An,412,Vinh,16714,Vinh Tân,Phường,"Phường Vinh Tân, Thành phố Vinh, Tỉnh Nghệ An"
40,Nghệ An,426,Yên Thành,17569,Bắc Thành,Xã,"Xã Bắc Thành, Huyện Yên Thành, Tỉnh Nghệ An"
40,Nghệ An,426,Yên Thành,17605,Bảo Thành,Xã,"Xã Bảo Thành, Huyện Yên Thành, Tỉnh Nghệ An"
40,Nghệ An,426,Yên Thành,17527,Đô Thành,Xã,"Xã Đô Thành, Huyện Yên Thành, Tỉnh Nghệ An"
40,Nghệ An,426,Yên Thành,17545,Đồng Thành,Xã,"Xã Đồng Thành, Huyện Yên Thành, Tỉnh Nghệ An"
40,Nghệ An,426,Yên Thành,17572,Đông Thành,Xã,"Xã Đông Thành, Huyện Yên Thành, Tỉnh Nghệ An"
40,Nghệ An,426,Yên Thành,17518,Đức Thành,Xã,"Xã Đức Thành, Huyện Yên Thành, Tỉnh Nghệ An"
40,Nghệ An,426,Yên Thành,17524,Hậu Thành,Xã,"Xã Hậu Thành, Huyện Yên Thành, Tỉnh Nghệ An"
40,Nghệ An,426,Yên Thành,17506,Hoa Thành,Thị trấn,"Thị trấn Hoa Thành, Huyện Yên Thành, Tỉnh Nghệ An"
40,Nghệ An,426,Yên Thành,17521,Kim Thành,Xã,"Xã Kim Thành, Huyện Yên Thành, Tỉnh Nghệ An"
40,Nghệ An,426,Yên Thành,17512,Lăng Thành,Xã,"Xã Lăng Thành, Huyện Yên Thành, Tỉnh Nghệ An"
40,Nghệ An,426,Yên Thành,17602,Liên Thành,Xã,"Xã Liên Thành, Huyện Yên Thành, Tỉnh Nghệ An"
40,Nghệ An,426,Yên Thành,17578,Long Thành,Xã,"Xã Long Thành, Huyện Yên Thành, Tỉnh Nghệ An"
40,Nghệ An,426,Yên Thành,17509,Mã Thành,Xã,"Xã Mã Thành, Huyện Yên Thành, Tỉnh Nghệ An"
40,Nghệ An,426,Yên Thành,17581,Minh Thành,Xã,"Xã Minh Thành, Huyện Yên Thành, Tỉnh Nghệ An"
40,Nghệ An,426,Yên Thành,17608,Mỹ Thành,Xã,"Xã Mỹ Thành, Huyện Yên Thành, Tỉnh Nghệ An"
40,Nghệ An,426,Yên Thành,17584,Nam Thành,Xã,"Xã Nam Thành, Huyện Yên Thành, Tỉnh Nghệ An"
40,Nghệ An,426,Yên Thành,17542,Phú Thành,Xã,"Xã Phú Thành, Huyện Yên Thành, Tỉnh Nghệ An"
40,Nghệ An,426,Yên Thành,17539,Phúc Thành,Xã,"Xã Phúc Thành, Huyện Yên Thành, Tỉnh Nghệ An"
40,Nghệ An,426,Yên Thành,17533,Quang Thành,Xã,"Xã Quang Thành, Huyện Yên Thành, Tỉnh Nghệ An"
40,Nghệ An,426,Yên Thành,17614,Sơn Thành,Xã,"Xã Sơn Thành, Huyện Yên Thành, Tỉnh Nghệ An"
40,Nghệ An,426,Yên Thành,17515,Tân Thành,Xã,"Xã Tân Thành, Huyện Yên Thành, Tỉnh Nghệ An"
40,Nghệ An,426,Yên Thành,17554,Tăng Thành,Xã,"Xã Tăng Thành, Huyện Yên Thành, Tỉnh Nghệ An"
40,Nghệ An,426,Yên Thành,17536,Tây Thành,Xã,"Xã Tây Thành, Huyện Yên Thành, Tỉnh Nghệ An"
40,Nghệ An,426,Yên Thành,17560,Thịnh Thành,Xã,"Xã Thịnh Thành, Huyện Yên Thành, Tỉnh Nghệ An"
40,Nghệ An,426,Yên Thành,17530,Thọ Thành,Xã,"Xã Thọ Thành, Huyện Yên Thành, Tỉnh Nghệ An"
40,Nghệ An,426,Yên Thành,17510,Tiến Thành,Xã,"Xã Tiến Thành, Huyện Yên Thành, Tỉnh Nghệ An"
40,Nghệ An,426,Yên Thành,17575,Trung Thành,Xã,"Xã Trung Thành, Huyện Yên Thành, Tỉnh Nghệ An"
40,Nghệ An,426,Yên Thành,17557,Văn Thành,Xã,"Xã Văn Thành, Huyện Yên Thành, Tỉnh Nghệ An"
40,Nghệ An,426,Yên Thành,17611,Vân Tụ,Xã,"Xã Vân Tụ, Huyện Yên Thành, Tỉnh Nghệ An"
40,Nghệ An,426,Yên Thành,17596,Viên Thành,Xã,"Xã Viên Thành, Huyện Yên Thành, Tỉnh Nghệ An"
40,Nghệ An,426,Yên Thành,17587,Vĩnh Thành,Xã,"Xã Vĩnh Thành, Huyện Yên Thành, Tỉnh Nghệ An"
40,Nghệ An,426,Yên Thành,17566,Xuân Thành,Xã,"Xã Xuân Thành, Huyện Yên Thành, Tỉnh Nghệ An"
37,Ninh Bình,373,Gia Viễn,14467,Gia Hòa,Xã,"Xã Gia Hòa, Huyện Gia Viễn, Tỉnh Ninh Bình"
37,Ninh Bình,373,Gia Viễn,14470,Gia Hưng,Xã,"Xã Gia Hưng, Huyện Gia Viễn, Tỉnh Ninh Bình"
37,Ninh Bình,373,Gia Viễn,14515,Gia Lạc,Xã,"Xã Gia Lạc, Huyện Gia Viễn, Tỉnh Ninh Bình"
37,Ninh Bình,373,Gia Viễn,14488,Gia Lập,Xã,"Xã Gia Lập, Huyện Gia Viễn, Tỉnh Ninh Bình"
37,Ninh Bình,373,Gia Viễn,14512,Gia Minh,Xã,"Xã Gia Minh, Huyện Gia Viễn, Tỉnh Ninh Bình"
37,Ninh Bình,373,Gia Viễn,14524,Gia Phong,Xã,"Xã Gia Phong, Huyện Gia Viễn, Tỉnh Ninh Bình"
37,Ninh Bình,373,Gia Viễn,14482,Gia Phú,Xã,"Xã Gia Phú, Huyện Gia Viễn, Tỉnh Ninh Bình"
37,Ninh Bình,373,Gia Viễn,14500,Gia Phương,Xã,"Xã Gia Phương, Huyện Gia Viễn, Tỉnh Ninh Bình"
37,Ninh Bình,373,Gia Viễn,14521,Gia Sinh,Xã,"Xã Gia Sinh, Huyện Gia Viễn, Tỉnh Ninh Bình"
37,Ninh Bình,373,Gia Viễn,14503,Gia Tân,Xã,"Xã Gia Tân, Huyện Gia Viễn, Tỉnh Ninh Bình"
37,Ninh Bình,373,Gia Viễn,14476,Gia Thanh,Xã,"Xã Gia Thanh, Huyện Gia Viễn, Tỉnh Ninh Bình"
37,Ninh Bình,373,Gia Viễn,14494,Gia Trấn,Xã,"Xã Gia Trấn, Huyện Gia Viễn, Tỉnh Ninh Bình"
37,Ninh Bình,373,Gia Viễn,14509,Gia Trung,Xã,"Xã Gia Trung, Huyện Gia Viễn, Tỉnh Ninh Bình"
37,Ninh Bình,373,Gia Viễn,14479,Gia Vân,Xã,"Xã Gia Vân, Huyện Gia Viễn, Tỉnh Ninh Bình"
37,Ninh Bình,373,Gia Viễn,14485,Gia Xuân,Xã,"Xã Gia Xuân, Huyện Gia Viễn, Tỉnh Ninh Bình"
37,Ninh Bình,373,Gia Viễn,14473,Liên Sơn,Xã,"Xã Liên Sơn, Huyện Gia Viễn, Tỉnh Ninh Bình"
37,Ninh Bình,373,Gia Viễn,14464,Thịnh Vượng,Thị trấn,"Thị trấn Thịnh Vượng, Huyện Gia Viễn, Tỉnh Ninh Bình"
37,Ninh Bình,373,Gia Viễn,14506,Tiến Thắng,Xã,"Xã Tiến Thắng, Huyện Gia Viễn, Tỉnh Ninh Bình"
37,Ninh Bình,374,Hoa Lư,14332,Bích Đào,Phường,"Phường Bích Đào, Thành phố Hoa Lư, Tỉnh Ninh Bình"
37,Ninh Bình,374,Hoa Lư,14320,Đông Thành,Phường,"Phường Đông Thành, Thành phố Hoa Lư, Tỉnh Ninh Bình"
37,Ninh Bình,374,Hoa Lư,14338,Nam Bình,Phường,"Phường Nam Bình, Thành phố Hoa Lư, Tỉnh Ninh Bình"
37,Ninh Bình,374,Hoa Lư,14341,Nam Thành,Phường,"Phường Nam Thành, Thành phố Hoa Lư, Tỉnh Ninh Bình"
37,Ninh Bình,374,Hoa Lư,14557,Ninh An,Xã,"Xã Ninh An, Thành phố Hoa Lư, Tỉnh Ninh Bình"
37,Ninh Bình,374,Hoa Lư,14530,Ninh Giang,Phường,"Phường Ninh Giang, Thành phố Hoa Lư, Tỉnh Ninh Bình"
37,Ninh Bình,374,Hoa Lư,14551,Ninh Hải,Xã,"Xã Ninh Hải, Thành phố Hoa Lư, Tỉnh Ninh Bình"
37,Ninh Bình,374,Hoa Lư,14542,Ninh Hòa,Xã,"Xã Ninh Hòa, Thành phố Hoa Lư, Tỉnh Ninh Bình"
37,Ninh Bình,374,Hoa Lư,14536,Ninh Khang,Xã,"Xã Ninh Khang, Thành phố Hoa Lư, Tỉnh Ninh Bình"
37,Ninh Bình,374,Hoa Lư,14344,Ninh Khánh,Phường,"Phường Ninh Khánh, Thành phố Hoa Lư, Tỉnh Ninh Bình"
37,Ninh Bình,374,Hoa Lư,14527,Ninh Mỹ,Phường,"Phường Ninh Mỹ, Thành phố Hoa Lư, Tỉnh Ninh Bình"
37,Ninh Bình,374,Hoa Lư,14347,Ninh Nhất,Xã,"Xã Ninh Nhất, Thành phố Hoa Lư, Tỉnh Ninh Bình"
37,Ninh Bình,374,Hoa Lư,14359,Ninh Phong,Phường,"Phường Ninh Phong, Thành phố Hoa Lư, Tỉnh Ninh Bình"
37,Ninh Bình,374,Hoa Lư,14353,Ninh Phúc,Phường,"Phường Ninh Phúc, Thành phố Hoa Lư, Tỉnh Ninh Bình"
37,Ninh Bình,374,Hoa Lư,14356,Ninh Sơn,Phường,"Phường Ninh Sơn, Thành phố Hoa Lư, Tỉnh Ninh Bình"
37,Ninh Bình,374,Hoa Lư,14350,Ninh Tiến,Xã,"Xã Ninh Tiến, Thành phố Hoa Lư, Tỉnh Ninh Bình"
37,Ninh Bình,374,Hoa Lư,14554,Ninh Vân,Xã,"Xã Ninh Vân, Thành phố Hoa Lư, Tỉnh Ninh Bình"
37,Ninh Bình,374,Hoa Lư,14323,Tân Thành,Phường,"Phường Tân Thành, Thành phố Hoa Lư, Tỉnh Ninh Bình"
37,Ninh Bình,374,Hoa Lư,14533,Trường Yên,Xã,"Xã Trường Yên, Thành phố Hoa Lư, Tỉnh Ninh Bình"
37,Ninh Bình,374,Hoa Lư,14329,Vân Giang,Phường,"Phường Vân Giang, Thành phố Hoa Lư, Tỉnh Ninh Bình"
37,Ninh Bình,376,Kim Sơn,14638,Ân Hòa,Xã,"Xã Ân Hòa, Huyện Kim Sơn, Tỉnh Ninh Bình"
37,Ninh Bình,376,Kim Sơn,14623,Bình Minh,Thị trấn,"Thị trấn Bình Minh, Huyện Kim Sơn, Tỉnh Ninh Bình"
37,Ninh Bình,376,Kim Sơn,14653,Chất Bình,Xã,"Xã Chất Bình, Huyện Kim Sơn, Tỉnh Ninh Bình"
37,Ninh Bình,376,Kim Sơn,14689,Cồn Thoi,Xã,"Xã Cồn Thoi, Huyện Kim Sơn, Tỉnh Ninh Bình"
37,Ninh Bình,376,Kim Sơn,14677,Định Hóa,Xã,"Xã Định Hóa, Huyện Kim Sơn, Tỉnh Ninh Bình"
37,Ninh Bình,376,Kim Sơn,14656,Đồng Hướng,Xã,"Xã Đồng Hướng, Huyện Kim Sơn, Tỉnh Ninh Bình"
37,Ninh Bình,376,Kim Sơn,14629,Hồi Ninh,Xã,"Xã Hồi Ninh, Huyện Kim Sơn, Tỉnh Ninh Bình"
37,Ninh Bình,376,Kim Sơn,14641,Hùng Tiến,Xã,"Xã Hùng Tiến, Huyện Kim Sơn, Tỉnh Ninh Bình"
37,Ninh Bình,376,Kim Sơn,14659,Kim Chính,Xã,"Xã Kim Chính, Huyện Kim Sơn, Tỉnh Ninh Bình"
37,Ninh Bình,376,Kim Sơn,14635,Kim Định,Xã,"Xã Kim Định, Huyện Kim Sơn, Tỉnh Ninh Bình"
37,Ninh Bình,376,Kim Sơn,14698,Kim Đông,Xã,"Xã Kim Đông, Huyện Kim Sơn, Tỉnh Ninh Bình"
37,Ninh Bình,376,Kim Sơn,14686,Kim Mỹ,Xã,"Xã Kim Mỹ, Huyện Kim Sơn, Tỉnh Ninh Bình"
37,Ninh Bình,376,Kim Sơn,14683,Kim Tân,Xã,"Xã Kim Tân, Huyện Kim Sơn, Tỉnh Ninh Bình"
37,Ninh Bình,376,Kim Sơn,14695,Kim Trung,Xã,"Xã Kim Trung, Huyện Kim Sơn, Tỉnh Ninh Bình"
37,Ninh Bình,376,Kim Sơn,14674,Lai Thành,Xã,"Xã Lai Thành, Huyện Kim Sơn, Tỉnh Ninh Bình"
37,Ninh Bình,376,Kim Sơn,14650,Như Hòa,Xã,"Xã Như Hòa, Huyện Kim Sơn, Tỉnh Ninh Bình"
37,Ninh Bình,376,Kim Sơn,14620,Phát Diệm,Thị trấn,"Thị trấn Phát Diệm, Huyện Kim Sơn, Tỉnh Ninh Bình"
37,Ninh Bình,376,Kim Sơn,14647,Quang Thiện,Xã,"Xã Quang Thiện, Huyện Kim Sơn, Tỉnh Ninh Bình"
37,Ninh Bình,376,Kim Sơn,14668,Tân Thành,Xã,"Xã Tân Thành, Huyện Kim Sơn, Tỉnh Ninh Bình"
37,Ninh Bình,376,Kim Sơn,14662,Thượng Kiệm,Xã,"Xã Thượng Kiệm, Huyện Kim Sơn, Tỉnh Ninh Bình"
37,Ninh Bình,376,Kim Sơn,14680,Văn Hải,Xã,"Xã Văn Hải, Huyện Kim Sơn, Tỉnh Ninh Bình"
37,Ninh Bình,376,Kim Sơn,14632,Xuân Chính,Xã,"Xã Xuân Chính, Huyện Kim Sơn, Tỉnh Ninh Bình"
37,Ninh Bình,376,Kim Sơn,14671,Yên Lộc,Xã,"Xã Yên Lộc, Huyện Kim Sơn, Tỉnh Ninh Bình"
37,Ninh Bình,372,Nho Quan,14404,Cúc Phương,Xã,"Xã Cúc Phương, Huyện Nho Quan, Tỉnh Ninh Bình"
37,Ninh Bình,372,Nho Quan,14416,Đồng Phong,Xã,"Xã Đồng Phong, Huyện Nho Quan, Tỉnh Ninh Bình"
37,Ninh Bình,372,Nho Quan,14410,Đức Long,Xã,"Xã Đức Long, Huyện Nho Quan, Tỉnh Ninh Bình"
37,Ninh Bình,372,Nho Quan,14389,Gia Lâm,Xã,"Xã Gia Lâm, Huyện Nho Quan, Tỉnh Ninh Bình"
37,Ninh Bình,372,Nho Quan,14392,Gia Sơn,Xã,"Xã Gia Sơn, Huyện Nho Quan, Tỉnh Ninh Bình"
37,Ninh Bình,372,Nho Quan,14398,Gia Thủy,Xã,"Xã Gia Thủy, Huyện Nho Quan, Tỉnh Ninh Bình"
37,Ninh Bình,372,Nho Quan,14401,Gia Tường,Xã,"Xã Gia Tường, Huyện Nho Quan, Tỉnh Ninh Bình"
37,Ninh Bình,372,Nho Quan,14449,Kỳ Phú,Xã,"Xã Kỳ Phú, Huyện Nho Quan, Tỉnh Ninh Bình"
37,Ninh Bình,372,Nho Quan,14413,Lạc Vân,Xã,"Xã Lạc Vân, Huyện Nho Quan, Tỉnh Ninh Bình"
37,Ninh Bình,372,Nho Quan,14428,Nho Quan,Thị trấn,"Thị trấn Nho Quan, Huyện Nho Quan, Tỉnh Ninh Bình"
37,Ninh Bình,372,Nho Quan,14446,Phú Lộc,Xã,"Xã Phú Lộc, Huyện Nho Quan, Tỉnh Ninh Bình"
37,Ninh Bình,372,Nho Quan,14458,Phú Long,Xã,"Xã Phú Long, Huyện Nho Quan, Tỉnh Ninh Bình"
37,Ninh Bình,372,Nho Quan,14407,Phú Sơn,Xã,"Xã Phú Sơn, Huyện Nho Quan, Tỉnh Ninh Bình"
37,Ninh Bình,372,Nho Quan,14437,Phúc Sơn,Xã,"Xã Phúc Sơn, Huyện Nho Quan, Tỉnh Ninh Bình"
37,Ninh Bình,372,Nho Quan,14461,Quảng Lạc,Xã,"Xã Quảng Lạc, Huyện Nho Quan, Tỉnh Ninh Bình"
37,Ninh Bình,372,Nho Quan,14452,Quỳnh Lưu,Xã,"Xã Quỳnh Lưu, Huyện Nho Quan, Tỉnh Ninh Bình"
37,Ninh Bình,372,Nho Quan,14395,Thạch Bình,Xã,"Xã Thạch Bình, Huyện Nho Quan, Tỉnh Ninh Bình"
37,Ninh Bình,372,Nho Quan,14434,Thanh Sơn,Xã,"Xã Thanh Sơn, Huyện Nho Quan, Tỉnh Ninh Bình"
37,Ninh Bình,372,Nho Quan,14425,Thượng Hòa,Xã,"Xã Thượng Hòa, Huyện Nho Quan, Tỉnh Ninh Bình"
37,Ninh Bình,372,Nho Quan,14443,Văn Phú,Xã,"Xã Văn Phú, Huyện Nho Quan, Tỉnh Ninh Bình"
37,Ninh Bình,372,Nho Quan,14431,Văn Phương,Xã,"Xã Văn Phương, Huyện Nho Quan, Tỉnh Ninh Bình"
37,Ninh Bình,372,Nho Quan,14386,Xích Thổ,Xã,"Xã Xích Thổ, Huyện Nho Quan, Tỉnh Ninh Bình"
37,Ninh Bình,372,Nho Quan,14419,Yên Quang,Xã,"Xã Yên Quang, Huyện Nho Quan, Tỉnh Ninh Bình"
37,Ninh Bình,370,Tam Điệp,14362,Bắc Sơn,Phường,"Phường Bắc Sơn, Thành phố Tam Điệp, Tỉnh Ninh Bình"
37,Ninh Bình,370,Tam Điệp,14380,Đông Sơn,Xã,"Xã Đông Sơn, Thành phố Tam Điệp, Tỉnh Ninh Bình"
37,Ninh Bình,370,Tam Điệp,14368,Nam Sơn,Phường,"Phường Nam Sơn, Thành phố Tam Điệp, Tỉnh Ninh Bình"
37,Ninh Bình,370,Tam Điệp,14377,Quang Sơn,Xã,"Xã Quang Sơn, Thành phố Tam Điệp, Tỉnh Ninh Bình"
37,Ninh Bình,370,Tam Điệp,14375,Tân Bình,Phường,"Phường Tân Bình, Thành phố Tam Điệp, Tỉnh Ninh Bình"
37,Ninh Bình,370,Tam Điệp,14369,Tây Sơn,Phường,"Phường Tây Sơn, Thành phố Tam Điệp, Tỉnh Ninh Bình"
37,Ninh Bình,370,Tam Điệp,14365,Trung Sơn,Phường,"Phường Trung Sơn, Thành phố Tam Điệp, Tỉnh Ninh Bình"
37,Ninh Bình,370,Tam Điệp,14374,Yên Bình,Phường,"Phường Yên Bình, Thành phố Tam Điệp, Tỉnh Ninh Bình"
37,Ninh Bình,370,Tam Điệp,14371,Yên Sơn,Xã,"Xã Yên Sơn, Thành phố Tam Điệp, Tỉnh Ninh Bình"
37,Ninh Bình,375,Yên Khánh,14575,Khánh An,Xã,"Xã Khánh An, Huyện Yên Khánh, Tỉnh Ninh Bình"
37,Ninh Bình,375,Yên Khánh,14602,Khánh Công,Xã,"Xã Khánh Công, Huyện Yên Khánh, Tỉnh Ninh Bình"
37,Ninh Bình,375,Yên Khánh,14581,Khánh Cư,Xã,"Xã Khánh Cư, Huyện Yên Khánh, Tỉnh Ninh Bình"
37,Ninh Bình,375,Yên Khánh,14578,Khánh Cường,Xã,"Xã Khánh Cường, Huyện Yên Khánh, Tỉnh Ninh Bình"
37,Ninh Bình,375,Yên Khánh,14587,Khánh Hải,Xã,"Xã Khánh Hải, Huyện Yên Khánh, Tỉnh Ninh Bình"
37,Ninh Bình,375,Yên Khánh,14569,Khánh Hòa,Xã,"Xã Khánh Hòa, Huyện Yên Khánh, Tỉnh Ninh Bình"
37,Ninh Bình,375,Yên Khánh,14599,Khánh Hội,Xã,"Xã Khánh Hội, Huyện Yên Khánh, Tỉnh Ninh Bình"
37,Ninh Bình,375,Yên Khánh,14617,Khánh Hồng,Xã,"Xã Khánh Hồng, Huyện Yên Khánh, Tỉnh Ninh Bình"
37,Ninh Bình,375,Yên Khánh,14572,Khánh Lợi,Xã,"Xã Khánh Lợi, Huyện Yên Khánh, Tỉnh Ninh Bình"
37,Ninh Bình,375,Yên Khánh,14593,Khánh Mậu,Xã,"Xã Khánh Mậu, Huyện Yên Khánh, Tỉnh Ninh Bình"
37,Ninh Bình,375,Yên Khánh,14611,Khánh Nhạc,Xã,"Xã Khánh Nhạc, Huyện Yên Khánh, Tỉnh Ninh Bình"
37,Ninh Bình,375,Yên Khánh,14566,Khánh Phú,Xã,"Xã Khánh Phú, Huyện Yên Khánh, Tỉnh Ninh Bình"
37,Ninh Bình,375,Yên Khánh,14608,Khánh Thành,Xã,"Xã Khánh Thành, Huyện Yên Khánh, Tỉnh Ninh Bình"
37,Ninh Bình,375,Yên Khánh,14563,Khánh Thiện,Xã,"Xã Khánh Thiện, Huyện Yên Khánh, Tỉnh Ninh Bình"
37,Ninh Bình,375,Yên Khánh,14614,Khánh Thủy,Xã,"Xã Khánh Thủy, Huyện Yên Khánh, Tỉnh Ninh Bình"
37,Ninh Bình,375,Yên Khánh,14590,Khánh Trung,Xã,"Xã Khánh Trung, Huyện Yên Khánh, Tỉnh Ninh Bình"
37,Ninh Bình,375,Yên Khánh,14596,Khánh Vân,Xã,"Xã Khánh Vân, Huyện Yên Khánh, Tỉnh Ninh Bình"
37,Ninh Bình,375,Yên Khánh,14560,Yên Ninh,Thị trấn,"Thị trấn Yên Ninh, Huyện Yên Khánh, Tỉnh Ninh Bình"
37,Ninh Bình,377,Yên Mô,14707,Khánh Dương,Xã,"Xã Khánh Dương, Huyện Yên Mô, Tỉnh Ninh Bình"
37,Ninh Bình,377,Yên Mô,14704,Khánh Thượng,Xã,"Xã Khánh Thượng, Huyện Yên Mô, Tỉnh Ninh Bình"
37,Ninh Bình,377,Yên Mô,14746,Yên Đồng,Xã,"Xã Yên Đồng, Huyện Yên Mô, Tỉnh Ninh Bình"
37,Ninh Bình,377,Yên Mô,14722,Yên Hòa,Xã,"Xã Yên Hòa, Huyện Yên Mô, Tỉnh Ninh Bình"
37,Ninh Bình,377,Yên Mô,14752,Yên Lâm,Xã,"Xã Yên Lâm, Huyện Yên Mô, Tỉnh Ninh Bình"
37,Ninh Bình,377,Yên Mô,14743,Yên Mạc,Xã,"Xã Yên Mạc, Huyện Yên Mô, Tỉnh Ninh Bình"
37,Ninh Bình,377,Yên Mô,14740,Yên Mỹ,Xã,"Xã Yên Mỹ, Huyện Yên Mô, Tỉnh Ninh Bình"
37,Ninh Bình,377,Yên Mô,14737,Yên Nhân,Xã,"Xã Yên Nhân, Huyện Yên Mô, Tỉnh Ninh Bình"
37,Ninh Bình,377,Yên Mô,14719,Yên Phong,Xã,"Xã Yên Phong, Huyện Yên Mô, Tỉnh Ninh Bình"
37,Ninh Bình,377,Yên Mô,14749,Yên Thái,Xã,"Xã Yên Thái, Huyện Yên Mô, Tỉnh Ninh Bình"
37,Ninh Bình,377,Yên Mô,14725,Yên Thắng,Xã,"Xã Yên Thắng, Huyện Yên Mô, Tỉnh Ninh Bình"
37,Ninh Bình,377,Yên Mô,14734,Yên Thành,Xã,"Xã Yên Thành, Huyện Yên Mô, Tỉnh Ninh Bình"
37,Ninh Bình,377,Yên Mô,14701,Yên Thịnh,Thị trấn,"Thị trấn Yên Thịnh, Huyện Yên Mô, Tỉnh Ninh Bình"
37,Ninh Bình,377,Yên Mô,14728,Yên Từ,Xã,"Xã Yên Từ, Huyện Yên Mô, Tỉnh Ninh Bình"
58,Ninh Thuận,584,Bác Ái,22783,Phước Bình,Xã,"Xã Phước Bình, Huyện Bác Ái, Tỉnh Ninh Thuận"
58,Ninh Thuận,584,Bác Ái,22804,Phước Chính,Xã,"Xã Phước Chính, Huyện Bác Ái, Tỉnh Ninh Thuận"
58,Ninh Thuận,584,Bác Ái,22801,Phước Đại,Xã,"Xã Phước Đại, Huyện Bác Ái, Tỉnh Ninh Thuận"
58,Ninh Thuận,584,Bác Ái,22786,Phước Hòa,Xã,"Xã Phước Hòa, Huyện Bác Ái, Tỉnh Ninh Thuận"
58,Ninh Thuận,584,Bác Ái,22789,Phước Tân,Xã,"Xã Phước Tân, Huyện Bác Ái, Tỉnh Ninh Thuận"
58,Ninh Thuận,584,Bác Ái,22795,Phước Thắng,Xã,"Xã Phước Thắng, Huyện Bác Ái, Tỉnh Ninh Thuận"
58,Ninh Thuận,584,Bác Ái,22798,Phước Thành,Xã,"Xã Phước Thành, Huyện Bác Ái, Tỉnh Ninh Thuận"
58,Ninh Thuận,584,Bác Ái,22792,Phước Tiến,Xã,"Xã Phước Tiến, Huyện Bác Ái, Tỉnh Ninh Thuận"
58,Ninh Thuận,584,Bác Ái,22807,Phước Trung,Xã,"Xã Phước Trung, Huyện Bác Ái, Tỉnh Ninh Thuận"
58,Ninh Thuận,586,Ninh Hải,22861,Hộ Hải,Xã,"Xã Hộ Hải, Huyện Ninh Hải, Tỉnh Ninh Thuận"
58,Ninh Thuận,586,Ninh Hải,22834,Khánh Hải,Thị trấn,"Thị trấn Khánh Hải, Huyện Ninh Hải, Tỉnh Ninh Thuận"
58,Ninh Thuận,586,Ninh Hải,22867,Nhơn Hải,Xã,"Xã Nhơn Hải, Huyện Ninh Hải, Tỉnh Ninh Thuận"
58,Ninh Thuận,586,Ninh Hải,22852,Phương Hải,Xã,"Xã Phương Hải, Huyện Ninh Hải, Tỉnh Ninh Thuận"
58,Ninh Thuận,586,Ninh Hải,22855,Tân Hải,Xã,"Xã Tân Hải, Huyện Ninh Hải, Tỉnh Ninh Thuận"
58,Ninh Thuận,586,Ninh Hải,22868,Thanh Hải,Xã,"Xã Thanh Hải, Huyện Ninh Hải, Tỉnh Ninh Thuận"
58,Ninh Thuận,586,Ninh Hải,22864,Tri Hải,Xã,"Xã Tri Hải, Huyện Ninh Hải, Tỉnh Ninh Thuận"
58,Ninh Thuận,586,Ninh Hải,22846,Vĩnh Hải,Xã,"Xã Vĩnh Hải, Huyện Ninh Hải, Tỉnh Ninh Thuận"
58,Ninh Thuận,586,Ninh Hải,22858,Xuân Hải,Xã,"Xã Xuân Hải, Huyện Ninh Hải, Tỉnh Ninh Thuận"
58,Ninh Thuận,587,Ninh Phước,22888,An Hải,Xã,"Xã An Hải, Huyện Ninh Phước, Tỉnh Ninh Thuận"
58,Ninh Thuận,587,Ninh Phước,22870,Phước Dân,Thị trấn,"Thị trấn Phước Dân, Huyện Ninh Phước, Tỉnh Ninh Thuận"
58,Ninh Thuận,587,Ninh Phước,22894,Phước Hải,Xã,"Xã Phước Hải, Huyện Ninh Phước, Tỉnh Ninh Thuận"
58,Ninh Thuận,587,Ninh Phước,22879,Phước Hậu,Xã,"Xã Phước Hậu, Huyện Ninh Phước, Tỉnh Ninh Thuận"
58,Ninh Thuận,587,Ninh Phước,22891,Phước Hữu,Xã,"Xã Phước Hữu, Huyện Ninh Phước, Tỉnh Ninh Thuận"
58,Ninh Thuận,587,Ninh Phước,22873,Phước Sơn,Xã,"Xã Phước Sơn, Huyện Ninh Phước, Tỉnh Ninh Thuận"
58,Ninh Thuận,587,Ninh Phước,22876,Phước Thái,Xã,"Xã Phước Thái, Huyện Ninh Phước, Tỉnh Ninh Thuận"
58,Ninh Thuận,587,Ninh Phước,22882,Phước Thuận,Xã,"Xã Phước Thuận, Huyện Ninh Phước, Tỉnh Ninh Thuận"
58,Ninh Thuận,587,Ninh Phước,22912,Phước Vinh,Xã,"Xã Phước Vinh, Huyện Ninh Phước, Tỉnh Ninh Thuận"
58,Ninh Thuận,585,Ninh Sơn,22825,Hòa Sơn,Xã,"Xã Hòa Sơn, Huyện Ninh Sơn, Tỉnh Ninh Thuận"
58,Ninh Thuận,585,Ninh Sơn,22813,Lâm Sơn,Xã,"Xã Lâm Sơn, Huyện Ninh Sơn, Tỉnh Ninh Thuận"
58,Ninh Thuận,585,Ninh Sơn,22816,Lương Sơn,Xã,"Xã Lương Sơn, Huyện Ninh Sơn, Tỉnh Ninh Thuận"
58,Ninh Thuận,585,Ninh Sơn,22828,Ma Nới,Xã,"Xã Ma Nới, Huyện Ninh Sơn, Tỉnh Ninh Thuận"
58,Ninh Thuận,585,Ninh Sơn,22822,Mỹ Sơn,Xã,"Xã Mỹ Sơn, Huyện Ninh Sơn, Tỉnh Ninh Thuận"
58,Ninh Thuận,585,Ninh Sơn,22831,Nhơn Sơn,Xã,"Xã Nhơn Sơn, Huyện Ninh Sơn, Tỉnh Ninh Thuận"
58,Ninh Thuận,585,Ninh Sơn,22819,Quảng Sơn,Xã,"Xã Quảng Sơn, Huyện Ninh Sơn, Tỉnh Ninh Thuận"
58,Ninh Thuận,585,Ninh Sơn,22810,Tân Sơn,Thị trấn,"Thị trấn Tân Sơn, Huyện Ninh Sơn, Tỉnh Ninh Thuận"
58,Ninh Thuận,582,Phan Rang-Tháp Chàm,22744,Bảo An,Phường,"Phường Bảo An, Thành phố Phan Rang-Tháp Chàm, Tỉnh Ninh Thuận"
58,Ninh Thuận,582,Phan Rang-Tháp Chàm,22765,Đài Sơn,Phường,"Phường Đài Sơn, Thành phố Phan Rang-Tháp Chàm, Tỉnh Ninh Thuận"
58,Ninh Thuận,582,Phan Rang-Tháp Chàm,22762,Đạo Long,Phường,"Phường Đạo Long, Thành phố Phan Rang-Tháp Chàm, Tỉnh Ninh Thuận"
58,Ninh Thuận,582,Phan Rang-Tháp Chàm,22738,Đô Vinh,Phường,"Phường Đô Vinh, Thành phố Phan Rang-Tháp Chàm, Tỉnh Ninh Thuận"
58,Ninh Thuận,582,Phan Rang-Tháp Chàm,22768,Đông Hải,Phường,"Phường Đông Hải, Thành phố Phan Rang-Tháp Chàm, Tỉnh Ninh Thuận"
58,Ninh Thuận,582,Phan Rang-Tháp Chàm,22759,Kinh Dinh,Phường,"Phường Kinh Dinh, Thành phố Phan Rang-Tháp Chàm, Tỉnh Ninh Thuận"
58,Ninh Thuận,582,Phan Rang-Tháp Chàm,22779,Mỹ Bình,Phường,"Phường Mỹ Bình, Thành phố Phan Rang-Tháp Chàm, Tỉnh Ninh Thuận"
58,Ninh Thuận,582,Phan Rang-Tháp Chàm,22771,Mỹ Đông,Phường,"Phường Mỹ Đông, Thành phố Phan Rang-Tháp Chàm, Tỉnh Ninh Thuận"
58,Ninh Thuận,582,Phan Rang-Tháp Chàm,22780,Mỹ Hải,Phường,"Phường Mỹ Hải, Thành phố Phan Rang-Tháp Chàm, Tỉnh Ninh Thuận"
58,Ninh Thuận,582,Phan Rang-Tháp Chàm,22750,Phủ Hà,Phường,"Phường Phủ Hà, Thành phố Phan Rang-Tháp Chàm, Tỉnh Ninh Thuận"
58,Ninh Thuận,582,Phan Rang-Tháp Chàm,22741,Phước Mỹ,Phường,"Phường Phước Mỹ, Thành phố Phan Rang-Tháp Chàm, Tỉnh Ninh Thuận"
58,Ninh Thuận,582,Phan Rang-Tháp Chàm,22774,Thành Hải,Xã,"Xã Thành Hải, Thành phố Phan Rang-Tháp Chàm, Tỉnh Ninh Thuận"
58,Ninh Thuận,582,Phan Rang-Tháp Chàm,22777,Văn Hải,Phường,"Phường Văn Hải, Thành phố Phan Rang-Tháp Chàm, Tỉnh Ninh Thuận"
58,Ninh Thuận,588,Thuận Bắc,22856,Bắc Phong,Xã,"Xã Bắc Phong, Huyện Thuận Bắc, Tỉnh Ninh Thuận"
58,Ninh Thuận,588,Thuận Bắc,22853,Bắc Sơn,Xã,"Xã Bắc Sơn, Huyện Thuận Bắc, Tỉnh Ninh Thuận"
58,Ninh Thuận,588,Thuận Bắc,22840,Công Hải,Xã,"Xã Công Hải, Huyện Thuận Bắc, Tỉnh Ninh Thuận"
58,Ninh Thuận,588,Thuận Bắc,22849,Lợi Hải,Xã,"Xã Lợi Hải, Huyện Thuận Bắc, Tỉnh Ninh Thuận"
58,Ninh Thuận,588,Thuận Bắc,22837,Phước Chiến,Xã,"Xã Phước Chiến, Huyện Thuận Bắc, Tỉnh Ninh Thuận"
58,Ninh Thuận,588,Thuận Bắc,22843,Phước Kháng,Xã,"Xã Phước Kháng, Huyện Thuận Bắc, Tỉnh Ninh Thuận"
58,Ninh Thuận,589,Thuận Nam,22910,Cà Ná,Xã,"Xã Cà Ná, Huyện Thuận Nam, Tỉnh Ninh Thuận"
58,Ninh Thuận,589,Thuận Nam,22900,Nhị Hà,Xã,"Xã Nhị Hà, Huyện Thuận Nam, Tỉnh Ninh Thuận"
58,Ninh Thuận,589,Thuận Nam,22909,Phước Diêm,Xã,"Xã Phước Diêm, Huyện Thuận Nam, Tỉnh Ninh Thuận"
58,Ninh Thuận,589,Thuận Nam,22903,Phước Dinh,Xã,"Xã Phước Dinh, Huyện Thuận Nam, Tỉnh Ninh Thuận"
58,Ninh Thuận,589,Thuận Nam,22885,Phước Hà,Xã,"Xã Phước Hà, Huyện Thuận Nam, Tỉnh Ninh Thuận"
58,Ninh Thuận,589,Thuận Nam,22906,Phước Minh,Xã,"Xã Phước Minh, Huyện Thuận Nam, Tỉnh Ninh Thuận"
58,Ninh Thuận,589,Thuận Nam,22897,Phước Nam,Xã,"Xã Phước Nam, Huyện Thuận Nam, Tỉnh Ninh Thuận"
58,Ninh Thuận,589,Thuận Nam,22898,Phước Ninh,Xã,"Xã Phước Ninh, Huyện Thuận Nam, Tỉnh Ninh Thuận"
25,Phú Thọ,235,Cẩm Khê,08341,Cẩm Khê,Thị trấn,"Thị trấn Cẩm Khê, Huyện Cẩm Khê, Tỉnh Phú Thọ"
25,Phú Thọ,235,Cẩm Khê,08428,Điêu Lương,Xã,"Xã Điêu Lương, Huyện Cẩm Khê, Tỉnh Phú Thọ"
25,Phú Thọ,235,Cẩm Khê,08431,Đồng Lương,Xã,"Xã Đồng Lương, Huyện Cẩm Khê, Tỉnh Phú Thọ"
25,Phú Thọ,235,Cẩm Khê,08416,Hùng Việt,Xã,"Xã Hùng Việt, Huyện Cẩm Khê, Tỉnh Phú Thọ"
25,Phú Thọ,235,Cẩm Khê,08401,Hương Lung,Xã,"Xã Hương Lung, Huyện Cẩm Khê, Tỉnh Phú Thọ"
25,Phú Thọ,235,Cẩm Khê,08353,Minh Tân,Xã,"Xã Minh Tân, Huyện Cẩm Khê, Tỉnh Phú Thọ"
25,Phú Thọ,235,Cẩm Khê,08350,Minh Thắng,Xã,"Xã Minh Thắng, Huyện Cẩm Khê, Tỉnh Phú Thọ"
25,Phú Thọ,235,Cẩm Khê,08413,Nhật Tiến,Xã,"Xã Nhật Tiến, Huyện Cẩm Khê, Tỉnh Phú Thọ"
25,Phú Thọ,235,Cẩm Khê,08389,Phong Thịnh,Xã,"Xã Phong Thịnh, Huyện Cẩm Khê, Tỉnh Phú Thọ"
25,Phú Thọ,235,Cẩm Khê,08398,Phú Khê,Xã,"Xã Phú Khê, Huyện Cẩm Khê, Tỉnh Phú Thọ"
25,Phú Thọ,235,Cẩm Khê,08356,Phượng Vĩ,Xã,"Xã Phượng Vĩ, Huyện Cẩm Khê, Tỉnh Phú Thọ"
25,Phú Thọ,235,Cẩm Khê,08377,Tam Sơn,Xã,"Xã Tam Sơn, Huyện Cẩm Khê, Tỉnh Phú Thọ"
25,Phú Thọ,235,Cẩm Khê,08344,Tiên Lương,Xã,"Xã Tiên Lương, Huyện Cẩm Khê, Tỉnh Phú Thọ"
25,Phú Thọ,235,Cẩm Khê,08374,Tùng Khê,Xã,"Xã Tùng Khê, Huyện Cẩm Khê, Tỉnh Phú Thọ"
25,Phú Thọ,235,Cẩm Khê,08380,Văn Bán,Xã,"Xã Văn Bán, Huyện Cẩm Khê, Tỉnh Phú Thọ"
25,Phú Thọ,235,Cẩm Khê,08422,Yên Dưỡng,Xã,"Xã Yên Dưỡng, Huyện Cẩm Khê, Tỉnh Phú Thọ"
25,Phú Thọ,230,Đoan Hùng,07996,Bằng Doãn,Xã,"Xã Bằng Doãn, Huyện Đoan Hùng, Tỉnh Phú Thọ"
25,Phú Thọ,230,Đoan Hùng,07981,Bằng Luân,Xã,"Xã Bằng Luân, Huyện Đoan Hùng, Tỉnh Phú Thọ"
25,Phú Thọ,230,Đoan Hùng,08050,Ca Đình,Xã,"Xã Ca Đình, Huyện Đoan Hùng, Tỉnh Phú Thọ"
25,Phú Thọ,230,Đoan Hùng,08044,Chân Mộng,Xã,"Xã Chân Mộng, Huyện Đoan Hùng, Tỉnh Phú Thọ"
25,Phú Thọ,230,Đoan Hùng,07999,Chí Đám,Xã,"Xã Chí Đám, Huyện Đoan Hùng, Tỉnh Phú Thọ"
25,Phú Thọ,230,Đoan Hùng,07969,Đoan Hùng,Thị trấn,"Thị trấn Đoan Hùng, Huyện Đoan Hùng, Tỉnh Phú Thọ"
25,Phú Thọ,230,Đoan Hùng,08014,Hợp Nhất,Xã,"Xã Hợp Nhất, Huyện Đoan Hùng, Tỉnh Phú Thọ"
25,Phú Thọ,230,Đoan Hùng,08035,Hùng Long,Xã,"Xã Hùng Long, Huyện Đoan Hùng, Tỉnh Phú Thọ"
25,Phú Thọ,230,Đoan Hùng,07975,Hùng Xuyên,Xã,"Xã Hùng Xuyên, Huyện Đoan Hùng, Tỉnh Phú Thọ"
25,Phú Thọ,230,Đoan Hùng,08008,Ngọc Quan,Xã,"Xã Ngọc Quan, Huyện Đoan Hùng, Tỉnh Phú Thọ"
25,Phú Thọ,230,Đoan Hùng,07987,Phú Lâm,Xã,"Xã Phú Lâm, Huyện Đoan Hùng, Tỉnh Phú Thọ"
25,Phú Thọ,230,Đoan Hùng,08005,Phúc Lai,Xã,"Xã Phúc Lai, Huyện Đoan Hùng, Tỉnh Phú Thọ"
25,Phú Thọ,230,Đoan Hùng,08023,Tây Cốc,Xã,"Xã Tây Cốc, Huyện Đoan Hùng, Tỉnh Phú Thọ"
25,Phú Thọ,230,Đoan Hùng,08038,Yên Kiện,Xã,"Xã Yên Kiện, Huyện Đoan Hùng, Tỉnh Phú Thọ"
25,Phú Thọ,231,Hạ Hoà,08095,Ấm Hạ,Xã,"Xã Ấm Hạ, Huyện Hạ Hoà, Tỉnh Phú Thọ"
25,Phú Thọ,231,Hạ Hoà,08125,Bằng Giã,Xã,"Xã Bằng Giã, Huyện Hạ Hoà, Tỉnh Phú Thọ"
25,Phú Thọ,231,Hạ Hoà,08056,Đại Phạm,Xã,"Xã Đại Phạm, Huyện Hạ Hoà, Tỉnh Phú Thọ"
25,Phú Thọ,231,Hạ Hoà,08062,Đan Thượng,Xã,"Xã Đan Thượng, Huyện Hạ Hoà, Tỉnh Phú Thọ"
25,Phú Thọ,231,Hạ Hoà,08092,Gia Điền,Xã,"Xã Gia Điền, Huyện Hạ Hoà, Tỉnh Phú Thọ"
25,Phú Thọ,231,Hạ Hoà,08053,Hạ Hoà,Thị trấn,"Thị trấn Hạ Hoà, Huyện Hạ Hoà, Tỉnh Phú Thọ"
25,Phú Thọ,231,Hạ Hoà,08065,Hà Lương,Xã,"Xã Hà Lương, Huyện Hạ Hoà, Tỉnh Phú Thọ"
25,Phú Thọ,231,Hạ Hoà,08080,Hiền Lương,Xã,"Xã Hiền Lương, Huyện Hạ Hoà, Tỉnh Phú Thọ"
25,Phú Thọ,231,Hạ Hoà,08104,Hương Xạ,Xã,"Xã Hương Xạ, Huyện Hạ Hoà, Tỉnh Phú Thọ"
25,Phú Thọ,231,Hạ Hoà,08122,Lang Sơn,Xã,"Xã Lang Sơn, Huyện Hạ Hoà, Tỉnh Phú Thọ"
25,Phú Thọ,231,Hạ Hoà,08140,Minh Côi,Xã,"Xã Minh Côi, Huyện Hạ Hoà, Tỉnh Phú Thọ"
25,Phú Thọ,231,Hạ Hoà,08119,Minh Hạc,Xã,"Xã Minh Hạc, Huyện Hạ Hoà, Tỉnh Phú Thọ"
25,Phú Thọ,231,Hạ Hoà,08089,Phương Viên,Xã,"Xã Phương Viên, Huyện Hạ Hoà, Tỉnh Phú Thọ"
25,Phú Thọ,231,Hạ Hoà,08071,Tứ Hiệp,Xã,"Xã Tứ Hiệp, Huyện Hạ Hoà, Tỉnh Phú Thọ"
25,Phú Thọ,231,Hạ Hoà,08134,Văn Lang,Xã,"Xã Văn Lang, Huyện Hạ Hoà, Tỉnh Phú Thọ"
25,Phú Thọ,231,Hạ Hoà,08143,Vĩnh Chân,Xã,"Xã Vĩnh Chân, Huyện Hạ Hoà, Tỉnh Phú Thọ"
25,Phú Thọ,231,Hạ Hoà,08131,Vô Tranh,Xã,"Xã Vô Tranh, Huyện Hạ Hoà, Tỉnh Phú Thọ"
25,Phú Thọ,231,Hạ Hoà,08110,Xuân Áng,Xã,"Xã Xuân Áng, Huyện Hạ Hoà, Tỉnh Phú Thọ"
25,Phú Thọ,231,Hạ Hoà,08113,Yên Kỳ,Xã,"Xã Yên Kỳ, Huyện Hạ Hoà, Tỉnh Phú Thọ"
25,Phú Thọ,231,Hạ Hoà,08128,Yên Luật,Xã,"Xã Yên Luật, Huyện Hạ Hoà, Tỉnh Phú Thọ"
25,Phú Thọ,237,Lâm Thao,08539,Bản Nguyên,Xã,"Xã Bản Nguyên, Huyện Lâm Thao, Tỉnh Phú Thọ"
25,Phú Thọ,237,Lâm Thao,08527,Cao Xá,Xã,"Xã Cao Xá, Huyện Lâm Thao, Tỉnh Phú Thọ"
25,Phú Thọ,237,Lâm Thao,08498,Hùng Sơn,Thị trấn,"Thị trấn Hùng Sơn, Huyện Lâm Thao, Tỉnh Phú Thọ"
25,Phú Thọ,237,Lâm Thao,08494,Lâm Thao,Thị trấn,"Thị trấn Lâm Thao, Huyện Lâm Thao, Tỉnh Phú Thọ"
25,Phú Thọ,237,Lâm Thao,08521,Phùng Nguyên,Xã,"Xã Phùng Nguyên, Huyện Lâm Thao, Tỉnh Phú Thọ"
25,Phú Thọ,237,Lâm Thao,08518,Sơn Vi,Xã,"Xã Sơn Vi, Huyện Lâm Thao, Tỉnh Phú Thọ"
25,Phú Thọ,237,Lâm Thao,08512,Thạch Sơn,Xã,"Xã Thạch Sơn, Huyện Lâm Thao, Tỉnh Phú Thọ"
25,Phú Thọ,237,Lâm Thao,08497,Tiên Kiên,Xã,"Xã Tiên Kiên, Huyện Lâm Thao, Tỉnh Phú Thọ"
25,Phú Thọ,237,Lâm Thao,08536,Tứ Xã,Xã,"Xã Tứ Xã, Huyện Lâm Thao, Tỉnh Phú Thọ"
25,Phú Thọ,237,Lâm Thao,08533,Vĩnh Lại,Xã,"Xã Vĩnh Lại, Huyện Lâm Thao, Tỉnh Phú Thọ"
25,Phú Thọ,237,Lâm Thao,08509,Xuân Huy,Xã,"Xã Xuân Huy, Huyện Lâm Thao, Tỉnh Phú Thọ"
25,Phú Thọ,237,Lâm Thao,08500,Xuân Lũng,Xã,"Xã Xuân Lũng, Huyện Lâm Thao, Tỉnh Phú Thọ"
25,Phú Thọ,233,Phù Ninh,08272,An Đạo,Xã,"Xã An Đạo, Huyện Phù Ninh, Tỉnh Phú Thọ"
25,Phú Thọ,233,Phù Ninh,08254,Bảo Thanh,Xã,"Xã Bảo Thanh, Huyện Phù Ninh, Tỉnh Phú Thọ"
25,Phú Thọ,233,Phù Ninh,08275,Bình Phú,Xã,"Xã Bình Phú, Huyện Phù Ninh, Tỉnh Phú Thọ"
25,Phú Thọ,233,Phù Ninh,08260,Gia Thanh,Xã,"Xã Gia Thanh, Huyện Phù Ninh, Tỉnh Phú Thọ"
25,Phú Thọ,233,Phù Ninh,08251,Hạ Giáp,Xã,"Xã Hạ Giáp, Huyện Phù Ninh, Tỉnh Phú Thọ"
25,Phú Thọ,233,Phù Ninh,08234,Lệ Mỹ,Xã,"Xã Lệ Mỹ, Huyện Phù Ninh, Tỉnh Phú Thọ"
25,Phú Thọ,233,Phù Ninh,08236,Liên Hoa,Xã,"Xã Liên Hoa, Huyện Phù Ninh, Tỉnh Phú Thọ"
25,Phú Thọ,233,Phù Ninh,08230,Phong Châu,Thị trấn,"Thị trấn Phong Châu, Huyện Phù Ninh, Tỉnh Phú Thọ"
25,Phú Thọ,233,Phù Ninh,08257,Phú Lộc,Xã,"Xã Phú Lộc, Huyện Phù Ninh, Tỉnh Phú Thọ"
25,Phú Thọ,233,Phù Ninh,08233,Phú Mỹ,Xã,"Xã Phú Mỹ, Huyện Phù Ninh, Tỉnh Phú Thọ"
25,Phú Thọ,233,Phù Ninh,08266,Phú Nham,Xã,"Xã Phú Nham, Huyện Phù Ninh, Tỉnh Phú Thọ"
25,Phú Thọ,233,Phù Ninh,08278,Phù Ninh,Xã,"Xã Phù Ninh, Huyện Phù Ninh, Tỉnh Phú Thọ"
25,Phú Thọ,233,Phù Ninh,08263,Tiên Du,Xã,"Xã Tiên Du, Huyện Phù Ninh, Tỉnh Phú Thọ"
25,Phú Thọ,233,Phù Ninh,08248,Tiên Phú,Xã,"Xã Tiên Phú, Huyện Phù Ninh, Tỉnh Phú Thọ"
25,Phú Thọ,233,Phù Ninh,08239,Trạm Thản,Xã,"Xã Trạm Thản, Huyện Phù Ninh, Tỉnh Phú Thọ"
25,Phú Thọ,233,Phù Ninh,08242,Trị Quận,Xã,"Xã Trị Quận, Huyện Phù Ninh, Tỉnh Phú Thọ"
25,Phú Thọ,233,Phù Ninh,08245,Trung Giáp,Xã,"Xã Trung Giáp, Huyện Phù Ninh, Tỉnh Phú Thọ"
25,Phú Thọ,228,Phú Thọ,07948,Âu Cơ,Phường,"Phường Âu Cơ, Thị xã Phú Thọ, Tỉnh Phú Thọ"
25,Phú Thọ,228,Phú Thọ,07951,Hà Lộc,Xã,"Xã Hà Lộc, Thị xã Phú Thọ, Tỉnh Phú Thọ"
25,Phú Thọ,228,Phú Thọ,07963,Hà Thạch,Xã,"Xã Hà Thạch, Thị xã Phú Thọ, Tỉnh Phú Thọ"
25,Phú Thọ,228,Phú Thọ,07942,Hùng Vương,Phường,"Phường Hùng Vương, Thị xã Phú Thọ, Tỉnh Phú Thọ"
25,Phú Thọ,228,Phú Thọ,07945,Phong Châu,Phường,"Phường Phong Châu, Thị xã Phú Thọ, Tỉnh Phú Thọ"
25,Phú Thọ,228,Phú Thọ,07954,Phú Hộ,Xã,"Xã Phú Hộ, Thị xã Phú Thọ, Tỉnh Phú Thọ"
25,Phú Thọ,228,Phú Thọ,07960,Thanh Minh,Xã,"Xã Thanh Minh, Thị xã Phú Thọ, Tỉnh Phú Thọ"
25,Phú Thọ,228,Phú Thọ,07966,Thanh Vinh,Phường,"Phường Thanh Vinh, Thị xã Phú Thọ, Tỉnh Phú Thọ"
25,Phú Thọ,228,Phú Thọ,07957,Văn Lung,Xã,"Xã Văn Lung, Thị xã Phú Thọ, Tỉnh Phú Thọ"
25,Phú Thọ,236,Tam Nông,08443,Bắc Sơn,Xã,"Xã Bắc Sơn, Huyện Tam Nông, Tỉnh Phú Thọ"
25,Phú Thọ,236,Tam Nông,08491,Dân Quyền,Xã,"Xã Dân Quyền, Huyện Tam Nông, Tỉnh Phú Thọ"
25,Phú Thọ,236,Tam Nông,08482,Dị Nậu,Xã,"Xã Dị Nậu, Huyện Tam Nông, Tỉnh Phú Thọ"
25,Phú Thọ,236,Tam Nông,08440,Hiền Quan,Xã,"Xã Hiền Quan, Huyện Tam Nông, Tỉnh Phú Thọ"
25,Phú Thọ,236,Tam Nông,08434,Hưng Hoá,Thị trấn,"Thị trấn Hưng Hoá, Huyện Tam Nông, Tỉnh Phú Thọ"
25,Phú Thọ,236,Tam Nông,08473,Hương Nộn,Xã,"Xã Hương Nộn, Huyện Tam Nông, Tỉnh Phú Thọ"
25,Phú Thọ,236,Tam Nông,08461,Lam Sơn,Xã,"Xã Lam Sơn, Huyện Tam Nông, Tỉnh Phú Thọ"
25,Phú Thọ,236,Tam Nông,08470,Quang Húc,Xã,"Xã Quang Húc, Huyện Tam Nông, Tỉnh Phú Thọ"
25,Phú Thọ,236,Tam Nông,08476,Tề Lễ,Xã,"Xã Tề Lễ, Huyện Tam Nông, Tỉnh Phú Thọ"
25,Phú Thọ,236,Tam Nông,08446,Thanh Uyên,Xã,"Xã Thanh Uyên, Huyện Tam Nông, Tỉnh Phú Thọ"
25,Phú Thọ,236,Tam Nông,08479,Thọ Văn,Xã,"Xã Thọ Văn, Huyện Tam Nông, Tỉnh Phú Thọ"
25,Phú Thọ,236,Tam Nông,08467,Vạn Xuân,Xã,"Xã Vạn Xuân, Huyện Tam Nông, Tỉnh Phú Thọ"
25,Phú Thọ,240,Tân Sơn,08557,Đồng Sơn,Xã,"Xã Đồng Sơn, Huyện Tân Sơn, Tỉnh Phú Thọ"
25,Phú Thọ,240,Tân Sơn,08554,Kiệt Sơn,Xã,"Xã Kiệt Sơn, Huyện Tân Sơn, Tỉnh Phú Thọ"
25,Phú Thọ,240,Tân Sơn,08617,Kim Thượng,Xã,"Xã Kim Thượng, Huyện Tân Sơn, Tỉnh Phú Thọ"
25,Phú Thọ,240,Tân Sơn,08560,Lai Đồng,Xã,"Xã Lai Đồng, Huyện Tân Sơn, Tỉnh Phú Thọ"
25,Phú Thọ,240,Tân Sơn,08608,Long Cốc,Xã,"Xã Long Cốc, Huyện Tân Sơn, Tỉnh Phú Thọ"
25,Phú Thọ,240,Tân Sơn,08593,Minh Đài,Xã,"Xã Minh Đài, Huyện Tân Sơn, Tỉnh Phú Thọ"
25,Phú Thọ,240,Tân Sơn,08569,Mỹ Thuận,Xã,"Xã Mỹ Thuận, Huyện Tân Sơn, Tỉnh Phú Thọ"
25,Phú Thọ,240,Tân Sơn,08620,Tam Thanh,Xã,"Xã Tam Thanh, Huyện Tân Sơn, Tỉnh Phú Thọ"
25,Phú Thọ,240,Tân Sơn,08566,Tân Phú,Thị trấn,"Thị trấn Tân Phú, Huyện Tân Sơn, Tỉnh Phú Thọ"
25,Phú Thọ,240,Tân Sơn,08578,Tân Sơn,Xã,"Xã Tân Sơn, Huyện Tân Sơn, Tỉnh Phú Thọ"
25,Phú Thọ,240,Tân Sơn,08548,Thạch Kiệt,Xã,"Xã Thạch Kiệt, Huyện Tân Sơn, Tỉnh Phú Thọ"
25,Phú Thọ,240,Tân Sơn,08545,Thu Cúc,Xã,"Xã Thu Cúc, Huyện Tân Sơn, Tỉnh Phú Thọ"
25,Phú Thọ,240,Tân Sơn,08551,Thu Ngạc,Xã,"Xã Thu Ngạc, Huyện Tân Sơn, Tỉnh Phú Thọ"
25,Phú Thọ,240,Tân Sơn,08596,Văn Luông,Xã,"Xã Văn Luông, Huyện Tân Sơn, Tỉnh Phú Thọ"
25,Phú Thọ,240,Tân Sơn,08626,Vinh Tiền,Xã,"Xã Vinh Tiền, Huyện Tân Sơn, Tỉnh Phú Thọ"
25,Phú Thọ,240,Tân Sơn,08590,Xuân Đài,Xã,"Xã Xuân Đài, Huyện Tân Sơn, Tỉnh Phú Thọ"
25,Phú Thọ,240,Tân Sơn,08599,Xuân Sơn,Xã,"Xã Xuân Sơn, Huyện Tân Sơn, Tỉnh Phú Thọ"
25,Phú Thọ,232,Thanh Ba,08206,Chí Tiên,Xã,"Xã Chí Tiên, Huyện Thanh Ba, Tỉnh Phú Thọ"
25,Phú Thọ,232,Thanh Ba,08161,Đại An,Xã,"Xã Đại An, Huyện Thanh Ba, Tỉnh Phú Thọ"
25,Phú Thọ,232,Thanh Ba,08221,Đỗ Sơn,Xã,"Xã Đỗ Sơn, Huyện Thanh Ba, Tỉnh Phú Thọ"
25,Phú Thọ,232,Thanh Ba,08224,Đỗ Xuyên,Xã,"Xã Đỗ Xuyên, Huyện Thanh Ba, Tỉnh Phú Thọ"
25,Phú Thọ,232,Thanh Ba,08158,Đông Lĩnh,Xã,"Xã Đông Lĩnh, Huyện Thanh Ba, Tỉnh Phú Thọ"
25,Phú Thọ,232,Thanh Ba,08209,Đông Thành,Xã,"Xã Đông Thành, Huyện Thanh Ba, Tỉnh Phú Thọ"
25,Phú Thọ,232,Thanh Ba,08170,Đồng Xuân,Xã,"Xã Đồng Xuân, Huyện Thanh Ba, Tỉnh Phú Thọ"
25,Phú Thọ,232,Thanh Ba,08164,Hanh Cù,Xã,"Xã Hanh Cù, Huyện Thanh Ba, Tỉnh Phú Thọ"
25,Phú Thọ,232,Thanh Ba,08203,Hoàng Cương,Xã,"Xã Hoàng Cương, Huyện Thanh Ba, Tỉnh Phú Thọ"
25,Phú Thọ,232,Thanh Ba,08197,Khải Xuân,Xã,"Xã Khải Xuân, Huyện Thanh Ba, Tỉnh Phú Thọ"
25,Phú Thọ,232,Thanh Ba,08227,Lương Lỗ,Xã,"Xã Lương Lỗ, Huyện Thanh Ba, Tỉnh Phú Thọ"
25,Phú Thọ,232,Thanh Ba,08200,Mạn Lạn,Xã,"Xã Mạn Lạn, Huyện Thanh Ba, Tỉnh Phú Thọ"
25,Phú Thọ,232,Thanh Ba,08179,Ninh Dân,Xã,"Xã Ninh Dân, Huyện Thanh Ba, Tỉnh Phú Thọ"
25,Phú Thọ,232,Thanh Ba,08173,Quảng Yên,Xã,"Xã Quảng Yên, Huyện Thanh Ba, Tỉnh Phú Thọ"
25,Phú Thọ,232,Thanh Ba,08215,Sơn Cương,Xã,"Xã Sơn Cương, Huyện Thanh Ba, Tỉnh Phú Thọ"
25,Phú Thọ,232,Thanh Ba,08152,Thanh Ba,Thị trấn,"Thị trấn Thanh Ba, Huyện Thanh Ba, Tỉnh Phú Thọ"
25,Phú Thọ,232,Thanh Ba,08218,Thanh Hà,Xã,"Xã Thanh Hà, Huyện Thanh Ba, Tỉnh Phú Thọ"
25,Phú Thọ,232,Thanh Ba,08156,Vân Lĩnh,Xã,"Xã Vân Lĩnh, Huyện Thanh Ba, Tỉnh Phú Thọ"
25,Phú Thọ,232,Thanh Ba,08194,Võ Lao,Xã,"Xã Võ Lao, Huyện Thanh Ba, Tỉnh Phú Thọ"
25,Phú Thọ,238,Thanh Sơn,08614,Cự Đồng,Xã,"Xã Cự Đồng, Huyện Thanh Sơn, Tỉnh Phú Thọ"
25,Phú Thọ,238,Thanh Sơn,08602,Cự Thắng,Xã,"Xã Cự Thắng, Huyện Thanh Sơn, Tỉnh Phú Thọ"
25,Phú Thọ,238,Thanh Sơn,08572,Địch Quả,Xã,"Xã Địch Quả, Huyện Thanh Sơn, Tỉnh Phú Thọ"
25,Phú Thọ,238,Thanh Sơn,08638,Đông Cửu,Xã,"Xã Đông Cửu, Huyện Thanh Sơn, Tỉnh Phú Thọ"
25,Phú Thọ,238,Thanh Sơn,08575,Giáp Lai,Xã,"Xã Giáp Lai, Huyện Thanh Sơn, Tỉnh Phú Thọ"
25,Phú Thọ,238,Thanh Sơn,08632,Hương Cần,Xã,"Xã Hương Cần, Huyện Thanh Sơn, Tỉnh Phú Thọ"
25,Phú Thọ,238,Thanh Sơn,08635,Khả Cửu,Xã,"Xã Khả Cửu, Huyện Thanh Sơn, Tỉnh Phú Thọ"
25,Phú Thọ,238,Thanh Sơn,08653,Lương Nha,Xã,"Xã Lương Nha, Huyện Thanh Sơn, Tỉnh Phú Thọ"
25,Phú Thọ,238,Thanh Sơn,08563,Sơn Hùng,Xã,"Xã Sơn Hùng, Huyện Thanh Sơn, Tỉnh Phú Thọ"
25,Phú Thọ,238,Thanh Sơn,08641,Tân Lập,Xã,"Xã Tân Lập, Huyện Thanh Sơn, Tỉnh Phú Thọ"
25,Phú Thọ,238,Thanh Sơn,08629,Tân Minh,Xã,"Xã Tân Minh, Huyện Thanh Sơn, Tỉnh Phú Thọ"
25,Phú Thọ,238,Thanh Sơn,08605,Tất Thắng,Xã,"Xã Tất Thắng, Huyện Thanh Sơn, Tỉnh Phú Thọ"
25,Phú Thọ,238,Thanh Sơn,08587,Thạch Khoán,Xã,"Xã Thạch Khoán, Huyện Thanh Sơn, Tỉnh Phú Thọ"
25,Phú Thọ,238,Thanh Sơn,08623,Thắng Sơn,Xã,"Xã Thắng Sơn, Huyện Thanh Sơn, Tỉnh Phú Thọ"
25,Phú Thọ,238,Thanh Sơn,08542,Thanh Sơn,Thị trấn,"Thị trấn Thanh Sơn, Huyện Thanh Sơn, Tỉnh Phú Thọ"
25,Phú Thọ,238,Thanh Sơn,08581,Thục Luyện,Xã,"Xã Thục Luyện, Huyện Thanh Sơn, Tỉnh Phú Thọ"
25,Phú Thọ,238,Thanh Sơn,08650,Thượng Cửu,Xã,"Xã Thượng Cửu, Huyện Thanh Sơn, Tỉnh Phú Thọ"
25,Phú Thọ,238,Thanh Sơn,08659,Tinh Nhuệ,Xã,"Xã Tinh Nhuệ, Huyện Thanh Sơn, Tỉnh Phú Thọ"
25,Phú Thọ,238,Thanh Sơn,08611,Văn Miếu,Xã,"Xã Văn Miếu, Huyện Thanh Sơn, Tỉnh Phú Thọ"
25,Phú Thọ,238,Thanh Sơn,08584,Võ Miếu,Xã,"Xã Võ Miếu, Huyện Thanh Sơn, Tỉnh Phú Thọ"
25,Phú Thọ,238,Thanh Sơn,08644,Yên Lãng,Xã,"Xã Yên Lãng, Huyện Thanh Sơn, Tỉnh Phú Thọ"
25,Phú Thọ,238,Thanh Sơn,08647,Yên Lương,Xã,"Xã Yên Lương, Huyện Thanh Sơn, Tỉnh Phú Thọ"
25,Phú Thọ,238,Thanh Sơn,08656,Yên Sơn,Xã,"Xã Yên Sơn, Huyện Thanh Sơn, Tỉnh Phú Thọ"
25,Phú Thọ,239,Thanh Thuỷ,08680,Bảo Yên,Xã,"Xã Bảo Yên, Huyện Thanh Thuỷ, Tỉnh Phú Thọ"
25,Phú Thọ,239,Thanh Thuỷ,08662,Đào Xá,Xã,"Xã Đào Xá, Huyện Thanh Thuỷ, Tỉnh Phú Thọ"
25,Phú Thọ,239,Thanh Thuỷ,08683,Đoan Hạ,Xã,"Xã Đoan Hạ, Huyện Thanh Thuỷ, Tỉnh Phú Thọ"
25,Phú Thọ,239,Thanh Thuỷ,08686,Đồng Trung,Xã,"Xã Đồng Trung, Huyện Thanh Thuỷ, Tỉnh Phú Thọ"
25,Phú Thọ,239,Thanh Thuỷ,08689,Hoàng Xá,Xã,"Xã Hoàng Xá, Huyện Thanh Thuỷ, Tỉnh Phú Thọ"
25,Phú Thọ,239,Thanh Thuỷ,08677,Sơn Thủy,Xã,"Xã Sơn Thủy, Huyện Thanh Thuỷ, Tỉnh Phú Thọ"
25,Phú Thọ,239,Thanh Thuỷ,08671,Tân Phương,Xã,"Xã Tân Phương, Huyện Thanh Thuỷ, Tỉnh Phú Thọ"
25,Phú Thọ,239,Thanh Thuỷ,08665,Thạch Đồng,Xã,"Xã Thạch Đồng, Huyện Thanh Thuỷ, Tỉnh Phú Thọ"
25,Phú Thọ,239,Thanh Thuỷ,08674,Thanh Thủy,Thị trấn,"Thị trấn Thanh Thủy, Huyện Thanh Thuỷ, Tỉnh Phú Thọ"
25,Phú Thọ,239,Thanh Thuỷ,08701,Tu Vũ,Xã,"Xã Tu Vũ, Huyện Thanh Thuỷ, Tỉnh Phú Thọ"
25,Phú Thọ,239,Thanh Thuỷ,08668,Xuân Lộc,Xã,"Xã Xuân Lộc, Huyện Thanh Thuỷ, Tỉnh Phú Thọ"
25,Phú Thọ,227,Việt Trì,07912,Bạch Hạc,Phường,"Phường Bạch Hạc, Thành phố Việt Trì, Tỉnh Phú Thọ"
25,Phú Thọ,227,Việt Trì,08506,Chu Hóa,Xã,"Xã Chu Hóa, Thành phố Việt Trì, Tỉnh Phú Thọ"
25,Phú Thọ,227,Việt Trì,07888,Dữu Lâu,Phường,"Phường Dữu Lâu, Thành phố Việt Trì, Tỉnh Phú Thọ"
25,Phú Thọ,227,Việt Trì,07900,Gia Cẩm,Phường,"Phường Gia Cẩm, Thành phố Việt Trì, Tỉnh Phú Thọ"
25,Phú Thọ,227,Việt Trì,08287,Hùng Lô,Xã,"Xã Hùng Lô, Thành phố Việt Trì, Tỉnh Phú Thọ"
25,Phú Thọ,227,Việt Trì,08503,Hy Cương,Xã,"Xã Hy Cương, Thành phố Việt Trì, Tỉnh Phú Thọ"
25,Phú Thọ,227,Việt Trì,08281,Kim Đức,Xã,"Xã Kim Đức, Thành phố Việt Trì, Tỉnh Phú Thọ"
25,Phú Thọ,227,Việt Trì,07933,Minh Nông,Phường,"Phường Minh Nông, Thành phố Việt Trì, Tỉnh Phú Thọ"
25,Phú Thọ,227,Việt Trì,07927,Minh Phương,Phường,"Phường Minh Phương, Thành phố Việt Trì, Tỉnh Phú Thọ"
25,Phú Thọ,227,Việt Trì,07894,Nông Trang,Phường,"Phường Nông Trang, Thành phố Việt Trì, Tỉnh Phú Thọ"
25,Phú Thọ,227,Việt Trì,07921,Phượng Lâu,Xã,"Xã Phượng Lâu, Thành phố Việt Trì, Tỉnh Phú Thọ"
25,Phú Thọ,227,Việt Trì,07936,Sông Lô,Xã,"Xã Sông Lô, Thành phố Việt Trì, Tỉnh Phú Thọ"
25,Phú Thọ,227,Việt Trì,07897,Tân Dân,Phường,"Phường Tân Dân, Thành phố Việt Trì, Tỉnh Phú Thọ"
25,Phú Thọ,227,Việt Trì,08515,Thanh Đình,Xã,"Xã Thanh Đình, Thành phố Việt Trì, Tỉnh Phú Thọ"
25,Phú Thọ,227,Việt Trì,07909,Thanh Miếu,Phường,"Phường Thanh Miếu, Thành phố Việt Trì, Tỉnh Phú Thọ"
25,Phú Thọ,227,Việt Trì,07906,Thọ Sơn,Phường,"Phường Thọ Sơn, Thành phố Việt Trì, Tỉnh Phú Thọ"
25,Phú Thọ,227,Việt Trì,07924,Thụy Vân,Xã,"Xã Thụy Vân, Thành phố Việt Trì, Tỉnh Phú Thọ"
25,Phú Thọ,227,Việt Trì,07903,Tiên Cát,Phường,"Phường Tiên Cát, Thành phố Việt Trì, Tỉnh Phú Thọ"
25,Phú Thọ,227,Việt Trì,07930,Trưng Vương,Xã,"Xã Trưng Vương, Thành phố Việt Trì, Tỉnh Phú Thọ"
25,Phú Thọ,227,Việt Trì,07918,Vân Phú,Phường,"Phường Vân Phú, Thành phố Việt Trì, Tỉnh Phú Thọ"
25,Phú Thọ,234,Yên Lập,08320,Đồng Lạc,Xã,"Xã Đồng Lạc, Huyện Yên Lập, Tỉnh Phú Thọ"
25,Phú Thọ,234,Yên Lập,08326,Đồng Thịnh,Xã,"Xã Đồng Thịnh, Huyện Yên Lập, Tỉnh Phú Thọ"
25,Phú Thọ,234,Yên Lập,08314,Hưng Long,Xã,"Xã Hưng Long, Huyện Yên Lập, Tỉnh Phú Thọ"
25,Phú Thọ,234,Yên Lập,08299,Lương Sơn,Xã,"Xã Lương Sơn, Huyện Yên Lập, Tỉnh Phú Thọ"
25,Phú Thọ,234,Yên Lập,08332,Minh Hòa,Xã,"Xã Minh Hòa, Huyện Yên Lập, Tỉnh Phú Thọ"
25,Phú Thọ,234,Yên Lập,08293,Mỹ Lung,Xã,"Xã Mỹ Lung, Huyện Yên Lập, Tỉnh Phú Thọ"
25,Phú Thọ,234,Yên Lập,08296,Mỹ Lương,Xã,"Xã Mỹ Lương, Huyện Yên Lập, Tỉnh Phú Thọ"
25,Phú Thọ,234,Yên Lập,08317,Nga Hoàng,Xã,"Xã Nga Hoàng, Huyện Yên Lập, Tỉnh Phú Thọ"
25,Phú Thọ,234,Yên Lập,08338,Ngọc Đồng,Xã,"Xã Ngọc Đồng, Huyện Yên Lập, Tỉnh Phú Thọ"
25,Phú Thọ,234,Yên Lập,08335,Ngọc Lập,Xã,"Xã Ngọc Lập, Huyện Yên Lập, Tỉnh Phú Thọ"
25,Phú Thọ,234,Yên Lập,08329,Phúc Khánh,Xã,"Xã Phúc Khánh, Huyện Yên Lập, Tỉnh Phú Thọ"
25,Phú Thọ,234,Yên Lập,08323,Thượng Long,Xã,"Xã Thượng Long, Huyện Yên Lập, Tỉnh Phú Thọ"
25,Phú Thọ,234,Yên Lập,08311,Trung Sơn,Xã,"Xã Trung Sơn, Huyện Yên Lập, Tỉnh Phú Thọ"
25,Phú Thọ,234,Yên Lập,08302,Xuân An,Xã,"Xã Xuân An, Huyện Yên Lập, Tỉnh Phú Thọ"
25,Phú Thọ,234,Yên Lập,08308,Xuân Thủy,Xã,"Xã Xuân Thủy, Huyện Yên Lập, Tỉnh Phú Thọ"
25,Phú Thọ,234,Yên Lập,08305,Xuân Viên,Xã,"Xã Xuân Viên, Huyện Yên Lập, Tỉnh Phú Thọ"
25,Phú Thọ,234,Yên Lập,08290,Yên Lập,Thị trấn,"Thị trấn Yên Lập, Huyện Yên Lập, Tỉnh Phú Thọ"
54,Phú Yên,564,Đông Hòa,22246,Hòa Hiệp Bắc,Phường,"Phường Hòa Hiệp Bắc, Thị xã Đông Hòa, Tỉnh Phú Yên"
54,Phú Yên,564,Đông Hòa,22282,Hòa Hiệp Nam,Phường,"Phường Hòa Hiệp Nam, Thị xã Đông Hòa, Tỉnh Phú Yên"
54,Phú Yên,564,Đông Hòa,22261,Hoà Hiệp Trung,Phường,"Phường Hoà Hiệp Trung, Thị xã Đông Hòa, Tỉnh Phú Yên"
54,Phú Yên,564,Đông Hòa,22297,Hòa Tâm,Xã,"Xã Hòa Tâm, Thị xã Đông Hòa, Tỉnh Phú Yên"
54,Phú Yên,564,Đông Hòa,22267,Hòa Tân Đông,Xã,"Xã Hòa Tân Đông, Thị xã Đông Hòa, Tỉnh Phú Yên"
54,Phú Yên,564,Đông Hòa,22243,Hòa Thành,Xã,"Xã Hòa Thành, Thị xã Đông Hòa, Tỉnh Phú Yên"
54,Phú Yên,564,Đông Hòa,22258,Hoà Vinh,Phường,"Phường Hoà Vinh, Thị xã Đông Hòa, Tỉnh Phú Yên"
54,Phú Yên,564,Đông Hòa,22291,Hòa Xuân Đông,Xã,"Xã Hòa Xuân Đông, Thị xã Đông Hòa, Tỉnh Phú Yên"
54,Phú Yên,564,Đông Hòa,22300,Hòa Xuân Nam,Xã,"Xã Hòa Xuân Nam, Thị xã Đông Hòa, Tỉnh Phú Yên"
54,Phú Yên,564,Đông Hòa,22279,Hòa Xuân Tây,Phường,"Phường Hòa Xuân Tây, Thị xã Đông Hòa, Tỉnh Phú Yên"
54,Phú Yên,558,Đồng Xuân,22084,Đa Lộc,Xã,"Xã Đa Lộc, Huyện Đồng Xuân, Tỉnh Phú Yên"
54,Phú Yên,558,Đồng Xuân,22081,La Hai,Thị trấn,"Thị trấn La Hai, Huyện Đồng Xuân, Tỉnh Phú Yên"
54,Phú Yên,558,Đồng Xuân,22087,Phú Mỡ,Xã,"Xã Phú Mỡ, Huyện Đồng Xuân, Tỉnh Phú Yên"
54,Phú Yên,558,Đồng Xuân,22090,Xuân Lãnh,Xã,"Xã Xuân Lãnh, Huyện Đồng Xuân, Tỉnh Phú Yên"
54,Phú Yên,558,Đồng Xuân,22093,Xuân Long,Xã,"Xã Xuân Long, Huyện Đồng Xuân, Tỉnh Phú Yên"
54,Phú Yên,558,Đồng Xuân,22111,Xuân Phước,Xã,"Xã Xuân Phước, Huyện Đồng Xuân, Tỉnh Phú Yên"
54,Phú Yên,558,Đồng Xuân,22096,Xuân Quang 1,Xã,"Xã Xuân Quang 1, Huyện Đồng Xuân, Tỉnh Phú Yên"
54,Phú Yên,558,Đồng Xuân,22102,Xuân Quang 2,Xã,"Xã Xuân Quang 2, Huyện Đồng Xuân, Tỉnh Phú Yên"
54,Phú Yên,558,Đồng Xuân,22108,Xuân Quang 3,Xã,"Xã Xuân Quang 3, Huyện Đồng Xuân, Tỉnh Phú Yên"
54,Phú Yên,558,Đồng Xuân,22099,Xuân Sơn Bắc,Xã,"Xã Xuân Sơn Bắc, Huyện Đồng Xuân, Tỉnh Phú Yên"
54,Phú Yên,558,Đồng Xuân,22105,Xuân Sơn Nam,Xã,"Xã Xuân Sơn Nam, Huyện Đồng Xuân, Tỉnh Phú Yên"
54,Phú Yên,563,Phú Hoà,22315,Hòa An,Xã,"Xã Hòa An, Huyện Phú Hoà, Tỉnh Phú Yên"
54,Phú Yên,563,Phú Hoà,22318,Hòa Định Đông,Xã,"Xã Hòa Định Đông, Huyện Phú Hoà, Tỉnh Phú Yên"
54,Phú Yên,563,Phú Hoà,22321,Hòa Định Tây,Xã,"Xã Hòa Định Tây, Huyện Phú Hoà, Tỉnh Phú Yên"
54,Phú Yên,563,Phú Hoà,22309,Hòa Hội,Xã,"Xã Hòa Hội, Huyện Phú Hoà, Tỉnh Phú Yên"
54,Phú Yên,563,Phú Hoà,22303,Hòa Quang Bắc,Xã,"Xã Hòa Quang Bắc, Huyện Phú Hoà, Tỉnh Phú Yên"
54,Phú Yên,563,Phú Hoà,22306,Hòa Quang Nam,Xã,"Xã Hòa Quang Nam, Huyện Phú Hoà, Tỉnh Phú Yên"
54,Phú Yên,563,Phú Hoà,22324,Hòa Thắng,Xã,"Xã Hòa Thắng, Huyện Phú Hoà, Tỉnh Phú Yên"
54,Phú Yên,563,Phú Hoà,22312,Hòa Trị,Xã,"Xã Hòa Trị, Huyện Phú Hoà, Tỉnh Phú Yên"
54,Phú Yên,563,Phú Hoà,22319,Thị Trấn Phú Hoà,Thị trấn,"Thị trấn Thị Trấn Phú Hoà, Huyện Phú Hoà, Tỉnh Phú Yên"
54,Phú Yên,560,Sơn Hòa,22180,Cà Lúi,Xã,"Xã Cà Lúi, Huyện Sơn Hòa, Tỉnh Phú Yên"
54,Phú Yên,560,Sơn Hòa,22165,Củng Sơn,Thị trấn,"Thị trấn Củng Sơn, Huyện Sơn Hòa, Tỉnh Phú Yên"
54,Phú Yên,560,Sơn Hòa,22192,Ea Chà Rang,Xã,"Xã Ea Chà Rang, Huyện Sơn Hòa, Tỉnh Phú Yên"
54,Phú Yên,560,Sơn Hòa,22195,Krông Pa,Xã,"Xã Krông Pa, Huyện Sơn Hòa, Tỉnh Phú Yên"
54,Phú Yên,560,Sơn Hòa,22168,Phước Tân,Xã,"Xã Phước Tân, Huyện Sơn Hòa, Tỉnh Phú Yên"
54,Phú Yên,560,Sơn Hòa,22174,Sơn Định,Xã,"Xã Sơn Định, Huyện Sơn Hòa, Tỉnh Phú Yên"
54,Phú Yên,560,Sơn Hòa,22201,Sơn Hà,Xã,"Xã Sơn Hà, Huyện Sơn Hòa, Tỉnh Phú Yên"
54,Phú Yên,560,Sơn Hòa,22171,Sơn Hội,Xã,"Xã Sơn Hội, Huyện Sơn Hòa, Tỉnh Phú Yên"
54,Phú Yên,560,Sơn Hòa,22177,Sơn Long,Xã,"Xã Sơn Long, Huyện Sơn Hòa, Tỉnh Phú Yên"
54,Phú Yên,560,Sơn Hòa,22189,Sơn Nguyên,Xã,"Xã Sơn Nguyên, Huyện Sơn Hòa, Tỉnh Phú Yên"
54,Phú Yên,560,Sơn Hòa,22183,Sơn Phước,Xã,"Xã Sơn Phước, Huyện Sơn Hòa, Tỉnh Phú Yên"
54,Phú Yên,560,Sơn Hòa,22186,Sơn Xuân,Xã,"Xã Sơn Xuân, Huyện Sơn Hòa, Tỉnh Phú Yên"
54,Phú Yên,560,Sơn Hòa,22198,Suối Bạc,Xã,"Xã Suối Bạc, Huyện Sơn Hòa, Tỉnh Phú Yên"
54,Phú Yên,560,Sơn Hòa,22204,Suối Trai,Xã,"Xã Suối Trai, Huyện Sơn Hòa, Tỉnh Phú Yên"
54,Phú Yên,557,Sông Cầu,22060,Xuân Bình,Xã,"Xã Xuân Bình, Thị xã Sông Cầu, Tỉnh Phú Yên"
54,Phú Yên,557,Sông Cầu,22066,Xuân Cảnh,Xã,"Xã Xuân Cảnh, Thị xã Sông Cầu, Tỉnh Phú Yên"
54,Phú Yên,557,Sông Cầu,22076,Xuân Đài,Phường,"Phường Xuân Đài, Thị xã Sông Cầu, Tỉnh Phú Yên"
54,Phú Yên,557,Sông Cầu,22054,Xuân Hải,Xã,"Xã Xuân Hải, Thị xã Sông Cầu, Tỉnh Phú Yên"
54,Phú Yên,557,Sông Cầu,22052,Xuân Lâm,Xã,"Xã Xuân Lâm, Thị xã Sông Cầu, Tỉnh Phú Yên"
54,Phú Yên,557,Sông Cầu,22057,Xuân Lộc,Xã,"Xã Xuân Lộc, Thị xã Sông Cầu, Tỉnh Phú Yên"
54,Phú Yên,557,Sông Cầu,22051,Xuân Phú,Phường,"Phường Xuân Phú, Thị xã Sông Cầu, Tỉnh Phú Yên"
54,Phú Yên,557,Sông Cầu,22072,Xuân Phương,Xã,"Xã Xuân Phương, Thị xã Sông Cầu, Tỉnh Phú Yên"
54,Phú Yên,557,Sông Cầu,22053,Xuân Thành,Phường,"Phường Xuân Thành, Thị xã Sông Cầu, Tỉnh Phú Yên"
54,Phú Yên,557,Sông Cầu,22069,Xuân Thịnh,Xã,"Xã Xuân Thịnh, Thị xã Sông Cầu, Tỉnh Phú Yên"
54,Phú Yên,557,Sông Cầu,22075,Xuân Thọ 1,Xã,"Xã Xuân Thọ 1, Thị xã Sông Cầu, Tỉnh Phú Yên"
54,Phú Yên,557,Sông Cầu,22078,Xuân Thọ 2,Xã,"Xã Xuân Thọ 2, Thị xã Sông Cầu, Tỉnh Phú Yên"
54,Phú Yên,557,Sông Cầu,22073,Xuân Yên,Phường,"Phường Xuân Yên, Thị xã Sông Cầu, Tỉnh Phú Yên"
54,Phú Yên,561,Sông Hinh,22222,Đức Bình Đông,Xã,"Xã Đức Bình Đông, Huyện Sông Hinh, Tỉnh Phú Yên"
54,Phú Yên,561,Sông Hinh,22213,Đức Bình Tây,Xã,"Xã Đức Bình Tây, Huyện Sông Hinh, Tỉnh Phú Yên"
54,Phú Yên,561,Sông Hinh,22216,Ea Bá,Xã,"Xã Ea Bá, Huyện Sông Hinh, Tỉnh Phú Yên"
54,Phú Yên,561,Sông Hinh,22225,Ea Bar,Xã,"Xã Ea Bar, Huyện Sông Hinh, Tỉnh Phú Yên"
54,Phú Yên,561,Sông Hinh,22228,Ea Bia,Xã,"Xã Ea Bia, Huyện Sông Hinh, Tỉnh Phú Yên"
54,Phú Yên,561,Sông Hinh,22210,Ea Lâm,Xã,"Xã Ea Lâm, Huyện Sông Hinh, Tỉnh Phú Yên"
54,Phú Yên,561,Sông Hinh,22237,Ea Ly,Xã,"Xã Ea Ly, Huyện Sông Hinh, Tỉnh Phú Yên"
54,Phú Yên,561,Sông Hinh,22231,Ea Trol,Xã,"Xã Ea Trol, Huyện Sông Hinh, Tỉnh Phú Yên"
54,Phú Yên,561,Sông Hinh,22207,Hai Riêng,Thị trấn,"Thị trấn Hai Riêng, Huyện Sông Hinh, Tỉnh Phú Yên"
54,Phú Yên,561,Sông Hinh,22219,Sơn Giang,Xã,"Xã Sơn Giang, Huyện Sông Hinh, Tỉnh Phú Yên"
54,Phú Yên,561,Sông Hinh,22234,Sông Hinh,Xã,"Xã Sông Hinh, Huyện Sông Hinh, Tỉnh Phú Yên"
54,Phú Yên,562,Tây Hoà,22252,Hòa Bình 1,Xã,"Xã Hòa Bình 1, Huyện Tây Hoà, Tỉnh Phú Yên"
54,Phú Yên,562,Tây Hoà,22276,Hòa Đồng,Xã,"Xã Hòa Đồng, Huyện Tây Hoà, Tỉnh Phú Yên"
54,Phú Yên,562,Tây Hoà,22285,Hòa Mỹ Đông,Xã,"Xã Hòa Mỹ Đông, Huyện Tây Hoà, Tỉnh Phú Yên"
54,Phú Yên,562,Tây Hoà,22288,Hòa Mỹ Tây,Xã,"Xã Hòa Mỹ Tây, Huyện Tây Hoà, Tỉnh Phú Yên"
54,Phú Yên,562,Tây Hoà,22264,Hòa Phong,Xã,"Xã Hòa Phong, Huyện Tây Hoà, Tỉnh Phú Yên"
54,Phú Yên,562,Tây Hoà,22270,Hòa Phú,Xã,"Xã Hòa Phú, Huyện Tây Hoà, Tỉnh Phú Yên"
54,Phú Yên,562,Tây Hoà,22273,Hòa Tân Tây,Xã,"Xã Hòa Tân Tây, Huyện Tây Hoà, Tỉnh Phú Yên"
54,Phú Yên,562,Tây Hoà,22294,Hòa Thịnh,Xã,"Xã Hòa Thịnh, Huyện Tây Hoà, Tỉnh Phú Yên"
54,Phú Yên,562,Tây Hoà,22255,Phú Thứ,Thị trấn,"Thị trấn Phú Thứ, Huyện Tây Hoà, Tỉnh Phú Yên"
54,Phú Yên,562,Tây Hoà,22250,Sơn Thành Đông,Xã,"Xã Sơn Thành Đông, Huyện Tây Hoà, Tỉnh Phú Yên"
54,Phú Yên,562,Tây Hoà,22249,Sơn Thành Tây,Xã,"Xã Sơn Thành Tây, Huyện Tây Hoà, Tỉnh Phú Yên"
54,Phú Yên,559,Tuy An,22156,An Chấn,Xã,"Xã An Chấn, Huyện Tuy An, Tỉnh Phú Yên"
54,Phú Yên,559,Tuy An,22138,An Cư,Xã,"Xã An Cư, Huyện Tuy An, Tỉnh Phú Yên"
54,Phú Yên,559,Tuy An,22117,An Dân,Xã,"Xã An Dân, Huyện Tuy An, Tỉnh Phú Yên"
54,Phú Yên,559,Tuy An,22129,An Định,Xã,"Xã An Định, Huyện Tuy An, Tỉnh Phú Yên"
54,Phú Yên,559,Tuy An,22150,An Hiệp,Xã,"Xã An Hiệp, Huyện Tuy An, Tỉnh Phú Yên"
54,Phú Yên,559,Tuy An,22147,An Hòa Hải,Xã,"Xã An Hòa Hải, Huyện Tuy An, Tỉnh Phú Yên"
54,Phú Yên,559,Tuy An,22144,An Lĩnh,Xã,"Xã An Lĩnh, Huyện Tuy An, Tỉnh Phú Yên"
54,Phú Yên,559,Tuy An,22153,An Mỹ,Xã,"Xã An Mỹ, Huyện Tuy An, Tỉnh Phú Yên"
54,Phú Yên,559,Tuy An,22132,An Nghiệp,Xã,"Xã An Nghiệp, Huyện Tuy An, Tỉnh Phú Yên"
54,Phú Yên,559,Tuy An,22123,An Ninh Đông,Xã,"Xã An Ninh Đông, Huyện Tuy An, Tỉnh Phú Yên"
54,Phú Yên,559,Tuy An,22120,An Ninh Tây,Xã,"Xã An Ninh Tây, Huyện Tuy An, Tỉnh Phú Yên"
54,Phú Yên,559,Tuy An,22126,An Thạch,Xã,"Xã An Thạch, Huyện Tuy An, Tỉnh Phú Yên"
54,Phú Yên,559,Tuy An,22159,An Thọ,Xã,"Xã An Thọ, Huyện Tuy An, Tỉnh Phú Yên"
54,Phú Yên,559,Tuy An,22141,An Xuân,Xã,"Xã An Xuân, Huyện Tuy An, Tỉnh Phú Yên"
54,Phú Yên,559,Tuy An,22114,Chí Thạnh,Thị trấn,"Thị trấn Chí Thạnh, Huyện Tuy An, Tỉnh Phú Yên"
54,Phú Yên,555,Tuy Hoà,22015,1,Phường,"Phường 1, Thành phố Tuy Hoà, Tỉnh Phú Yên"
54,Phú Yên,555,Tuy Hoà,22018,2,Phường,"Phường 2, Thành phố Tuy Hoà, Tỉnh Phú Yên"
54,Phú Yên,555,Tuy Hoà,22030,4,Phường,"Phường 4, Thành phố Tuy Hoà, Tỉnh Phú Yên"
54,Phú Yên,555,Tuy Hoà,22033,5,Phường,"Phường 5, Thành phố Tuy Hoà, Tỉnh Phú Yên"
54,Phú Yên,555,Tuy Hoà,22036,7,Phường,"Phường 7, Thành phố Tuy Hoà, Tỉnh Phú Yên"
54,Phú Yên,555,Tuy Hoà,22024,9,Phường,"Phường 9, Thành phố Tuy Hoà, Tỉnh Phú Yên"
54,Phú Yên,555,Tuy Hoà,22162,An Phú,Xã,"Xã An Phú, Thành phố Tuy Hoà, Tỉnh Phú Yên"
54,Phú Yên,555,Tuy Hoà,22045,Bình Kiến,Xã,"Xã Bình Kiến, Thành phố Tuy Hoà, Tỉnh Phú Yên"
54,Phú Yên,555,Tuy Hoà,22042,Hòa Kiến,Xã,"Xã Hòa Kiến, Thành phố Tuy Hoà, Tỉnh Phú Yên"
54,Phú Yên,555,Tuy Hoà,22041,Phú Đông,Phường,"Phường Phú Đông, Thành phố Tuy Hoà, Tỉnh Phú Yên"
54,Phú Yên,555,Tuy Hoà,22240,Phú Lâm,Phường,"Phường Phú Lâm, Thành phố Tuy Hoà, Tỉnh Phú Yên"
54,Phú Yên,555,Tuy Hoà,22040,Phú Thạnh,Phường,"Phường Phú Thạnh, Thành phố Tuy Hoà, Tỉnh Phú Yên"
44,Quảng Bình,458,Ba Đồn,19009,Ba Đồn,Phường,"Phường Ba Đồn, Thị xã Ba Đồn, Tỉnh Quảng Bình"
44,Quảng Bình,458,Ba Đồn,19087,Quảng Hải,Xã,"Xã Quảng Hải, Thị xã Ba Đồn, Tỉnh Quảng Bình"
44,Quảng Bình,458,Ba Đồn,19105,Quảng Hòa,Xã,"Xã Quảng Hòa, Thị xã Ba Đồn, Tỉnh Quảng Bình"
44,Quảng Bình,458,Ba Đồn,19093,Quảng Lộc,Xã,"Xã Quảng Lộc, Thị xã Ba Đồn, Tỉnh Quảng Bình"
44,Quảng Bình,458,Ba Đồn,19060,Quảng Long,Phường,"Phường Quảng Long, Thị xã Ba Đồn, Tỉnh Quảng Bình"
44,Quảng Bình,458,Ba Đồn,19108,Quảng Minh,Xã,"Xã Quảng Minh, Thị xã Ba Đồn, Tỉnh Quảng Bình"
44,Quảng Bình,458,Ba Đồn,19078,Quảng Phong,Phường,"Phường Quảng Phong, Thị xã Ba Đồn, Tỉnh Quảng Bình"
44,Quảng Bình,458,Ba Đồn,19102,Quảng Phúc,Phường,"Phường Quảng Phúc, Thị xã Ba Đồn, Tỉnh Quảng Bình"
44,Quảng Bình,458,Ba Đồn,19090,Quảng Sơn,Xã,"Xã Quảng Sơn, Thị xã Ba Đồn, Tỉnh Quảng Bình"
44,Quảng Bình,458,Ba Đồn,19084,Quảng Tân,Xã,"Xã Quảng Tân, Thị xã Ba Đồn, Tỉnh Quảng Bình"
44,Quảng Bình,458,Ba Đồn,19066,Quảng Thọ,Phường,"Phường Quảng Thọ, Thị xã Ba Đồn, Tỉnh Quảng Bình"
44,Quảng Bình,458,Ba Đồn,19081,Quảng Thuận,Phường,"Phường Quảng Thuận, Thị xã Ba Đồn, Tỉnh Quảng Bình"
44,Quảng Bình,458,Ba Đồn,19096,Quảng Thủy,Xã,"Xã Quảng Thủy, Thị xã Ba Đồn, Tỉnh Quảng Bình"
44,Quảng Bình,458,Ba Đồn,19069,Quảng Tiên,Xã,"Xã Quảng Tiên, Thị xã Ba Đồn, Tỉnh Quảng Bình"
44,Quảng Bình,458,Ba Đồn,19075,Quảng Trung,Xã,"Xã Quảng Trung, Thị xã Ba Đồn, Tỉnh Quảng Bình"
44,Quảng Bình,458,Ba Đồn,19099,Quảng Văn,Xã,"Xã Quảng Văn, Thị xã Ba Đồn, Tỉnh Quảng Bình"
44,Quảng Bình,455,Bố Trạch,19126,Bắc Trạch,Xã,"Xã Bắc Trạch, Huyện Bố Trạch, Tỉnh Quảng Bình"
44,Quảng Bình,455,Bố Trạch,19141,Cự Nẫm,Xã,"Xã Cự Nẫm, Huyện Bố Trạch, Tỉnh Quảng Bình"
44,Quảng Bình,455,Bố Trạch,19186,Đại Trạch,Xã,"Xã Đại Trạch, Huyện Bố Trạch, Tỉnh Quảng Bình"
44,Quảng Bình,455,Bố Trạch,19159,Đồng Trạch,Xã,"Xã Đồng Trạch, Huyện Bố Trạch, Tỉnh Quảng Bình"
44,Quảng Bình,455,Bố Trạch,19162,Đức Trạch,Xã,"Xã Đức Trạch, Huyện Bố Trạch, Tỉnh Quảng Bình"
44,Quảng Bình,455,Bố Trạch,19123,Hạ Mỹ,Xã,"Xã Hạ Mỹ, Huyện Bố Trạch, Tỉnh Quảng Bình"
44,Quảng Bình,455,Bố Trạch,19144,Hải Phú,Xã,"Xã Hải Phú, Huyện Bố Trạch, Tỉnh Quảng Bình"
44,Quảng Bình,455,Bố Trạch,19183,Hòa Trạch,Xã,"Xã Hòa Trạch, Huyện Bố Trạch, Tỉnh Quảng Bình"
44,Quảng Bình,455,Bố Trạch,19111,Hoàn Lão,Thị trấn,"Thị trấn Hoàn Lão, Huyện Bố Trạch, Tỉnh Quảng Bình"
44,Quảng Bình,455,Bố Trạch,19156,Hưng Trạch,Xã,"Xã Hưng Trạch, Huyện Bố Trạch, Tỉnh Quảng Bình"
44,Quảng Bình,455,Bố Trạch,19129,Lâm Trạch,Xã,"Xã Lâm Trạch, Huyện Bố Trạch, Tỉnh Quảng Bình"
44,Quảng Bình,455,Bố Trạch,19135,Liên Trạch,Xã,"Xã Liên Trạch, Huyện Bố Trạch, Tỉnh Quảng Bình"
44,Quảng Bình,455,Bố Trạch,19198,Lý Nam,Xã,"Xã Lý Nam, Huyện Bố Trạch, Tỉnh Quảng Bình"
44,Quảng Bình,455,Bố Trạch,19189,Nhân Trạch,Xã,"Xã Nhân Trạch, Huyện Bố Trạch, Tỉnh Quảng Bình"
44,Quảng Bình,455,Bố Trạch,19114,Nông trường Việt Trung,Thị trấn,"Thị trấn Nông trường Việt Trung, Huyện Bố Trạch, Tỉnh Quảng Bình"
44,Quảng Bình,455,Bố Trạch,19165,Phong Nha,Thị trấn,"Thị trấn Phong Nha, Huyện Bố Trạch, Tỉnh Quảng Bình"
44,Quảng Bình,455,Bố Trạch,19174,Phú Định,Xã,"Xã Phú Định, Huyện Bố Trạch, Tỉnh Quảng Bình"
44,Quảng Bình,455,Bố Trạch,19138,Phúc Trạch,Xã,"Xã Phúc Trạch, Huyện Bố Trạch, Tỉnh Quảng Bình"
44,Quảng Bình,455,Bố Trạch,19150,Sơn Lộc,Xã,"Xã Sơn Lộc, Huyện Bố Trạch, Tỉnh Quảng Bình"
44,Quảng Bình,455,Bố Trạch,19192,Tân Trạch,Xã,"Xã Tân Trạch, Huyện Bố Trạch, Tỉnh Quảng Bình"
44,Quảng Bình,455,Bố Trạch,19180,Tây Trạch,Xã,"Xã Tây Trạch, Huyện Bố Trạch, Tỉnh Quảng Bình"
44,Quảng Bình,455,Bố Trạch,19132,Thanh Trạch,Xã,"Xã Thanh Trạch, Huyện Bố Trạch, Tỉnh Quảng Bình"
44,Quảng Bình,455,Bố Trạch,19147,Thượng Trạch,Xã,"Xã Thượng Trạch, Huyện Bố Trạch, Tỉnh Quảng Bình"
44,Quảng Bình,455,Bố Trạch,19177,Trung Trạch,Xã,"Xã Trung Trạch, Huyện Bố Trạch, Tỉnh Quảng Bình"
44,Quảng Bình,455,Bố Trạch,19168,Vạn Trạch,Xã,"Xã Vạn Trạch, Huyện Bố Trạch, Tỉnh Quảng Bình"
44,Quảng Bình,455,Bố Trạch,19117,Xuân Trạch,Xã,"Xã Xuân Trạch, Huyện Bố Trạch, Tỉnh Quảng Bình"
44,Quảng Bình,450,Đồng Hới,18859,Bắc Lý,Phường,"Phường Bắc Lý, Thành phố Đồng Hới, Tỉnh Quảng Bình"
44,Quảng Bình,450,Đồng Hới,18877,Bắc Nghĩa,Phường,"Phường Bắc Nghĩa, Thành phố Đồng Hới, Tỉnh Quảng Bình"
44,Quảng Bình,450,Đồng Hới,18889,Bảo Ninh,Xã,"Xã Bảo Ninh, Thành phố Đồng Hới, Tỉnh Quảng Bình"
44,Quảng Bình,450,Đồng Hới,18868,Đồng Hải,Phường,"Phường Đồng Hải, Thành phố Đồng Hới, Tỉnh Quảng Bình"
44,Quảng Bình,450,Đồng Hới,18856,Đồng Phú,Phường,"Phường Đồng Phú, Thành phố Đồng Hới, Tỉnh Quảng Bình"
44,Quảng Bình,450,Đồng Hới,18871,Đồng Sơn,Phường,"Phường Đồng Sơn, Thành phố Đồng Hới, Tỉnh Quảng Bình"
44,Quảng Bình,450,Đồng Hới,18898,Đức Ninh,Xã,"Xã Đức Ninh, Thành phố Đồng Hới, Tỉnh Quảng Bình"
44,Quảng Bình,450,Đồng Hới,18880,Đức Ninh Đông,Phường,"Phường Đức Ninh Đông, Thành phố Đồng Hới, Tỉnh Quảng Bình"
44,Quảng Bình,450,Đồng Hới,18853,Hải Thành,Phường,"Phường Hải Thành, Thành phố Đồng Hới, Tỉnh Quảng Bình"
44,Quảng Bình,450,Đồng Hới,18886,Lộc Ninh,Xã,"Xã Lộc Ninh, Thành phố Đồng Hới, Tỉnh Quảng Bình"
44,Quảng Bình,450,Đồng Hới,18865,Nam Lý,Phường,"Phường Nam Lý, Thành phố Đồng Hới, Tỉnh Quảng Bình"
44,Quảng Bình,450,Đồng Hới,18892,Nghĩa Ninh,Xã,"Xã Nghĩa Ninh, Thành phố Đồng Hới, Tỉnh Quảng Bình"
44,Quảng Bình,450,Đồng Hới,18874,Phú Hải,Phường,"Phường Phú Hải, Thành phố Đồng Hới, Tỉnh Quảng Bình"
44,Quảng Bình,450,Đồng Hới,18883,Quang Phú,Xã,"Xã Quang Phú, Thành phố Đồng Hới, Tỉnh Quảng Bình"
44,Quảng Bình,450,Đồng Hới,18895,Thuận Đức,Xã,"Xã Thuận Đức, Thành phố Đồng Hới, Tỉnh Quảng Bình"
44,Quảng Bình,457,Lệ Thủy,19264,An Thủy,Xã,"Xã An Thủy, Huyện Lệ Thủy, Tỉnh Quảng Bình"
44,Quảng Bình,457,Lệ Thủy,19270,Cam Thủy,Xã,"Xã Cam Thủy, Huyện Lệ Thủy, Tỉnh Quảng Bình"
44,Quảng Bình,457,Lệ Thủy,19291,Dương Thủy,Xã,"Xã Dương Thủy, Huyện Lệ Thủy, Tỉnh Quảng Bình"
44,Quảng Bình,457,Lệ Thủy,19258,Hoa Thủy,Xã,"Xã Hoa Thủy, Huyện Lệ Thủy, Tỉnh Quảng Bình"
44,Quảng Bình,457,Lệ Thủy,19252,Hồng Thủy,Xã,"Xã Hồng Thủy, Huyện Lệ Thủy, Tỉnh Quảng Bình"
44,Quảng Bình,457,Lệ Thủy,19288,Hưng Thủy,Xã,"Xã Hưng Thủy, Huyện Lệ Thủy, Tỉnh Quảng Bình"
44,Quảng Bình,457,Lệ Thủy,19249,Kiến Giang,Thị trấn,"Thị trấn Kiến Giang, Huyện Lệ Thủy, Tỉnh Quảng Bình"
44,Quảng Bình,457,Lệ Thủy,19318,Kim Thủy,Xã,"Xã Kim Thủy, Huyện Lệ Thủy, Tỉnh Quảng Bình"
44,Quảng Bình,457,Lệ Thủy,19327,Lâm Thủy,Xã,"Xã Lâm Thủy, Huyện Lệ Thủy, Tỉnh Quảng Bình"
44,Quảng Bình,457,Lệ Thủy,19285,Liên Thủy,Xã,"Xã Liên Thủy, Huyện Lệ Thủy, Tỉnh Quảng Bình"
44,Quảng Bình,457,Lệ Thủy,19279,Lộc Thủy,Xã,"Xã Lộc Thủy, Huyện Lệ Thủy, Tỉnh Quảng Bình"
44,Quảng Bình,457,Lệ Thủy,19309,Mai Thủy,Xã,"Xã Mai Thủy, Huyện Lệ Thủy, Tỉnh Quảng Bình"
44,Quảng Bình,457,Lệ Thủy,19303,Mỹ Thủy,Xã,"Xã Mỹ Thủy, Huyện Lệ Thủy, Tỉnh Quảng Bình"
44,Quảng Bình,457,Lệ Thủy,19273,Ngân Thủy,Xã,"Xã Ngân Thủy, Huyện Lệ Thủy, Tỉnh Quảng Bình"
44,Quảng Bình,457,Lệ Thủy,19306,Ngư Thủy,Xã,"Xã Ngư Thủy , Huyện Lệ Thủy, Tỉnh Quảng Bình"
44,Quảng Bình,457,Lệ Thủy,19255,Ngư Thủy Bắc,Xã,"Xã Ngư Thủy Bắc, Huyện Lệ Thủy, Tỉnh Quảng Bình"
44,Quảng Bình,457,Lệ Thủy,19246,Nông trường Lệ Ninh,Thị trấn,"Thị trấn Nông trường Lệ Ninh, Huyện Lệ Thủy, Tỉnh Quảng Bình"
44,Quảng Bình,457,Lệ Thủy,19267,Phong Thủy,Xã,"Xã Phong Thủy, Huyện Lệ Thủy, Tỉnh Quảng Bình"
44,Quảng Bình,457,Lệ Thủy,19297,Phú Thủy,Xã,"Xã Phú Thủy, Huyện Lệ Thủy, Tỉnh Quảng Bình"
44,Quảng Bình,457,Lệ Thủy,19312,Sen Thủy,Xã,"Xã Sen Thủy, Huyện Lệ Thủy, Tỉnh Quảng Bình"
44,Quảng Bình,457,Lệ Thủy,19276,Sơn Thủy,Xã,"Xã Sơn Thủy, Huyện Lệ Thủy, Tỉnh Quảng Bình"
44,Quảng Bình,457,Lệ Thủy,19294,Tân Thủy,Xã,"Xã Tân Thủy, Huyện Lệ Thủy, Tỉnh Quảng Bình"
44,Quảng Bình,457,Lệ Thủy,19315,Thái Thủy,Xã,"Xã Thái Thủy, Huyện Lệ Thủy, Tỉnh Quảng Bình"
44,Quảng Bình,457,Lệ Thủy,19261,Thanh Thủy,Xã,"Xã Thanh Thủy, Huyện Lệ Thủy, Tỉnh Quảng Bình"
44,Quảng Bình,457,Lệ Thủy,19321,Trường Thủy,Xã,"Xã Trường Thủy, Huyện Lệ Thủy, Tỉnh Quảng Bình"
44,Quảng Bình,457,Lệ Thủy,19300,Xuân Thủy,Xã,"Xã Xuân Thủy, Huyện Lệ Thủy, Tỉnh Quảng Bình"
44,Quảng Bình,452,Minh Hóa,18904,Dân Hóa,Xã,"Xã Dân Hóa, Huyện Minh Hóa, Tỉnh Quảng Bình"
44,Quảng Bình,452,Minh Hóa,18922,Hóa Hợp,Xã,"Xã Hóa Hợp, Huyện Minh Hóa, Tỉnh Quảng Bình"
44,Quảng Bình,452,Minh Hóa,18937,Hóa Sơn,Xã,"Xã Hóa Sơn, Huyện Minh Hóa, Tỉnh Quảng Bình"
44,Quảng Bình,452,Minh Hóa,18913,Hồng Hóa,Xã,"Xã Hồng Hóa, Huyện Minh Hóa, Tỉnh Quảng Bình"
44,Quảng Bình,452,Minh Hóa,18931,Minh Hóa,Xã,"Xã Minh Hóa, Huyện Minh Hóa, Tỉnh Quảng Bình"
44,Quảng Bình,452,Minh Hóa,18901,Quy Đạt,Thị trấn,"Thị trấn Quy Đạt, Huyện Minh Hóa, Tỉnh Quảng Bình"
44,Quảng Bình,452,Minh Hóa,18934,Tân Hóa,Xã,"Xã Tân Hóa, Huyện Minh Hóa, Tỉnh Quảng Bình"
44,Quảng Bình,452,Minh Hóa,18919,Tân Thành,Xã,"Xã Tân Thành, Huyện Minh Hóa, Tỉnh Quảng Bình"
44,Quảng Bình,452,Minh Hóa,18946,Thượng Hóa,Xã,"Xã Thượng Hóa, Huyện Minh Hóa, Tỉnh Quảng Bình"
44,Quảng Bình,452,Minh Hóa,18907,Trọng Hóa,Xã,"Xã Trọng Hóa, Huyện Minh Hóa, Tỉnh Quảng Bình"
44,Quảng Bình,452,Minh Hóa,18943,Trung Hóa,Xã,"Xã Trung Hóa, Huyện Minh Hóa, Tỉnh Quảng Bình"
44,Quảng Bình,452,Minh Hóa,18925,Xuân Hóa,Xã,"Xã Xuân Hóa, Huyện Minh Hóa, Tỉnh Quảng Bình"
44,Quảng Bình,452,Minh Hóa,18928,Yên Hóa,Xã,"Xã Yên Hóa, Huyện Minh Hóa, Tỉnh Quảng Bình"
44,Quảng Bình,456,Quảng Ninh,19240,An Ninh,Xã,"Xã An Ninh, Huyện Quảng Ninh, Tỉnh Quảng Bình"
44,Quảng Bình,456,Quảng Ninh,19222,Duy Ninh,Xã,"Xã Duy Ninh, Huyện Quảng Ninh, Tỉnh Quảng Bình"
44,Quảng Bình,456,Quảng Ninh,19225,Gia Ninh,Xã,"Xã Gia Ninh, Huyện Quảng Ninh, Tỉnh Quảng Bình"
44,Quảng Bình,456,Quảng Ninh,19216,Hải Ninh,Xã,"Xã Hải Ninh, Huyện Quảng Ninh, Tỉnh Quảng Bình"
44,Quảng Bình,456,Quảng Ninh,19219,Hàm Ninh,Xã,"Xã Hàm Ninh, Huyện Quảng Ninh, Tỉnh Quảng Bình"
44,Quảng Bình,456,Quảng Ninh,19231,Hiền Ninh,Xã,"Xã Hiền Ninh, Huyện Quảng Ninh, Tỉnh Quảng Bình"
44,Quảng Bình,456,Quảng Ninh,19207,Quán Hàu,Thị trấn,"Thị trấn Quán Hàu, Huyện Quảng Ninh, Tỉnh Quảng Bình"
44,Quảng Bình,456,Quảng Ninh,19234,Tân Ninh,Xã,"Xã Tân Ninh, Huyện Quảng Ninh, Tỉnh Quảng Bình"
44,Quảng Bình,456,Quảng Ninh,19204,Trường Sơn,Xã,"Xã Trường Sơn, Huyện Quảng Ninh, Tỉnh Quảng Bình"
44,Quảng Bình,456,Quảng Ninh,19228,Trường Xuân,Xã,"Xã Trường Xuân, Huyện Quảng Ninh, Tỉnh Quảng Bình"
44,Quảng Bình,456,Quảng Ninh,19243,Vạn Ninh,Xã,"Xã Vạn Ninh, Huyện Quảng Ninh, Tỉnh Quảng Bình"
44,Quảng Bình,456,Quảng Ninh,19210,Vĩnh Ninh,Xã,"Xã Vĩnh Ninh, Huyện Quảng Ninh, Tỉnh Quảng Bình"
44,Quảng Bình,456,Quảng Ninh,19213,Võ Ninh,Xã,"Xã Võ Ninh, Huyện Quảng Ninh, Tỉnh Quảng Bình"
44,Quảng Bình,456,Quảng Ninh,19237,Xuân Ninh,Xã,"Xã Xuân Ninh, Huyện Quảng Ninh, Tỉnh Quảng Bình"
44,Quảng Bình,454,Quảng Trạch,19036,Cảnh Dương,Xã,"Xã Cảnh Dương, Huyện Quảng Trạch, Tỉnh Quảng Bình"
44,Quảng Bình,454,Quảng Trạch,19051,Liên Trường,Xã,"Xã Liên Trường, Huyện Quảng Trạch, Tỉnh Quảng Bình"
44,Quảng Bình,454,Quảng Trạch,19063,Phù Cảnh,Xã,"Xã Phù Cảnh, Huyện Quảng Trạch, Tỉnh Quảng Bình"
44,Quảng Bình,454,Quảng Trạch,19024,Quảng Châu,Xã,"Xã Quảng Châu, Huyện Quảng Trạch, Tỉnh Quảng Bình"
44,Quảng Bình,454,Quảng Trạch,19018,Quảng Đông,Xã,"Xã Quảng Đông, Huyện Quảng Trạch, Tỉnh Quảng Bình"
44,Quảng Bình,454,Quảng Trạch,19012,Quảng Hợp,Xã,"Xã Quảng Hợp, Huyện Quảng Trạch, Tỉnh Quảng Bình"
44,Quảng Bình,454,Quảng Trạch,19042,Quảng Hưng,Xã,"Xã Quảng Hưng, Huyện Quảng Trạch, Tỉnh Quảng Bình"
44,Quảng Bình,454,Quảng Trạch,19015,Quảng Kim,Xã,"Xã Quảng Kim, Huyện Quảng Trạch, Tỉnh Quảng Bình"
44,Quảng Bình,454,Quảng Trạch,19030,Quảng Lưu,Xã,"Xã Quảng Lưu, Huyện Quảng Trạch, Tỉnh Quảng Bình"
44,Quảng Bình,454,Quảng Trạch,19021,Quảng Phú,Xã,"Xã Quảng Phú, Huyện Quảng Trạch, Tỉnh Quảng Bình"
44,Quảng Bình,454,Quảng Trạch,19057,Quảng Phương,Xã,"Xã Quảng Phương, Huyện Quảng Trạch, Tỉnh Quảng Bình"
44,Quảng Bình,454,Quảng Trạch,19027,Quảng Thạch,Xã,"Xã Quảng Thạch, Huyện Quảng Trạch, Tỉnh Quảng Bình"
44,Quảng Bình,454,Quảng Trạch,19072,Quảng Thanh,Xã,"Xã Quảng Thanh, Huyện Quảng Trạch, Tỉnh Quảng Bình"
44,Quảng Bình,454,Quảng Trạch,19039,Quảng Tiến,Xã,"Xã Quảng Tiến, Huyện Quảng Trạch, Tỉnh Quảng Bình"
44,Quảng Bình,454,Quảng Trạch,19033,Quảng Tùng,Xã,"Xã Quảng Tùng, Huyện Quảng Trạch, Tỉnh Quảng Bình"
44,Quảng Bình,454,Quảng Trạch,19045,Quảng Xuân,Xã,"Xã Quảng Xuân, Huyện Quảng Trạch, Tỉnh Quảng Bình"
44,Quảng Bình,453,Tuyên Hóa,19003,Cao Quảng,Xã,"Xã Cao Quảng, Huyện Tuyên Hóa, Tỉnh Quảng Bình"
44,Quảng Bình,453,Tuyên Hóa,19000,Châu Hóa,Xã,"Xã Châu Hóa, Huyện Tuyên Hóa, Tỉnh Quảng Bình"
44,Quảng Bình,453,Tuyên Hóa,18976,Đồng Hóa,Xã,"Xã Đồng Hóa, Huyện Tuyên Hóa, Tỉnh Quảng Bình"
44,Quảng Bình,453,Tuyên Hóa,18949,Đồng Lê,Thị trấn,"Thị trấn Đồng Lê, Huyện Tuyên Hóa, Tỉnh Quảng Bình"
44,Quảng Bình,453,Tuyên Hóa,18988,Đức Hóa,Xã,"Xã Đức Hóa, Huyện Tuyên Hóa, Tỉnh Quảng Bình"
44,Quảng Bình,453,Tuyên Hóa,18952,Hương Hóa,Xã,"Xã Hương Hóa, Huyện Tuyên Hóa, Tỉnh Quảng Bình"
44,Quảng Bình,453,Tuyên Hóa,18955,Kim Hóa,Xã,"Xã Kim Hóa, Huyện Tuyên Hóa, Tỉnh Quảng Bình"
44,Quảng Bình,453,Tuyên Hóa,18967,Lâm Hóa,Xã,"Xã Lâm Hóa, Huyện Tuyên Hóa, Tỉnh Quảng Bình"
44,Quảng Bình,453,Tuyên Hóa,18970,Lê Hóa,Xã,"Xã Lê Hóa, Huyện Tuyên Hóa, Tỉnh Quảng Bình"
44,Quảng Bình,453,Tuyên Hóa,18994,Mai Hóa,Xã,"Xã Mai Hóa, Huyện Tuyên Hóa, Tỉnh Quảng Bình"
44,Quảng Bình,453,Tuyên Hóa,18979,Ngư Hóa,Xã,"Xã Ngư Hóa, Huyện Tuyên Hóa, Tỉnh Quảng Bình"
44,Quảng Bình,453,Tuyên Hóa,18991,Phong Hóa,Xã,"Xã Phong Hóa, Huyện Tuyên Hóa, Tỉnh Quảng Bình"
44,Quảng Bình,453,Tuyên Hóa,18973,Sơn Hóa,Xã,"Xã Sơn Hóa, Huyện Tuyên Hóa, Tỉnh Quảng Bình"
44,Quảng Bình,453,Tuyên Hóa,18985,Thạch Hóa,Xã,"Xã Thạch Hóa, Huyện Tuyên Hóa, Tỉnh Quảng Bình"
44,Quảng Bình,453,Tuyên Hóa,18958,Thanh Hóa,Xã,"Xã Thanh Hóa, Huyện Tuyên Hóa, Tỉnh Quảng Bình"
44,Quảng Bình,453,Tuyên Hóa,18961,Thanh Thạch,Xã,"Xã Thanh Thạch, Huyện Tuyên Hóa, Tỉnh Quảng Bình"
44,Quảng Bình,453,Tuyên Hóa,18964,Thuận Hóa,Xã,"Xã Thuận Hóa, Huyện Tuyên Hóa, Tỉnh Quảng Bình"
44,Quảng Bình,453,Tuyên Hóa,18997,Tiến Hóa,Xã,"Xã Tiến Hóa, Huyện Tuyên Hóa, Tỉnh Quảng Bình"
44,Quảng Bình,453,Tuyên Hóa,19006,Văn Hóa,Xã,"Xã Văn Hóa, Huyện Tuyên Hóa, Tỉnh Quảng Bình"
49,Quảng Nam,515,Bắc Trà My,20917,Trà Bui,Xã,"Xã Trà Bui, Huyện Bắc Trà My, Tỉnh Quảng Nam"
49,Quảng Nam,515,Bắc Trà My,20911,Trà Dương,Xã,"Xã Trà Dương, Huyện Bắc Trà My, Tỉnh Quảng Nam"
49,Quảng Nam,515,Bắc Trà My,20920,Trà Đốc,Xã,"Xã Trà Đốc, Huyện Bắc Trà My, Tỉnh Quảng Nam"
49,Quảng Nam,515,Bắc Trà My,20908,Trà Đông,Xã,"Xã Trà Đông, Huyện Bắc Trà My, Tỉnh Quảng Nam"
49,Quảng Nam,515,Bắc Trà My,20926,Trà Giác,Xã,"Xã Trà Giác, Huyện Bắc Trà My, Tỉnh Quảng Nam"
49,Quảng Nam,515,Bắc Trà My,20914,Trà Giang,Xã,"Xã Trà Giang, Huyện Bắc Trà My, Tỉnh Quảng Nam"
49,Quảng Nam,515,Bắc Trà My,20929,Trà Giáp,Xã,"Xã Trà Giáp, Huyện Bắc Trà My, Tỉnh Quảng Nam"
49,Quảng Nam,515,Bắc Trà My,20932,Trà Ka,Xã,"Xã Trà Ka, Huyện Bắc Trà My, Tỉnh Quảng Nam"
49,Quảng Nam,515,Bắc Trà My,20902,Trà Kót,Xã,"Xã Trà Kót, Huyện Bắc Trà My, Tỉnh Quảng Nam"
49,Quảng Nam,515,Bắc Trà My,20899,Trà My,Thị trấn,"Thị trấn Trà My, Huyện Bắc Trà My, Tỉnh Quảng Nam"
49,Quảng Nam,515,Bắc Trà My,20905,Trà Nú,Xã,"Xã Trà Nú, Huyện Bắc Trà My, Tỉnh Quảng Nam"
49,Quảng Nam,515,Bắc Trà My,20900,Trà Sơn,Xã,"Xã Trà Sơn, Huyện Bắc Trà My, Tỉnh Quảng Nam"
49,Quảng Nam,515,Bắc Trà My,20923,Trà Tân,Xã,"Xã Trà Tân, Huyện Bắc Trà My, Tỉnh Quảng Nam"
49,Quảng Nam,508,Duy Xuyên,20614,Duy Châu,Xã,"Xã Duy Châu, Huyện Duy Xuyên, Tỉnh Quảng Nam"
49,Quảng Nam,508,Duy Xuyên,20638,Duy Hải,Xã,"Xã Duy Hải, Huyện Duy Xuyên, Tỉnh Quảng Nam"
49,Quảng Nam,508,Duy Xuyên,20611,Duy Hòa,Xã,"Xã Duy Hòa, Huyện Duy Xuyên, Tỉnh Quảng Nam"
49,Quảng Nam,508,Duy Xuyên,20635,Duy Nghĩa,Xã,"Xã Duy Nghĩa, Huyện Duy Xuyên, Tỉnh Quảng Nam"
49,Quảng Nam,508,Duy Xuyên,20605,Duy Phú,Xã,"Xã Duy Phú, Huyện Duy Xuyên, Tỉnh Quảng Nam"
49,Quảng Nam,508,Duy Xuyên,20626,Duy Phước,Xã,"Xã Duy Phước, Huyện Duy Xuyên, Tỉnh Quảng Nam"
49,Quảng Nam,508,Duy Xuyên,20620,Duy Sơn,Xã,"Xã Duy Sơn, Huyện Duy Xuyên, Tỉnh Quảng Nam"
49,Quảng Nam,508,Duy Xuyên,20608,Duy Tân,Xã,"Xã Duy Tân, Huyện Duy Xuyên, Tỉnh Quảng Nam"
49,Quảng Nam,508,Duy Xuyên,20629,Duy Thành,Xã,"Xã Duy Thành, Huyện Duy Xuyên, Tỉnh Quảng Nam"
49,Quảng Nam,508,Duy Xuyên,20617,Duy Trinh,Xã,"Xã Duy Trinh, Huyện Duy Xuyên, Tỉnh Quảng Nam"
49,Quảng Nam,508,Duy Xuyên,20623,Duy Trung,Xã,"Xã Duy Trung, Huyện Duy Xuyên, Tỉnh Quảng Nam"
49,Quảng Nam,508,Duy Xuyên,20632,Duy Vinh,Xã,"Xã Duy Vinh, Huyện Duy Xuyên, Tỉnh Quảng Nam"
49,Quảng Nam,508,Duy Xuyên,20599,Nam Phước,Thị trấn,"Thị trấn Nam Phước, Huyện Duy Xuyên, Tỉnh Quảng Nam"
49,Quảng Nam,506,Đại Lộc,20500,Ái Nghĩa,Thị trấn,"Thị trấn Ái Nghĩa, Huyện Đại Lộc, Tỉnh Quảng Nam"
49,Quảng Nam,506,Đại Lộc,20547,Đại An,Xã,"Xã Đại An, Huyện Đại Lộc, Tỉnh Quảng Nam"
49,Quảng Nam,506,Đại Lộc,20530,Đại Chánh,Xã,"Xã Đại Chánh, Huyện Đại Lộc, Tỉnh Quảng Nam"
49,Quảng Nam,506,Đại Lộc,20545,Đại Cường,Xã,"Xã Đại Cường, Huyện Đại Lộc, Tỉnh Quảng Nam"
49,Quảng Nam,506,Đại Lộc,20515,Đại Đồng,Xã,"Xã Đại Đồng, Huyện Đại Lộc, Tỉnh Quảng Nam"
49,Quảng Nam,506,Đại Lộc,20524,Đại Hiệp,Xã,"Xã Đại Hiệp, Huyện Đại Lộc, Tỉnh Quảng Nam"
49,Quảng Nam,506,Đại Lộc,20548,Đại Hòa,Xã,"Xã Đại Hòa, Huyện Đại Lộc, Tỉnh Quảng Nam"
49,Quảng Nam,506,Đại Lộc,20512,Đại Hồng,Xã,"Xã Đại Hồng, Huyện Đại Lộc, Tỉnh Quảng Nam"
49,Quảng Nam,506,Đại Lộc,20509,Đại Hưng,Xã,"Xã Đại Hưng, Huyện Đại Lộc, Tỉnh Quảng Nam"
49,Quảng Nam,506,Đại Lộc,20506,Đại Lãnh,Xã,"Xã Đại Lãnh, Huyện Đại Lộc, Tỉnh Quảng Nam"
49,Quảng Nam,506,Đại Lộc,20539,Đại Minh,Xã,"Xã Đại Minh, Huyện Đại Lộc, Tỉnh Quảng Nam"
49,Quảng Nam,506,Đại Lộc,20521,Đại Nghĩa,Xã,"Xã Đại Nghĩa, Huyện Đại Lộc, Tỉnh Quảng Nam"
49,Quảng Nam,506,Đại Lộc,20536,Đại Phong,Xã,"Xã Đại Phong, Huyện Đại Lộc, Tỉnh Quảng Nam"
49,Quảng Nam,506,Đại Lộc,20518,Đại Quang,Xã,"Xã Đại Quang, Huyện Đại Lộc, Tỉnh Quảng Nam"
49,Quảng Nam,506,Đại Lộc,20503,Đại Sơn,Xã,"Xã Đại Sơn, Huyện Đại Lộc, Tỉnh Quảng Nam"
49,Quảng Nam,506,Đại Lộc,20533,Đại Tân,Xã,"Xã Đại Tân, Huyện Đại Lộc, Tỉnh Quảng Nam"
49,Quảng Nam,506,Đại Lộc,20542,Đại Thắng,Xã,"Xã Đại Thắng, Huyện Đại Lộc, Tỉnh Quảng Nam"
49,Quảng Nam,506,Đại Lộc,20527,Đại Thạnh,Xã,"Xã Đại Thạnh, Huyện Đại Lộc, Tỉnh Quảng Nam"
49,Quảng Nam,507,Điện Bàn,20575,Điện An,Phường,"Phường Điện An, Thị xã Điện Bàn, Tỉnh Quảng Nam"
49,Quảng Nam,507,Điện Bàn,20581,Điện Dương,Phường,"Phường Điện Dương, Thị xã Điện Bàn, Tỉnh Quảng Nam"
49,Quảng Nam,507,Điện Bàn,20557,Điện Hòa,Xã,"Xã Điện Hòa, Thị xã Điện Bàn, Tỉnh Quảng Nam"
49,Quảng Nam,507,Điện Bàn,20566,Điện Hồng,Xã,"Xã Điện Hồng, Thị xã Điện Bàn, Tỉnh Quảng Nam"
49,Quảng Nam,507,Điện Bàn,20593,Điện Minh,Phường,"Phường Điện Minh, Thị xã Điện Bàn, Tỉnh Quảng Nam"
49,Quảng Nam,507,Điện Bàn,20578,Điện Nam Bắc,Phường,"Phường Điện Nam Bắc, Thị xã Điện Bàn, Tỉnh Quảng Nam"
49,Quảng Nam,507,Điện Bàn,20580,Điện Nam Đông,Phường,"Phường Điện Nam Đông, Thị xã Điện Bàn, Tỉnh Quảng Nam"
49,Quảng Nam,507,Điện Bàn,20579,Điện Nam Trung,Phường,"Phường Điện Nam Trung, Thị xã Điện Bàn, Tỉnh Quảng Nam"
49,Quảng Nam,507,Điện Bàn,20563,Điện Ngọc,Phường,"Phường Điện Ngọc, Thị xã Điện Bàn, Tỉnh Quảng Nam"
49,Quảng Nam,507,Điện Bàn,20590,Điện Phong,Xã,"Xã Điện Phong, Thị xã Điện Bàn, Tỉnh Quảng Nam"
49,Quảng Nam,507,Điện Bàn,20572,Điện Phước,Xã,"Xã Điện Phước, Thị xã Điện Bàn, Tỉnh Quảng Nam"
49,Quảng Nam,507,Điện Bàn,20596,Điện Phương,Phường,"Phường Điện Phương, Thị xã Điện Bàn, Tỉnh Quảng Nam"
49,Quảng Nam,507,Điện Bàn,20584,Điện Quang,Xã,"Xã Điện Quang, Thị xã Điện Bàn, Tỉnh Quảng Nam"
49,Quảng Nam,507,Điện Bàn,20560,Điện Thắng Bắc,Phường,"Phường Điện Thắng Bắc, Thị xã Điện Bàn, Tỉnh Quảng Nam"
49,Quảng Nam,507,Điện Bàn,20562,Điện Thắng Nam,Phường,"Phường Điện Thắng Nam, Thị xã Điện Bàn, Tỉnh Quảng Nam"
49,Quảng Nam,507,Điện Bàn,20561,Điện Thắng Trung,Phường,"Phường Điện Thắng Trung, Thị xã Điện Bàn, Tỉnh Quảng Nam"
49,Quảng Nam,507,Điện Bàn,20569,Điện Thọ,Xã,"Xã Điện Thọ, Thị xã Điện Bàn, Tỉnh Quảng Nam"
49,Quảng Nam,507,Điện Bàn,20554,Điện Tiến,Xã,"Xã Điện Tiến, Thị xã Điện Bàn, Tỉnh Quảng Nam"
49,Quảng Nam,507,Điện Bàn,20587,Điện Trung,Xã,"Xã Điện Trung, Thị xã Điện Bàn, Tỉnh Quảng Nam"
49,Quảng Nam,507,Điện Bàn,20551,Vĩnh Điện,Phường,"Phường Vĩnh Điện, Thị xã Điện Bàn, Tỉnh Quảng Nam"
49,Quảng Nam,505,Đông Giang,20488,A Rooi,Xã,"Xã A Rooi, Huyện Đông Giang, Tỉnh Quảng Nam"
49,Quảng Nam,505,Đông Giang,20479,A Ting,Xã,"Xã A Ting, Huyện Đông Giang, Tỉnh Quảng Nam"
49,Quảng Nam,505,Đông Giang,20485,Ba,Xã,"Xã Ba, Huyện Đông Giang, Tỉnh Quảng Nam"
49,Quảng Nam,505,Đông Giang,20476,Jơ Ngây,Xã,"Xã Jơ Ngây, Huyện Đông Giang, Tỉnh Quảng Nam"
49,Quảng Nam,505,Đông Giang,20497,Ka Dăng,Xã,"Xã Ka Dăng, Huyện Đông Giang, Tỉnh Quảng Nam"
49,Quảng Nam,505,Đông Giang,20494,Mà Cooi,Xã,"Xã Mà Cooi, Huyện Đông Giang, Tỉnh Quảng Nam"
49,Quảng Nam,505,Đông Giang,20467,P Rao,Thị trấn,"Thị trấn P Rao, Huyện Đông Giang, Tỉnh Quảng Nam"
49,Quảng Nam,505,Đông Giang,20473,Sông Kôn,Xã,"Xã Sông Kôn, Huyện Đông Giang, Tỉnh Quảng Nam"
49,Quảng Nam,505,Đông Giang,20470,Tà Lu,Xã,"Xã Tà Lu, Huyện Đông Giang, Tỉnh Quảng Nam"
49,Quảng Nam,505,Đông Giang,20482,Tư,Xã,"Xã Tư, Huyện Đông Giang, Tỉnh Quảng Nam"
49,Quảng Nam,505,Đông Giang,20491,Za Hung,Xã,"Xã Za Hung, Huyện Đông Giang, Tỉnh Quảng Nam"
49,Quảng Nam,512,Hiệp Đức,20767,Bình Lâm,Xã,"Xã Bình Lâm, Huyện Hiệp Đức, Tỉnh Quảng Nam"
49,Quảng Nam,512,Hiệp Đức,20788,Bình Sơn,Xã,"Xã Bình Sơn, Huyện Hiệp Đức, Tỉnh Quảng Nam"
49,Quảng Nam,512,Hiệp Đức,20776,Phước Gia,Xã,"Xã Phước Gia, Huyện Hiệp Đức, Tỉnh Quảng Nam"
49,Quảng Nam,512,Hiệp Đức,20773,Phước Trà,Xã,"Xã Phước Trà, Huyện Hiệp Đức, Tỉnh Quảng Nam"
49,Quảng Nam,512,Hiệp Đức,20782,Quế Lưu,Xã,"Xã Quế Lưu, Huyện Hiệp Đức, Tỉnh Quảng Nam"
49,Quảng Nam,512,Hiệp Đức,20758,Quế Tân,Xã,"Xã Quế Tân, Huyện Hiệp Đức, Tỉnh Quảng Nam"
49,Quảng Nam,512,Hiệp Đức,20764,Quế Thọ,Xã,"Xã Quế Thọ, Huyện Hiệp Đức, Tỉnh Quảng Nam"
49,Quảng Nam,512,Hiệp Đức,20770,Sông Trà,Xã,"Xã Sông Trà, Huyện Hiệp Đức, Tỉnh Quảng Nam"
49,Quảng Nam,512,Hiệp Đức,20779,Tân Bình,Thị trấn,"Thị trấn Tân Bình, Huyện Hiệp Đức, Tỉnh Quảng Nam"
49,Quảng Nam,512,Hiệp Đức,20785,Thăng Phước,Xã,"Xã Thăng Phước, Huyện Hiệp Đức, Tỉnh Quảng Nam"
49,Quảng Nam,503,Hội An,20419,Cẩm An,Phường,"Phường Cẩm An, Thành phố Hội An, Tỉnh Quảng Nam"
49,Quảng Nam,503,Hội An,20413,Cẩm Châu,Phường,"Phường Cẩm Châu, Thành phố Hội An, Tỉnh Quảng Nam"
49,Quảng Nam,503,Hội An,20422,Cẩm Hà,Xã,"Xã Cẩm Hà, Thành phố Hội An, Tỉnh Quảng Nam"
49,Quảng Nam,503,Hội An,20425,Cẩm Kim,Xã,"Xã Cẩm Kim, Thành phố Hội An, Tỉnh Quảng Nam"
49,Quảng Nam,503,Hội An,20428,Cẩm Nam,Phường,"Phường Cẩm Nam, Thành phố Hội An, Tỉnh Quảng Nam"
49,Quảng Nam,503,Hội An,20404,Cẩm Phô,Phường,"Phường Cẩm Phô, Thành phố Hội An, Tỉnh Quảng Nam"
49,Quảng Nam,503,Hội An,20431,Cẩm Thanh,Xã,"Xã Cẩm Thanh, Thành phố Hội An, Tỉnh Quảng Nam"
49,Quảng Nam,503,Hội An,20416,Cửa Đại,Phường,"Phường Cửa Đại, Thành phố Hội An, Tỉnh Quảng Nam"
49,Quảng Nam,503,Hội An,20398,Minh An,Phường,"Phường Minh An, Thành phố Hội An, Tỉnh Quảng Nam"
49,Quảng Nam,503,Hội An,20410,Sơn Phong,Phường,"Phường Sơn Phong, Thành phố Hội An, Tỉnh Quảng Nam"
49,Quảng Nam,503,Hội An,20401,Tân An,Phường,"Phường Tân An, Thành phố Hội An, Tỉnh Quảng Nam"
49,Quảng Nam,503,Hội An,20434,Tân Hiệp,Xã,"Xã Tân Hiệp, Thành phố Hội An, Tỉnh Quảng Nam"
49,Quảng Nam,503,Hội An,20407,Thanh Hà,Phường,"Phường Thanh Hà, Thành phố Hội An, Tỉnh Quảng Nam"
49,Quảng Nam,510,Nam Giang,20713,Cà Dy,Xã,"Xã Cà Dy, Huyện Nam Giang, Tỉnh Quảng Nam"
49,Quảng Nam,510,Nam Giang,20707,Chà Vàl,Xã,"Xã Chà Vàl, Huyện Nam Giang, Tỉnh Quảng Nam"
49,Quảng Nam,510,Nam Giang,20699,Chơ Chun,Xã,"Xã Chơ Chun, Huyện Nam Giang, Tỉnh Quảng Nam"
49,Quảng Nam,510,Nam Giang,20716,Đắc Pre,Xã,"Xã Đắc Pre, Huyện Nam Giang, Tỉnh Quảng Nam"
49,Quảng Nam,510,Nam Giang,20719,Đắc Pring,Xã,"Xã Đắc Pring, Huyện Nam Giang, Tỉnh Quảng Nam"
49,Quảng Nam,510,Nam Giang,20705,Đắc Tôi,Xã,"Xã Đắc Tôi, Huyện Nam Giang, Tỉnh Quảng Nam"
49,Quảng Nam,510,Nam Giang,20704,La Dêê,Xã,"Xã La Dêê, Huyện Nam Giang, Tỉnh Quảng Nam"
49,Quảng Nam,510,Nam Giang,20698,La Êê,Xã,"Xã La Êê, Huyện Nam Giang, Tỉnh Quảng Nam"
49,Quảng Nam,510,Nam Giang,20710,Tà Bhing,Xã,"Xã Tà Bhing, Huyện Nam Giang, Tỉnh Quảng Nam"
49,Quảng Nam,510,Nam Giang,20702,Tà Pơơ,Xã,"Xã Tà Pơơ, Huyện Nam Giang, Tỉnh Quảng Nam"
49,Quảng Nam,510,Nam Giang,20695,Thạnh Mỹ,Thị trấn,"Thị trấn Thạnh Mỹ, Huyện Nam Giang, Tỉnh Quảng Nam"
49,Quảng Nam,510,Nam Giang,20701,Zuôich,Xã,"Xã Zuôich, Huyện Nam Giang, Tỉnh Quảng Nam"
49,Quảng Nam,516,Nam Trà My,20947,Trà Cang,Xã,"Xã Trà Cang, Huyện Nam Trà My, Tỉnh Quảng Nam"
49,Quảng Nam,516,Nam Trà My,20938,Trà Dơn,Xã,"Xã Trà Dơn, Huyện Nam Trà My, Tỉnh Quảng Nam"
49,Quảng Nam,516,Nam Trà My,20956,Trà Don,Xã,"Xã Trà Don, Huyện Nam Trà My, Tỉnh Quảng Nam"
49,Quảng Nam,516,Nam Trà My,20935,Trà Leng,Xã,"Xã Trà Leng, Huyện Nam Trà My, Tỉnh Quảng Nam"
49,Quảng Nam,516,Nam Trà My,20950,Trà Linh,Xã,"Xã Trà Linh, Huyện Nam Trà My, Tỉnh Quảng Nam"
49,Quảng Nam,516,Nam Trà My,20944,Trà Mai,Xã,"Xã Trà Mai, Huyện Nam Trà My, Tỉnh Quảng Nam"
49,Quảng Nam,516,Nam Trà My,20953,Trà Nam,Xã,"Xã Trà Nam, Huyện Nam Trà My, Tỉnh Quảng Nam"
49,Quảng Nam,516,Nam Trà My,20941,Trà Tập,Xã,"Xã Trà Tập, Huyện Nam Trà My, Tỉnh Quảng Nam"
49,Quảng Nam,516,Nam Trà My,20959,Trà Vân,Xã,"Xã Trà Vân, Huyện Nam Trà My, Tỉnh Quảng Nam"
49,Quảng Nam,516,Nam Trà My,20962,Trà Vinh,Xã,"Xã Trà Vinh, Huyện Nam Trà My, Tỉnh Quảng Nam"
49,Quảng Nam,517,Núi Thành,20965,Núi Thành,Thị trấn,"Thị trấn Núi Thành, Huyện Núi Thành, Tỉnh Quảng Nam"
49,Quảng Nam,517,Núi Thành,20983,Tam Anh Bắc,Xã,"Xã Tam Anh Bắc, Huyện Núi Thành, Tỉnh Quảng Nam"
49,Quảng Nam,517,Núi Thành,20984,Tam Anh Nam,Xã,"Xã Tam Anh Nam, Huyện Núi Thành, Tỉnh Quảng Nam"
49,Quảng Nam,517,Núi Thành,20995,Tam Giang,Xã,"Xã Tam Giang, Huyện Núi Thành, Tỉnh Quảng Nam"
49,Quảng Nam,517,Núi Thành,20992,Tam Hải,Xã,"Xã Tam Hải, Huyện Núi Thành, Tỉnh Quảng Nam"
49,Quảng Nam,517,Núi Thành,20989,Tam Hiệp,Xã,"Xã Tam Hiệp, Huyện Núi Thành, Tỉnh Quảng Nam"
49,Quảng Nam,517,Núi Thành,20986,Tam Hòa,Xã,"Xã Tam Hòa, Huyện Núi Thành, Tỉnh Quảng Nam"
49,Quảng Nam,517,Núi Thành,21005,Tam Mỹ Đông,Xã,"Xã Tam Mỹ Đông, Huyện Núi Thành, Tỉnh Quảng Nam"
49,Quảng Nam,517,Núi Thành,21004,Tam Mỹ Tây,Xã,"Xã Tam Mỹ Tây, Huyện Núi Thành, Tỉnh Quảng Nam"
49,Quảng Nam,517,Núi Thành,21001,Tam Nghĩa,Xã,"Xã Tam Nghĩa, Huyện Núi Thành, Tỉnh Quảng Nam"
49,Quảng Nam,517,Núi Thành,20998,Tam Quang,Xã,"Xã Tam Quang, Huyện Núi Thành, Tỉnh Quảng Nam"
49,Quảng Nam,517,Núi Thành,20977,Tam Sơn,Xã,"Xã Tam Sơn, Huyện Núi Thành, Tỉnh Quảng Nam"
49,Quảng Nam,517,Núi Thành,20980,Tam Thạnh,Xã,"Xã Tam Thạnh, Huyện Núi Thành, Tỉnh Quảng Nam"
49,Quảng Nam,517,Núi Thành,20974,Tam Tiến,Xã,"Xã Tam Tiến, Huyện Núi Thành, Tỉnh Quảng Nam"
49,Quảng Nam,517,Núi Thành,21007,Tam Trà,Xã,"Xã Tam Trà, Huyện Núi Thành, Tỉnh Quảng Nam"
49,Quảng Nam,517,Núi Thành,20968,Tam Xuân I,Xã,"Xã Tam Xuân I, Huyện Núi Thành, Tỉnh Quảng Nam"
49,Quảng Nam,517,Núi Thành,20971,Tam Xuân II,Xã,"Xã Tam Xuân II, Huyện Núi Thành, Tỉnh Quảng Nam"
49,Quảng Nam,518,Phú Ninh,20364,Phú Thịnh,Thị trấn,"Thị trấn Phú Thịnh, Huyện Phú Ninh, Tỉnh Quảng Nam"
49,Quảng Nam,518,Phú Ninh,20368,Tam An,Xã,"Xã Tam An, Huyện Phú Ninh, Tỉnh Quảng Nam"
49,Quảng Nam,518,Phú Ninh,20392,Tam Dân,Xã,"Xã Tam Dân, Huyện Phú Ninh, Tỉnh Quảng Nam"
49,Quảng Nam,518,Phú Ninh,20387,Tam Đại,Xã,"Xã Tam Đại, Huyện Phú Ninh, Tỉnh Quảng Nam"
49,Quảng Nam,518,Phú Ninh,20374,Tam Đàn,Xã,"Xã Tam Đàn, Huyện Phú Ninh, Tỉnh Quảng Nam"
49,Quảng Nam,518,Phú Ninh,20395,Tam Lãnh,Xã,"Xã Tam Lãnh, Huyện Phú Ninh, Tỉnh Quảng Nam"
49,Quảng Nam,518,Phú Ninh,20377,Tam Lộc,Xã,"Xã Tam Lộc, Huyện Phú Ninh, Tỉnh Quảng Nam"
49,Quảng Nam,518,Phú Ninh,20380,Tam Phước,Xã,"Xã Tam Phước, Huyện Phú Ninh, Tỉnh Quảng Nam"
49,Quảng Nam,518,Phú Ninh,20386,Tam Thái,Xã,"Xã Tam Thái, Huyện Phú Ninh, Tỉnh Quảng Nam"
49,Quảng Nam,518,Phú Ninh,20365,Tam Thành,Xã,"Xã Tam Thành, Huyện Phú Ninh, Tỉnh Quảng Nam"
49,Quảng Nam,511,Phước Sơn,20722,Khâm Đức,Thị trấn,"Thị trấn Khâm Đức, Huyện Phước Sơn, Tỉnh Quảng Nam"
49,Quảng Nam,511,Phước Sơn,20740,Phước Chánh,Xã,"Xã Phước Chánh, Huyện Phước Sơn, Tỉnh Quảng Nam"
49,Quảng Nam,511,Phước Sơn,20743,Phước Công,Xã,"Xã Phước Công, Huyện Phước Sơn, Tỉnh Quảng Nam"
49,Quảng Nam,511,Phước Sơn,20731,Phước Đức,Xã,"Xã Phước Đức, Huyện Phước Sơn, Tỉnh Quảng Nam"
49,Quảng Nam,511,Phước Sơn,20728,Phước Hiệp,Xã,"Xã Phước Hiệp, Huyện Phước Sơn, Tỉnh Quảng Nam"
49,Quảng Nam,511,Phước Sơn,20729,Phước Hoà,Xã,"Xã Phước Hoà, Huyện Phước Sơn, Tỉnh Quảng Nam"
49,Quảng Nam,511,Phước Sơn,20746,Phước Kim,Xã,"Xã Phước Kim, Huyện Phước Sơn, Tỉnh Quảng Nam"
49,Quảng Nam,511,Phước Sơn,20749,Phước Lộc,Xã,"Xã Phước Lộc, Huyện Phước Sơn, Tỉnh Quảng Nam"
49,Quảng Nam,511,Phước Sơn,20737,Phước Mỹ,Xã,"Xã Phước Mỹ, Huyện Phước Sơn, Tỉnh Quảng Nam"
49,Quảng Nam,511,Phước Sơn,20734,Phước Năng,Xã,"Xã Phước Năng, Huyện Phước Sơn, Tỉnh Quảng Nam"
49,Quảng Nam,511,Phước Sơn,20752,Phước Thành,Xã,"Xã Phước Thành, Huyện Phước Sơn, Tỉnh Quảng Nam"
49,Quảng Nam,511,Phước Sơn,20725,Phước Xuân,Xã,"Xã Phước Xuân, Huyện Phước Sơn, Tỉnh Quảng Nam"
49,Quảng Nam,509,Quế Sơn,20641,Đông Phú,Thị trấn,"Thị trấn Đông Phú, Huyện Quế Sơn, Tỉnh Quảng Nam"
49,Quảng Nam,509,Quế Sơn,20651,Hương An,Thị trấn,"Thị trấn Hương An, Huyện Quế Sơn, Tỉnh Quảng Nam"
49,Quảng Nam,509,Quế Sơn,20668,Ninh Phước,Xã,"Xã Ninh Phước, Huyện Quế Sơn, Tỉnh Quảng Nam"
49,Quảng Nam,509,Quế Sơn,20669,Phước Ninh,Xã,"Xã Phước Ninh, Huyện Quế Sơn, Tỉnh Quảng Nam"
49,Quảng Nam,509,Quế Sơn,20686,Quế An,Xã,"Xã Quế An, Huyện Quế Sơn, Tỉnh Quảng Nam"
49,Quảng Nam,509,Quế Sơn,20680,Quế Châu,Xã,"Xã Quế Châu, Huyện Quế Sơn, Tỉnh Quảng Nam"
49,Quảng Nam,509,Quế Sơn,20659,Quế Hiệp,Xã,"Xã Quế Hiệp, Huyện Quế Sơn, Tỉnh Quảng Nam"
49,Quảng Nam,509,Quế Sơn,20692,Quế Lâm,Xã,"Xã Quế Lâm, Huyện Quế Sơn, Tỉnh Quảng Nam"
49,Quảng Nam,509,Quế Sơn,20671,Quế Lộc,Xã,"Xã Quế Lộc, Huyện Quế Sơn, Tỉnh Quảng Nam"
49,Quảng Nam,509,Quế Sơn,20677,Quế Long,Xã,"Xã Quế Long, Huyện Quế Sơn, Tỉnh Quảng Nam"
49,Quảng Nam,509,Quế Sơn,20689,Quế Minh,Xã,"Xã Quế Minh, Huyện Quế Sơn, Tỉnh Quảng Nam"
49,Quảng Nam,509,Quế Sơn,20665,Quế Mỹ,Xã,"Xã Quế Mỹ, Huyện Quế Sơn, Tỉnh Quảng Nam"
49,Quảng Nam,509,Quế Sơn,20683,Quế Phong,Xã,"Xã Quế Phong, Huyện Quế Sơn, Tỉnh Quảng Nam"
49,Quảng Nam,509,Quế Sơn,20650,Quế Phú,Xã,"Xã Quế Phú, Huyện Quế Sơn, Tỉnh Quảng Nam"
49,Quảng Nam,509,Quế Sơn,20662,Quế Thuận,Xã,"Xã Quế Thuận, Huyện Quế Sơn, Tỉnh Quảng Nam"
49,Quảng Nam,509,Quế Sơn,20644,Quế Xuân 1,Xã,"Xã Quế Xuân 1, Huyện Quế Sơn, Tỉnh Quảng Nam"
49,Quảng Nam,509,Quế Sơn,20647,Quế Xuân 2,Xã,"Xã Quế Xuân 2, Huyện Quế Sơn, Tỉnh Quảng Nam"
49,Quảng Nam,509,Quế Sơn,20656,Trung Phước,Thị trấn,"Thị trấn Trung Phước, Huyện Quế Sơn, Tỉnh Quảng Nam"
49,Quảng Nam,502,Tam Kỳ,20341,An Mỹ,Phường,"Phường An Mỹ, Thành phố Tam Kỳ, Tỉnh Quảng Nam"
49,Quảng Nam,502,Tam Kỳ,20356,An Phú,Phường,"Phường An Phú, Thành phố Tam Kỳ, Tỉnh Quảng Nam"
49,Quảng Nam,502,Tam Kỳ,20350,An Sơn,Phường,"Phường An Sơn, Thành phố Tam Kỳ, Tỉnh Quảng Nam"
49,Quảng Nam,502,Tam Kỳ,20347,An Xuân,Phường,"Phường An Xuân, Thành phố Tam Kỳ, Tỉnh Quảng Nam"
49,Quảng Nam,502,Tam Kỳ,20344,Hòa Hương,Phường,"Phường Hòa Hương, Thành phố Tam Kỳ, Tỉnh Quảng Nam"
49,Quảng Nam,502,Tam Kỳ,20375,Hoà Thuận,Phường,"Phường Hoà Thuận, Thành phố Tam Kỳ, Tỉnh Quảng Nam"
49,Quảng Nam,502,Tam Kỳ,20389,Tam Ngọc,Xã,"Xã Tam Ngọc, Thành phố Tam Kỳ, Tỉnh Quảng Nam"
49,Quảng Nam,502,Tam Kỳ,20371,Tam Phú,Xã,"Xã Tam Phú, Thành phố Tam Kỳ, Tỉnh Quảng Nam"
49,Quảng Nam,502,Tam Kỳ,20362,Tam Thăng,Xã,"Xã Tam Thăng, Thành phố Tam Kỳ, Tỉnh Quảng Nam"
49,Quảng Nam,502,Tam Kỳ,20359,Tam Thanh,Xã,"Xã Tam Thanh, Thành phố Tam Kỳ, Tỉnh Quảng Nam"
49,Quảng Nam,502,Tam Kỳ,20335,Tân Thạnh,Phường,"Phường Tân Thạnh, Thành phố Tam Kỳ, Tỉnh Quảng Nam"
49,Quảng Nam,502,Tam Kỳ,20353,Trường Xuân,Phường,"Phường Trường Xuân, Thành phố Tam Kỳ, Tỉnh Quảng Nam"
49,Quảng Nam,504,Tây Giang,20452,A Nông,Xã,"Xã A Nông, Huyện Tây Giang, Tỉnh Quảng Nam"
49,Quảng Nam,504,Tây Giang,20455,A Tiêng,Xã,"Xã A Tiêng, Huyện Tây Giang, Tỉnh Quảng Nam"
49,Quảng Nam,504,Tây Giang,20461,A Vương,Xã,"Xã A Vương, Huyện Tây Giang, Tỉnh Quảng Nam"
49,Quảng Nam,504,Tây Giang,20443,A Xan,Xã,"Xã A Xan, Huyện Tây Giang, Tỉnh Quảng Nam"
49,Quảng Nam,504,Tây Giang,20458,Bha Lê,Xã,"Xã Bha Lê, Huyện Tây Giang, Tỉnh Quảng Nam"
49,Quảng Nam,504,Tây Giang,20437,Ch'ơm,Xã,"Xã Ch'ơm, Huyện Tây Giang, Tỉnh Quảng Nam"
49,Quảng Nam,504,Tây Giang,20464,Dang,Xã,"Xã Dang, Huyện Tây Giang, Tỉnh Quảng Nam"
49,Quảng Nam,504,Tây Giang,20440,Ga Ri,Xã,"Xã Ga Ri, Huyện Tây Giang, Tỉnh Quảng Nam"
49,Quảng Nam,504,Tây Giang,20449,Lăng,Xã,"Xã Lăng, Huyện Tây Giang, Tỉnh Quảng Nam"
49,Quảng Nam,504,Tây Giang,20446,Tr'Hy,Xã,"Xã Tr'Hy, Huyện Tây Giang, Tỉnh Quảng Nam"
49,Quảng Nam,513,Thăng Bình,20845,Bình An,Xã,"Xã Bình An, Huyện Thăng Bình, Tỉnh Quảng Nam"
49,Quảng Nam,513,Thăng Bình,20794,Bình Dương,Xã,"Xã Bình Dương, Huyện Thăng Bình, Tỉnh Quảng Nam"
49,Quảng Nam,513,Thăng Bình,20809,Bình Đào,Xã,"Xã Bình Đào, Huyện Thăng Bình, Tỉnh Quảng Nam"
49,Quảng Nam,513,Thăng Bình,20821,Bình Định,Xã,"Xã Bình Định, Huyện Thăng Bình, Tỉnh Quảng Nam"
49,Quảng Nam,513,Thăng Bình,20797,Bình Giang,Xã,"Xã Bình Giang, Huyện Thăng Bình, Tỉnh Quảng Nam"
49,Quảng Nam,513,Thăng Bình,20839,Bình Hải,Xã,"Xã Bình Hải, Huyện Thăng Bình, Tỉnh Quảng Nam"
49,Quảng Nam,513,Thăng Bình,20815,Bình Lãnh,Xã,"Xã Bình Lãnh, Huyện Thăng Bình, Tỉnh Quảng Nam"
49,Quảng Nam,513,Thăng Bình,20812,Bình Minh,Xã,"Xã Bình Minh, Huyện Thăng Bình, Tỉnh Quảng Nam"
49,Quảng Nam,513,Thăng Bình,20851,Bình Nam,Xã,"Xã Bình Nam, Huyện Thăng Bình, Tỉnh Quảng Nam"
49,Quảng Nam,513,Thăng Bình,20800,Bình Nguyên,Xã,"Xã Bình Nguyên, Huyện Thăng Bình, Tỉnh Quảng Nam"
49,Quảng Nam,513,Thăng Bình,20827,Bình Phú,Xã,"Xã Bình Phú, Huyện Thăng Bình, Tỉnh Quảng Nam"
49,Quảng Nam,513,Thăng Bình,20803,Bình Phục,Xã,"Xã Bình Phục, Huyện Thăng Bình, Tỉnh Quảng Nam"
49,Quảng Nam,513,Thăng Bình,20842,Bình Quế,Xã,"Xã Bình Quế, Huyện Thăng Bình, Tỉnh Quảng Nam"
49,Quảng Nam,513,Thăng Bình,20824,Bình Quý,Xã,"Xã Bình Quý, Huyện Thăng Bình, Tỉnh Quảng Nam"
49,Quảng Nam,513,Thăng Bình,20836,Bình Sa,Xã,"Xã Bình Sa, Huyện Thăng Bình, Tỉnh Quảng Nam"
49,Quảng Nam,513,Thăng Bình,20818,Bình Trị,Xã,"Xã Bình Trị, Huyện Thăng Bình, Tỉnh Quảng Nam"
49,Quảng Nam,513,Thăng Bình,20806,Bình Triều,Xã,"Xã Bình Triều, Huyện Thăng Bình, Tỉnh Quảng Nam"
49,Quảng Nam,513,Thăng Bình,20848,Bình Trung,Xã,"Xã Bình Trung, Huyện Thăng Bình, Tỉnh Quảng Nam"
49,Quảng Nam,513,Thăng Bình,20833,Bình Tú,Xã,"Xã Bình Tú, Huyện Thăng Bình, Tỉnh Quảng Nam"
49,Quảng Nam,513,Thăng Bình,20791,Hà Lam,Thị trấn,"Thị trấn Hà Lam, Huyện Thăng Bình, Tỉnh Quảng Nam"
49,Quảng Nam,514,Tiên Phước,20890,Tiên An,Xã,"Xã Tiên An, Huyện Tiên Phước, Tỉnh Quảng Nam"
49,Quảng Nam,514,Tiên Phước,20878,Tiên Cảnh,Xã,"Xã Tiên Cảnh, Huyện Tiên Phước, Tỉnh Quảng Nam"
49,Quảng Nam,514,Tiên Phước,20866,Tiên Châu,Xã,"Xã Tiên Châu, Huyện Tiên Phước, Tỉnh Quảng Nam"
49,Quảng Nam,514,Tiên Phước,20860,Tiên Hà,Xã,"Xã Tiên Hà, Huyện Tiên Phước, Tỉnh Quảng Nam"
49,Quảng Nam,514,Tiên Phước,20875,Tiên Hiệp,Xã,"Xã Tiên Hiệp, Huyện Tiên Phước, Tỉnh Quảng Nam"
49,Quảng Nam,514,Tiên Phước,20854,Tiên Kỳ,Thị trấn,"Thị trấn Tiên Kỳ, Huyện Tiên Phước, Tỉnh Quảng Nam"
49,Quảng Nam,514,Tiên Phước,20869,Tiên Lãnh,Xã,"Xã Tiên Lãnh, Huyện Tiên Phước, Tỉnh Quảng Nam"
49,Quảng Nam,514,Tiên Phước,20896,Tiên Lập,Xã,"Xã Tiên Lập, Huyện Tiên Phước, Tỉnh Quảng Nam"
49,Quảng Nam,514,Tiên Phước,20893,Tiên Lộc,Xã,"Xã Tiên Lộc, Huyện Tiên Phước, Tỉnh Quảng Nam"
49,Quảng Nam,514,Tiên Phước,20881,Tiên Mỹ,Xã,"Xã Tiên Mỹ, Huyện Tiên Phước, Tỉnh Quảng Nam"
49,Quảng Nam,514,Tiên Phước,20872,Tiên Ngọc,Xã,"Xã Tiên Ngọc, Huyện Tiên Phước, Tỉnh Quảng Nam"
49,Quảng Nam,514,Tiên Phước,20884,Tiên Phong,Xã,"Xã Tiên Phong, Huyện Tiên Phước, Tỉnh Quảng Nam"
49,Quảng Nam,514,Tiên Phước,20857,Tiên Sơn,Xã,"Xã Tiên Sơn, Huyện Tiên Phước, Tỉnh Quảng Nam"
49,Quảng Nam,514,Tiên Phước,20887,Tiên Thọ,Xã,"Xã Tiên Thọ, Huyện Tiên Phước, Tỉnh Quảng Nam"
51,Quảng Ngãi,535,Ba Tơ,21526,Ba Bích,Xã,"Xã Ba Bích, Huyện Ba Tơ, Tỉnh Quảng Ngãi"
51,Quảng Ngãi,535,Ba Tơ,21511,Ba Cung,Xã,"Xã Ba Cung, Huyện Ba Tơ, Tỉnh Quảng Ngãi"
51,Quảng Ngãi,535,Ba Tơ,21499,Ba Dinh,Xã,"Xã Ba Dinh, Huyện Ba Tơ, Tỉnh Quảng Ngãi"
51,Quảng Ngãi,535,Ba Tơ,21487,Ba Điền,Xã,"Xã Ba Điền, Huyện Ba Tơ, Tỉnh Quảng Ngãi"
51,Quảng Ngãi,535,Ba Tơ,21496,Ba Động,Xã,"Xã Ba Động, Huyện Ba Tơ, Tỉnh Quảng Ngãi"
51,Quảng Ngãi,535,Ba Tơ,21500,Ba Giang,Xã,"Xã Ba Giang, Huyện Ba Tơ, Tỉnh Quảng Ngãi"
51,Quảng Ngãi,535,Ba Tơ,21508,Ba Khâm,Xã,"Xã Ba Khâm, Huyện Ba Tơ, Tỉnh Quảng Ngãi"
51,Quảng Ngãi,535,Ba Tơ,21532,Ba Lế,Xã,"Xã Ba Lế, Huyện Ba Tơ, Tỉnh Quảng Ngãi"
51,Quảng Ngãi,535,Ba Tơ,21502,Ba Liên,Xã,"Xã Ba Liên, Huyện Ba Tơ, Tỉnh Quảng Ngãi"
51,Quảng Ngãi,535,Ba Tơ,21535,Ba Nam,Xã,"Xã Ba Nam, Huyện Ba Tơ, Tỉnh Quảng Ngãi"
51,Quảng Ngãi,535,Ba Tơ,21505,Ba Ngạc,Xã,"Xã Ba Ngạc, Huyện Ba Tơ, Tỉnh Quảng Ngãi"
51,Quảng Ngãi,535,Ba Tơ,21493,Ba Thành,Xã,"Xã Ba Thành, Huyện Ba Tơ, Tỉnh Quảng Ngãi"
51,Quảng Ngãi,535,Ba Tơ,21517,Ba Tiêu,Xã,"Xã Ba Tiêu, Huyện Ba Tơ, Tỉnh Quảng Ngãi"
51,Quảng Ngãi,535,Ba Tơ,21484,Ba Tơ,Thị trấn,"Thị trấn Ba Tơ, Huyện Ba Tơ, Tỉnh Quảng Ngãi"
51,Quảng Ngãi,535,Ba Tơ,21523,Ba Tô,Xã,"Xã Ba Tô, Huyện Ba Tơ, Tỉnh Quảng Ngãi"
51,Quảng Ngãi,535,Ba Tơ,21520,Ba Trang,Xã,"Xã Ba Trang, Huyện Ba Tơ, Tỉnh Quảng Ngãi"
51,Quảng Ngãi,535,Ba Tơ,21529,Ba Vì,Xã,"Xã Ba Vì, Huyện Ba Tơ, Tỉnh Quảng Ngãi"
51,Quảng Ngãi,535,Ba Tơ,21490,Ba Vinh,Xã,"Xã Ba Vinh, Huyện Ba Tơ, Tỉnh Quảng Ngãi"
51,Quảng Ngãi,535,Ba Tơ,21538,Ba Xa,Xã,"Xã Ba Xa, Huyện Ba Tơ, Tỉnh Quảng Ngãi"
51,Quảng Ngãi,524,Bình Sơn,21064,Bình An,Xã,"Xã Bình An, Huyện Bình Sơn, Tỉnh Quảng Ngãi"
51,Quảng Ngãi,524,Bình Sơn,21052,Bình Chánh,Xã,"Xã Bình Chánh, Huyện Bình Sơn, Tỉnh Quảng Ngãi"
51,Quảng Ngãi,524,Bình Sơn,21112,Bình Châu,Xã,"Xã Bình Châu, Huyện Bình Sơn, Tỉnh Quảng Ngãi"
51,Quảng Ngãi,524,Bình Sơn,21100,Bình Chương,Xã,"Xã Bình Chương, Huyện Bình Sơn, Tỉnh Quảng Ngãi"
51,Quảng Ngãi,524,Bình Sơn,21070,Bình Dương,Xã,"Xã Bình Dương, Huyện Bình Sơn, Tỉnh Quảng Ngãi"
51,Quảng Ngãi,524,Bình Sơn,21049,Bình Đông,Xã,"Xã Bình Đông, Huyện Bình Sơn, Tỉnh Quảng Ngãi"
51,Quảng Ngãi,524,Bình Sơn,21067,Bình Hải,Xã,"Xã Bình Hải, Huyện Bình Sơn, Tỉnh Quảng Ngãi"
51,Quảng Ngãi,524,Bình Sơn,21103,Bình Hiệp,Xã,"Xã Bình Hiệp, Huyện Bình Sơn, Tỉnh Quảng Ngãi"
51,Quảng Ngãi,524,Bình Sơn,21079,Bình Hòa,Xã,"Xã Bình Hòa, Huyện Bình Sơn, Tỉnh Quảng Ngãi"
51,Quảng Ngãi,524,Bình Sơn,21058,Bình Khương,Xã,"Xã Bình Khương, Huyện Bình Sơn, Tỉnh Quảng Ngãi"
51,Quảng Ngãi,524,Bình Sơn,21088,Bình Long,Xã,"Xã Bình Long, Huyện Bình Sơn, Tỉnh Quảng Ngãi"
51,Quảng Ngãi,524,Bình Sơn,21085,Bình Minh,Xã,"Xã Bình Minh, Huyện Bình Sơn, Tỉnh Quảng Ngãi"
51,Quảng Ngãi,524,Bình Sơn,21106,Bình Mỹ,Xã,"Xã Bình Mỹ, Huyện Bình Sơn, Tỉnh Quảng Ngãi"
51,Quảng Ngãi,524,Bình Sơn,21055,Bình Nguyên,Xã,"Xã Bình Nguyên, Huyện Bình Sơn, Tỉnh Quảng Ngãi"
51,Quảng Ngãi,524,Bình Sơn,21073,Bình Phước,Xã,"Xã Bình Phước, Huyện Bình Sơn, Tỉnh Quảng Ngãi"
51,Quảng Ngãi,524,Bình Sơn,21109,Bình Tân Phú,Xã,"Xã Bình Tân Phú, Huyện Bình Sơn, Tỉnh Quảng Ngãi"
51,Quảng Ngãi,524,Bình Sơn,21046,Bình Thạnh,Xã,"Xã Bình Thạnh, Huyện Bình Sơn, Tỉnh Quảng Ngãi"
51,Quảng Ngãi,524,Bình Sơn,21091,Bình Thanh,Xã,"Xã Bình Thanh , Huyện Bình Sơn, Tỉnh Quảng Ngãi"
51,Quảng Ngãi,524,Bình Sơn,21043,Bình Thuận,Xã,"Xã Bình Thuận, Huyện Bình Sơn, Tỉnh Quảng Ngãi"
51,Quảng Ngãi,524,Bình Sơn,21061,Bình Trị,Xã,"Xã Bình Trị, Huyện Bình Sơn, Tỉnh Quảng Ngãi"
51,Quảng Ngãi,524,Bình Sơn,21082,Bình Trung,Xã,"Xã Bình Trung, Huyện Bình Sơn, Tỉnh Quảng Ngãi"
51,Quảng Ngãi,524,Bình Sơn,21040,Châu Ổ,Thị trấn,"Thị trấn Châu Ổ, Huyện Bình Sơn, Tỉnh Quảng Ngãi"
51,Quảng Ngãi,534,Đức Phổ,21439,Nguyễn Nghiêm,Phường,"Phường Nguyễn Nghiêm, Thị xã Đức Phổ, Tỉnh Quảng Ngãi"
51,Quảng Ngãi,534,Đức Phổ,21442,Phổ An,Xã,"Xã Phổ An, Thị xã Đức Phổ, Tỉnh Quảng Ngãi"
51,Quảng Ngãi,534,Đức Phổ,21481,Phổ Châu,Xã,"Xã Phổ Châu, Thị xã Đức Phổ, Tỉnh Quảng Ngãi"
51,Quảng Ngãi,534,Đức Phổ,21472,Phổ Cường,Xã,"Xã Phổ Cường, Thị xã Đức Phổ, Tỉnh Quảng Ngãi"
51,Quảng Ngãi,534,Đức Phổ,21469,Phổ Hòa,Phường,"Phường Phổ Hòa, Thị xã Đức Phổ, Tỉnh Quảng Ngãi"
51,Quảng Ngãi,534,Đức Phổ,21475,Phổ Khánh,Xã,"Xã Phổ Khánh, Thị xã Đức Phổ, Tỉnh Quảng Ngãi"
51,Quảng Ngãi,534,Đức Phổ,21463,Phổ Minh,Phường,"Phường Phổ Minh, Thị xã Đức Phổ, Tỉnh Quảng Ngãi"
51,Quảng Ngãi,534,Đức Phổ,21457,Phổ Nhơn,Xã,"Xã Phổ Nhơn, Thị xã Đức Phổ, Tỉnh Quảng Ngãi"
51,Quảng Ngãi,534,Đức Phổ,21460,Phổ Ninh,Phường,"Phường Phổ Ninh, Thị xã Đức Phổ, Tỉnh Quảng Ngãi"
51,Quảng Ngãi,534,Đức Phổ,21445,Phổ Phong,Xã,"Xã Phổ Phong, Thị xã Đức Phổ, Tỉnh Quảng Ngãi"
51,Quảng Ngãi,534,Đức Phổ,21454,Phổ Quang,Phường,"Phường Phổ Quang, Thị xã Đức Phổ, Tỉnh Quảng Ngãi"
51,Quảng Ngãi,534,Đức Phổ,21478,Phổ Thạnh,Phường,"Phường Phổ Thạnh, Thị xã Đức Phổ, Tỉnh Quảng Ngãi"
51,Quảng Ngãi,534,Đức Phổ,21448,Phổ Thuận,Xã,"Xã Phổ Thuận, Thị xã Đức Phổ, Tỉnh Quảng Ngãi"
51,Quảng Ngãi,534,Đức Phổ,21451,Phổ Văn,Phường,"Phường Phổ Văn, Thị xã Đức Phổ, Tỉnh Quảng Ngãi"
51,Quảng Ngãi,534,Đức Phổ,21466,Phổ Vinh,Phường,"Phường Phổ Vinh, Thị xã Đức Phổ, Tỉnh Quảng Ngãi"
51,Quảng Ngãi,531,Minh Long,21361,Long Hiệp,Xã,"Xã Long Hiệp, Huyện Minh Long, Tỉnh Quảng Ngãi"
51,Quảng Ngãi,531,Minh Long,21352,Long Mai,Xã,"Xã Long Mai, Huyện Minh Long, Tỉnh Quảng Ngãi"
51,Quảng Ngãi,531,Minh Long,21358,Long Môn,Xã,"Xã Long Môn, Huyện Minh Long, Tỉnh Quảng Ngãi"
51,Quảng Ngãi,531,Minh Long,21349,Long Sơn,Xã,"Xã Long Sơn, Huyện Minh Long, Tỉnh Quảng Ngãi"
51,Quảng Ngãi,531,Minh Long,21355,Thanh An,Xã,"Xã Thanh An, Huyện Minh Long, Tỉnh Quảng Ngãi"
51,Quảng Ngãi,533,Mộ Đức,21412,Đức Chánh,Xã,"Xã Đức Chánh, Huyện Mộ Đức, Tỉnh Quảng Ngãi"
51,Quảng Ngãi,533,Mộ Đức,21415,Đức Hiệp,Xã,"Xã Đức Hiệp, Huyện Mộ Đức, Tỉnh Quảng Ngãi"
51,Quảng Ngãi,533,Mộ Đức,21424,Đức Hòa,Xã,"Xã Đức Hòa, Huyện Mộ Đức, Tỉnh Quảng Ngãi"
51,Quảng Ngãi,533,Mộ Đức,21436,Đức Lân,Xã,"Xã Đức Lân, Huyện Mộ Đức, Tỉnh Quảng Ngãi"
51,Quảng Ngãi,533,Mộ Đức,21418,Đức Minh,Xã,"Xã Đức Minh, Huyện Mộ Đức, Tỉnh Quảng Ngãi"
51,Quảng Ngãi,533,Mộ Đức,21409,Đức Nhuận,Xã,"Xã Đức Nhuận, Huyện Mộ Đức, Tỉnh Quảng Ngãi"
51,Quảng Ngãi,533,Mộ Đức,21433,Đức Phong,Xã,"Xã Đức Phong, Huyện Mộ Đức, Tỉnh Quảng Ngãi"
51,Quảng Ngãi,533,Mộ Đức,21430,Đức Phú,Xã,"Xã Đức Phú, Huyện Mộ Đức, Tỉnh Quảng Ngãi"
51,Quảng Ngãi,533,Mộ Đức,21427,Đức Tân,Xã,"Xã Đức Tân, Huyện Mộ Đức, Tỉnh Quảng Ngãi"
51,Quảng Ngãi,533,Mộ Đức,21421,Đức Thạnh,Xã,"Xã Đức Thạnh, Huyện Mộ Đức, Tỉnh Quảng Ngãi"
51,Quảng Ngãi,533,Mộ Đức,21400,Mộ Đức,Thị trấn,"Thị trấn Mộ Đức, Huyện Mộ Đức, Tỉnh Quảng Ngãi"
51,Quảng Ngãi,533,Mộ Đức,21406,Thắng Lợi,Xã,"Xã Thắng Lợi, Huyện Mộ Đức, Tỉnh Quảng Ngãi"
51,Quảng Ngãi,532,Nghĩa Hành,21364,Chợ Chùa,Thị trấn,"Thị trấn Chợ Chùa, Huyện Nghĩa Hành, Tỉnh Quảng Ngãi"
51,Quảng Ngãi,532,Nghĩa Hành,21370,Hành Dũng,Xã,"Xã Hành Dũng, Huyện Nghĩa Hành, Tỉnh Quảng Ngãi"
51,Quảng Ngãi,532,Nghĩa Hành,21379,Hành Đức,Xã,"Xã Hành Đức, Huyện Nghĩa Hành, Tỉnh Quảng Ngãi"
51,Quảng Ngãi,532,Nghĩa Hành,21382,Hành Minh,Xã,"Xã Hành Minh, Huyện Nghĩa Hành, Tỉnh Quảng Ngãi"
51,Quảng Ngãi,532,Nghĩa Hành,21376,Hành Nhân,Xã,"Xã Hành Nhân, Huyện Nghĩa Hành, Tỉnh Quảng Ngãi"
51,Quảng Ngãi,532,Nghĩa Hành,21385,Hành Phước,Xã,"Xã Hành Phước, Huyện Nghĩa Hành, Tỉnh Quảng Ngãi"
51,Quảng Ngãi,532,Nghĩa Hành,21388,Hành Thiện,Xã,"Xã Hành Thiện, Huyện Nghĩa Hành, Tỉnh Quảng Ngãi"
51,Quảng Ngãi,532,Nghĩa Hành,21391,Hành Thịnh,Xã,"Xã Hành Thịnh, Huyện Nghĩa Hành, Tỉnh Quảng Ngãi"
51,Quảng Ngãi,532,Nghĩa Hành,21367,Hành Thuận,Xã,"Xã Hành Thuận, Huyện Nghĩa Hành, Tỉnh Quảng Ngãi"
51,Quảng Ngãi,532,Nghĩa Hành,21397,Hành Tín Đông,Xã,"Xã Hành Tín Đông, Huyện Nghĩa Hành, Tỉnh Quảng Ngãi"
51,Quảng Ngãi,532,Nghĩa Hành,21394,Hành Tín Tây,Xã,"Xã Hành Tín Tây, Huyện Nghĩa Hành, Tỉnh Quảng Ngãi"
51,Quảng Ngãi,532,Nghĩa Hành,21373,Hành Trung,Xã,"Xã Hành Trung, Huyện Nghĩa Hành, Tỉnh Quảng Ngãi"
51,Quảng Ngãi,522,Quảng Ngãi,21262,An Phú,Xã,"Xã An Phú, Thành phố Quảng Ngãi, Tỉnh Quảng Ngãi"
51,Quảng Ngãi,522,Quảng Ngãi,21031,Chánh Lộ,Phường,"Phường Chánh Lộ, Thành phố Quảng Ngãi, Tỉnh Quảng Ngãi"
51,Quảng Ngãi,522,Quảng Ngãi,21010,Lê Hồng Phong,Phường,"Phường Lê Hồng Phong, Thành phố Quảng Ngãi, Tỉnh Quảng Ngãi"
51,Quảng Ngãi,522,Quảng Ngãi,21019,Nghĩa Chánh,Phường,"Phường Nghĩa Chánh, Thành phố Quảng Ngãi, Tỉnh Quảng Ngãi"
51,Quảng Ngãi,522,Quảng Ngãi,21037,Nghĩa Dõng,Xã,"Xã Nghĩa Dõng, Thành phố Quảng Ngãi, Tỉnh Quảng Ngãi"
51,Quảng Ngãi,522,Quảng Ngãi,21034,Nghĩa Dũng,Xã,"Xã Nghĩa Dũng, Thành phố Quảng Ngãi, Tỉnh Quảng Ngãi"
51,Quảng Ngãi,522,Quảng Ngãi,21256,Nghĩa Hà,Xã,"Xã Nghĩa Hà, Thành phố Quảng Ngãi, Tỉnh Quảng Ngãi"
51,Quảng Ngãi,522,Quảng Ngãi,21028,Nghĩa Lộ,Phường,"Phường Nghĩa Lộ, Thành phố Quảng Ngãi, Tỉnh Quảng Ngãi"
51,Quảng Ngãi,522,Quảng Ngãi,21025,Nguyễn Nghiêm,Phường,"Phường Nguyễn Nghiêm, Thành phố Quảng Ngãi, Tỉnh Quảng Ngãi"
51,Quảng Ngãi,522,Quảng Ngãi,21016,Quảng Phú,Phường,"Phường Quảng Phú, Thành phố Quảng Ngãi, Tỉnh Quảng Ngãi"
51,Quảng Ngãi,522,Quảng Ngãi,21232,Tịnh An,Xã,"Xã Tịnh An, Thành phố Quảng Ngãi, Tỉnh Quảng Ngãi"
51,Quảng Ngãi,522,Quảng Ngãi,21202,Tịnh Ấn Đông,Xã,"Xã Tịnh Ấn Đông, Thành phố Quảng Ngãi, Tỉnh Quảng Ngãi"
51,Quảng Ngãi,522,Quảng Ngãi,21223,Tịnh Ấn Tây,Xã,"Xã Tịnh Ấn Tây, Thành phố Quảng Ngãi, Tỉnh Quảng Ngãi"
51,Quảng Ngãi,522,Quảng Ngãi,21208,Tịnh Châu,Xã,"Xã Tịnh Châu, Thành phố Quảng Ngãi, Tỉnh Quảng Ngãi"
51,Quảng Ngãi,522,Quảng Ngãi,21187,Tịnh Hòa,Xã,"Xã Tịnh Hòa, Thành phố Quảng Ngãi, Tỉnh Quảng Ngãi"
51,Quảng Ngãi,522,Quảng Ngãi,21211,Tịnh Khê,Xã,"Xã Tịnh Khê, Thành phố Quảng Ngãi, Tỉnh Quảng Ngãi"
51,Quảng Ngãi,522,Quảng Ngãi,21190,Tịnh Kỳ,Xã,"Xã Tịnh Kỳ, Thành phố Quảng Ngãi, Tỉnh Quảng Ngãi"
51,Quảng Ngãi,522,Quảng Ngãi,21214,Tịnh Long,Xã,"Xã Tịnh Long, Thành phố Quảng Ngãi, Tỉnh Quảng Ngãi"
51,Quảng Ngãi,522,Quảng Ngãi,21199,Tịnh Thiện,Xã,"Xã Tịnh Thiện, Thành phố Quảng Ngãi, Tỉnh Quảng Ngãi"
51,Quảng Ngãi,522,Quảng Ngãi,21022,Trần Hưng Đạo,Phường,"Phường Trần Hưng Đạo, Thành phố Quảng Ngãi, Tỉnh Quảng Ngãi"
51,Quảng Ngãi,522,Quảng Ngãi,21013,Trần Phú,Phường,"Phường Trần Phú, Thành phố Quảng Ngãi, Tỉnh Quảng Ngãi"
51,Quảng Ngãi,522,Quảng Ngãi,21172,Trương Quang Trọng,Phường,"Phường Trương Quang Trọng, Thành phố Quảng Ngãi, Tỉnh Quảng Ngãi"
51,Quảng Ngãi,529,Sơn Hà,21289,Di Lăng,Thị trấn,"Thị trấn Di Lăng, Huyện Sơn Hà, Tỉnh Quảng Ngãi"
51,Quảng Ngãi,529,Sơn Hà,21328,Sơn Ba,Xã,"Xã Sơn Ba, Huyện Sơn Hà, Tỉnh Quảng Ngãi"
51,Quảng Ngãi,529,Sơn Hà,21301,Sơn Bao,Xã,"Xã Sơn Bao, Huyện Sơn Hà, Tỉnh Quảng Ngãi"
51,Quảng Ngãi,529,Sơn Hà,21316,Sơn Cao,Xã,"Xã Sơn Cao, Huyện Sơn Hà, Tỉnh Quảng Ngãi"
51,Quảng Ngãi,529,Sơn Hà,21307,Sơn Giang,Xã,"Xã Sơn Giang, Huyện Sơn Hà, Tỉnh Quảng Ngãi"
51,Quảng Ngãi,529,Sơn Hà,21292,Sơn Hạ,Xã,"Xã Sơn Hạ, Huyện Sơn Hà, Tỉnh Quảng Ngãi"
51,Quảng Ngãi,529,Sơn Hà,21319,Sơn Hải,Xã,"Xã Sơn Hải, Huyện Sơn Hà, Tỉnh Quảng Ngãi"
51,Quảng Ngãi,529,Sơn Hà,21325,Sơn Kỳ,Xã,"Xã Sơn Kỳ, Huyện Sơn Hà, Tỉnh Quảng Ngãi"
51,Quảng Ngãi,529,Sơn Hà,21304,Sơn Linh,Xã,"Xã Sơn Linh, Huyện Sơn Hà, Tỉnh Quảng Ngãi"
51,Quảng Ngãi,529,Sơn Hà,21298,Sơn Nham,Xã,"Xã Sơn Nham, Huyện Sơn Hà, Tỉnh Quảng Ngãi"
51,Quảng Ngãi,529,Sơn Hà,21295,Sơn Thành,Xã,"Xã Sơn Thành, Huyện Sơn Hà, Tỉnh Quảng Ngãi"
51,Quảng Ngãi,529,Sơn Hà,21313,Sơn Thượng,Xã,"Xã Sơn Thượng, Huyện Sơn Hà, Tỉnh Quảng Ngãi"
51,Quảng Ngãi,529,Sơn Hà,21322,Sơn Thủy,Xã,"Xã Sơn Thủy, Huyện Sơn Hà, Tỉnh Quảng Ngãi"
51,Quảng Ngãi,529,Sơn Hà,21310,Sơn Trung,Xã,"Xã Sơn Trung, Huyện Sơn Hà, Tỉnh Quảng Ngãi"
51,Quảng Ngãi,530,Sơn Tây,21331,Sơn Bua,Xã,"Xã Sơn Bua, Huyện Sơn Tây, Tỉnh Quảng Ngãi"
51,Quảng Ngãi,530,Sơn Tây,21340,Sơn Dung,Xã,"Xã Sơn Dung, Huyện Sơn Tây, Tỉnh Quảng Ngãi"
51,Quảng Ngãi,530,Sơn Tây,21346,Sơn Lập,Xã,"Xã Sơn Lập, Huyện Sơn Tây, Tỉnh Quảng Ngãi"
51,Quảng Ngãi,530,Sơn Tây,21335,Sơn Liên,Xã,"Xã Sơn Liên, Huyện Sơn Tây, Tỉnh Quảng Ngãi"
51,Quảng Ngãi,530,Sơn Tây,21341,Sơn Long,Xã,"Xã Sơn Long, Huyện Sơn Tây, Tỉnh Quảng Ngãi"
51,Quảng Ngãi,530,Sơn Tây,21338,Sơn Màu,Xã,"Xã Sơn Màu, Huyện Sơn Tây, Tỉnh Quảng Ngãi"
51,Quảng Ngãi,530,Sơn Tây,21334,Sơn Mùa,Xã,"Xã Sơn Mùa, Huyện Sơn Tây, Tỉnh Quảng Ngãi"
51,Quảng Ngãi,530,Sơn Tây,21337,Sơn Tân,Xã,"Xã Sơn Tân, Huyện Sơn Tây, Tỉnh Quảng Ngãi"
51,Quảng Ngãi,530,Sơn Tây,21343,Sơn Tinh,Xã,"Xã Sơn Tinh, Huyện Sơn Tây, Tỉnh Quảng Ngãi"
51,Quảng Ngãi,527,Sơn Tịnh,21205,Tịnh Bắc,Xã,"Xã Tịnh Bắc, Huyện Sơn Tịnh, Tỉnh Quảng Ngãi"
51,Quảng Ngãi,527,Sơn Tịnh,21193,Tịnh Bình,Xã,"Xã Tịnh Bình, Huyện Sơn Tịnh, Tỉnh Quảng Ngãi"
51,Quảng Ngãi,527,Sơn Tịnh,21196,Tịnh Đông,Xã,"Xã Tịnh Đông, Huyện Sơn Tịnh, Tỉnh Quảng Ngãi"
51,Quảng Ngãi,527,Sơn Tịnh,21226,Tịnh Giang,Xã,"Xã Tịnh Giang, Huyện Sơn Tịnh, Tỉnh Quảng Ngãi"
51,Quảng Ngãi,527,Sơn Tịnh,21220,Tịnh Hà,Thị trấn,"Thị trấn Tịnh Hà, Huyện Sơn Tịnh, Tỉnh Quảng Ngãi"
51,Quảng Ngãi,527,Sơn Tịnh,21184,Tịnh Hiệp,Xã,"Xã Tịnh Hiệp, Huyện Sơn Tịnh, Tỉnh Quảng Ngãi"
51,Quảng Ngãi,527,Sơn Tịnh,21229,Tịnh Minh,Xã,"Xã Tịnh Minh, Huyện Sơn Tịnh, Tỉnh Quảng Ngãi"
51,Quảng Ngãi,527,Sơn Tịnh,21181,Tịnh Phong,Xã,"Xã Tịnh Phong, Huyện Sơn Tịnh, Tỉnh Quảng Ngãi"
51,Quảng Ngãi,527,Sơn Tịnh,21217,Tịnh Sơn,Xã,"Xã Tịnh Sơn, Huyện Sơn Tịnh, Tỉnh Quảng Ngãi"
51,Quảng Ngãi,527,Sơn Tịnh,21175,Tịnh Thọ,Xã,"Xã Tịnh Thọ, Huyện Sơn Tịnh, Tỉnh Quảng Ngãi"
51,Quảng Ngãi,527,Sơn Tịnh,21178,Tịnh Trà,Xã,"Xã Tịnh Trà, Huyện Sơn Tịnh, Tỉnh Quảng Ngãi"
51,Quảng Ngãi,525,Trà Bồng,21157,Hương Trà,Xã,"Xã Hương Trà, Huyện Trà Bồng, Tỉnh Quảng Ngãi"
51,Quảng Ngãi,525,Trà Bồng,21148,Sơn Trà,Xã,"Xã Sơn Trà, Huyện Trà Bồng, Tỉnh Quảng Ngãi"
51,Quảng Ngãi,525,Trà Bồng,21127,Trà Bình,Xã,"Xã Trà Bình, Huyện Trà Bồng, Tỉnh Quảng Ngãi"
51,Quảng Ngãi,525,Trà Bồng,21142,Trà Bùi,Xã,"Xã Trà Bùi, Huyện Trà Bồng, Tỉnh Quảng Ngãi"
51,Quảng Ngãi,525,Trà Bồng,21118,Trà Giang,Xã,"Xã Trà Giang, Huyện Trà Bồng, Tỉnh Quảng Ngãi"
51,Quảng Ngãi,525,Trà Bồng,21124,Trà Hiệp,Xã,"Xã Trà Hiệp, Huyện Trà Bồng, Tỉnh Quảng Ngãi"
51,Quảng Ngãi,525,Trà Bồng,21133,Trà Lâm,Xã,"Xã Trà Lâm, Huyện Trà Bồng, Tỉnh Quảng Ngãi"
51,Quảng Ngãi,525,Trà Bồng,21154,Trà Phong,Xã,"Xã Trà Phong, Huyện Trà Bồng, Tỉnh Quảng Ngãi"
51,Quảng Ngãi,525,Trà Bồng,21130,Trà Phú,Xã,"Xã Trà Phú, Huyện Trà Bồng, Tỉnh Quảng Ngãi"
51,Quảng Ngãi,525,Trà Bồng,21139,Trà Sơn,Xã,"Xã Trà Sơn, Huyện Trà Bồng, Tỉnh Quảng Ngãi"
51,Quảng Ngãi,525,Trà Bồng,21136,Trà Tân,Xã,"Xã Trà Tân, Huyện Trà Bồng, Tỉnh Quảng Ngãi"
51,Quảng Ngãi,525,Trà Bồng,21166,Trà Tây,Xã,"Xã Trà Tây, Huyện Trà Bồng, Tỉnh Quảng Ngãi"
51,Quảng Ngãi,525,Trà Bồng,21145,Trà Thanh,Xã,"Xã Trà Thanh, Huyện Trà Bồng, Tỉnh Quảng Ngãi"
51,Quảng Ngãi,525,Trà Bồng,21121,Trà Thủy,Xã,"Xã Trà Thủy, Huyện Trà Bồng, Tỉnh Quảng Ngãi"
51,Quảng Ngãi,525,Trà Bồng,21163,Trà Xinh,Xã,"Xã Trà Xinh, Huyện Trà Bồng, Tỉnh Quảng Ngãi"
51,Quảng Ngãi,525,Trà Bồng,21115,Trà Xuân,Thị trấn,"Thị trấn Trà Xuân, Huyện Trà Bồng, Tỉnh Quảng Ngãi"
51,Quảng Ngãi,528,Tư Nghĩa,21235,La Hà,Thị trấn,"Thị trấn La Hà, Huyện Tư Nghĩa, Tỉnh Quảng Ngãi"
51,Quảng Ngãi,528,Tư Nghĩa,21271,Nghĩa Điền,Xã,"Xã Nghĩa Điền, Huyện Tư Nghĩa, Tỉnh Quảng Ngãi"
51,Quảng Ngãi,528,Tư Nghĩa,21280,Nghĩa Hiệp,Xã,"Xã Nghĩa Hiệp, Huyện Tư Nghĩa, Tỉnh Quảng Ngãi"
51,Quảng Ngãi,528,Tư Nghĩa,21268,Nghĩa Hòa,Xã,"Xã Nghĩa Hòa, Huyện Tư Nghĩa, Tỉnh Quảng Ngãi"
51,Quảng Ngãi,528,Tư Nghĩa,21250,Nghĩa Kỳ,Xã,"Xã Nghĩa Kỳ, Huyện Tư Nghĩa, Tỉnh Quảng Ngãi"
51,Quảng Ngãi,528,Tư Nghĩa,21241,Nghĩa Lâm,Xã,"Xã Nghĩa Lâm, Huyện Tư Nghĩa, Tỉnh Quảng Ngãi"
51,Quảng Ngãi,528,Tư Nghĩa,21283,Nghĩa Phương,Xã,"Xã Nghĩa Phương, Huyện Tư Nghĩa, Tỉnh Quảng Ngãi"
51,Quảng Ngãi,528,Tư Nghĩa,21259,Nghĩa Sơn,Xã,"Xã Nghĩa Sơn, Huyện Tư Nghĩa, Tỉnh Quảng Ngãi"
51,Quảng Ngãi,528,Tư Nghĩa,21244,Nghĩa Thắng,Xã,"Xã Nghĩa Thắng, Huyện Tư Nghĩa, Tỉnh Quảng Ngãi"
51,Quảng Ngãi,528,Tư Nghĩa,21247,Nghĩa Thuận,Xã,"Xã Nghĩa Thuận, Huyện Tư Nghĩa, Tỉnh Quảng Ngãi"
51,Quảng Ngãi,528,Tư Nghĩa,21274,Nghĩa Thương,Xã,"Xã Nghĩa Thương, Huyện Tư Nghĩa, Tỉnh Quảng Ngãi"
51,Quảng Ngãi,528,Tư Nghĩa,21277,Nghĩa Trung,Xã,"Xã Nghĩa Trung, Huyện Tư Nghĩa, Tỉnh Quảng Ngãi"
51,Quảng Ngãi,528,Tư Nghĩa,21238,Sông Vệ,Thị trấn,"Thị trấn Sông Vệ, Huyện Tư Nghĩa, Tỉnh Quảng Ngãi"
22,Quảng Ninh,202,Ba Chẽ,06970,Ba Chẽ,Thị trấn,"Thị trấn Ba Chẽ, Huyện Ba Chẽ, Tỉnh Quảng Ninh"
22,Quảng Ninh,202,Ba Chẽ,06979,Đạp Thanh,Xã,"Xã Đạp Thanh, Huyện Ba Chẽ, Tỉnh Quảng Ninh"
22,Quảng Ninh,202,Ba Chẽ,06988,Đồn Đạc,Xã,"Xã Đồn Đạc, Huyện Ba Chẽ, Tỉnh Quảng Ninh"
22,Quảng Ninh,202,Ba Chẽ,06985,Lương Minh,Xã,"Xã Lương Minh, Huyện Ba Chẽ, Tỉnh Quảng Ninh"
22,Quảng Ninh,202,Ba Chẽ,06982,Nam Sơn,Xã,"Xã Nam Sơn, Huyện Ba Chẽ, Tỉnh Quảng Ninh"
22,Quảng Ninh,202,Ba Chẽ,06976,Thanh Lâm,Xã,"Xã Thanh Lâm, Huyện Ba Chẽ, Tỉnh Quảng Ninh"
22,Quảng Ninh,202,Ba Chẽ,06973,Thanh Sơn,Xã,"Xã Thanh Sơn, Huyện Ba Chẽ, Tỉnh Quảng Ninh"
22,Quảng Ninh,198,Bình Liêu,06838,Bình Liêu,Thị trấn,"Thị trấn Bình Liêu, Huyện Bình Liêu, Tỉnh Quảng Ninh"
22,Quảng Ninh,198,Bình Liêu,06844,Đồng Tâm,Xã,"Xã Đồng Tâm, Huyện Bình Liêu, Tỉnh Quảng Ninh"
22,Quảng Ninh,198,Bình Liêu,06847,Đồng Văn,Xã,"Xã Đồng Văn, Huyện Bình Liêu, Tỉnh Quảng Ninh"
22,Quảng Ninh,198,Bình Liêu,06841,Hoành Mô,Xã,"Xã Hoành Mô, Huyện Bình Liêu, Tỉnh Quảng Ninh"
22,Quảng Ninh,198,Bình Liêu,06859,Húc Động,Xã,"Xã Húc Động, Huyện Bình Liêu, Tỉnh Quảng Ninh"
22,Quảng Ninh,198,Bình Liêu,06856,Lục Hồn,Xã,"Xã Lục Hồn, Huyện Bình Liêu, Tỉnh Quảng Ninh"
22,Quảng Ninh,198,Bình Liêu,06853,Vô Ngại,Xã,"Xã Vô Ngại, Huyện Bình Liêu, Tỉnh Quảng Ninh"
22,Quảng Ninh,195,Cẩm Phả,06796,Cẩm Bình,Phường,"Phường Cẩm Bình, Thành phố Cẩm Phả, Tỉnh Quảng Ninh"
22,Quảng Ninh,195,Cẩm Phả,06769,Cẩm Đông,Phường,"Phường Cẩm Đông, Thành phố Cẩm Phả, Tỉnh Quảng Ninh"
22,Quảng Ninh,195,Cẩm Phả,06772,Cẩm Phú,Phường,"Phường Cẩm Phú, Thành phố Cẩm Phả, Tỉnh Quảng Ninh"
22,Quảng Ninh,195,Cẩm Phả,06766,Cẩm Sơn,Phường,"Phường Cẩm Sơn, Thành phố Cẩm Phả, Tỉnh Quảng Ninh"
22,Quảng Ninh,195,Cẩm Phả,06775,Cẩm Tây,Phường,"Phường Cẩm Tây, Thành phố Cẩm Phả, Tỉnh Quảng Ninh"
22,Quảng Ninh,195,Cẩm Phả,06787,Cẩm Thạch,Phường,"Phường Cẩm Thạch, Thành phố Cẩm Phả, Tỉnh Quảng Ninh"
22,Quảng Ninh,195,Cẩm Phả,06790,Cẩm Thành,Phường,"Phường Cẩm Thành, Thành phố Cẩm Phả, Tỉnh Quảng Ninh"
22,Quảng Ninh,195,Cẩm Phả,06781,Cẩm Thịnh,Phường,"Phường Cẩm Thịnh, Thành phố Cẩm Phả, Tỉnh Quảng Ninh"
22,Quảng Ninh,195,Cẩm Phả,06784,Cẩm Thủy,Phường,"Phường Cẩm Thủy, Thành phố Cẩm Phả, Tỉnh Quảng Ninh"
22,Quảng Ninh,195,Cẩm Phả,06793,Cẩm Trung,Phường,"Phường Cẩm Trung, Thành phố Cẩm Phả, Tỉnh Quảng Ninh"
22,Quảng Ninh,195,Cẩm Phả,06763,Cửa Ông,Phường,"Phường Cửa Ông, Thành phố Cẩm Phả, Tỉnh Quảng Ninh"
22,Quảng Ninh,195,Cẩm Phả,06805,Dương Huy,Xã,"Xã Dương Huy, Thành phố Cẩm Phả, Tỉnh Quảng Ninh"
22,Quảng Ninh,195,Cẩm Phả,06799,Hải Hòa,Xã,"Xã Hải Hòa, Thành phố Cẩm Phả, Tỉnh Quảng Ninh"
22,Quảng Ninh,195,Cẩm Phả,06760,Mông Dương,Phường,"Phường Mông Dương, Thành phố Cẩm Phả, Tỉnh Quảng Ninh"
22,Quảng Ninh,195,Cẩm Phả,06778,Quang Hanh,Phường,"Phường Quang Hanh, Thành phố Cẩm Phả, Tỉnh Quảng Ninh"
22,Quảng Ninh,207,Cô Tô,07192,Cô Tô,Thị trấn,"Thị trấn Cô Tô, Huyện Cô Tô, Tỉnh Quảng Ninh"
22,Quảng Ninh,207,Cô Tô,07195,Đồng Tiến,Xã,"Xã Đồng Tiến, Huyện Cô Tô, Tỉnh Quảng Ninh"
22,Quảng Ninh,207,Cô Tô,07198,Thanh Lân,Xã,"Xã Thanh Lân, Huyện Cô Tô, Tỉnh Quảng Ninh"
22,Quảng Ninh,200,Đầm Hà,06910,Dực Yên,Xã,"Xã Dực Yên, Huyện Đầm Hà, Tỉnh Quảng Ninh"
22,Quảng Ninh,200,Đầm Hà,06919,Đại Bình,Xã,"Xã Đại Bình, Huyện Đầm Hà, Tỉnh Quảng Ninh"
22,Quảng Ninh,200,Đầm Hà,06895,Đầm Hà,Thị trấn,"Thị trấn Đầm Hà, Huyện Đầm Hà, Tỉnh Quảng Ninh"
22,Quảng Ninh,200,Đầm Hà,06916,Đầm Hà,Xã,"Xã Đầm Hà, Huyện Đầm Hà, Tỉnh Quảng Ninh"
22,Quảng Ninh,200,Đầm Hà,06901,Quảng An,Xã,"Xã Quảng An, Huyện Đầm Hà, Tỉnh Quảng Ninh"
22,Quảng Ninh,200,Đầm Hà,06898,Quảng Lâm,Xã,"Xã Quảng Lâm, Huyện Đầm Hà, Tỉnh Quảng Ninh"
22,Quảng Ninh,200,Đầm Hà,06913,Quảng Tân,Xã,"Xã Quảng Tân, Huyện Đầm Hà, Tỉnh Quảng Ninh"
22,Quảng Ninh,200,Đầm Hà,06904,Tân Bình,Xã,"Xã Tân Bình, Huyện Đầm Hà, Tỉnh Quảng Ninh"
22,Quảng Ninh,200,Đầm Hà,06917,Tân Lập,Xã,"Xã Tân Lập, Huyện Đầm Hà, Tỉnh Quảng Ninh"
22,Quảng Ninh,205,Đông Triều,07075,An Sinh,Xã,"Xã An Sinh, Thành phố Đông Triều, Tỉnh Quảng Ninh"
22,Quảng Ninh,205,Đông Triều,07090,Bình Dương,Phường,"Phường Bình Dương, Thành phố Đông Triều, Tỉnh Quảng Ninh"
22,Quảng Ninh,205,Đông Triều,07081,Bình Khê,Phường,"Phường Bình Khê, Thành phố Đông Triều, Tỉnh Quảng Ninh"
22,Quảng Ninh,205,Đông Triều,07093,Đức Chính,Phường,"Phường Đức Chính, Thành phố Đông Triều, Tỉnh Quảng Ninh"
22,Quảng Ninh,205,Đông Triều,07114,Hoàng Quế,Phường,"Phường Hoàng Quế, Thành phố Đông Triều, Tỉnh Quảng Ninh"
22,Quảng Ninh,205,Đông Triều,07120,Hồng Phong,Phường,"Phường Hồng Phong, Thành phố Đông Triều, Tỉnh Quảng Ninh"
22,Quảng Ninh,205,Đông Triều,07111,Hồng Thái Đông,Xã,"Xã Hồng Thái Đông, Thành phố Đông Triều, Tỉnh Quảng Ninh"
22,Quảng Ninh,205,Đông Triều,07108,Hồng Thái Tây,Xã,"Xã Hồng Thái Tây, Thành phố Đông Triều, Tỉnh Quảng Ninh"
22,Quảng Ninh,205,Đông Triều,07126,Hưng Đạo,Phường,"Phường Hưng Đạo, Thành phố Đông Triều, Tỉnh Quảng Ninh"
22,Quảng Ninh,205,Đông Triều,07123,Kim Sơn,Phường,"Phường Kim Sơn, Thành phố Đông Triều, Tỉnh Quảng Ninh"
22,Quảng Ninh,205,Đông Triều,07069,Mạo Khê,Phường,"Phường Mạo Khê, Thành phố Đông Triều, Tỉnh Quảng Ninh"
22,Quảng Ninh,205,Đông Triều,07099,Nguyễn Huệ,Xã,"Xã Nguyễn Huệ, Thành phố Đông Triều, Tỉnh Quảng Ninh"
22,Quảng Ninh,205,Đông Triều,07102,Thủy An,Phường,"Phường Thủy An, Thành phố Đông Triều, Tỉnh Quảng Ninh"
22,Quảng Ninh,205,Đông Triều,07096,Tràng An,Phường,"Phường Tràng An, Thành phố Đông Triều, Tỉnh Quảng Ninh"
22,Quảng Ninh,205,Đông Triều,07078,Tràng Lương,Xã,"Xã Tràng Lương, Thành phố Đông Triều, Tỉnh Quảng Ninh"
22,Quảng Ninh,205,Đông Triều,07084,Việt Dân,Xã,"Xã Việt Dân, Thành phố Đông Triều, Tỉnh Quảng Ninh"
22,Quảng Ninh,205,Đông Triều,07105,Xuân Sơn,Phường,"Phường Xuân Sơn, Thành phố Đông Triều, Tỉnh Quảng Ninh"
22,Quảng Ninh,205,Đông Triều,07129,Yên Đức,Phường,"Phường Yên Đức, Thành phố Đông Triều, Tỉnh Quảng Ninh"
22,Quảng Ninh,205,Đông Triều,07117,Yên Thọ,Phường,"Phường Yên Thọ, Thành phố Đông Triều, Tỉnh Quảng Ninh"
22,Quảng Ninh,193,Hạ Long,06694,Bạch Đằng,Phường,"Phường Bạch Đằng, Thành phố Hạ Long, Tỉnh Quảng Ninh"
22,Quảng Ninh,193,Hạ Long,06673,Bãi Cháy,Phường,"Phường Bãi Cháy, Thành phố Hạ Long, Tỉnh Quảng Ninh"
22,Quảng Ninh,193,Hạ Long,07057,Bằng Cả,Xã,"Xã Bằng Cả, Thành phố Hạ Long, Tỉnh Quảng Ninh"
22,Quảng Ninh,193,Hạ Long,06676,Cao Thắng,Phường,"Phường Cao Thắng, Thành phố Hạ Long, Tỉnh Quảng Ninh"
22,Quảng Ninh,193,Hạ Long,06658,Cao Xanh,Phường,"Phường Cao Xanh, Thành phố Hạ Long, Tỉnh Quảng Ninh"
22,Quảng Ninh,193,Hạ Long,07051,Dân Chủ,Xã,"Xã Dân Chủ, Thành phố Hạ Long, Tỉnh Quảng Ninh"
22,Quảng Ninh,193,Hạ Long,06706,Đại Yên,Phường,"Phường Đại Yên, Thành phố Hạ Long, Tỉnh Quảng Ninh"
22,Quảng Ninh,193,Hạ Long,07042,Đồng Lâm,Xã,"Xã Đồng Lâm, Thành phố Hạ Long, Tỉnh Quảng Ninh"
22,Quảng Ninh,193,Hạ Long,07036,Đồng Sơn,Xã,"Xã Đồng Sơn, Thành phố Hạ Long, Tỉnh Quảng Ninh"
22,Quảng Ninh,193,Hạ Long,06661,Giếng Đáy,Phường,"Phường Giếng Đáy, Thành phố Hạ Long, Tỉnh Quảng Ninh"
22,Quảng Ninh,193,Hạ Long,06649,Hà Khánh,Phường,"Phường Hà Khánh, Thành phố Hạ Long, Tỉnh Quảng Ninh"
22,Quảng Ninh,193,Hạ Long,06655,Hà Khẩu,Phường,"Phường Hà Khẩu, Thành phố Hạ Long, Tỉnh Quảng Ninh"
22,Quảng Ninh,193,Hạ Long,06670,Hà Lầm,Phường,"Phường Hà Lầm, Thành phố Hạ Long, Tỉnh Quảng Ninh"
22,Quảng Ninh,193,Hạ Long,06652,Hà Phong,Phường,"Phường Hà Phong, Thành phố Hạ Long, Tỉnh Quảng Ninh"
22,Quảng Ninh,193,Hạ Long,06667,Hà Trung,Phường,"Phường Hà Trung, Thành phố Hạ Long, Tỉnh Quảng Ninh"
22,Quảng Ninh,193,Hạ Long,06664,Hà Tu,Phường,"Phường Hà Tu, Thành phố Hạ Long, Tỉnh Quảng Ninh"
22,Quảng Ninh,193,Hạ Long,07045,Hòa Bình,Xã,"Xã Hòa Bình, Thành phố Hạ Long, Tỉnh Quảng Ninh"
22,Quảng Ninh,193,Hạ Long,07030,Hoành Bồ,Phường,"Phường Hoành Bồ, Thành phố Hạ Long, Tỉnh Quảng Ninh"
22,Quảng Ninh,193,Hạ Long,06691,Hồng Gai,Phường,"Phường Hồng Gai, Thành phố Hạ Long, Tỉnh Quảng Ninh"
22,Quảng Ninh,193,Hạ Long,06697,Hồng Hà,Phường,"Phường Hồng Hà, Thành phố Hạ Long, Tỉnh Quảng Ninh"
22,Quảng Ninh,193,Hạ Long,06688,Hồng Hải,Phường,"Phường Hồng Hải, Thành phố Hạ Long, Tỉnh Quảng Ninh"
22,Quảng Ninh,193,Hạ Long,06679,Hùng Thắng,Phường,"Phường Hùng Thắng, Thành phố Hạ Long, Tỉnh Quảng Ninh"
22,Quảng Ninh,193,Hạ Long,07033,Kỳ Thượng,Xã,"Xã Kỳ Thượng, Thành phố Hạ Long, Tỉnh Quảng Ninh"
22,Quảng Ninh,193,Hạ Long,07066,Lê Lợi,Xã,"Xã Lê Lợi, Thành phố Hạ Long, Tỉnh Quảng Ninh"
22,Quảng Ninh,193,Hạ Long,07054,Quảng La,Xã,"Xã Quảng La, Thành phố Hạ Long, Tỉnh Quảng Ninh"
22,Quảng Ninh,193,Hạ Long,07063,Sơn Dương,Xã,"Xã Sơn Dương, Thành phố Hạ Long, Tỉnh Quảng Ninh"
22,Quảng Ninh,193,Hạ Long,07039,Tân Dân,Xã,"Xã Tân Dân, Thành phố Hạ Long, Tỉnh Quảng Ninh"
22,Quảng Ninh,193,Hạ Long,07060,Thống Nhất,Xã,"Xã Thống Nhất, Thành phố Hạ Long, Tỉnh Quảng Ninh"
22,Quảng Ninh,193,Hạ Long,06685,Trần Hưng Đạo,Phường,"Phường Trần Hưng Đạo, Thành phố Hạ Long, Tỉnh Quảng Ninh"
22,Quảng Ninh,193,Hạ Long,06700,Tuần Châu,Phường,"Phường Tuần Châu, Thành phố Hạ Long, Tỉnh Quảng Ninh"
22,Quảng Ninh,193,Hạ Long,06703,Việt Hưng,Phường,"Phường Việt Hưng, Thành phố Hạ Long, Tỉnh Quảng Ninh"
22,Quảng Ninh,193,Hạ Long,07048,Vũ Oai,Xã,"Xã Vũ Oai, Thành phố Hạ Long, Tỉnh Quảng Ninh"
22,Quảng Ninh,201,Hải Hà,06967,Cái Chiên,Xã,"Xã Cái Chiên, Huyện Hải Hà, Tỉnh Quảng Ninh"
22,Quảng Ninh,201,Hải Hà,06949,Đường Hoa,Xã,"Xã Đường Hoa, Huyện Hải Hà, Tỉnh Quảng Ninh"
22,Quảng Ninh,201,Hải Hà,06943,Quảng Chính,Xã,"Xã Quảng Chính, Huyện Hải Hà, Tỉnh Quảng Ninh"
22,Quảng Ninh,201,Hải Hà,06925,Quảng Đức,Xã,"Xã Quảng Đức, Huyện Hải Hà, Tỉnh Quảng Ninh"
22,Quảng Ninh,201,Hải Hà,06922,Quảng Hà,Thị trấn,"Thị trấn Quảng Hà, Huyện Hải Hà, Tỉnh Quảng Ninh"
22,Quảng Ninh,201,Hải Hà,06946,Quảng Long,Xã,"Xã Quảng Long, Huyện Hải Hà, Tỉnh Quảng Ninh"
22,Quảng Ninh,201,Hải Hà,06940,Quảng Minh,Xã,"Xã Quảng Minh, Huyện Hải Hà, Tỉnh Quảng Ninh"
22,Quảng Ninh,201,Hải Hà,06952,Quảng Phong,Xã,"Xã Quảng Phong, Huyện Hải Hà, Tỉnh Quảng Ninh"
22,Quảng Ninh,201,Hải Hà,06928,Quảng Sơn,Xã,"Xã Quảng Sơn, Huyện Hải Hà, Tỉnh Quảng Ninh"
22,Quảng Ninh,201,Hải Hà,06931,Quảng Thành,Xã,"Xã Quảng Thành, Huyện Hải Hà, Tỉnh Quảng Ninh"
22,Quảng Ninh,201,Hải Hà,06937,Quảng Thịnh,Xã,"Xã Quảng Thịnh, Huyện Hải Hà, Tỉnh Quảng Ninh"
22,Quảng Ninh,194,Móng Cái,06727,Bắc Sơn,Xã,"Xã Bắc Sơn, Thành phố Móng Cái, Tỉnh Quảng Ninh"
22,Quảng Ninh,194,Móng Cái,06751,Bình Ngọc,Phường,"Phường Bình Ngọc, Thành phố Móng Cái, Tỉnh Quảng Ninh"
22,Quảng Ninh,194,Móng Cái,06730,Hải Đông,Xã,"Xã Hải Đông, Thành phố Móng Cái, Tỉnh Quảng Ninh"
22,Quảng Ninh,194,Móng Cái,06742,Hải Hoà,Phường,"Phường Hải Hoà, Thành phố Móng Cái, Tỉnh Quảng Ninh"
22,Quảng Ninh,194,Móng Cái,06724,Hải Sơn,Xã,"Xã Hải Sơn, Thành phố Móng Cái, Tỉnh Quảng Ninh"
22,Quảng Ninh,194,Móng Cái,06733,Hải Tiến,Xã,"Xã Hải Tiến, Thành phố Móng Cái, Tỉnh Quảng Ninh"
22,Quảng Ninh,194,Móng Cái,06745,Hải Xuân,Xã,"Xã Hải Xuân, Thành phố Móng Cái, Tỉnh Quảng Ninh"
22,Quảng Ninh,194,Móng Cái,06736,Hải Yên,Phường,"Phường Hải Yên, Thành phố Móng Cái, Tỉnh Quảng Ninh"
22,Quảng Ninh,194,Móng Cái,06709,Ka Long,Phường,"Phường Ka Long, Thành phố Móng Cái, Tỉnh Quảng Ninh"
22,Quảng Ninh,194,Móng Cái,06715,Ninh Dương,Phường,"Phường Ninh Dương, Thành phố Móng Cái, Tỉnh Quảng Ninh"
22,Quảng Ninh,194,Móng Cái,06739,Quảng Nghĩa,Xã,"Xã Quảng Nghĩa, Thành phố Móng Cái, Tỉnh Quảng Ninh"
22,Quảng Ninh,194,Móng Cái,06721,Trà Cổ,Phường,"Phường Trà Cổ, Thành phố Móng Cái, Tỉnh Quảng Ninh"
22,Quảng Ninh,194,Móng Cái,06712,Trần Phú,Phường,"Phường Trần Phú, Thành phố Móng Cái, Tỉnh Quảng Ninh"
22,Quảng Ninh,194,Móng Cái,06748,Vạn Ninh,Xã,"Xã Vạn Ninh, Thành phố Móng Cái, Tỉnh Quảng Ninh"
22,Quảng Ninh,194,Móng Cái,06757,Vĩnh Thực,Xã,"Xã Vĩnh Thực, Thành phố Móng Cái, Tỉnh Quảng Ninh"
22,Quảng Ninh,194,Móng Cái,06754,Vĩnh Trung,Xã,"Xã Vĩnh Trung, Thành phố Móng Cái, Tỉnh Quảng Ninh"
22,Quảng Ninh,206,Quảng Yên,07171,Cẩm La,Xã,"Xã Cẩm La, Thị xã Quảng Yên, Tỉnh Quảng Ninh"
22,Quảng Ninh,206,Quảng Yên,07150,Cộng Hòa,Phường,"Phường Cộng Hòa, Thị xã Quảng Yên, Tỉnh Quảng Ninh"
22,Quảng Ninh,206,Quảng Yên,07135,Đông Mai,Phường,"Phường Đông Mai, Thị xã Quảng Yên, Tỉnh Quảng Ninh"
22,Quảng Ninh,206,Quảng Yên,07168,Hà An,Phường,"Phường Hà An, Thị xã Quảng Yên, Tỉnh Quảng Ninh"
22,Quảng Ninh,206,Quảng Yên,07147,Hiệp Hòa,Xã,"Xã Hiệp Hòa, Thị xã Quảng Yên, Tỉnh Quảng Ninh"
22,Quảng Ninh,206,Quảng Yên,07156,Hoàng Tân,Xã,"Xã Hoàng Tân, Thị xã Quảng Yên, Tỉnh Quảng Ninh"
22,Quảng Ninh,206,Quảng Yên,07180,Liên Hòa,Xã,"Xã Liên Hòa, Thị xã Quảng Yên, Tỉnh Quảng Ninh"
22,Quảng Ninh,206,Quảng Yên,07186,Liên Vị,Xã,"Xã Liên Vị, Thị xã Quảng Yên, Tỉnh Quảng Ninh"
22,Quảng Ninh,206,Quảng Yên,07138,Minh Thành,Phường,"Phường Minh Thành, Thị xã Quảng Yên, Tỉnh Quảng Ninh"
22,Quảng Ninh,206,Quảng Yên,07165,Nam Hoà,Phường,"Phường Nam Hoà, Thị xã Quảng Yên, Tỉnh Quảng Ninh"
22,Quảng Ninh,206,Quảng Yên,07183,Phong Cốc,Phường,"Phường Phong Cốc, Thị xã Quảng Yên, Tỉnh Quảng Ninh"
22,Quảng Ninh,206,Quảng Yên,07174,Phong Hải,Phường,"Phường Phong Hải, Thị xã Quảng Yên, Tỉnh Quảng Ninh"
22,Quảng Ninh,206,Quảng Yên,07132,Quảng Yên,Phường,"Phường Quảng Yên, Thị xã Quảng Yên, Tỉnh Quảng Ninh"
22,Quảng Ninh,206,Quảng Yên,07144,Sông Khoai,Xã,"Xã Sông Khoai, Thị xã Quảng Yên, Tỉnh Quảng Ninh"
22,Quảng Ninh,206,Quảng Yên,07159,Tân An,Phường,"Phường Tân An, Thị xã Quảng Yên, Tỉnh Quảng Ninh"
22,Quảng Ninh,206,Quảng Yên,07153,Tiền An,Xã,"Xã Tiền An, Thị xã Quảng Yên, Tỉnh Quảng Ninh"
22,Quảng Ninh,206,Quảng Yên,07189,Tiền Phong,Xã,"Xã Tiền Phong, Thị xã Quảng Yên, Tỉnh Quảng Ninh"
22,Quảng Ninh,206,Quảng Yên,07162,Yên Giang,Phường,"Phường Yên Giang, Thị xã Quảng Yên, Tỉnh Quảng Ninh"
22,Quảng Ninh,206,Quảng Yên,07177,Yên Hải,Phường,"Phường Yên Hải, Thị xã Quảng Yên, Tỉnh Quảng Ninh"
22,Quảng Ninh,199,Tiên Yên,06868,Đại Dực,Xã,"Xã Đại Dực, Huyện Tiên Yên, Tỉnh Quảng Ninh"
22,Quảng Ninh,199,Tiên Yên,06874,Điền Xá,Xã,"Xã Điền Xá, Huyện Tiên Yên, Tỉnh Quảng Ninh"
22,Quảng Ninh,199,Tiên Yên,06883,Đông Hải,Xã,"Xã Đông Hải, Huyện Tiên Yên, Tỉnh Quảng Ninh"
22,Quảng Ninh,199,Tiên Yên,06877,Đông Ngũ,Xã,"Xã Đông Ngũ, Huyện Tiên Yên, Tỉnh Quảng Ninh"
22,Quảng Ninh,199,Tiên Yên,06892,Đồng Rui,Xã,"Xã Đồng Rui, Huyện Tiên Yên, Tỉnh Quảng Ninh"
22,Quảng Ninh,199,Tiên Yên,06865,Hà Lâu,Xã,"Xã Hà Lâu, Huyện Tiên Yên, Tỉnh Quảng Ninh"
22,Quảng Ninh,199,Tiên Yên,06886,Hải Lạng,Xã,"Xã Hải Lạng, Huyện Tiên Yên, Tỉnh Quảng Ninh"
22,Quảng Ninh,199,Tiên Yên,06871,Phong Dụ,Xã,"Xã Phong Dụ, Huyện Tiên Yên, Tỉnh Quảng Ninh"
22,Quảng Ninh,199,Tiên Yên,06889,Tiên Lãng,Xã,"Xã Tiên Lãng, Huyện Tiên Yên, Tỉnh Quảng Ninh"
22,Quảng Ninh,199,Tiên Yên,06862,Tiên Yên,Thị trấn,"Thị trấn Tiên Yên, Huyện Tiên Yên, Tỉnh Quảng Ninh"
22,Quảng Ninh,199,Tiên Yên,06880,Yên Than,Xã,"Xã Yên Than, Huyện Tiên Yên, Tỉnh Quảng Ninh"
22,Quảng Ninh,196,Uông Bí,06814,Bắc Sơn,Phường,"Phường Bắc Sơn, Thành phố Uông Bí, Tỉnh Quảng Ninh"
22,Quảng Ninh,196,Uông Bí,06823,Nam Khê,Phường,"Phường Nam Khê, Thành phố Uông Bí, Tỉnh Quảng Ninh"
22,Quảng Ninh,196,Uông Bí,06832,Phương Đông,Phường,"Phường Phương Đông, Thành phố Uông Bí, Tỉnh Quảng Ninh"
22,Quảng Ninh,196,Uông Bí,06835,Phương Nam,Phường,"Phường Phương Nam, Thành phố Uông Bí, Tỉnh Quảng Ninh"
22,Quảng Ninh,196,Uông Bí,06817,Quang Trung,Phường,"Phường Quang Trung, Thành phố Uông Bí, Tỉnh Quảng Ninh"
22,Quảng Ninh,196,Uông Bí,06811,Thanh Sơn,Phường,"Phường Thanh Sơn, Thành phố Uông Bí, Tỉnh Quảng Ninh"
22,Quảng Ninh,196,Uông Bí,06829,Thượng Yên Công,Xã,"Xã Thượng Yên Công, Thành phố Uông Bí, Tỉnh Quảng Ninh"
22,Quảng Ninh,196,Uông Bí,06820,Trưng Vương,Phường,"Phường Trưng Vương, Thành phố Uông Bí, Tỉnh Quảng Ninh"
22,Quảng Ninh,196,Uông Bí,06808,Vàng Danh,Phường,"Phường Vàng Danh, Thành phố Uông Bí, Tỉnh Quảng Ninh"
22,Quảng Ninh,196,Uông Bí,06826,Yên Thanh,Phường,"Phường Yên Thanh, Thành phố Uông Bí, Tỉnh Quảng Ninh"
22,Quảng Ninh,203,Vân Đồn,07018,Bản Sen,Xã,"Xã Bản Sen, Huyện Vân Đồn, Tỉnh Quảng Ninh"
22,Quảng Ninh,203,Vân Đồn,07000,Bình Dân,Xã,"Xã Bình Dân, Huyện Vân Đồn, Tỉnh Quảng Ninh"
22,Quảng Ninh,203,Vân Đồn,06994,Cái Rồng,Thị trấn,"Thị trấn Cái Rồng, Huyện Vân Đồn, Tỉnh Quảng Ninh"
22,Quảng Ninh,203,Vân Đồn,06997,Đài Xuyên,Xã,"Xã Đài Xuyên, Huyện Vân Đồn, Tỉnh Quảng Ninh"
22,Quảng Ninh,203,Vân Đồn,07009,Đoàn Kết,Xã,"Xã Đoàn Kết, Huyện Vân Đồn, Tỉnh Quảng Ninh"
22,Quảng Ninh,203,Vân Đồn,07015,Đông Xá,Xã,"Xã Đông Xá, Huyện Vân Đồn, Tỉnh Quảng Ninh"
22,Quảng Ninh,203,Vân Đồn,07012,Hạ Long,Xã,"Xã Hạ Long, Huyện Vân Đồn, Tỉnh Quảng Ninh"
22,Quảng Ninh,203,Vân Đồn,07006,Minh Châu,Xã,"Xã Minh Châu, Huyện Vân Đồn, Tỉnh Quảng Ninh"
22,Quảng Ninh,203,Vân Đồn,07027,Ngọc Vừng,Xã,"Xã Ngọc Vừng, Huyện Vân Đồn, Tỉnh Quảng Ninh"
22,Quảng Ninh,203,Vân Đồn,07024,Quan Lạn,Xã,"Xã Quan Lạn, Huyện Vân Đồn, Tỉnh Quảng Ninh"
22,Quảng Ninh,203,Vân Đồn,07021,Thắng Lợi,Xã,"Xã Thắng Lợi, Huyện Vân Đồn, Tỉnh Quảng Ninh"
22,Quảng Ninh,203,Vân Đồn,07003,Vạn Yên,Xã,"Xã Vạn Yên, Huyện Vân Đồn, Tỉnh Quảng Ninh"
45,Quảng Trị,468,Cam Lộ,19618,Cam Chính,Xã,"Xã Cam Chính, Huyện Cam Lộ, Tỉnh Quảng Trị"
45,Quảng Trị,468,Cam Lộ,19615,Cam Hiếu,Xã,"Xã Cam Hiếu, Huyện Cam Lộ, Tỉnh Quảng Trị"
45,Quảng Trị,468,Cam Lộ,19597,Cam Lộ,Thị trấn,"Thị trấn Cam Lộ, Huyện Cam Lộ, Tỉnh Quảng Trị"
45,Quảng Trị,468,Cam Lộ,19621,Cam Nghĩa,Xã,"Xã Cam Nghĩa, Huyện Cam Lộ, Tỉnh Quảng Trị"
45,Quảng Trị,468,Cam Lộ,19612,Cam Thành,Xã,"Xã Cam Thành, Huyện Cam Lộ, Tỉnh Quảng Trị"
45,Quảng Trị,468,Cam Lộ,19606,Cam Thủy,Xã,"Xã Cam Thủy, Huyện Cam Lộ, Tỉnh Quảng Trị"
45,Quảng Trị,468,Cam Lộ,19600,Cam Tuyền,Xã,"Xã Cam Tuyền, Huyện Cam Lộ, Tỉnh Quảng Trị"
45,Quảng Trị,468,Cam Lộ,19603,Thanh An,Xã,"Xã Thanh An, Huyện Cam Lộ, Tỉnh Quảng Trị"
45,Quảng Trị,467,Đa Krông,19591,A Bung,Xã,"Xã A Bung, Huyện Đa Krông, Tỉnh Quảng Trị"
45,Quảng Trị,467,Đa Krông,19594,A Ngo,Xã,"Xã A Ngo, Huyện Đa Krông, Tỉnh Quảng Trị"
45,Quảng Trị,467,Đa Krông,19585,A Vao,Xã,"Xã A Vao, Huyện Đa Krông, Tỉnh Quảng Trị"
45,Quảng Trị,467,Đa Krông,19570,Ba Lòng,Xã,"Xã Ba Lòng, Huyện Đa Krông, Tỉnh Quảng Trị"
45,Quảng Trị,467,Đa Krông,19576,Ba Nang,Xã,"Xã Ba Nang, Huyện Đa Krông, Tỉnh Quảng Trị"
45,Quảng Trị,467,Đa Krông,19564,Đa Krông,Xã,"Xã Đa Krông, Huyện Đa Krông, Tỉnh Quảng Trị"
45,Quảng Trị,467,Đa Krông,19582,Húc Nghì,Xã,"Xã Húc Nghì, Huyện Đa Krông, Tỉnh Quảng Trị"
45,Quảng Trị,467,Đa Krông,19561,Hướng Hiệp,Xã,"Xã Hướng Hiệp, Huyện Đa Krông, Tỉnh Quảng Trị"
45,Quảng Trị,467,Đa Krông,19555,Krông Klang,Thị trấn,"Thị trấn Krông Klang, Huyện Đa Krông, Tỉnh Quảng Trị"
45,Quảng Trị,467,Đa Krông,19558,Mò Ó,Xã,"Xã Mò Ó, Huyện Đa Krông, Tỉnh Quảng Trị"
45,Quảng Trị,467,Đa Krông,19579,Tà Long,Xã,"Xã Tà Long, Huyện Đa Krông, Tỉnh Quảng Trị"
45,Quảng Trị,467,Đa Krông,19588,Tà Rụt,Xã,"Xã Tà Rụt, Huyện Đa Krông, Tỉnh Quảng Trị"
45,Quảng Trị,467,Đa Krông,19567,Triệu Nguyên,Xã,"Xã Triệu Nguyên, Huyện Đa Krông, Tỉnh Quảng Trị"
45,Quảng Trị,461,Đông Hà,19333,1,Phường,"Phường 1, Thành phố Đông Hà, Tỉnh Quảng Trị"
45,Quảng Trị,461,Đông Hà,19342,2,Phường,"Phường 2, Thành phố Đông Hà, Tỉnh Quảng Trị"
45,Quảng Trị,461,Đông Hà,19354,3,Phường,"Phường 3, Thành phố Đông Hà, Tỉnh Quảng Trị"
45,Quảng Trị,461,Đông Hà,19345,4,Phường,"Phường 4, Thành phố Đông Hà, Tỉnh Quảng Trị"
45,Quảng Trị,461,Đông Hà,19348,5,Phường,"Phường 5, Thành phố Đông Hà, Tỉnh Quảng Trị"
45,Quảng Trị,461,Đông Hà,19330,Đông Giang,Phường,"Phường Đông Giang, Thành phố Đông Hà, Tỉnh Quảng Trị"
45,Quảng Trị,461,Đông Hà,19336,Đông Lễ,Phường,"Phường Đông Lễ, Thành phố Đông Hà, Tỉnh Quảng Trị"
45,Quảng Trị,461,Đông Hà,19351,Đông Lương,Phường,"Phường Đông Lương, Thành phố Đông Hà, Tỉnh Quảng Trị"
45,Quảng Trị,461,Đông Hà,19339,Đông Thanh,Phường,"Phường Đông Thanh, Thành phố Đông Hà, Tỉnh Quảng Trị"
45,Quảng Trị,466,Gio Linh,19496,Cửa Việt,Thị trấn,"Thị trấn Cửa Việt, Huyện Gio Linh, Tỉnh Quảng Trị"
45,Quảng Trị,466,Gio Linh,19522,Gio An,Xã,"Xã Gio An, Huyện Gio Linh, Tỉnh Quảng Trị"
45,Quảng Trị,466,Gio Linh,19519,Gio Hải,Xã,"Xã Gio Hải, Huyện Gio Linh, Tỉnh Quảng Trị"
45,Quảng Trị,466,Gio Linh,19495,Gio Linh,Thị trấn,"Thị trấn Gio Linh, Huyện Gio Linh, Tỉnh Quảng Trị"
45,Quảng Trị,466,Gio Linh,19543,Gio Mai,Xã,"Xã Gio Mai, Huyện Gio Linh, Tỉnh Quảng Trị"
45,Quảng Trị,466,Gio Linh,19510,Gio Mỹ,Xã,"Xã Gio Mỹ, Huyện Gio Linh, Tỉnh Quảng Trị"
45,Quảng Trị,466,Gio Linh,19552,Gio Quang,Xã,"Xã Gio Quang, Huyện Gio Linh, Tỉnh Quảng Trị"
45,Quảng Trị,466,Gio Linh,19537,Gio Sơn,Xã,"Xã Gio Sơn, Huyện Gio Linh, Tỉnh Quảng Trị"
45,Quảng Trị,466,Gio Linh,19546,Hải Thái,Xã,"Xã Hải Thái, Huyện Gio Linh, Tỉnh Quảng Trị"
45,Quảng Trị,466,Gio Linh,19534,Linh Trường,Xã,"Xã Linh Trường, Huyện Gio Linh, Tỉnh Quảng Trị"
45,Quảng Trị,466,Gio Linh,19507,Phong Bình,Xã,"Xã Phong Bình, Huyện Gio Linh, Tỉnh Quảng Trị"
45,Quảng Trị,466,Gio Linh,19498,Trung Giang,Xã,"Xã Trung Giang, Huyện Gio Linh, Tỉnh Quảng Trị"
45,Quảng Trị,466,Gio Linh,19501,Trung Hải,Xã,"Xã Trung Hải, Huyện Gio Linh, Tỉnh Quảng Trị"
45,Quảng Trị,466,Gio Linh,19504,Trung Sơn,Xã,"Xã Trung Sơn, Huyện Gio Linh, Tỉnh Quảng Trị"
45,Quảng Trị,470,Hải Lăng,19681,Diên Sanh,Thị trấn,"Thị trấn Diên Sanh, Huyện Hải Lăng, Tỉnh Quảng Trị"
45,Quảng Trị,470,Hải Lăng,19684,Hải An,Xã,"Xã Hải An, Huyện Hải Lăng, Tỉnh Quảng Trị"
45,Quảng Trị,470,Hải Lăng,19687,Hải Bình,Xã,"Xã Hải Bình, Huyện Hải Lăng, Tỉnh Quảng Trị"
45,Quảng Trị,470,Hải Lăng,19738,Hải Chánh,Xã,"Xã Hải Chánh, Huyện Hải Lăng, Tỉnh Quảng Trị"
45,Quảng Trị,470,Hải Lăng,19711,Hải Dương,Xã,"Xã Hải Dương, Huyện Hải Lăng, Tỉnh Quảng Trị"
45,Quảng Trị,470,Hải Lăng,19714,Hải Định,Xã,"Xã Hải Định, Huyện Hải Lăng, Tỉnh Quảng Trị"
45,Quảng Trị,470,Hải Lăng,19699,Hải Hưng,Xã,"Xã Hải Hưng, Huyện Hải Lăng, Tỉnh Quảng Trị"
45,Quảng Trị,470,Hải Lăng,19741,Hải Khê,Xã,"Xã Hải Khê, Huyện Hải Lăng, Tỉnh Quảng Trị"
45,Quảng Trị,470,Hải Lăng,19717,Hải Lâm,Xã,"Xã Hải Lâm, Huyện Hải Lăng, Tỉnh Quảng Trị"
45,Quảng Trị,470,Hải Lăng,19726,Hải Phong,Xã,"Xã Hải Phong, Huyện Hải Lăng, Tỉnh Quảng Trị"
45,Quảng Trị,470,Hải Lăng,19702,Hải Phú,Xã,"Xã Hải Phú, Huyện Hải Lăng, Tỉnh Quảng Trị"
45,Quảng Trị,470,Hải Lăng,19693,Hải Quy,Xã,"Xã Hải Quy, Huyện Hải Lăng, Tỉnh Quảng Trị"
45,Quảng Trị,470,Hải Lăng,19735,Hải Sơn,Xã,"Xã Hải Sơn, Huyện Hải Lăng, Tỉnh Quảng Trị"
45,Quảng Trị,470,Hải Lăng,19708,Hải Thượng,Xã,"Xã Hải Thượng, Huyện Hải Lăng, Tỉnh Quảng Trị"
45,Quảng Trị,470,Hải Lăng,19729,Hải Trường,Xã,"Xã Hải Trường, Huyện Hải Lăng, Tỉnh Quảng Trị"
45,Quảng Trị,465,Hướng Hóa,19483,A Dơi,Xã,"Xã A Dơi, Huyện Hướng Hóa, Tỉnh Quảng Trị"
45,Quảng Trị,465,Hướng Hóa,19477,Ba Tầng,Xã,"Xã Ba Tầng, Huyện Hướng Hóa, Tỉnh Quảng Trị"
45,Quảng Trị,465,Hướng Hóa,19468,Húc,Xã,"Xã Húc, Huyện Hướng Hóa, Tỉnh Quảng Trị"
45,Quảng Trị,465,Hướng Hóa,19435,Hướng Lập,Xã,"Xã Hướng Lập, Huyện Hướng Hóa, Tỉnh Quảng Trị"
45,Quảng Trị,465,Hướng Hóa,19447,Hướng Linh,Xã,"Xã Hướng Linh, Huyện Hướng Hóa, Tỉnh Quảng Trị"
45,Quảng Trị,465,Hướng Hóa,19474,Hướng Lộc,Xã,"Xã Hướng Lộc, Huyện Hướng Hóa, Tỉnh Quảng Trị"
45,Quảng Trị,465,Hướng Hóa,19441,Hướng Phùng,Xã,"Xã Hướng Phùng, Huyện Hướng Hóa, Tỉnh Quảng Trị"
45,Quảng Trị,465,Hướng Hóa,19444,Hướng Sơn,Xã,"Xã Hướng Sơn, Huyện Hướng Hóa, Tỉnh Quảng Trị"
45,Quảng Trị,465,Hướng Hóa,19453,Hướng Tân,Xã,"Xã Hướng Tân, Huyện Hướng Hóa, Tỉnh Quảng Trị"
45,Quảng Trị,465,Hướng Hóa,19438,Hướng Việt,Xã,"Xã Hướng Việt, Huyện Hướng Hóa, Tỉnh Quảng Trị"
45,Quảng Trị,465,Hướng Hóa,19429,Khe Sanh,Thị trấn,"Thị trấn Khe Sanh, Huyện Hướng Hóa, Tỉnh Quảng Trị"
45,Quảng Trị,465,Hướng Hóa,19432,Lao Bảo,Thị trấn,"Thị trấn Lao Bảo, Huyện Hướng Hóa, Tỉnh Quảng Trị"
45,Quảng Trị,465,Hướng Hóa,19489,Lìa,Xã,"Xã Lìa, Huyện Hướng Hóa, Tỉnh Quảng Trị"
45,Quảng Trị,465,Hướng Hóa,19450,Tân Hợp,Xã,"Xã Tân Hợp, Huyện Hướng Hóa, Tỉnh Quảng Trị"
45,Quảng Trị,465,Hướng Hóa,19462,Tân Lập,Xã,"Xã Tân Lập, Huyện Hướng Hóa, Tỉnh Quảng Trị"
45,Quảng Trị,465,Hướng Hóa,19465,Tân Liên,Xã,"Xã Tân Liên, Huyện Hướng Hóa, Tỉnh Quảng Trị"
45,Quảng Trị,465,Hướng Hóa,19459,Tân Long,Xã,"Xã Tân Long, Huyện Hướng Hóa, Tỉnh Quảng Trị"
45,Quảng Trị,465,Hướng Hóa,19456,Tân Thành,Xã,"Xã Tân Thành, Huyện Hướng Hóa, Tỉnh Quảng Trị"
45,Quảng Trị,465,Hướng Hóa,19480,Thanh,Xã,"Xã Thanh, Huyện Hướng Hóa, Tỉnh Quảng Trị"
45,Quảng Trị,465,Hướng Hóa,19471,Thuận,Xã,"Xã Thuận, Huyện Hướng Hóa, Tỉnh Quảng Trị"
45,Quảng Trị,465,Hướng Hóa,19492,Xy,Xã,"Xã Xy, Huyện Hướng Hóa, Tỉnh Quảng Trị"
45,Quảng Trị,462,Quảng Trị,19357,1,Phường,"Phường 1, Thị xã Quảng Trị, Tỉnh Quảng Trị"
45,Quảng Trị,462,Quảng Trị,19360,2,Phường,"Phường 2, Thị xã Quảng Trị, Tỉnh Quảng Trị"
45,Quảng Trị,462,Quảng Trị,19361,3,Phường,"Phường 3, Thị xã Quảng Trị, Tỉnh Quảng Trị"
45,Quảng Trị,462,Quảng Trị,19358,An Đôn,Phường,"Phường An Đôn, Thị xã Quảng Trị, Tỉnh Quảng Trị"
45,Quảng Trị,462,Quảng Trị,19705,Hải Lệ,Xã,"Xã Hải Lệ, Thị xã Quảng Trị, Tỉnh Quảng Trị"
45,Quảng Trị,469,Triệu Phong,19624,Thị Trấn Ái Tử,Thị trấn,"Thị trấn Thị Trấn Ái Tử, Huyện Triệu Phong, Tỉnh Quảng Trị"
45,Quảng Trị,469,Triệu Phong,19669,Triệu Ái,Xã,"Xã Triệu Ái, Huyện Triệu Phong, Tỉnh Quảng Trị"
45,Quảng Trị,469,Triệu Phong,19654,Triệu Cơ,Xã,"Xã Triệu Cơ, Huyện Triệu Phong, Tỉnh Quảng Trị"
45,Quảng Trị,469,Triệu Phong,19645,Triệu Đại,Xã,"Xã Triệu Đại, Huyện Triệu Phong, Tỉnh Quảng Trị"
45,Quảng Trị,469,Triệu Phong,19636,Triệu Độ,Xã,"Xã Triệu Độ, Huyện Triệu Phong, Tỉnh Quảng Trị"
45,Quảng Trị,469,Triệu Phong,19675,Triệu Giang,Xã,"Xã Triệu Giang, Huyện Triệu Phong, Tỉnh Quảng Trị"
45,Quảng Trị,469,Triệu Phong,19648,Triệu Hòa,Xã,"Xã Triệu Hòa, Huyện Triệu Phong, Tỉnh Quảng Trị"
45,Quảng Trị,469,Triệu Phong,19657,Triệu Long,Xã,"Xã Triệu Long, Huyện Triệu Phong, Tỉnh Quảng Trị"
45,Quảng Trị,469,Triệu Phong,19633,Triệu Phước,Xã,"Xã Triệu Phước, Huyện Triệu Phong, Tỉnh Quảng Trị"
45,Quảng Trị,469,Triệu Phong,19660,Triệu Tài,Xã,"Xã Triệu Tài, Huyện Triệu Phong, Tỉnh Quảng Trị"
45,Quảng Trị,469,Triệu Phong,19627,Triệu Tân,Xã,"Xã Triệu Tân, Huyện Triệu Phong, Tỉnh Quảng Trị"
45,Quảng Trị,469,Triệu Phong,19678,Triệu Thành,Xã,"Xã Triệu Thành, Huyện Triệu Phong, Tỉnh Quảng Trị"
45,Quảng Trị,469,Triệu Phong,19642,Triệu Thuận,Xã,"Xã Triệu Thuận, Huyện Triệu Phong, Tỉnh Quảng Trị"
45,Quảng Trị,469,Triệu Phong,19672,Triệu Thượng,Xã,"Xã Triệu Thượng, Huyện Triệu Phong, Tỉnh Quảng Trị"
45,Quảng Trị,469,Triệu Phong,19639,Triệu Trạch,Xã,"Xã Triệu Trạch, Huyện Triệu Phong, Tỉnh Quảng Trị"
45,Quảng Trị,469,Triệu Phong,19666,Triệu Trung,Xã,"Xã Triệu Trung, Huyện Triệu Phong, Tỉnh Quảng Trị"
45,Quảng Trị,464,Vĩnh Linh,19366,Bến Quan,Thị trấn,"Thị trấn Bến Quan, Huyện Vĩnh Linh, Tỉnh Quảng Trị"
45,Quảng Trị,464,Vĩnh Linh,19414,Cửa Tùng,Thị trấn,"Thị trấn Cửa Tùng, Huyện Vĩnh Linh, Tỉnh Quảng Trị"
45,Quảng Trị,464,Vĩnh Linh,19408,Hiền Thành,Xã,"Xã Hiền Thành, Huyện Vĩnh Linh, Tỉnh Quảng Trị"
45,Quảng Trị,464,Vĩnh Linh,19363,Hồ Xá,Thị trấn,"Thị trấn Hồ Xá, Huyện Vĩnh Linh, Tỉnh Quảng Trị"
45,Quảng Trị,464,Vĩnh Linh,19384,Kim Thạch,Xã,"Xã Kim Thạch, Huyện Vĩnh Linh, Tỉnh Quảng Trị"
45,Quảng Trị,464,Vĩnh Linh,19378,Trung Nam,Xã,"Xã Trung Nam, Huyện Vĩnh Linh, Tỉnh Quảng Trị"
45,Quảng Trị,464,Vĩnh Linh,19375,Vĩnh Chấp,Xã,"Xã Vĩnh Chấp, Huyện Vĩnh Linh, Tỉnh Quảng Trị"
45,Quảng Trị,464,Vĩnh Linh,19423,Vĩnh Giang,Xã,"Xã Vĩnh Giang, Huyện Vĩnh Linh, Tỉnh Quảng Trị"
45,Quảng Trị,464,Vĩnh Linh,19417,Vĩnh Hà,Xã,"Xã Vĩnh Hà, Huyện Vĩnh Linh, Tỉnh Quảng Trị"
45,Quảng Trị,464,Vĩnh Linh,19396,Vĩnh Hòa,Xã,"Xã Vĩnh Hòa, Huyện Vĩnh Linh, Tỉnh Quảng Trị"
45,Quảng Trị,464,Vĩnh Linh,19393,Vĩnh Khê,Xã,"Xã Vĩnh Khê, Huyện Vĩnh Linh, Tỉnh Quảng Trị"
45,Quảng Trị,464,Vĩnh Linh,19405,Vĩnh Lâm,Xã,"Xã Vĩnh Lâm, Huyện Vĩnh Linh, Tỉnh Quảng Trị"
45,Quảng Trị,464,Vĩnh Linh,19387,Vĩnh Long,Xã,"Xã Vĩnh Long, Huyện Vĩnh Linh, Tỉnh Quảng Trị"
45,Quảng Trị,464,Vĩnh Linh,19426,Vĩnh Ô,Xã,"Xã Vĩnh Ô, Huyện Vĩnh Linh, Tỉnh Quảng Trị"
45,Quảng Trị,464,Vĩnh Linh,19420,Vĩnh Sơn,Xã,"Xã Vĩnh Sơn, Huyện Vĩnh Linh, Tỉnh Quảng Trị"
45,Quảng Trị,464,Vĩnh Linh,19369,Vĩnh Thái,Xã,"Xã Vĩnh Thái, Huyện Vĩnh Linh, Tỉnh Quảng Trị"
45,Quảng Trị,464,Vĩnh Linh,19402,Vĩnh Thủy,Xã,"Xã Vĩnh Thủy, Huyện Vĩnh Linh, Tỉnh Quảng Trị"
45,Quảng Trị,464,Vĩnh Linh,19372,Vĩnh Tú,Xã,"Xã Vĩnh Tú, Huyện Vĩnh Linh, Tỉnh Quảng Trị"
94,Sóc Trăng,942,Châu Thành,31594,An Hiệp,Xã,"Xã An Hiệp, Huyện Châu Thành, Tỉnh Sóc Trăng"
94,Sóc Trăng,942,Châu Thành,31600,An Ninh,Xã,"Xã An Ninh, Huyện Châu Thành, Tỉnh Sóc Trăng"
94,Sóc Trăng,942,Châu Thành,31569,Châu Thành,Thị trấn,"Thị trấn Châu Thành, Huyện Châu Thành, Tỉnh Sóc Trăng"
94,Sóc Trăng,942,Châu Thành,31570,Hồ Đắc Kiện,Xã,"Xã Hồ Đắc Kiện, Huyện Châu Thành, Tỉnh Sóc Trăng"
94,Sóc Trăng,942,Châu Thành,31573,Phú Tâm,Xã,"Xã Phú Tâm, Huyện Châu Thành, Tỉnh Sóc Trăng"
94,Sóc Trăng,942,Châu Thành,31582,Phú Tân,Xã,"Xã Phú Tân, Huyện Châu Thành, Tỉnh Sóc Trăng"
94,Sóc Trăng,942,Châu Thành,31585,Thiện Mỹ,Xã,"Xã Thiện Mỹ, Huyện Châu Thành, Tỉnh Sóc Trăng"
94,Sóc Trăng,942,Châu Thành,31576,Thuận Hòa,Xã,"Xã Thuận Hòa, Huyện Châu Thành, Tỉnh Sóc Trăng"
94,Sóc Trăng,945,Cù Lao Dung,31618,An Thạnh 1,Xã,"Xã An Thạnh 1, Huyện Cù Lao Dung, Tỉnh Sóc Trăng"
94,Sóc Trăng,945,Cù Lao Dung,31630,An Thạnh 2,Xã,"Xã An Thạnh 2, Huyện Cù Lao Dung, Tỉnh Sóc Trăng"
94,Sóc Trăng,945,Cù Lao Dung,31633,An Thạnh 3,Xã,"Xã An Thạnh 3, Huyện Cù Lao Dung, Tỉnh Sóc Trăng"
94,Sóc Trăng,945,Cù Lao Dung,31624,An Thạnh Đông,Xã,"Xã An Thạnh Đông, Huyện Cù Lao Dung, Tỉnh Sóc Trăng"
94,Sóc Trăng,945,Cù Lao Dung,31636,An Thạnh Nam,Xã,"Xã An Thạnh Nam, Huyện Cù Lao Dung, Tỉnh Sóc Trăng"
94,Sóc Trăng,945,Cù Lao Dung,31621,An Thạnh Tây,Xã,"Xã An Thạnh Tây, Huyện Cù Lao Dung, Tỉnh Sóc Trăng"
94,Sóc Trăng,945,Cù Lao Dung,31615,Cù Lao Dung,Thị trấn,"Thị trấn Cù Lao Dung, Huyện Cù Lao Dung, Tỉnh Sóc Trăng"
94,Sóc Trăng,945,Cù Lao Dung,31627,Đại Ân 1,Xã,"Xã Đại Ân 1, Huyện Cù Lao Dung, Tỉnh Sóc Trăng"
94,Sóc Trăng,943,Kế Sách,31540,An Lạc Tây,Xã,"Xã An Lạc Tây, Huyện Kế Sách, Tỉnh Sóc Trăng"
94,Sóc Trăng,943,Kế Sách,31531,An Lạc Thôn,Thị trấn,"Thị trấn An Lạc Thôn, Huyện Kế Sách, Tỉnh Sóc Trăng"
94,Sóc Trăng,943,Kế Sách,31564,An Mỹ,Xã,"Xã An Mỹ, Huyện Kế Sách, Tỉnh Sóc Trăng"
94,Sóc Trăng,943,Kế Sách,31546,Ba Trinh,Xã,"Xã Ba Trinh, Huyện Kế Sách, Tỉnh Sóc Trăng"
94,Sóc Trăng,943,Kế Sách,31561,Đại Hải,Xã,"Xã Đại Hải, Huyện Kế Sách, Tỉnh Sóc Trăng"
94,Sóc Trăng,943,Kế Sách,31558,Kế An,Xã,"Xã Kế An, Huyện Kế Sách, Tỉnh Sóc Trăng"
94,Sóc Trăng,943,Kế Sách,31528,Kế Sách,Thị trấn,"Thị trấn Kế Sách, Huyện Kế Sách, Tỉnh Sóc Trăng"
94,Sóc Trăng,943,Kế Sách,31555,Kế Thành,Xã,"Xã Kế Thành, Huyện Kế Sách, Tỉnh Sóc Trăng"
94,Sóc Trăng,943,Kế Sách,31552,Nhơn Mỹ,Xã,"Xã Nhơn Mỹ, Huyện Kế Sách, Tỉnh Sóc Trăng"
94,Sóc Trăng,943,Kế Sách,31537,Phong Nẫm,Xã,"Xã Phong Nẫm, Huyện Kế Sách, Tỉnh Sóc Trăng"
94,Sóc Trăng,943,Kế Sách,31549,Thới An Hội,Xã,"Xã Thới An Hội, Huyện Kế Sách, Tỉnh Sóc Trăng"
94,Sóc Trăng,943,Kế Sách,31543,Trinh Phú,Xã,"Xã Trinh Phú, Huyện Kế Sách, Tỉnh Sóc Trăng"
94,Sóc Trăng,943,Kế Sách,31534,Xuân Hòa,Xã,"Xã Xuân Hòa, Huyện Kế Sách, Tỉnh Sóc Trăng"
94,Sóc Trăng,946,Long Phú,31663,Châu Khánh,Xã,"Xã Châu Khánh, Huyện Long Phú, Tỉnh Sóc Trăng"
94,Sóc Trăng,946,Long Phú,31645,Đại Ngãi,Thị trấn,"Thị trấn Đại Ngãi, Huyện Long Phú, Tỉnh Sóc Trăng"
94,Sóc Trăng,946,Long Phú,31648,Hậu Thạnh,Xã,"Xã Hậu Thạnh, Huyện Long Phú, Tỉnh Sóc Trăng"
94,Sóc Trăng,946,Long Phú,31651,Long Đức,Xã,"Xã Long Đức, Huyện Long Phú, Tỉnh Sóc Trăng"
94,Sóc Trăng,946,Long Phú,31639,Long Phú,Thị trấn,"Thị trấn Long Phú, Huyện Long Phú, Tỉnh Sóc Trăng"
94,Sóc Trăng,946,Long Phú,31669,Long Phú,Xã,"Xã Long Phú, Huyện Long Phú, Tỉnh Sóc Trăng"
94,Sóc Trăng,946,Long Phú,31657,Phú Hữu,Xã,"Xã Phú Hữu, Huyện Long Phú, Tỉnh Sóc Trăng"
94,Sóc Trăng,946,Long Phú,31642,Song Phụng,Xã,"Xã Song Phụng, Huyện Long Phú, Tỉnh Sóc Trăng"
94,Sóc Trăng,946,Long Phú,31660,Tân Hưng,Xã,"Xã Tân Hưng, Huyện Long Phú, Tỉnh Sóc Trăng"
94,Sóc Trăng,946,Long Phú,31666,Tân Thạnh,Xã,"Xã Tân Thạnh, Huyện Long Phú, Tỉnh Sóc Trăng"
94,Sóc Trăng,946,Long Phú,31654,Trường Khánh,Xã,"Xã Trường Khánh, Huyện Long Phú, Tỉnh Sóc Trăng"
94,Sóc Trăng,944,Mỹ Tú,31588,Hưng Phú,Xã,"Xã Hưng Phú, Huyện Mỹ Tú, Tỉnh Sóc Trăng"
94,Sóc Trăng,944,Mỹ Tú,31567,Huỳnh Hữu Nghĩa,Thị trấn,"Thị trấn Huỳnh Hữu Nghĩa, Huyện Mỹ Tú, Tỉnh Sóc Trăng"
94,Sóc Trăng,944,Mỹ Tú,31579,Long Hưng,Xã,"Xã Long Hưng, Huyện Mỹ Tú, Tỉnh Sóc Trăng"
94,Sóc Trăng,944,Mỹ Tú,31591,Mỹ Hương,Xã,"Xã Mỹ Hương, Huyện Mỹ Tú, Tỉnh Sóc Trăng"
94,Sóc Trăng,944,Mỹ Tú,31603,Mỹ Phước,Xã,"Xã Mỹ Phước, Huyện Mỹ Tú, Tỉnh Sóc Trăng"
94,Sóc Trăng,944,Mỹ Tú,31609,Mỹ Thuận,Xã,"Xã Mỹ Thuận, Huyện Mỹ Tú, Tỉnh Sóc Trăng"
94,Sóc Trăng,944,Mỹ Tú,31597,Mỹ Tú,Xã,"Xã Mỹ Tú, Huyện Mỹ Tú, Tỉnh Sóc Trăng"
94,Sóc Trăng,944,Mỹ Tú,31612,Phú Mỹ,Xã,"Xã Phú Mỹ, Huyện Mỹ Tú, Tỉnh Sóc Trăng"
94,Sóc Trăng,944,Mỹ Tú,31606,Thuận Hưng,Xã,"Xã Thuận Hưng, Huyện Mỹ Tú, Tỉnh Sóc Trăng"
94,Sóc Trăng,947,Mỹ Xuyên,31690,Đại Tâm,Xã,"Xã Đại Tâm, Huyện Mỹ Xuyên, Tỉnh Sóc Trăng"
94,Sóc Trăng,947,Mỹ Xuyên,31720,Gia Hòa 1,Xã,"Xã Gia Hòa 1, Huyện Mỹ Xuyên, Tỉnh Sóc Trăng"
94,Sóc Trăng,947,Mỹ Xuyên,31726,Gia Hòa 2,Xã,"Xã Gia Hòa 2, Huyện Mỹ Xuyên, Tỉnh Sóc Trăng"
94,Sóc Trăng,947,Mỹ Xuyên,31717,Hòa Tú 1,Xã,"Xã Hòa Tú 1, Huyện Mỹ Xuyên, Tỉnh Sóc Trăng"
94,Sóc Trăng,947,Mỹ Xuyên,31729,Hòa Tú 2,Xã,"Xã Hòa Tú 2, Huyện Mỹ Xuyên, Tỉnh Sóc Trăng"
94,Sóc Trăng,947,Mỹ Xuyên,31684,Mỹ Xuyên,Thị trấn,"Thị trấn Mỹ Xuyên, Huyện Mỹ Xuyên, Tỉnh Sóc Trăng"
94,Sóc Trăng,947,Mỹ Xuyên,31711,Ngọc Đông,Xã,"Xã Ngọc Đông, Huyện Mỹ Xuyên, Tỉnh Sóc Trăng"
94,Sóc Trăng,947,Mỹ Xuyên,31723,Ngọc Tố,Xã,"Xã Ngọc Tố, Huyện Mỹ Xuyên, Tỉnh Sóc Trăng"
94,Sóc Trăng,947,Mỹ Xuyên,31693,Tham Đôn,Xã,"Xã Tham Đôn, Huyện Mỹ Xuyên, Tỉnh Sóc Trăng"
94,Sóc Trăng,947,Mỹ Xuyên,31708,Thạnh Phú,Xã,"Xã Thạnh Phú, Huyện Mỹ Xuyên, Tỉnh Sóc Trăng"
94,Sóc Trăng,947,Mỹ Xuyên,31714,Thạnh Quới,Xã,"Xã Thạnh Quới, Huyện Mỹ Xuyên, Tỉnh Sóc Trăng"
94,Sóc Trăng,948,Ngã Năm,31732,1,Phường,"Phường 1, Thị xã Ngã Năm, Tỉnh Sóc Trăng"
94,Sóc Trăng,948,Ngã Năm,31735,2,Phường,"Phường 2, Thị xã Ngã Năm, Tỉnh Sóc Trăng"
94,Sóc Trăng,948,Ngã Năm,31747,3,Phường,"Phường 3, Thị xã Ngã Năm, Tỉnh Sóc Trăng"
94,Sóc Trăng,948,Ngã Năm,31744,Long Bình,Xã,"Xã Long Bình, Thị xã Ngã Năm, Tỉnh Sóc Trăng"
94,Sóc Trăng,948,Ngã Năm,31750,Mỹ Bình,Xã,"Xã Mỹ Bình, Thị xã Ngã Năm, Tỉnh Sóc Trăng"
94,Sóc Trăng,948,Ngã Năm,31753,Mỹ Quới,Xã,"Xã Mỹ Quới, Thị xã Ngã Năm, Tỉnh Sóc Trăng"
94,Sóc Trăng,948,Ngã Năm,31741,Tân Long,Xã,"Xã Tân Long, Thị xã Ngã Năm, Tỉnh Sóc Trăng"
94,Sóc Trăng,948,Ngã Năm,31738,Vĩnh Quới,Xã,"Xã Vĩnh Quới, Thị xã Ngã Năm, Tỉnh Sóc Trăng"
94,Sóc Trăng,941,Sóc Trăng,31522,1,Phường,"Phường 1, Thành phố Sóc Trăng, Tỉnh Sóc Trăng"
94,Sóc Trăng,941,Sóc Trăng,31525,10,Phường,"Phường 10, Thành phố Sóc Trăng, Tỉnh Sóc Trăng"
94,Sóc Trăng,941,Sóc Trăng,31510,2,Phường,"Phường 2, Thành phố Sóc Trăng, Tỉnh Sóc Trăng"
94,Sóc Trăng,941,Sóc Trăng,31519,3,Phường,"Phường 3, Thành phố Sóc Trăng, Tỉnh Sóc Trăng"
94,Sóc Trăng,941,Sóc Trăng,31516,4,Phường,"Phường 4, Thành phố Sóc Trăng, Tỉnh Sóc Trăng"
94,Sóc Trăng,941,Sóc Trăng,31498,5,Phường,"Phường 5, Thành phố Sóc Trăng, Tỉnh Sóc Trăng"
94,Sóc Trăng,941,Sóc Trăng,31507,6,Phường,"Phường 6, Thành phố Sóc Trăng, Tỉnh Sóc Trăng"
94,Sóc Trăng,941,Sóc Trăng,31501,7,Phường,"Phường 7, Thành phố Sóc Trăng, Tỉnh Sóc Trăng"
94,Sóc Trăng,941,Sóc Trăng,31504,8,Phường,"Phường 8, Thành phố Sóc Trăng, Tỉnh Sóc Trăng"
94,Sóc Trăng,949,Thạnh Trị,31780,Châu Hưng,Xã,"Xã Châu Hưng, Huyện Thạnh Trị, Tỉnh Sóc Trăng"
94,Sóc Trăng,949,Thạnh Trị,31757,Hưng Lợi,Thị trấn,"Thị trấn Hưng Lợi, Huyện Thạnh Trị, Tỉnh Sóc Trăng"
94,Sóc Trăng,949,Thạnh Trị,31765,Lâm Kiết,Xã,"Xã Lâm Kiết, Huyện Thạnh Trị, Tỉnh Sóc Trăng"
94,Sóc Trăng,949,Thạnh Trị,31759,Lâm Tân,Xã,"Xã Lâm Tân, Huyện Thạnh Trị, Tỉnh Sóc Trăng"
94,Sóc Trăng,949,Thạnh Trị,31756,Phú Lộc,Thị trấn,"Thị trấn Phú Lộc, Huyện Thạnh Trị, Tỉnh Sóc Trăng"
94,Sóc Trăng,949,Thạnh Trị,31762,Thạnh Tân,Xã,"Xã Thạnh Tân, Huyện Thạnh Trị, Tỉnh Sóc Trăng"
94,Sóc Trăng,949,Thạnh Trị,31774,Thạnh Trị,Xã,"Xã Thạnh Trị, Huyện Thạnh Trị, Tỉnh Sóc Trăng"
94,Sóc Trăng,949,Thạnh Trị,31768,Tuân Tức,Xã,"Xã Tuân Tức, Huyện Thạnh Trị, Tỉnh Sóc Trăng"
94,Sóc Trăng,949,Thạnh Trị,31777,Vĩnh Lợi,Xã,"Xã Vĩnh Lợi, Huyện Thạnh Trị, Tỉnh Sóc Trăng"
94,Sóc Trăng,949,Thạnh Trị,31771,Vĩnh Thành,Xã,"Xã Vĩnh Thành, Huyện Thạnh Trị, Tỉnh Sóc Trăng"
94,Sóc Trăng,951,Trần Đề,31672,Đại Ân 2,Xã,"Xã Đại Ân 2, Huyện Trần Đề, Tỉnh Sóc Trăng"
94,Sóc Trăng,951,Trần Đề,31678,Lịch Hội Thượng,Xã,"Xã Lịch Hội Thượng, Huyện Trần Đề, Tỉnh Sóc Trăng"
94,Sóc Trăng,951,Trần Đề,31679,Lịch Hội Thượng,Thị trấn,"Thị trấn Lịch Hội Thượng, Huyện Trần Đề, Tỉnh Sóc Trăng"
94,Sóc Trăng,951,Trần Đề,31675,Liêu Tú,Xã,"Xã Liêu Tú, Huyện Trần Đề, Tỉnh Sóc Trăng"
94,Sóc Trăng,951,Trần Đề,31687,Tài Văn,Xã,"Xã Tài Văn, Huyện Trần Đề, Tỉnh Sóc Trăng"
94,Sóc Trăng,951,Trần Đề,31699,Thạnh Thới An,Xã,"Xã Thạnh Thới An, Huyện Trần Đề, Tỉnh Sóc Trăng"
94,Sóc Trăng,951,Trần Đề,31702,Thạnh Thới Thuận,Xã,"Xã Thạnh Thới Thuận, Huyện Trần Đề, Tỉnh Sóc Trăng"
94,Sóc Trăng,951,Trần Đề,31673,Trần Đề,Thị trấn,"Thị trấn Trần Đề, Huyện Trần Đề, Tỉnh Sóc Trăng"
94,Sóc Trăng,951,Trần Đề,31681,Trung Bình,Xã,"Xã Trung Bình, Huyện Trần Đề, Tỉnh Sóc Trăng"
94,Sóc Trăng,951,Trần Đề,31696,Viên An,Xã,"Xã Viên An, Huyện Trần Đề, Tỉnh Sóc Trăng"
94,Sóc Trăng,951,Trần Đề,31705,Viên Bình,Xã,"Xã Viên Bình, Huyện Trần Đề, Tỉnh Sóc Trăng"
94,Sóc Trăng,950,Vĩnh Châu,31783,1,Phường,"Phường 1, Thị xã Vĩnh Châu, Tỉnh Sóc Trăng"
94,Sóc Trăng,950,Vĩnh Châu,31801,2,Phường,"Phường 2, Thị xã Vĩnh Châu, Tỉnh Sóc Trăng"
94,Sóc Trăng,950,Vĩnh Châu,31786,Hòa Đông,Xã,"Xã Hòa Đông, Thị xã Vĩnh Châu, Tỉnh Sóc Trăng"
94,Sóc Trăng,950,Vĩnh Châu,31789,Khánh Hòa,Phường,"Phường Khánh Hòa, Thị xã Vĩnh Châu, Tỉnh Sóc Trăng"
94,Sóc Trăng,950,Vĩnh Châu,31798,Lạc Hòa,Xã,"Xã Lạc Hòa, Thị xã Vĩnh Châu, Tỉnh Sóc Trăng"
94,Sóc Trăng,950,Vĩnh Châu,31810,Lai Hòa,Xã,"Xã Lai Hòa, Thị xã Vĩnh Châu, Tỉnh Sóc Trăng"
94,Sóc Trăng,950,Vĩnh Châu,31795,Vĩnh Hải,Xã,"Xã Vĩnh Hải, Thị xã Vĩnh Châu, Tỉnh Sóc Trăng"
94,Sóc Trăng,950,Vĩnh Châu,31792,Vĩnh Hiệp,Xã,"Xã Vĩnh Hiệp, Thị xã Vĩnh Châu, Tỉnh Sóc Trăng"
94,Sóc Trăng,950,Vĩnh Châu,31804,Vĩnh Phước,Phường,"Phường Vĩnh Phước, Thị xã Vĩnh Châu, Tỉnh Sóc Trăng"
94,Sóc Trăng,950,Vĩnh Châu,31807,Vĩnh Tân,Xã,"Xã Vĩnh Tân, Thị xã Vĩnh Châu, Tỉnh Sóc Trăng"
14,Sơn La,121,Bắc Yên,03856,Bắc Yên,Thị trấn,"Thị trấn Bắc Yên, Huyện Bắc Yên, Tỉnh Sơn La"
14,Sơn La,121,Bắc Yên,03895,Chiềng Sại,Xã,"Xã Chiềng Sại, Huyện Bắc Yên, Tỉnh Sơn La"
14,Sơn La,121,Bắc Yên,03877,Chim Vàn,Xã,"Xã Chim Vàn, Huyện Bắc Yên, Tỉnh Sơn La"
14,Sơn La,121,Bắc Yên,03862,Hang Chú,Xã,"Xã Hang Chú, Huyện Bắc Yên, Tỉnh Sơn La"
14,Sơn La,121,Bắc Yên,03869,Háng Đồng,Xã,"Xã Háng Đồng, Huyện Bắc Yên, Tỉnh Sơn La"
14,Sơn La,121,Bắc Yên,03886,Hồng Ngài,Xã,"Xã Hồng Ngài, Huyện Bắc Yên, Tỉnh Sơn La"
14,Sơn La,121,Bắc Yên,03890,Hua Nhàn,Xã,"Xã Hua Nhàn, Huyện Bắc Yên, Tỉnh Sơn La"
14,Sơn La,121,Bắc Yên,03874,Làng Chếu,Xã,"Xã Làng Chếu, Huyện Bắc Yên, Tỉnh Sơn La"
14,Sơn La,121,Bắc Yên,03880,Mường Khoa,Xã,"Xã Mường Khoa, Huyện Bắc Yên, Tỉnh Sơn La"
14,Sơn La,121,Bắc Yên,03871,Pắc Ngà,Xã,"Xã Pắc Ngà, Huyện Bắc Yên, Tỉnh Sơn La"
14,Sơn La,121,Bắc Yên,03859,Phiêng Ban,Xã,"Xã Phiêng Ban, Huyện Bắc Yên, Tỉnh Sơn La"
14,Sơn La,121,Bắc Yên,03892,Phiêng Côn,Xã,"Xã Phiêng Côn, Huyện Bắc Yên, Tỉnh Sơn La"
14,Sơn La,121,Bắc Yên,03883,Song Pe,Xã,"Xã Song Pe, Huyện Bắc Yên, Tỉnh Sơn La"
14,Sơn La,121,Bắc Yên,03889,Tạ Khoa,Xã,"Xã Tạ Khoa, Huyện Bắc Yên, Tỉnh Sơn La"
14,Sơn La,121,Bắc Yên,03868,Tà Xùa,Xã,"Xã Tà Xùa, Huyện Bắc Yên, Tỉnh Sơn La"
14,Sơn La,121,Bắc Yên,03865,Xím Vàng,Xã,"Xã Xím Vàng, Huyện Bắc Yên, Tỉnh Sơn La"
14,Sơn La,125,Mai Sơn,04120,Chiềng Ban,Xã,"Xã Chiềng Ban, Huyện Mai Sơn, Tỉnh Sơn La"
14,Sơn La,125,Mai Sơn,04114,Chiềng Chăn,Xã,"Xã Chiềng Chăn, Huyện Mai Sơn, Tỉnh Sơn La"
14,Sơn La,125,Mai Sơn,04129,Chiềng Chung,Xã,"Xã Chiềng Chung, Huyện Mai Sơn, Tỉnh Sơn La"
14,Sơn La,125,Mai Sơn,04147,Chiềng Dong,Xã,"Xã Chiềng Dong, Huyện Mai Sơn, Tỉnh Sơn La"
14,Sơn La,125,Mai Sơn,04150,Chiềng Kheo,Xã,"Xã Chiềng Kheo, Huyện Mai Sơn, Tỉnh Sơn La"
14,Sơn La,125,Mai Sơn,04156,Chiềng Lương,Xã,"Xã Chiềng Lương, Huyện Mai Sơn, Tỉnh Sơn La"
14,Sơn La,125,Mai Sơn,04132,Chiềng Mai,Xã,"Xã Chiềng Mai, Huyện Mai Sơn, Tỉnh Sơn La"
14,Sơn La,125,Mai Sơn,04123,Chiềng Mung,Xã,"Xã Chiềng Mung, Huyện Mai Sơn, Tỉnh Sơn La"
14,Sơn La,125,Mai Sơn,04141,Chiềng Nơi,Xã,"Xã Chiềng Nơi, Huyện Mai Sơn, Tỉnh Sơn La"
14,Sơn La,125,Mai Sơn,04108,Chiềng Sung,Xã,"Xã Chiềng Sung, Huyện Mai Sơn, Tỉnh Sơn La"
14,Sơn La,125,Mai Sơn,04153,Chiềng Ve,Xã,"Xã Chiềng Ve, Huyện Mai Sơn, Tỉnh Sơn La"
14,Sơn La,125,Mai Sơn,04138,Cò Nòi,Xã,"Xã Cò Nòi, Huyện Mai Sơn, Tỉnh Sơn La"
14,Sơn La,125,Mai Sơn,04105,Hát Lót,Thị trấn,"Thị trấn Hát Lót, Huyện Mai Sơn, Tỉnh Sơn La"
14,Sơn La,125,Mai Sơn,04135,Hát Lót,Xã,"Xã Hát Lót, Huyện Mai Sơn, Tỉnh Sơn La"
14,Sơn La,125,Mai Sơn,04111,Mường Bằng,Xã,"Xã Mường Bằng, Huyện Mai Sơn, Tỉnh Sơn La"
14,Sơn La,125,Mai Sơn,04126,Mường Bon,Xã,"Xã Mường Bon, Huyện Mai Sơn, Tỉnh Sơn La"
14,Sơn La,125,Mai Sơn,04117,Mường Chanh,Xã,"Xã Mường Chanh, Huyện Mai Sơn, Tỉnh Sơn La"
14,Sơn La,125,Mai Sơn,04136,Nà Bó,Xã,"Xã Nà Bó, Huyện Mai Sơn, Tỉnh Sơn La"
14,Sơn La,125,Mai Sơn,04162,Nà Ơt,Xã,"Xã Nà Ơt, Huyện Mai Sơn, Tỉnh Sơn La"
14,Sơn La,125,Mai Sơn,04144,Phiêng Cằm,Xã,"Xã Phiêng Cằm, Huyện Mai Sơn, Tỉnh Sơn La"
14,Sơn La,125,Mai Sơn,04159,Phiêng Pằn,Xã,"Xã Phiêng Pằn, Huyện Mai Sơn, Tỉnh Sơn La"
14,Sơn La,125,Mai Sơn,04165,Tà Hộc,Xã,"Xã Tà Hộc, Huyện Mai Sơn, Tỉnh Sơn La"
14,Sơn La,123,Mộc Châu,03983,Bình Minh,Phường,"Phường Bình Minh, Thị xã Mộc Châu, Tỉnh Sơn La"
14,Sơn La,123,Mộc Châu,04015,Chiềng Chung,Xã,"Xã Chiềng Chung, Thị xã Mộc Châu, Tỉnh Sơn La"
14,Sơn La,123,Mộc Châu,04012,Chiềng Hắc,Xã,"Xã Chiềng Hắc, Thị xã Mộc Châu, Tỉnh Sơn La"
14,Sơn La,123,Mộc Châu,04024,Chiềng Khừa,Xã,"Xã Chiềng Khừa, Thị xã Mộc Châu, Tỉnh Sơn La"
14,Sơn La,123,Mộc Châu,03985,Chiềng Sơn,Xã,"Xã Chiềng Sơn, Thị xã Mộc Châu, Tỉnh Sơn La"
14,Sơn La,123,Mộc Châu,03984,Cờ Đỏ,Phường,"Phường Cờ Đỏ, Thị xã Mộc Châu, Tỉnh Sơn La"
14,Sơn La,123,Mộc Châu,04000,Đoàn Kết,Xã,"Xã Đoàn Kết, Thị xã Mộc Châu, Tỉnh Sơn La"
14,Sơn La,123,Mộc Châu,04030,Đông Sang,Phường,"Phường Đông Sang, Thị xã Mộc Châu, Tỉnh Sơn La"
14,Sơn La,123,Mộc Châu,04045,Lóng Sập,Xã,"Xã Lóng Sập, Thị xã Mộc Châu, Tỉnh Sơn La"
14,Sơn La,123,Mộc Châu,03980,Mộc Lỵ,Phường,"Phường Mộc Lỵ, Thị xã Mộc Châu, Tỉnh Sơn La"
14,Sơn La,123,Mộc Châu,03979,Mộc Sơn,Phường,"Phường Mộc Sơn, Thị xã Mộc Châu, Tỉnh Sơn La"
14,Sơn La,123,Mộc Châu,04027,Mường Sang,Phường,"Phường Mường Sang, Thị xã Mộc Châu, Tỉnh Sơn La"
14,Sơn La,123,Mộc Châu,03997,Tân Yên,Xã,"Xã Tân Yên, Thị xã Mộc Châu, Tỉnh Sơn La"
14,Sơn La,123,Mộc Châu,03982,Thảo Nguyên,Phường,"Phường Thảo Nguyên, Thị xã Mộc Châu, Tỉnh Sơn La"
14,Sơn La,123,Mộc Châu,04033,Vân Sơn,Phường,"Phường Vân Sơn, Thị xã Mộc Châu, Tỉnh Sơn La"
14,Sơn La,120,Mường La,03832,Chiềng Ân,Xã,"Xã Chiềng Ân, Huyện Mường La, Tỉnh Sơn La"
14,Sơn La,120,Mường La,03838,Chiềng Công,Xã,"Xã Chiềng Công, Huyện Mường La, Tỉnh Sơn La"
14,Sơn La,120,Mường La,03850,Chiềng Hoa,Xã,"Xã Chiềng Hoa, Huyện Mường La, Tỉnh Sơn La"
14,Sơn La,120,Mường La,03814,Chiềng Lao,Xã,"Xã Chiềng Lao, Huyện Mường La, Tỉnh Sơn La"
14,Sơn La,120,Mường La,03829,Chiềng Muôn,Xã,"Xã Chiềng Muôn, Huyện Mường La, Tỉnh Sơn La"
14,Sơn La,120,Mường La,03844,Chiềng San,Xã,"Xã Chiềng San, Huyện Mường La, Tỉnh Sơn La"
14,Sơn La,120,Mường La,03817,Hua Trai,Xã,"Xã Hua Trai, Huyện Mường La, Tỉnh Sơn La"
14,Sơn La,120,Mường La,03808,Ít Ong,Thị trấn,"Thị trấn Ít Ong, Huyện Mường La, Tỉnh Sơn La"
14,Sơn La,120,Mường La,03847,Mường Bú,Xã,"Xã Mường Bú, Huyện Mường La, Tỉnh Sơn La"
14,Sơn La,120,Mường La,03853,Mường Chùm,Xã,"Xã Mường Chùm, Huyện Mường La, Tỉnh Sơn La"
14,Sơn La,120,Mường La,03823,Mường Trai,Xã,"Xã Mường Trai, Huyện Mường La, Tỉnh Sơn La"
14,Sơn La,120,Mường La,03811,Nậm Giôn,Xã,"Xã Nậm Giôn, Huyện Mường La, Tỉnh Sơn La"
14,Sơn La,120,Mường La,03826,Nậm Păm,Xã,"Xã Nậm Păm, Huyện Mường La, Tỉnh Sơn La"
14,Sơn La,120,Mường La,03820,Ngọc Chiến,Xã,"Xã Ngọc Chiến, Huyện Mường La, Tỉnh Sơn La"
14,Sơn La,120,Mường La,03835,Pi Toong,Xã,"Xã Pi Toong, Huyện Mường La, Tỉnh Sơn La"
14,Sơn La,120,Mường La,03841,Tạ Bú,Xã,"Xã Tạ Bú, Huyện Mường La, Tỉnh Sơn La"
14,Sơn La,122,Phù Yên,03976,Bắc Phong,Xã,"Xã Bắc Phong, Huyện Phù Yên, Tỉnh Sơn La"
14,Sơn La,122,Phù Yên,03967,Đá Đỏ,Xã,"Xã Đá Đỏ, Huyện Phù Yên, Tỉnh Sơn La"
14,Sơn La,122,Phù Yên,03922,Gia Phù,Xã,"Xã Gia Phù, Huyện Phù Yên, Tỉnh Sơn La"
14,Sơn La,122,Phù Yên,03928,Huy Hạ,Xã,"Xã Huy Hạ, Huyện Phù Yên, Tỉnh Sơn La"
14,Sơn La,122,Phù Yên,03931,Huy Tân,Xã,"Xã Huy Tân, Huyện Phù Yên, Tỉnh Sơn La"
14,Sơn La,122,Phù Yên,03916,Huy Thượng,Xã,"Xã Huy Thượng, Huyện Phù Yên, Tỉnh Sơn La"
14,Sơn La,122,Phù Yên,03940,Huy Tường,Xã,"Xã Huy Tường, Huyện Phù Yên, Tỉnh Sơn La"
14,Sơn La,122,Phù Yên,03961,Kim Bon,Xã,"Xã Kim Bon, Huyện Phù Yên, Tỉnh Sơn La"
14,Sơn La,122,Phù Yên,03964,Mường Bang,Xã,"Xã Mường Bang, Huyện Phù Yên, Tỉnh Sơn La"
14,Sơn La,122,Phù Yên,03907,Mường Cơi,Xã,"Xã Mường Cơi, Huyện Phù Yên, Tỉnh Sơn La"
14,Sơn La,122,Phù Yên,03943,Mường Do,Xã,"Xã Mường Do, Huyện Phù Yên, Tỉnh Sơn La"
14,Sơn La,122,Phù Yên,03934,Mường Lang,Xã,"Xã Mường Lang, Huyện Phù Yên, Tỉnh Sơn La"
14,Sơn La,122,Phù Yên,03904,Mường Thải,Xã,"Xã Mường Thải, Huyện Phù Yên, Tỉnh Sơn La"
14,Sơn La,122,Phù Yên,03973,Nam Phong,Xã,"Xã Nam Phong, Huyện Phù Yên, Tỉnh Sơn La"
14,Sơn La,122,Phù Yên,03910,Quang Huy,Thị trấn,"Thị trấn Quang Huy, Huyện Phù Yên, Tỉnh Sơn La"
14,Sơn La,122,Phù Yên,03946,Sập Xa,Xã,"Xã Sập Xa, Huyện Phù Yên, Tỉnh Sơn La"
14,Sơn La,122,Phù Yên,03937,Suối Bau,Xã,"Xã Suối Bau, Huyện Phù Yên, Tỉnh Sơn La"
14,Sơn La,122,Phù Yên,03901,Suối Tọ,Xã,"Xã Suối Tọ, Huyện Phù Yên, Tỉnh Sơn La"
14,Sơn La,122,Phù Yên,03919,Tân Lang,Xã,"Xã Tân Lang, Huyện Phù Yên, Tỉnh Sơn La"
14,Sơn La,122,Phù Yên,03970,Tân Phong,Xã,"Xã Tân Phong, Huyện Phù Yên, Tỉnh Sơn La"
14,Sơn La,122,Phù Yên,03958,Tường Hạ,Xã,"Xã Tường Hạ, Huyện Phù Yên, Tỉnh Sơn La"
14,Sơn La,122,Phù Yên,03955,Tường Phong,Xã,"Xã Tường Phong, Huyện Phù Yên, Tỉnh Sơn La"
14,Sơn La,122,Phù Yên,03925,Tường Phù,Xã,"Xã Tường Phù, Huyện Phù Yên, Tỉnh Sơn La"
14,Sơn La,122,Phù Yên,03949,Tường Thượng,Xã,"Xã Tường Thượng, Huyện Phù Yên, Tỉnh Sơn La"
14,Sơn La,122,Phù Yên,03952,Tường Tiến,Xã,"Xã Tường Tiến, Huyện Phù Yên, Tỉnh Sơn La"
14,Sơn La,118,Quỳnh Nhai,03685,Cà Nàng,Xã,"Xã Cà Nàng, Huyện Quỳnh Nhai, Tỉnh Sơn La"
14,Sơn La,118,Quỳnh Nhai,03706,Chiềng Bằng,Xã,"Xã Chiềng Bằng, Huyện Quỳnh Nhai, Tỉnh Sơn La"
14,Sơn La,118,Quỳnh Nhai,03688,Chiềng Khay,Xã,"Xã Chiềng Khay, Huyện Quỳnh Nhai, Tỉnh Sơn La"
14,Sơn La,118,Quỳnh Nhai,03718,Chiềng Khoang,Xã,"Xã Chiềng Khoang, Huyện Quỳnh Nhai, Tỉnh Sơn La"
14,Sơn La,118,Quỳnh Nhai,03700,Chiềng Ơn,Xã,"Xã Chiềng Ơn, Huyện Quỳnh Nhai, Tỉnh Sơn La"
14,Sơn La,118,Quỳnh Nhai,03682,Mường Chiên,Xã,"Xã Mường Chiên, Huyện Quỳnh Nhai, Tỉnh Sơn La"
14,Sơn La,118,Quỳnh Nhai,03703,Mường Giàng,Thị trấn,"Thị trấn Mường Giàng, Huyện Quỳnh Nhai, Tỉnh Sơn La"
14,Sơn La,118,Quỳnh Nhai,03694,Mường Giôn,Xã,"Xã Mường Giôn, Huyện Quỳnh Nhai, Tỉnh Sơn La"
14,Sơn La,118,Quỳnh Nhai,03709,Mường Sại,Xã,"Xã Mường Sại, Huyện Quỳnh Nhai, Tỉnh Sơn La"
14,Sơn La,118,Quỳnh Nhai,03712,Nậm ét,Xã,"Xã Nậm ét, Huyện Quỳnh Nhai, Tỉnh Sơn La"
14,Sơn La,118,Quỳnh Nhai,03697,Pá Ma Pha Khinh,Xã,"Xã Pá Ma Pha Khinh, Huyện Quỳnh Nhai, Tỉnh Sơn La"
14,Sơn La,116,Sơn La,03667,Chiềng An,Phường,"Phường Chiềng An, Thành phố Sơn La, Tỉnh Sơn La"
14,Sơn La,116,Sơn La,03658,Chiềng Cọ,Xã,"Xã Chiềng Cọ, Thành phố Sơn La, Tỉnh Sơn La"
14,Sơn La,116,Sơn La,03670,Chiềng Cơi,Phường,"Phường Chiềng Cơi, Thành phố Sơn La, Tỉnh Sơn La"
14,Sơn La,116,Sơn La,03661,Chiềng Đen,Xã,"Xã Chiềng Đen, Thành phố Sơn La, Tỉnh Sơn La"
14,Sơn La,116,Sơn La,03646,Chiềng Lề,Phường,"Phường Chiềng Lề, Thành phố Sơn La, Tỉnh Sơn La"
14,Sơn La,116,Sơn La,03673,Chiềng Ngần,Xã,"Xã Chiềng Ngần, Thành phố Sơn La, Tỉnh Sơn La"
14,Sơn La,116,Sơn La,03679,Chiềng Sinh,Phường,"Phường Chiềng Sinh, Thành phố Sơn La, Tỉnh Sơn La"
14,Sơn La,116,Sơn La,03664,Chiềng Xôm,Xã,"Xã Chiềng Xôm, Thành phố Sơn La, Tỉnh Sơn La"
14,Sơn La,116,Sơn La,03676,Hua La,Xã,"Xã Hua La, Thành phố Sơn La, Tỉnh Sơn La"
14,Sơn La,116,Sơn La,03655,Quyết Tâm,Phường,"Phường Quyết Tâm, Thành phố Sơn La, Tỉnh Sơn La"
14,Sơn La,116,Sơn La,03652,Quyết Thắng,Phường,"Phường Quyết Thắng, Thành phố Sơn La, Tỉnh Sơn La"
14,Sơn La,116,Sơn La,03649,Tô Hiệu,Phường,"Phường Tô Hiệu, Thành phố Sơn La, Tỉnh Sơn La"
14,Sơn La,126,Sông Mã,04171,Bó Sinh,Xã,"Xã Bó Sinh, Huyện Sông Mã, Tỉnh Sơn La"
14,Sơn La,126,Sông Mã,04207,Chiềng Cang,Xã,"Xã Chiềng Cang, Huyện Sông Mã, Tỉnh Sơn La"
14,Sơn La,126,Sông Mã,04180,Chiềng En,Xã,"Xã Chiềng En, Huyện Sông Mã, Tỉnh Sơn La"
14,Sơn La,126,Sông Mã,04204,Chiềng Khoong,Xã,"Xã Chiềng Khoong, Huyện Sông Mã, Tỉnh Sơn La"
14,Sơn La,126,Sông Mã,04222,Chiềng Khương,Xã,"Xã Chiềng Khương, Huyện Sông Mã, Tỉnh Sơn La"
14,Sơn La,126,Sông Mã,04177,Chiềng Phung,Xã,"Xã Chiềng Phung, Huyện Sông Mã, Tỉnh Sơn La"
14,Sơn La,126,Sông Mã,04195,Chiềng Sơ,Xã,"Xã Chiềng Sơ, Huyện Sông Mã, Tỉnh Sơn La"
14,Sơn La,126,Sông Mã,04189,Đứa Mòn,Xã,"Xã Đứa Mòn, Huyện Sông Mã, Tỉnh Sơn La"
14,Sơn La,126,Sông Mã,04210,Huổi Một,Xã,"Xã Huổi Một, Huyện Sông Mã, Tỉnh Sơn La"
14,Sơn La,126,Sông Mã,04216,Mường Cai,Xã,"Xã Mường Cai, Huyện Sông Mã, Tỉnh Sơn La"
14,Sơn La,126,Sông Mã,04219,Mường Hung,Xã,"Xã Mường Hung, Huyện Sông Mã, Tỉnh Sơn La"
14,Sơn La,126,Sông Mã,04183,Mường Lầm,Xã,"Xã Mường Lầm, Huyện Sông Mã, Tỉnh Sơn La"
14,Sơn La,126,Sông Mã,04213,Mường Sai,Xã,"Xã Mường Sai, Huyện Sông Mã, Tỉnh Sơn La"
14,Sơn La,126,Sông Mã,04198,Nà Nghịu,Xã,"Xã Nà Nghịu, Huyện Sông Mã, Tỉnh Sơn La"
14,Sơn La,126,Sông Mã,04201,Nậm Mằn,Xã,"Xã Nậm Mằn, Huyện Sông Mã, Tỉnh Sơn La"
14,Sơn La,126,Sông Mã,04186,Nậm Ty,Xã,"Xã Nậm Ty, Huyện Sông Mã, Tỉnh Sơn La"
14,Sơn La,126,Sông Mã,04174,Pú Bẩu,Xã,"Xã Pú Bẩu, Huyện Sông Mã, Tỉnh Sơn La"
14,Sơn La,126,Sông Mã,04168,Sông Mã,Thị trấn,"Thị trấn Sông Mã, Huyện Sông Mã, Tỉnh Sơn La"
14,Sơn La,126,Sông Mã,04192,Yên Hưng,Xã,"Xã Yên Hưng, Huyện Sông Mã, Tỉnh Sơn La"
14,Sơn La,127,Sốp Cộp,04234,Dồm Cang,Xã,"Xã Dồm Cang, Huyện Sốp Cộp, Tỉnh Sơn La"
14,Sơn La,127,Sốp Cộp,04246,Mường Lạn,Xã,"Xã Mường Lạn, Huyện Sốp Cộp, Tỉnh Sơn La"
14,Sơn La,127,Sốp Cộp,04240,Mường Lèo,Xã,"Xã Mường Lèo, Huyện Sốp Cộp, Tỉnh Sơn La"
14,Sơn La,127,Sốp Cộp,04243,Mường Và,Xã,"Xã Mường Và, Huyện Sốp Cộp, Tỉnh Sơn La"
14,Sơn La,127,Sốp Cộp,04237,Nậm Lạnh,Xã,"Xã Nậm Lạnh, Huyện Sốp Cộp, Tỉnh Sơn La"
14,Sơn La,127,Sốp Cộp,04228,Púng Bánh,Xã,"Xã Púng Bánh, Huyện Sốp Cộp, Tỉnh Sơn La"
14,Sơn La,127,Sốp Cộp,04225,Sam Kha,Xã,"Xã Sam Kha, Huyện Sốp Cộp, Tỉnh Sơn La"
14,Sơn La,127,Sốp Cộp,04231,Sốp Cộp,Xã,"Xã Sốp Cộp, Huyện Sốp Cộp, Tỉnh Sơn La"
14,Sơn La,119,Thuận Châu,03805,Bản Lầm,Xã,"Xã Bản Lầm, Huyện Thuận Châu, Tỉnh Sơn La"
14,Sơn La,119,Thuận Châu,03778,Bó Mười,Xã,"Xã Bó Mười, Huyện Thuận Châu, Tỉnh Sơn La"
14,Sơn La,119,Thuận Châu,03793,Bon Phặng,Xã,"Xã Bon Phặng, Huyện Thuận Châu, Tỉnh Sơn La"
14,Sơn La,119,Thuận Châu,03766,Chiềng Bôm,Xã,"Xã Chiềng Bôm, Huyện Thuận Châu, Tỉnh Sơn La"
14,Sơn La,119,Thuận Châu,03733,Chiềng La,Xã,"Xã Chiềng La, Huyện Thuận Châu, Tỉnh Sơn La"
14,Sơn La,119,Thuận Châu,03736,Chiềng Ngàm,Xã,"Xã Chiềng Ngàm, Huyện Thuận Châu, Tỉnh Sơn La"
14,Sơn La,119,Thuận Châu,03787,Chiềng Pấc,Xã,"Xã Chiềng Pấc, Huyện Thuận Châu, Tỉnh Sơn La"
14,Sơn La,119,Thuận Châu,03730,Chiềng Pha,Xã,"Xã Chiềng Pha, Huyện Thuận Châu, Tỉnh Sơn La"
14,Sơn La,119,Thuận Châu,03781,Co Mạ,Xã,"Xã Co Mạ, Huyện Thuận Châu, Tỉnh Sơn La"
14,Sơn La,119,Thuận Châu,03796,Co Tòng,Xã,"Xã Co Tòng, Huyện Thuận Châu, Tỉnh Sơn La"
14,Sơn La,119,Thuận Châu,03742,é Tòng,Xã,"Xã é Tòng, Huyện Thuận Châu, Tỉnh Sơn La"
14,Sơn La,119,Thuận Châu,03739,Liệp Tè,Xã,"Xã Liệp Tè, Huyện Thuận Châu, Tỉnh Sơn La"
14,Sơn La,119,Thuận Châu,03763,Long Hẹ,Xã,"Xã Long Hẹ, Huyện Thuận Châu, Tỉnh Sơn La"
14,Sơn La,119,Thuận Châu,03799,Muổi Nọi,Xã,"Xã Muổi Nọi, Huyện Thuận Châu, Tỉnh Sơn La"
14,Sơn La,119,Thuận Châu,03760,Mường Bám,Xã,"Xã Mường Bám, Huyện Thuận Châu, Tỉnh Sơn La"
14,Sơn La,119,Thuận Châu,03727,Mường é,Xã,"Xã Mường é, Huyện Thuận Châu, Tỉnh Sơn La"
14,Sơn La,119,Thuận Châu,03757,Mường Khiêng,Xã,"Xã Mường Khiêng, Huyện Thuận Châu, Tỉnh Sơn La"
14,Sơn La,119,Thuận Châu,03790,Nậm Lầu,Xã,"Xã Nậm Lầu, Huyện Thuận Châu, Tỉnh Sơn La"
14,Sơn La,119,Thuận Châu,03754,Nong Lay,Xã,"Xã Nong Lay, Huyện Thuận Châu, Tỉnh Sơn La"
14,Sơn La,119,Thuận Châu,03802,Pá Lông,Xã,"Xã Pá Lông, Huyện Thuận Châu, Tỉnh Sơn La"
14,Sơn La,119,Thuận Châu,03724,Phổng Lái,Xã,"Xã Phổng Lái, Huyện Thuận Châu, Tỉnh Sơn La"
14,Sơn La,119,Thuận Châu,03745,Phổng Lập,Xã,"Xã Phổng Lập, Huyện Thuận Châu, Tỉnh Sơn La"
14,Sơn La,119,Thuận Châu,03748,Phổng Ly,Xã,"Xã Phổng Ly, Huyện Thuận Châu, Tỉnh Sơn La"
14,Sơn La,119,Thuận Châu,03784,Púng Tra,Xã,"Xã Púng Tra, Huyện Thuận Châu, Tỉnh Sơn La"
14,Sơn La,119,Thuận Châu,03769,Thôm Mòn,Xã,"Xã Thôm Mòn, Huyện Thuận Châu, Tỉnh Sơn La"
14,Sơn La,119,Thuận Châu,03721,Thuận Châu,Thị trấn,"Thị trấn Thuận Châu, Huyện Thuận Châu, Tỉnh Sơn La"
14,Sơn La,119,Thuận Châu,03775,Tông Cọ,Xã,"Xã Tông Cọ, Huyện Thuận Châu, Tỉnh Sơn La"
14,Sơn La,119,Thuận Châu,03772,Tông Lạnh,Xã,"Xã Tông Lạnh, Huyện Thuận Châu, Tỉnh Sơn La"
14,Sơn La,128,Vân Hồ,04036,Chiềng Khoa,Xã,"Xã Chiềng Khoa, Huyện Vân Hồ, Tỉnh Sơn La"
14,Sơn La,128,Vân Hồ,04056,Chiềng Xuân,Xã,"Xã Chiềng Xuân, Huyện Vân Hồ, Tỉnh Sơn La"
14,Sơn La,128,Vân Hồ,04054,Chiềng Yên,Xã,"Xã Chiềng Yên, Huyện Vân Hồ, Tỉnh Sơn La"
14,Sơn La,128,Vân Hồ,04009,Liên Hoà,Xã,"Xã Liên Hoà, Huyện Vân Hồ, Tỉnh Sơn La"
14,Sơn La,128,Vân Hồ,04051,Lóng Luông,Xã,"Xã Lóng Luông, Huyện Vân Hồ, Tỉnh Sơn La"
14,Sơn La,128,Vân Hồ,04039,Mường Men,Xã,"Xã Mường Men, Huyện Vân Hồ, Tỉnh Sơn La"
14,Sơn La,128,Vân Hồ,04021,Mường Tè,Xã,"Xã Mường Tè, Huyện Vân Hồ, Tỉnh Sơn La"
14,Sơn La,128,Vân Hồ,04042,Quang Minh,Xã,"Xã Quang Minh, Huyện Vân Hồ, Tỉnh Sơn La"
14,Sơn La,128,Vân Hồ,04006,Song Khủa,Xã,"Xã Song Khủa, Huyện Vân Hồ, Tỉnh Sơn La"
14,Sơn La,128,Vân Hồ,03994,Suối Bàng,Xã,"Xã Suối Bàng, Huyện Vân Hồ, Tỉnh Sơn La"
14,Sơn La,128,Vân Hồ,04058,Tân Xuân,Xã,"Xã Tân Xuân, Huyện Vân Hồ, Tỉnh Sơn La"
14,Sơn La,128,Vân Hồ,04018,Tô Múa,Xã,"Xã Tô Múa, Huyện Vân Hồ, Tỉnh Sơn La"
14,Sơn La,128,Vân Hồ,04048,Vân Hồ,Xã,"Xã Vân Hồ, Huyện Vân Hồ, Tỉnh Sơn La"
14,Sơn La,128,Vân Hồ,04057,Xuân Nha,Xã,"Xã Xuân Nha, Huyện Vân Hồ, Tỉnh Sơn La"
14,Sơn La,124,Yên Châu,04063,Chiềng Đông,Xã,"Xã Chiềng Đông, Huyện Yên Châu, Tỉnh Sơn La"
14,Sơn La,124,Yên Châu,04078,Chiềng Hặc,Xã,"Xã Chiềng Hặc, Huyện Yên Châu, Tỉnh Sơn La"
14,Sơn La,124,Yên Châu,04090,Chiềng Khoi,Xã,"Xã Chiềng Khoi, Huyện Yên Châu, Tỉnh Sơn La"
14,Sơn La,124,Yên Châu,04084,Chiềng On,Xã,"Xã Chiềng On, Huyện Yên Châu, Tỉnh Sơn La"
14,Sơn La,124,Yên Châu,04072,Chiềng Pằn,Xã,"Xã Chiềng Pằn, Huyện Yên Châu, Tỉnh Sơn La"
14,Sơn La,124,Yên Châu,04069,Chiềng Sàng,Xã,"Xã Chiềng Sàng, Huyện Yên Châu, Tỉnh Sơn La"
14,Sơn La,124,Yên Châu,04102,Chiềng Tương,Xã,"Xã Chiềng Tương, Huyện Yên Châu, Tỉnh Sơn La"
14,Sơn La,124,Yên Châu,04096,Lóng Phiêng,Xã,"Xã Lóng Phiêng, Huyện Yên Châu, Tỉnh Sơn La"
14,Sơn La,124,Yên Châu,04081,Mường Lựm,Xã,"Xã Mường Lựm, Huyện Yên Châu, Tỉnh Sơn La"
14,Sơn La,124,Yên Châu,04099,Phiêng Khoài,Xã,"Xã Phiêng Khoài, Huyện Yên Châu, Tỉnh Sơn La"
14,Sơn La,124,Yên Châu,04066,Sặp Vạt,Xã,"Xã Sặp Vạt, Huyện Yên Châu, Tỉnh Sơn La"
14,Sơn La,124,Yên Châu,04093,Tú Nang,Xã,"Xã Tú Nang, Huyện Yên Châu, Tỉnh Sơn La"
14,Sơn La,124,Yên Châu,04075,Yên Châu,Thị trấn,"Thị trấn Yên Châu, Huyện Yên Châu, Tỉnh Sơn La"
14,Sơn La,124,Yên Châu,04087,Yên Sơn,Xã,"Xã Yên Sơn, Huyện Yên Châu, Tỉnh Sơn La"
72,Tây Ninh,711,Bến Cầu,25705,An Thạnh,Xã,"Xã An Thạnh, Huyện Bến Cầu, Tỉnh Tây Ninh"
72,Tây Ninh,711,Bến Cầu,25681,Bến Cầu,Thị trấn,"Thị trấn Bến Cầu, Huyện Bến Cầu, Tỉnh Tây Ninh"
72,Tây Ninh,711,Bến Cầu,25699,Lợi Thuận,Xã,"Xã Lợi Thuận, Huyện Bến Cầu, Tỉnh Tây Ninh"
72,Tây Ninh,711,Bến Cầu,25684,Long Chữ,Xã,"Xã Long Chữ, Huyện Bến Cầu, Tỉnh Tây Ninh"
72,Tây Ninh,711,Bến Cầu,25690,Long Giang,Xã,"Xã Long Giang, Huyện Bến Cầu, Tỉnh Tây Ninh"
72,Tây Ninh,711,Bến Cầu,25696,Long Khánh,Xã,"Xã Long Khánh, Huyện Bến Cầu, Tỉnh Tây Ninh"
72,Tây Ninh,711,Bến Cầu,25687,Long Phước,Xã,"Xã Long Phước, Huyện Bến Cầu, Tỉnh Tây Ninh"
72,Tây Ninh,711,Bến Cầu,25702,Long Thuận,Xã,"Xã Long Thuận, Huyện Bến Cầu, Tỉnh Tây Ninh"
72,Tây Ninh,711,Bến Cầu,25693,Tiên Thuận,Xã,"Xã Tiên Thuận, Huyện Bến Cầu, Tỉnh Tây Ninh"
72,Tây Ninh,708,Châu Thành,25615,An Bình,Xã,"Xã An Bình, Huyện Châu Thành, Tỉnh Tây Ninh"
72,Tây Ninh,708,Châu Thành,25600,An Cơ,Xã,"Xã An Cơ, Huyện Châu Thành, Tỉnh Tây Ninh"
72,Tây Ninh,708,Châu Thành,25603,Biên Giới,Xã,"Xã Biên Giới, Huyện Châu Thành, Tỉnh Tây Ninh"
72,Tây Ninh,708,Châu Thành,25585,Châu Thành,Thị trấn,"Thị trấn Châu Thành, Huyện Châu Thành, Tỉnh Tây Ninh"
72,Tây Ninh,708,Châu Thành,25594,Đồng Khởi,Xã,"Xã Đồng Khởi, Huyện Châu Thành, Tỉnh Tây Ninh"
72,Tây Ninh,708,Châu Thành,25588,Hảo Đước,Xã,"Xã Hảo Đước, Huyện Châu Thành, Tỉnh Tây Ninh"
72,Tây Ninh,708,Châu Thành,25612,Hòa Hội,Xã,"Xã Hòa Hội, Huyện Châu Thành, Tỉnh Tây Ninh"
72,Tây Ninh,708,Châu Thành,25606,Hòa Thạnh,Xã,"Xã Hòa Thạnh, Huyện Châu Thành, Tỉnh Tây Ninh"
72,Tây Ninh,708,Châu Thành,25627,Long Vĩnh,Xã,"Xã Long Vĩnh, Huyện Châu Thành, Tỉnh Tây Ninh"
72,Tây Ninh,708,Châu Thành,25624,Ninh Điền,Xã,"Xã Ninh Điền, Huyện Châu Thành, Tỉnh Tây Ninh"
72,Tây Ninh,708,Châu Thành,25591,Phước Vinh,Xã,"Xã Phước Vinh, Huyện Châu Thành, Tỉnh Tây Ninh"
72,Tây Ninh,708,Châu Thành,25597,Thái Bình,Xã,"Xã Thái Bình, Huyện Châu Thành, Tỉnh Tây Ninh"
72,Tây Ninh,708,Châu Thành,25618,Thanh Điền,Xã,"Xã Thanh Điền, Huyện Châu Thành, Tỉnh Tây Ninh"
72,Tây Ninh,708,Châu Thành,25621,Thành Long,Xã,"Xã Thành Long, Huyện Châu Thành, Tỉnh Tây Ninh"
72,Tây Ninh,708,Châu Thành,25609,Trí Bình,Xã,"Xã Trí Bình, Huyện Châu Thành, Tỉnh Tây Ninh"
72,Tây Ninh,707,Dương Minh Châu,25567,Bàu Năng,Xã,"Xã Bàu Năng, Huyện Dương Minh Châu, Tỉnh Tây Ninh"
72,Tây Ninh,707,Dương Minh Châu,25576,Bến Củi,Xã,"Xã Bến Củi, Huyện Dương Minh Châu, Tỉnh Tây Ninh"
72,Tây Ninh,707,Dương Minh Châu,25573,Cầu Khởi,Xã,"Xã Cầu Khởi, Huyện Dương Minh Châu, Tỉnh Tây Ninh"
72,Tây Ninh,707,Dương Minh Châu,25570,Chà Là,Xã,"Xã Chà Là, Huyện Dương Minh Châu, Tỉnh Tây Ninh"
72,Tây Ninh,707,Dương Minh Châu,25552,Dương Minh Châu,Thị trấn,"Thị trấn Dương Minh Châu, Huyện Dương Minh Châu, Tỉnh Tây Ninh"
72,Tây Ninh,707,Dương Minh Châu,25579,Lộc Ninh,Xã,"Xã Lộc Ninh, Huyện Dương Minh Châu, Tỉnh Tây Ninh"
72,Tây Ninh,707,Dương Minh Châu,25558,Phan,Xã,"Xã Phan, Huyện Dương Minh Châu, Tỉnh Tây Ninh"
72,Tây Ninh,707,Dương Minh Châu,25564,Phước Minh,Xã,"Xã Phước Minh, Huyện Dương Minh Châu, Tỉnh Tây Ninh"
72,Tây Ninh,707,Dương Minh Châu,25561,Phước Ninh,Xã,"Xã Phước Ninh, Huyện Dương Minh Châu, Tỉnh Tây Ninh"
72,Tây Ninh,707,Dương Minh Châu,25555,Suối Đá,Xã,"Xã Suối Đá, Huyện Dương Minh Châu, Tỉnh Tây Ninh"
72,Tây Ninh,707,Dương Minh Châu,25582,Truông Mít,Xã,"Xã Truông Mít, Huyện Dương Minh Châu, Tỉnh Tây Ninh"
72,Tây Ninh,710,Gò Dầu,25666,Bàu Đồn,Xã,"Xã Bàu Đồn, Huyện Gò Dầu, Tỉnh Tây Ninh"
72,Tây Ninh,710,Gò Dầu,25660,Cẩm Giang,Xã,"Xã Cẩm Giang, Huyện Gò Dầu, Tỉnh Tây Ninh"
72,Tây Ninh,710,Gò Dầu,25654,Gò Dầu,Thị trấn,"Thị trấn Gò Dầu, Huyện Gò Dầu, Tỉnh Tây Ninh"
72,Tây Ninh,710,Gò Dầu,25663,Hiệp Thạnh,Xã,"Xã Hiệp Thạnh, Huyện Gò Dầu, Tỉnh Tây Ninh"
72,Tây Ninh,710,Gò Dầu,25672,Phước Đông,Xã,"Xã Phước Đông, Huyện Gò Dầu, Tỉnh Tây Ninh"
72,Tây Ninh,710,Gò Dầu,25669,Phước Thạnh,Xã,"Xã Phước Thạnh, Huyện Gò Dầu, Tỉnh Tây Ninh"
72,Tây Ninh,710,Gò Dầu,25675,Phước Trạch,Xã,"Xã Phước Trạch, Huyện Gò Dầu, Tỉnh Tây Ninh"
72,Tây Ninh,710,Gò Dầu,25657,Thạnh Đức,Xã,"Xã Thạnh Đức, Huyện Gò Dầu, Tỉnh Tây Ninh"
72,Tây Ninh,710,Gò Dầu,25678,Thanh Phước,Xã,"Xã Thanh Phước, Huyện Gò Dầu, Tỉnh Tây Ninh"
72,Tây Ninh,709,Hòa Thành,25633,Hiệp Tân,Phường,"Phường Hiệp Tân, Thị xã Hòa Thành, Tỉnh Tây Ninh"
72,Tây Ninh,709,Hòa Thành,25630,Long Hoa,Phường,"Phường Long Hoa, Thị xã Hòa Thành, Tỉnh Tây Ninh"
72,Tây Ninh,709,Hòa Thành,25636,Long Thành Bắc,Phường,"Phường Long Thành Bắc, Thị xã Hòa Thành, Tỉnh Tây Ninh"
72,Tây Ninh,709,Hòa Thành,25651,Long Thành Nam,Xã,"Xã Long Thành Nam, Thị xã Hòa Thành, Tỉnh Tây Ninh"
72,Tây Ninh,709,Hòa Thành,25645,Long Thành Trung,Phường,"Phường Long Thành Trung, Thị xã Hòa Thành, Tỉnh Tây Ninh"
72,Tây Ninh,709,Hòa Thành,25642,Trường Đông,Xã,"Xã Trường Đông, Thị xã Hòa Thành, Tỉnh Tây Ninh"
72,Tây Ninh,709,Hòa Thành,25639,Trường Hòa,Xã,"Xã Trường Hòa, Thị xã Hòa Thành, Tỉnh Tây Ninh"
72,Tây Ninh,709,Hòa Thành,25648,Trường Tây,Xã,"Xã Trường Tây, Thị xã Hòa Thành, Tỉnh Tây Ninh"
72,Tây Ninh,705,Tân Biên,25504,Hòa Hiệp,Xã,"Xã Hòa Hiệp, Huyện Tân Biên, Tỉnh Tây Ninh"
72,Tây Ninh,705,Tân Biên,25510,Mỏ Công,Xã,"Xã Mỏ Công, Huyện Tân Biên, Tỉnh Tây Ninh"
72,Tây Ninh,705,Tân Biên,25486,Tân Biên,Thị trấn,"Thị trấn Tân Biên, Huyện Tân Biên, Tỉnh Tây Ninh"
72,Tây Ninh,705,Tân Biên,25495,Tân Bình,Xã,"Xã Tân Bình, Huyện Tân Biên, Tỉnh Tây Ninh"
72,Tây Ninh,705,Tân Biên,25489,Tân Lập,Xã,"Xã Tân Lập, Huyện Tân Biên, Tỉnh Tây Ninh"
72,Tây Ninh,705,Tân Biên,25507,Tân Phong,Xã,"Xã Tân Phong, Huyện Tân Biên, Tỉnh Tây Ninh"
72,Tây Ninh,705,Tân Biên,25492,Thạnh Bắc,Xã,"Xã Thạnh Bắc, Huyện Tân Biên, Tỉnh Tây Ninh"
72,Tây Ninh,705,Tân Biên,25498,Thạnh Bình,Xã,"Xã Thạnh Bình, Huyện Tân Biên, Tỉnh Tây Ninh"
72,Tây Ninh,705,Tân Biên,25501,Thạnh Tây,Xã,"Xã Thạnh Tây, Huyện Tân Biên, Tỉnh Tây Ninh"
72,Tây Ninh,705,Tân Biên,25513,Trà Vong,Xã,"Xã Trà Vong, Huyện Tân Biên, Tỉnh Tây Ninh"
72,Tây Ninh,706,Tân Châu,25534,Suối Dây,Xã,"Xã Suối Dây, Huyện Tân Châu, Tỉnh Tây Ninh"
72,Tây Ninh,706,Tân Châu,25531,Suối Ngô,Xã,"Xã Suối Ngô, Huyện Tân Châu, Tỉnh Tây Ninh"
72,Tây Ninh,706,Tân Châu,25516,Tân Châu,Thị trấn,"Thị trấn Tân Châu, Huyện Tân Châu, Tỉnh Tây Ninh"
72,Tây Ninh,706,Tân Châu,25522,Tân Đông,Xã,"Xã Tân Đông, Huyện Tân Châu, Tỉnh Tây Ninh"
72,Tây Ninh,706,Tân Châu,25519,Tân Hà,Xã,"Xã Tân Hà, Huyện Tân Châu, Tỉnh Tây Ninh"
72,Tây Ninh,706,Tân Châu,25537,Tân Hiệp,Xã,"Xã Tân Hiệp, Huyện Tân Châu, Tỉnh Tây Ninh"
72,Tây Ninh,706,Tân Châu,25528,Tân Hòa,Xã,"Xã Tân Hòa, Huyện Tân Châu, Tỉnh Tây Ninh"
72,Tây Ninh,706,Tân Châu,25525,Tân Hội,Xã,"Xã Tân Hội, Huyện Tân Châu, Tỉnh Tây Ninh"
72,Tây Ninh,706,Tân Châu,25549,Tân Hưng,Xã,"Xã Tân Hưng, Huyện Tân Châu, Tỉnh Tây Ninh"
72,Tây Ninh,706,Tân Châu,25546,Tân Phú,Xã,"Xã Tân Phú, Huyện Tân Châu, Tỉnh Tây Ninh"
72,Tây Ninh,706,Tân Châu,25543,Tân Thành,Xã,"Xã Tân Thành, Huyện Tân Châu, Tỉnh Tây Ninh"
72,Tây Ninh,706,Tân Châu,25540,Thạnh Đông,Xã,"Xã Thạnh Đông, Huyện Tân Châu, Tỉnh Tây Ninh"
72,Tây Ninh,703,Tây Ninh,25456,1,Phường,"Phường 1, Thành phố Tây Ninh, Tỉnh Tây Ninh"
72,Tây Ninh,703,Tây Ninh,25468,2,Phường,"Phường 2, Thành phố Tây Ninh, Tỉnh Tây Ninh"
72,Tây Ninh,703,Tây Ninh,25459,3,Phường,"Phường 3, Thành phố Tây Ninh, Tỉnh Tây Ninh"
72,Tây Ninh,703,Tây Ninh,25462,4,Phường,"Phường 4, Thành phố Tây Ninh, Tỉnh Tây Ninh"
72,Tây Ninh,703,Tây Ninh,25477,Bình Minh,Xã,"Xã Bình Minh, Thành phố Tây Ninh, Tỉnh Tây Ninh"
72,Tây Ninh,703,Tây Ninh,25465,Hiệp Ninh,Phường,"Phường Hiệp Ninh, Thành phố Tây Ninh, Tỉnh Tây Ninh"
72,Tây Ninh,703,Tây Ninh,25480,Ninh Sơn,Phường,"Phường Ninh Sơn, Thành phố Tây Ninh, Tỉnh Tây Ninh"
72,Tây Ninh,703,Tây Ninh,25483,Ninh Thạnh,Phường,"Phường Ninh Thạnh, Thành phố Tây Ninh, Tỉnh Tây Ninh"
72,Tây Ninh,703,Tây Ninh,25474,Tân Bình,Xã,"Xã Tân Bình, Thành phố Tây Ninh, Tỉnh Tây Ninh"
72,Tây Ninh,703,Tây Ninh,25471,Thạnh Tân,Xã,"Xã Thạnh Tân, Thành phố Tây Ninh, Tỉnh Tây Ninh"
72,Tây Ninh,712,Trảng Bàng,25735,An Hòa,Phường,"Phường An Hòa, Thị xã Trảng Bàng, Tỉnh Tây Ninh"
72,Tây Ninh,712,Trảng Bàng,25732,An Tịnh,Phường,"Phường An Tịnh, Thị xã Trảng Bàng, Tỉnh Tây Ninh"
72,Tây Ninh,712,Trảng Bàng,25711,Đôn Thuận,Xã,"Xã Đôn Thuận, Thị xã Trảng Bàng, Tỉnh Tây Ninh"
72,Tây Ninh,712,Trảng Bàng,25723,Gia Bình,Phường,"Phường Gia Bình, Thị xã Trảng Bàng, Tỉnh Tây Ninh"
72,Tây Ninh,712,Trảng Bàng,25720,Gia Lộc,Phường,"Phường Gia Lộc, Thị xã Trảng Bàng, Tỉnh Tây Ninh"
72,Tây Ninh,712,Trảng Bàng,25714,Hưng Thuận,Xã,"Xã Hưng Thuận, Thị xã Trảng Bàng, Tỉnh Tây Ninh"
72,Tây Ninh,712,Trảng Bàng,25717,Lộc Hưng,Phường,"Phường Lộc Hưng, Thị xã Trảng Bàng, Tỉnh Tây Ninh"
72,Tây Ninh,712,Trảng Bàng,25729,Phước Bình,Xã,"Xã Phước Bình, Thị xã Trảng Bàng, Tỉnh Tây Ninh"
72,Tây Ninh,712,Trảng Bàng,25738,Phước Chỉ,Xã,"Xã Phước Chỉ, Thị xã Trảng Bàng, Tỉnh Tây Ninh"
72,Tây Ninh,712,Trảng Bàng,25708,Trảng Bàng,Phường,"Phường Trảng Bàng, Thị xã Trảng Bàng, Tỉnh Tây Ninh"
34,Thái Bình,340,Đông Hưng,12802,Đông Á,Xã,"Xã Đông Á, Huyện Đông Hưng, Tỉnh Thái Bình"
34,Thái Bình,340,Đông Hưng,12757,Đông Các,Xã,"Xã Đông Các, Huyện Đông Hưng, Tỉnh Thái Bình"
34,Thái Bình,340,Đông Hưng,12706,Đông Cường,Xã,"Xã Đông Cường, Huyện Đông Hưng, Tỉnh Thái Bình"
34,Thái Bình,340,Đông Hưng,12811,Đông Dương,Xã,"Xã Đông Dương, Huyện Đông Hưng, Tỉnh Thái Bình"
34,Thái Bình,340,Đông Hưng,12808,Đông Hoàng,Xã,"Xã Đông Hoàng, Huyện Đông Hưng, Tỉnh Thái Bình"
34,Thái Bình,340,Đông Hưng,12751,Đông Hợp,Xã,"Xã Đông Hợp, Huyện Đông Hưng, Tỉnh Thái Bình"
34,Thái Bình,340,Đông Hưng,12688,Đông Hưng,Thị trấn,"Thị trấn Đông Hưng, Huyện Đông Hưng, Tỉnh Thái Bình"
34,Thái Bình,340,Đông Hưng,12748,Đông Kinh,Xã,"Xã Đông Kinh, Huyện Đông Hưng, Tỉnh Thái Bình"
34,Thái Bình,340,Đông Hưng,12718,Đông La,Xã,"Xã Đông La, Huyện Đông Hưng, Tỉnh Thái Bình"
34,Thái Bình,340,Đông Hưng,12694,Đông Phương,Xã,"Xã Đông Phương, Huyện Đông Hưng, Tỉnh Thái Bình"
34,Thái Bình,340,Đông Hưng,12793,Đông Quan,Xã,"Xã Đông Quan, Huyện Đông Hưng, Tỉnh Thái Bình"
34,Thái Bình,340,Đông Hưng,12703,Đông Sơn,Xã,"Xã Đông Sơn, Huyện Đông Hưng, Tỉnh Thái Bình"
34,Thái Bình,340,Đông Hưng,12769,Đông Tân,Xã,"Xã Đông Tân, Huyện Đông Hưng, Tỉnh Thái Bình"
34,Thái Bình,340,Đông Hưng,12772,Đông Vinh,Xã,"Xã Đông Vinh, Huyện Đông Hưng, Tỉnh Thái Bình"
34,Thái Bình,340,Đông Hưng,12724,Đông Xá,Xã,"Xã Đông Xá, Huyện Đông Hưng, Tỉnh Thái Bình"
34,Thái Bình,340,Đông Hưng,12745,Hà Giang,Xã,"Xã Hà Giang, Huyện Đông Hưng, Tỉnh Thái Bình"
34,Thái Bình,340,Đông Hưng,12778,Hồng Bạch,Xã,"Xã Hồng Bạch, Huyện Đông Hưng, Tỉnh Thái Bình"
34,Thái Bình,340,Đông Hưng,12790,Hồng Giang,Xã,"Xã Hồng Giang, Huyện Đông Hưng, Tỉnh Thái Bình"
34,Thái Bình,340,Đông Hưng,12739,Hồng Việt,Xã,"Xã Hồng Việt, Huyện Đông Hưng, Tỉnh Thái Bình"
34,Thái Bình,340,Đông Hưng,12700,Liên An Đô,Xã,"Xã Liên An Đô, Huyện Đông Hưng, Tỉnh Thái Bình"
34,Thái Bình,340,Đông Hưng,12763,Liên Hoa,Xã,"Xã Liên Hoa, Huyện Đông Hưng, Tỉnh Thái Bình"
34,Thái Bình,340,Đông Hưng,12715,Lô Giang,Xã,"Xã Lô Giang, Huyện Đông Hưng, Tỉnh Thái Bình"
34,Thái Bình,340,Đông Hưng,12712,Mê Linh,Xã,"Xã Mê Linh, Huyện Đông Hưng, Tỉnh Thái Bình"
34,Thái Bình,340,Đông Hưng,12823,Minh Phú,Xã,"Xã Minh Phú, Huyện Đông Hưng, Tỉnh Thái Bình"
34,Thái Bình,340,Đông Hưng,12721,Minh Tân,Xã,"Xã Minh Tân, Huyện Đông Hưng, Tỉnh Thái Bình"
34,Thái Bình,340,Đông Hưng,12730,Nguyên Xá,Xã,"Xã Nguyên Xá, Huyện Đông Hưng, Tỉnh Thái Bình"
34,Thái Bình,340,Đông Hưng,12736,Phong Dương Tiến,Xã,"Xã Phong Dương Tiến, Huyện Đông Hưng, Tỉnh Thái Bình"
34,Thái Bình,340,Đông Hưng,12760,Phú Châu,Xã,"Xã Phú Châu, Huyện Đông Hưng, Tỉnh Thái Bình"
34,Thái Bình,340,Đông Hưng,12709,Phú Lương,Xã,"Xã Phú Lương, Huyện Đông Hưng, Tỉnh Thái Bình"
34,Thái Bình,340,Đông Hưng,12754,Thăng Long,Xã,"Xã Thăng Long, Huyện Đông Hưng, Tỉnh Thái Bình"
34,Thái Bình,340,Đông Hưng,12784,Trọng Quan,Xã,"Xã Trọng Quan, Huyện Đông Hưng, Tỉnh Thái Bình"
34,Thái Bình,340,Đông Hưng,12775,Xuân Quang Động,Xã,"Xã Xuân Quang Động, Huyện Đông Hưng, Tỉnh Thái Bình"
34,Thái Bình,339,Hưng Hà,12628,Bắc Sơn,Xã,"Xã Bắc Sơn, Huyện Hưng Hà, Tỉnh Thái Bình"
34,Thái Bình,339,Hưng Hà,12601,Canh Tân,Xã,"Xã Canh Tân, Huyện Hưng Hà, Tỉnh Thái Bình"
34,Thái Bình,339,Hưng Hà,12679,Chí Hòa,Xã,"Xã Chí Hòa, Huyện Hưng Hà, Tỉnh Thái Bình"
34,Thái Bình,339,Hưng Hà,12656,Chi Lăng,Xã,"Xã Chi Lăng, Huyện Hưng Hà, Tỉnh Thái Bình"
34,Thái Bình,339,Hưng Hà,12595,Cộng Hòa,Xã,"Xã Cộng Hòa, Huyện Hưng Hà, Tỉnh Thái Bình"
34,Thái Bình,339,Hưng Hà,12619,Duyên Hải,Xã,"Xã Duyên Hải, Huyện Hưng Hà, Tỉnh Thái Bình"
34,Thái Bình,339,Hưng Hà,12616,Đoan Hùng,Xã,"Xã Đoan Hùng, Huyện Hưng Hà, Tỉnh Thái Bình"
34,Thái Bình,339,Hưng Hà,12676,Độc Lập,Xã,"Xã Độc Lập, Huyện Hưng Hà, Tỉnh Thái Bình"
34,Thái Bình,339,Hưng Hà,12631,Đông Đô,Xã,"Xã Đông Đô, Huyện Hưng Hà, Tỉnh Thái Bình"
34,Thái Bình,339,Hưng Hà,12655,Hòa Bình,Xã,"Xã Hòa Bình, Huyện Hưng Hà, Tỉnh Thái Bình"
34,Thái Bình,339,Hưng Hà,12604,Hòa Tiến,Xã,"Xã Hòa Tiến, Huyện Hưng Hà, Tỉnh Thái Bình"
34,Thái Bình,339,Hưng Hà,12661,Hồng An,Xã,"Xã Hồng An, Huyện Hưng Hà, Tỉnh Thái Bình"
34,Thái Bình,339,Hưng Hà,12667,Hồng Lĩnh,Xã,"Xã Hồng Lĩnh, Huyện Hưng Hà, Tỉnh Thái Bình"
34,Thái Bình,339,Hưng Hà,12685,Hồng Minh,Xã,"Xã Hồng Minh, Huyện Hưng Hà, Tỉnh Thái Bình"
34,Thái Bình,339,Hưng Hà,12586,Hưng Hà,Thị trấn,"Thị trấn Hưng Hà, Huyện Hưng Hà, Tỉnh Thái Bình"
34,Thái Bình,339,Hưng Hà,12613,Hưng Nhân,Thị trấn,"Thị trấn Hưng Nhân, Huyện Hưng Hà, Tỉnh Thái Bình"
34,Thái Bình,339,Hưng Hà,12664,Kim Trung,Xã,"Xã Kim Trung, Huyện Hưng Hà, Tỉnh Thái Bình"
34,Thái Bình,339,Hưng Hà,12637,Liên Hiệp,Xã,"Xã Liên Hiệp, Huyện Hưng Hà, Tỉnh Thái Bình"
34,Thái Bình,339,Hưng Hà,12682,Minh Hòa,Xã,"Xã Minh Hòa, Huyện Hưng Hà, Tỉnh Thái Bình"
34,Thái Bình,339,Hưng Hà,12658,Minh Khai,Xã,"Xã Minh Khai, Huyện Hưng Hà, Tỉnh Thái Bình"
34,Thái Bình,339,Hưng Hà,12670,Minh Tân,Xã,"Xã Minh Tân, Huyện Hưng Hà, Tỉnh Thái Bình"
34,Thái Bình,339,Hưng Hà,12634,Phúc Khánh,Xã,"Xã Phúc Khánh, Huyện Hưng Hà, Tỉnh Thái Bình"
34,Thái Bình,339,Hưng Hà,12589,Quang Trung,Xã,"Xã Quang Trung, Huyện Hưng Hà, Tỉnh Thái Bình"
34,Thái Bình,339,Hưng Hà,12622,Tân Hòa,Xã,"Xã Tân Hòa, Huyện Hưng Hà, Tỉnh Thái Bình"
34,Thái Bình,339,Hưng Hà,12592,Tân Lễ,Xã,"Xã Tân Lễ, Huyện Hưng Hà, Tỉnh Thái Bình"
34,Thái Bình,339,Hưng Hà,12610,Tân Tiến,Xã,"Xã Tân Tiến, Huyện Hưng Hà, Tỉnh Thái Bình"
34,Thái Bình,339,Hưng Hà,12640,Tây Đô,Xã,"Xã Tây Đô, Huyện Hưng Hà, Tỉnh Thái Bình"
34,Thái Bình,339,Hưng Hà,12649,Thái Hưng,Xã,"Xã Thái Hưng, Huyện Hưng Hà, Tỉnh Thái Bình"
34,Thái Bình,339,Hưng Hà,12652,Thái Phương,Xã,"Xã Thái Phương, Huyện Hưng Hà, Tỉnh Thái Bình"
34,Thái Bình,339,Hưng Hà,12643,Thống Nhất,Xã,"Xã Thống Nhất, Huyện Hưng Hà, Tỉnh Thái Bình"
34,Thái Bình,339,Hưng Hà,12646,Tiến Đức,Xã,"Xã Tiến Đức, Huyện Hưng Hà, Tỉnh Thái Bình"
34,Thái Bình,339,Hưng Hà,12625,Văn Cẩm,Xã,"Xã Văn Cẩm, Huyện Hưng Hà, Tỉnh Thái Bình"
34,Thái Bình,339,Hưng Hà,12673,Văn Lang,Xã,"Xã Văn Lang, Huyện Hưng Hà, Tỉnh Thái Bình"
34,Thái Bình,343,Kiến Xương,13087,An Bình,Xã,"Xã An Bình, Huyện Kiến Xương, Tỉnh Thái Bình"
34,Thái Bình,343,Kiến Xương,13186,Bình Định,Xã,"Xã Bình Định, Huyện Kiến Xương, Tỉnh Thái Bình"
34,Thái Bình,343,Kiến Xương,13138,Bình Minh,Xã,"Xã Bình Minh, Huyện Kiến Xương, Tỉnh Thái Bình"
34,Thái Bình,343,Kiến Xương,13096,Bình Nguyên,Xã,"Xã Bình Nguyên, Huyện Kiến Xương, Tỉnh Thái Bình"
34,Thái Bình,343,Kiến Xương,13183,Bình Thanh,Xã,"Xã Bình Thanh, Huyện Kiến Xương, Tỉnh Thái Bình"
34,Thái Bình,343,Kiến Xương,13135,Hòa Bình,Xã,"Xã Hòa Bình, Huyện Kiến Xương, Tỉnh Thái Bình"
34,Thái Bình,343,Kiến Xương,13093,Hồng Thái,Xã,"Xã Hồng Thái, Huyện Kiến Xương, Tỉnh Thái Bình"
34,Thái Bình,343,Kiến Xương,13189,Hồng Tiến,Xã,"Xã Hồng Tiến, Huyện Kiến Xương, Tỉnh Thái Bình"
34,Thái Bình,343,Kiến Xương,13159,Hồng Vũ,Xã,"Xã Hồng Vũ, Huyện Kiến Xương, Tỉnh Thái Bình"
34,Thái Bình,343,Kiến Xương,13075,Kiến Xương,Thị trấn,"Thị trấn Kiến Xương, Huyện Kiến Xương, Tỉnh Thái Bình"
34,Thái Bình,343,Kiến Xương,13102,Lê Lợi,Xã,"Xã Lê Lợi, Huyện Kiến Xương, Tỉnh Thái Bình"
34,Thái Bình,343,Kiến Xương,13171,Minh Quang,Xã,"Xã Minh Quang, Huyện Kiến Xương, Tỉnh Thái Bình"
34,Thái Bình,343,Kiến Xương,13177,Minh Tân,Xã,"Xã Minh Tân, Huyện Kiến Xương, Tỉnh Thái Bình"
34,Thái Bình,343,Kiến Xương,13180,Nam Bình,Xã,"Xã Nam Bình, Huyện Kiến Xương, Tỉnh Thái Bình"
34,Thái Bình,343,Kiến Xương,13144,Quang Bình,Xã,"Xã Quang Bình, Huyện Kiến Xương, Tỉnh Thái Bình"
34,Thái Bình,343,Kiến Xương,13132,Quang Lịch,Xã,"Xã Quang Lịch, Huyện Kiến Xương, Tỉnh Thái Bình"
34,Thái Bình,343,Kiến Xương,13162,Quang Minh,Xã,"Xã Quang Minh, Huyện Kiến Xương, Tỉnh Thái Bình"
34,Thái Bình,343,Kiến Xương,13165,Quang Trung,Xã,"Xã Quang Trung, Huyện Kiến Xương, Tỉnh Thái Bình"
34,Thái Bình,343,Kiến Xương,13081,Quốc Tuấn,Xã,"Xã Quốc Tuấn, Huyện Kiến Xương, Tỉnh Thái Bình"
34,Thái Bình,343,Kiến Xương,13090,Tây Sơn,Xã,"Xã Tây Sơn, Huyện Kiến Xương, Tỉnh Thái Bình"
34,Thái Bình,343,Kiến Xương,13114,Thanh Tân,Xã,"Xã Thanh Tân, Huyện Kiến Xương, Tỉnh Thái Bình"
34,Thái Bình,343,Kiến Xương,13120,Thống Nhất,Xã,"Xã Thống Nhất, Huyện Kiến Xương, Tỉnh Thái Bình"
34,Thái Bình,343,Kiến Xương,13078,Trà Giang,Xã,"Xã Trà Giang, Huyện Kiến Xương, Tỉnh Thái Bình"
34,Thái Bình,343,Kiến Xương,13129,Vũ An,Xã,"Xã Vũ An, Huyện Kiến Xương, Tỉnh Thái Bình"
34,Thái Bình,343,Kiến Xương,13156,Vũ Công,Xã,"Xã Vũ Công, Huyện Kiến Xương, Tỉnh Thái Bình"
34,Thái Bình,343,Kiến Xương,13111,Vũ Lễ,Xã,"Xã Vũ Lễ, Huyện Kiến Xương, Tỉnh Thái Bình"
34,Thái Bình,343,Kiến Xương,13126,Vũ Ninh,Xã,"Xã Vũ Ninh, Huyện Kiến Xương, Tỉnh Thái Bình"
34,Thái Bình,343,Kiến Xương,13141,Vũ Quý,Xã,"Xã Vũ Quý, Huyện Kiến Xương, Tỉnh Thái Bình"
34,Thái Bình,343,Kiến Xương,13150,Vũ Trung,Xã,"Xã Vũ Trung, Huyện Kiến Xương, Tỉnh Thái Bình"
34,Thái Bình,338,Quỳnh Phụ,12526,An Ấp,Xã,"Xã An Ấp, Huyện Quỳnh Phụ, Tỉnh Thái Bình"
34,Thái Bình,338,Quỳnh Phụ,12523,An Bài,Thị trấn,"Thị trấn An Bài, Huyện Quỳnh Phụ, Tỉnh Thái Bình"
34,Thái Bình,338,Quỳnh Phụ,12502,An Cầu,Xã,"Xã An Cầu, Huyện Quỳnh Phụ, Tỉnh Thái Bình"
34,Thái Bình,338,Quỳnh Phụ,12571,An Dục,Xã,"Xã An Dục, Huyện Quỳnh Phụ, Tỉnh Thái Bình"
34,Thái Bình,338,Quỳnh Phụ,12478,An Đồng,Xã,"Xã An Đồng, Huyện Quỳnh Phụ, Tỉnh Thái Bình"
34,Thái Bình,338,Quỳnh Phụ,12490,An Hiệp,Xã,"Xã An Hiệp, Huyện Quỳnh Phụ, Tỉnh Thái Bình"
34,Thái Bình,338,Quỳnh Phụ,12475,An Khê,Xã,"Xã An Khê, Huyện Quỳnh Phụ, Tỉnh Thái Bình"
34,Thái Bình,338,Quỳnh Phụ,12550,An Lễ,Xã,"Xã An Lễ, Huyện Quỳnh Phụ, Tỉnh Thái Bình"
34,Thái Bình,338,Quỳnh Phụ,12559,An Mỹ,Xã,"Xã An Mỹ, Huyện Quỳnh Phụ, Tỉnh Thái Bình"
34,Thái Bình,338,Quỳnh Phụ,12514,An Ninh,Xã,"Xã An Ninh, Huyện Quỳnh Phụ, Tỉnh Thái Bình"
34,Thái Bình,338,Quỳnh Phụ,12538,An Quý,Xã,"Xã An Quý, Huyện Quỳnh Phụ, Tỉnh Thái Bình"
34,Thái Bình,338,Quỳnh Phụ,12499,An Thái,Xã,"Xã An Thái, Huyện Quỳnh Phụ, Tỉnh Thái Bình"
34,Thái Bình,338,Quỳnh Phụ,12541,An Thanh,Xã,"Xã An Thanh, Huyện Quỳnh Phụ, Tỉnh Thái Bình"
34,Thái Bình,338,Quỳnh Phụ,12580,An Tràng,Xã,"Xã An Tràng, Huyện Quỳnh Phụ, Tỉnh Thái Bình"
34,Thái Bình,338,Quỳnh Phụ,12565,An Vinh,Xã,"Xã An Vinh, Huyện Quỳnh Phụ, Tỉnh Thái Bình"
34,Thái Bình,338,Quỳnh Phụ,12547,An Vũ,Xã,"Xã An Vũ, Huyện Quỳnh Phụ, Tỉnh Thái Bình"
34,Thái Bình,338,Quỳnh Phụ,12532,Châu Sơn,Xã,"Xã Châu Sơn, Huyện Quỳnh Phụ, Tỉnh Thái Bình"
34,Thái Bình,338,Quỳnh Phụ,12574,Đông Hải,Xã,"Xã Đông Hải, Huyện Quỳnh Phụ, Tỉnh Thái Bình"
34,Thái Bình,338,Quỳnh Phụ,12583,Đồng Tiến,Xã,"Xã Đồng Tiến, Huyện Quỳnh Phụ, Tỉnh Thái Bình"
34,Thái Bình,338,Quỳnh Phụ,12472,Quỳnh Côi,Thị trấn,"Thị trấn Quỳnh Côi, Huyện Quỳnh Phụ, Tỉnh Thái Bình"
34,Thái Bình,338,Quỳnh Phụ,12496,Quỳnh Giao,Xã,"Xã Quỳnh Giao, Huyện Quỳnh Phụ, Tỉnh Thái Bình"
34,Thái Bình,338,Quỳnh Phụ,12520,Quỳnh Hải,Xã,"Xã Quỳnh Hải, Huyện Quỳnh Phụ, Tỉnh Thái Bình"
34,Thái Bình,338,Quỳnh Phụ,12481,Quỳnh Hoa,Xã,"Xã Quỳnh Hoa, Huyện Quỳnh Phụ, Tỉnh Thái Bình"
34,Thái Bình,338,Quỳnh Phụ,12493,Quỳnh Hoàng,Xã,"Xã Quỳnh Hoàng, Huyện Quỳnh Phụ, Tỉnh Thái Bình"
34,Thái Bình,338,Quỳnh Phụ,12529,Quỳnh Hội,Xã,"Xã Quỳnh Hội, Huyện Quỳnh Phụ, Tỉnh Thái Bình"
34,Thái Bình,338,Quỳnh Phụ,12505,Quỳnh Hồng,Xã,"Xã Quỳnh Hồng, Huyện Quỳnh Phụ, Tỉnh Thái Bình"
34,Thái Bình,338,Quỳnh Phụ,12553,Quỳnh Hưng,Xã,"Xã Quỳnh Hưng, Huyện Quỳnh Phụ, Tỉnh Thái Bình"
34,Thái Bình,338,Quỳnh Phụ,12508,Quỳnh Khê,Xã,"Xã Quỳnh Khê, Huyện Quỳnh Phụ, Tỉnh Thái Bình"
34,Thái Bình,338,Quỳnh Phụ,12484,Quỳnh Lâm,Xã,"Xã Quỳnh Lâm, Huyện Quỳnh Phụ, Tỉnh Thái Bình"
34,Thái Bình,338,Quỳnh Phụ,12511,Quỳnh Minh,Xã,"Xã Quỳnh Minh, Huyện Quỳnh Phụ, Tỉnh Thái Bình"
34,Thái Bình,338,Quỳnh Phụ,12535,Quỳnh Mỹ,Xã,"Xã Quỳnh Mỹ, Huyện Quỳnh Phụ, Tỉnh Thái Bình"
34,Thái Bình,338,Quỳnh Phụ,12517,Quỳnh Ngọc,Xã,"Xã Quỳnh Ngọc, Huyện Quỳnh Phụ, Tỉnh Thái Bình"
34,Thái Bình,338,Quỳnh Phụ,12562,Quỳnh Nguyên,Xã,"Xã Quỳnh Nguyên, Huyện Quỳnh Phụ, Tỉnh Thái Bình"
34,Thái Bình,338,Quỳnh Phụ,12487,Quỳnh Thọ,Xã,"Xã Quỳnh Thọ, Huyện Quỳnh Phụ, Tỉnh Thái Bình"
34,Thái Bình,338,Quỳnh Phụ,12577,Trang Bảo Xá,Xã,"Xã Trang Bảo Xá, Huyện Quỳnh Phụ, Tỉnh Thái Bình"
34,Thái Bình,336,Thái Bình,12436,Bồ Xuyên,Phường,"Phường Bồ Xuyên, Thành phố Thái Bình, Tỉnh Thái Bình"
34,Thái Bình,336,Thái Bình,12439,Đề Thám,Phường,"Phường Đề Thám, Thành phố Thái Bình, Tỉnh Thái Bình"
34,Thái Bình,336,Thái Bình,12457,Đông Hòa,Xã,"Xã Đông Hòa, Thành phố Thái Bình, Tỉnh Thái Bình"
34,Thái Bình,336,Thái Bình,12817,Đông Mỹ,Xã,"Xã Đông Mỹ, Thành phố Thái Bình, Tỉnh Thái Bình"
34,Thái Bình,336,Thái Bình,12820,Đông Thọ,Xã,"Xã Đông Thọ, Thành phố Thái Bình, Tỉnh Thái Bình"
34,Thái Bình,336,Thái Bình,12460,Hoàng Diệu,Phường,"Phường Hoàng Diệu, Thành phố Thái Bình, Tỉnh Thái Bình"
34,Thái Bình,336,Thái Bình,12442,Kỳ Bá,Phường,"Phường Kỳ Bá, Thành phố Thái Bình, Tỉnh Thái Bình"
34,Thái Bình,336,Thái Bình,12433,Lê Hồng Phong,Phường,"Phường Lê Hồng Phong, Thành phố Thái Bình, Tỉnh Thái Bình"
34,Thái Bình,336,Thái Bình,12448,Phú Khánh,Phường,"Phường Phú Khánh, Thành phố Thái Bình, Tỉnh Thái Bình"
34,Thái Bình,336,Thái Bình,12463,Phú Xuân,Xã,"Xã Phú Xuân, Thành phố Thái Bình, Tỉnh Thái Bình"
34,Thái Bình,336,Thái Bình,12445,Quang Trung,Phường,"Phường Quang Trung, Thành phố Thái Bình, Tỉnh Thái Bình"
34,Thái Bình,336,Thái Bình,13225,Tân Bình,Xã,"Xã Tân Bình, Thành phố Thái Bình, Tỉnh Thái Bình"
34,Thái Bình,336,Thái Bình,12451,Tiền Phong,Phường,"Phường Tiền Phong, Thành phố Thái Bình, Tỉnh Thái Bình"
34,Thái Bình,336,Thái Bình,12452,Trần Hưng Đạo,Phường,"Phường Trần Hưng Đạo, Thành phố Thái Bình, Tỉnh Thái Bình"
34,Thái Bình,336,Thái Bình,12454,Trần Lãm,Phường,"Phường Trần Lãm, Thành phố Thái Bình, Tỉnh Thái Bình"
34,Thái Bình,336,Thái Bình,12469,Vũ Chính,Xã,"Xã Vũ Chính, Thành phố Thái Bình, Tỉnh Thái Bình"
34,Thái Bình,336,Thái Bình,13084,Vũ Đông,Xã,"Xã Vũ Đông, Thành phố Thái Bình, Tỉnh Thái Bình"
34,Thái Bình,336,Thái Bình,13108,Vũ Lạc,Xã,"Xã Vũ Lạc, Thành phố Thái Bình, Tỉnh Thái Bình"
34,Thái Bình,336,Thái Bình,12466,Vũ Phúc,Xã,"Xã Vũ Phúc, Thành phố Thái Bình, Tỉnh Thái Bình"
34,Thái Bình,341,Thái Thụy,12847,An Tân,Xã,"Xã An Tân, Huyện Thái Thụy, Tỉnh Thái Bình"
34,Thái Bình,341,Thái Thụy,12826,Diêm Điền,Thị trấn,"Thị trấn Diêm Điền, Huyện Thái Thụy, Tỉnh Thái Bình"
34,Thái Bình,341,Thái Thụy,12916,Dương Hồng Thủy,Xã,"Xã Dương Hồng Thủy, Huyện Thái Thụy, Tỉnh Thái Bình"
34,Thái Bình,341,Thái Thụy,12865,Dương Phúc,Xã,"Xã Dương Phúc, Huyện Thái Thụy, Tỉnh Thái Bình"
34,Thái Bình,341,Thái Thụy,12922,Hòa An,Xã,"Xã Hòa An, Huyện Thái Thụy, Tỉnh Thái Bình"
34,Thái Bình,341,Thái Thụy,12841,Hồng Dũng,Xã,"Xã Hồng Dũng, Huyện Thái Thụy, Tỉnh Thái Bình"
34,Thái Bình,341,Thái Thụy,12949,Mỹ Lộc,Xã,"Xã Mỹ Lộc, Huyện Thái Thụy, Tỉnh Thái Bình"
34,Thái Bình,341,Thái Thụy,12925,Sơn Hà,Xã,"Xã Sơn Hà, Huyện Thái Thụy, Tỉnh Thái Bình"
34,Thái Bình,341,Thái Thụy,12958,Tân Học,Xã,"Xã Tân Học, Huyện Thái Thụy, Tỉnh Thái Bình"
34,Thái Bình,341,Thái Thụy,12940,Thái Đô,Xã,"Xã Thái Đô, Huyện Thái Thụy, Tỉnh Thái Bình"
34,Thái Bình,341,Thái Thụy,12919,Thái Giang,Xã,"Xã Thái Giang, Huyện Thái Thụy, Tỉnh Thái Bình"
34,Thái Bình,341,Thái Thụy,12937,Thái Hưng,Xã,"Xã Thái Hưng, Huyện Thái Thụy, Tỉnh Thái Bình"
34,Thái Bình,341,Thái Thụy,12910,Thái Nguyên,Xã,"Xã Thái Nguyên, Huyện Thái Thụy, Tỉnh Thái Bình"
34,Thái Bình,341,Thái Thụy,12934,Thái Phúc,Xã,"Xã Thái Phúc, Huyện Thái Thụy, Tỉnh Thái Bình"
34,Thái Bình,341,Thái Thụy,12961,Thái Thịnh,Xã,"Xã Thái Thịnh, Huyện Thái Thụy, Tỉnh Thái Bình"
34,Thái Bình,341,Thái Thụy,12967,Thái Thọ,Xã,"Xã Thái Thọ, Huyện Thái Thụy, Tỉnh Thái Bình"
34,Thái Bình,341,Thái Thụy,12907,Thái Thượng,Xã,"Xã Thái Thượng, Huyện Thái Thụy, Tỉnh Thái Bình"
34,Thái Bình,341,Thái Thụy,12943,Thái Xuyên,Xã,"Xã Thái Xuyên, Huyện Thái Thụy, Tỉnh Thái Bình"
34,Thái Bình,341,Thái Thụy,12964,Thuần Thành,Xã,"Xã Thuần Thành, Huyện Thái Thụy, Tỉnh Thái Bình"
34,Thái Bình,341,Thái Thụy,12871,Thụy Bình,Xã,"Xã Thụy Bình, Huyện Thái Thụy, Tỉnh Thái Bình"
34,Thái Bình,341,Thái Thụy,12874,Thụy Chính,Xã,"Xã Thụy Chính, Huyện Thái Thụy, Tỉnh Thái Bình"
34,Thái Bình,341,Thái Thụy,12877,Thụy Dân,Xã,"Xã Thụy Dân, Huyện Thái Thụy, Tỉnh Thái Bình"
34,Thái Bình,341,Thái Thụy,12892,Thụy Duyên,Xã,"Xã Thụy Duyên, Huyện Thái Thụy, Tỉnh Thái Bình"
34,Thái Bình,341,Thái Thụy,12880,Thụy Hải,Xã,"Xã Thụy Hải, Huyện Thái Thụy, Tỉnh Thái Bình"
34,Thái Bình,341,Thái Thụy,12853,Thụy Hưng,Xã,"Xã Thụy Hưng, Huyện Thái Thụy, Tỉnh Thái Bình"
34,Thái Bình,341,Thái Thụy,12889,Thụy Liên,Xã,"Xã Thụy Liên, Huyện Thái Thụy, Tỉnh Thái Bình"
34,Thái Bình,341,Thái Thụy,12850,Thụy Ninh,Xã,"Xã Thụy Ninh, Huyện Thái Thụy, Tỉnh Thái Bình"
34,Thái Bình,341,Thái Thụy,12904,Thụy Phong,Xã,"Xã Thụy Phong, Huyện Thái Thụy, Tỉnh Thái Bình"
34,Thái Bình,341,Thái Thụy,12844,Thụy Quỳnh,Xã,"Xã Thụy Quỳnh, Huyện Thái Thụy, Tỉnh Thái Bình"
34,Thái Bình,341,Thái Thụy,12901,Thụy Sơn,Xã,"Xã Thụy Sơn, Huyện Thái Thụy, Tỉnh Thái Bình"
34,Thái Bình,341,Thái Thụy,12898,Thụy Thanh,Xã,"Xã Thụy Thanh, Huyện Thái Thụy, Tỉnh Thái Bình"
34,Thái Bình,341,Thái Thụy,12868,Thụy Trình,Xã,"Xã Thụy Trình, Huyện Thái Thụy, Tỉnh Thái Bình"
34,Thái Bình,341,Thái Thụy,12832,Thụy Trường,Xã,"Xã Thụy Trường, Huyện Thái Thụy, Tỉnh Thái Bình"
34,Thái Bình,341,Thái Thụy,12859,Thụy Văn,Xã,"Xã Thụy Văn, Huyện Thái Thụy, Tỉnh Thái Bình"
34,Thái Bình,341,Thái Thụy,12856,Thụy Việt,Xã,"Xã Thụy Việt, Huyện Thái Thụy, Tỉnh Thái Bình"
34,Thái Bình,341,Thái Thụy,12862,Thụy Xuân,Xã,"Xã Thụy Xuân, Huyện Thái Thụy, Tỉnh Thái Bình"
34,Thái Bình,342,Tiền Hải,13030,Ái Quốc,Xã,"Xã Ái Quốc, Huyện Tiền Hải, Tỉnh Thái Bình"
34,Thái Bình,342,Tiền Hải,13012,An Ninh,Xã,"Xã An Ninh, Huyện Tiền Hải, Tỉnh Thái Bình"
34,Thái Bình,342,Tiền Hải,13048,Bắc Hải,Xã,"Xã Bắc Hải, Huyện Tiền Hải, Tỉnh Thái Bình"
34,Thái Bình,342,Tiền Hải,13018,Đông Cơ,Xã,"Xã Đông Cơ, Huyện Tiền Hải, Tỉnh Thái Bình"
34,Thái Bình,342,Tiền Hải,13000,Đông Hoàng,Xã,"Xã Đông Hoàng, Huyện Tiền Hải, Tỉnh Thái Bình"
34,Thái Bình,342,Tiền Hải,13024,Đông Lâm,Xã,"Xã Đông Lâm, Huyện Tiền Hải, Tỉnh Thái Bình"
34,Thái Bình,342,Tiền Hải,12979,Đông Long,Xã,"Xã Đông Long, Huyện Tiền Hải, Tỉnh Thái Bình"
34,Thái Bình,342,Tiền Hải,13003,Đông Minh,Xã,"Xã Đông Minh, Huyện Tiền Hải, Tỉnh Thái Bình"
34,Thái Bình,342,Tiền Hải,12997,Đông Quang,Xã,"Xã Đông Quang, Huyện Tiền Hải, Tỉnh Thái Bình"
34,Thái Bình,342,Tiền Hải,12976,Đông Trà,Xã,"Xã Đông Trà, Huyện Tiền Hải, Tỉnh Thái Bình"
34,Thái Bình,342,Tiền Hải,12988,Đông Xuyên,Xã,"Xã Đông Xuyên, Huyện Tiền Hải, Tỉnh Thái Bình"
34,Thái Bình,342,Tiền Hải,13045,Nam Chính,Xã,"Xã Nam Chính, Huyện Tiền Hải, Tỉnh Thái Bình"
34,Thái Bình,342,Tiền Hải,13036,Nam Cường,Xã,"Xã Nam Cường, Huyện Tiền Hải, Tỉnh Thái Bình"
34,Thái Bình,342,Tiền Hải,13054,Nam Hà,Xã,"Xã Nam Hà, Huyện Tiền Hải, Tỉnh Thái Bình"
34,Thái Bình,342,Tiền Hải,13069,Nam Hải,Xã,"Xã Nam Hải, Huyện Tiền Hải, Tỉnh Thái Bình"
34,Thái Bình,342,Tiền Hải,13063,Nam Hồng,Xã,"Xã Nam Hồng, Huyện Tiền Hải, Tỉnh Thái Bình"
34,Thái Bình,342,Tiền Hải,13066,Nam Hưng,Xã,"Xã Nam Hưng, Huyện Tiền Hải, Tỉnh Thái Bình"
34,Thái Bình,342,Tiền Hải,13072,Nam Phú,Xã,"Xã Nam Phú, Huyện Tiền Hải, Tỉnh Thái Bình"
34,Thái Bình,342,Tiền Hải,13051,Nam Thịnh,Xã,"Xã Nam Thịnh, Huyện Tiền Hải, Tỉnh Thái Bình"
34,Thái Bình,342,Tiền Hải,13057,Nam Tiến,Xã,"Xã Nam Tiến, Huyện Tiền Hải, Tỉnh Thái Bình"
34,Thái Bình,342,Tiền Hải,13060,Nam Trung,Xã,"Xã Nam Trung, Huyện Tiền Hải, Tỉnh Thái Bình"
34,Thái Bình,342,Tiền Hải,13027,Phương Công,Xã,"Xã Phương Công, Huyện Tiền Hải, Tỉnh Thái Bình"
34,Thái Bình,342,Tiền Hải,13021,Tây Giang,Xã,"Xã Tây Giang, Huyện Tiền Hải, Tỉnh Thái Bình"
34,Thái Bình,342,Tiền Hải,12991,Tây Lương,Xã,"Xã Tây Lương, Huyện Tiền Hải, Tỉnh Thái Bình"
34,Thái Bình,342,Tiền Hải,12994,Tây Ninh,Xã,"Xã Tây Ninh, Huyện Tiền Hải, Tỉnh Thái Bình"
34,Thái Bình,342,Tiền Hải,12970,Tiền Hải,Thị trấn,"Thị trấn Tiền Hải, Huyện Tiền Hải, Tỉnh Thái Bình"
34,Thái Bình,342,Tiền Hải,13039,Vân Trường,Xã,"Xã Vân Trường, Huyện Tiền Hải, Tỉnh Thái Bình"
34,Thái Bình,342,Tiền Hải,12985,Vũ Lăng,Xã,"Xã Vũ Lăng, Huyện Tiền Hải, Tỉnh Thái Bình"
34,Thái Bình,344,Vũ Thư,13243,Bách Thuận,Xã,"Xã Bách Thuận, Huyện Vũ Thư, Tỉnh Thái Bình"
34,Thái Bình,344,Vũ Thư,13231,Dũng Nghĩa,Xã,"Xã Dũng Nghĩa, Huyện Vũ Thư, Tỉnh Thái Bình"
34,Thái Bình,344,Vũ Thư,13279,Duy Nhất,Xã,"Xã Duy Nhất, Huyện Vũ Thư, Tỉnh Thái Bình"
34,Thái Bình,344,Vũ Thư,13198,Đồng Thanh,Xã,"Xã Đồng Thanh, Huyện Vũ Thư, Tỉnh Thái Bình"
34,Thái Bình,344,Vũ Thư,13204,Hiệp Hòa,Xã,"Xã Hiệp Hòa, Huyện Vũ Thư, Tỉnh Thái Bình"
34,Thái Bình,344,Vũ Thư,13258,Hòa Bình,Xã,"Xã Hòa Bình, Huyện Vũ Thư, Tỉnh Thái Bình"
34,Thái Bình,344,Vũ Thư,13195,Hồng Lý,Xã,"Xã Hồng Lý, Huyện Vũ Thư, Tỉnh Thái Bình"
34,Thái Bình,344,Vũ Thư,13282,Hồng Phong,Xã,"Xã Hồng Phong, Huyện Vũ Thư, Tỉnh Thái Bình"
34,Thái Bình,344,Vũ Thư,13228,Minh Khai,Xã,"Xã Minh Khai, Huyện Vũ Thư, Tỉnh Thái Bình"
34,Thái Bình,344,Vũ Thư,13222,Minh Lãng,Xã,"Xã Minh Lãng, Huyện Vũ Thư, Tỉnh Thái Bình"
34,Thái Bình,344,Vũ Thư,13234,Minh Quang,Xã,"Xã Minh Quang, Huyện Vũ Thư, Tỉnh Thái Bình"
34,Thái Bình,344,Vũ Thư,13261,Nguyên Xá,Xã,"Xã Nguyên Xá, Huyện Vũ Thư, Tỉnh Thái Bình"
34,Thái Bình,344,Vũ Thư,13207,Phúc Thành,Xã,"Xã Phúc Thành, Huyện Vũ Thư, Tỉnh Thái Bình"
34,Thái Bình,344,Vũ Thư,13249,Song An,Xã,"Xã Song An, Huyện Vũ Thư, Tỉnh Thái Bình"
34,Thái Bình,344,Vũ Thư,13213,Song Lãng,Xã,"Xã Song Lãng, Huyện Vũ Thư, Tỉnh Thái Bình"
34,Thái Bình,344,Vũ Thư,13237,Tam Quang,Xã,"Xã Tam Quang, Huyện Vũ Thư, Tỉnh Thái Bình"
34,Thái Bình,344,Vũ Thư,13216,Tân Hòa,Xã,"Xã Tân Hòa, Huyện Vũ Thư, Tỉnh Thái Bình"
34,Thái Bình,344,Vũ Thư,13240,Tân Lập,Xã,"Xã Tân Lập, Huyện Vũ Thư, Tỉnh Thái Bình"
34,Thái Bình,344,Vũ Thư,13210,Tân Phong,Xã,"Xã Tân Phong, Huyện Vũ Thư, Tỉnh Thái Bình"
34,Thái Bình,344,Vũ Thư,13252,Trung An,Xã,"Xã Trung An, Huyện Vũ Thư, Tỉnh Thái Bình"
34,Thái Bình,344,Vũ Thư,13246,Tự Tân,Xã,"Xã Tự Tân, Huyện Vũ Thư, Tỉnh Thái Bình"
34,Thái Bình,344,Vũ Thư,13219,Việt Hùng,Xã,"Xã Việt Hùng, Huyện Vũ Thư, Tỉnh Thái Bình"
34,Thái Bình,344,Vũ Thư,13264,Việt Thuận,Xã,"Xã Việt Thuận, Huyện Vũ Thư, Tỉnh Thái Bình"
34,Thái Bình,344,Vũ Thư,13270,Vũ Đoài,Xã,"Xã Vũ Đoài, Huyện Vũ Thư, Tỉnh Thái Bình"
34,Thái Bình,344,Vũ Thư,13255,Vũ Hội,Xã,"Xã Vũ Hội, Huyện Vũ Thư, Tỉnh Thái Bình"
34,Thái Bình,344,Vũ Thư,13192,Vũ Thư,Thị trấn,"Thị trấn Vũ Thư, Huyện Vũ Thư, Tỉnh Thái Bình"
34,Thái Bình,344,Vũ Thư,13273,Vũ Tiến,Xã,"Xã Vũ Tiến, Huyện Vũ Thư, Tỉnh Thái Bình"
34,Thái Bình,344,Vũ Thư,13276,Vũ Vân,Xã,"Xã Vũ Vân, Huyện Vũ Thư, Tỉnh Thái Bình"
34,Thái Bình,344,Vũ Thư,13267,Vũ Vinh,Xã,"Xã Vũ Vinh, Huyện Vũ Thư, Tỉnh Thái Bình"
34,Thái Bình,344,Vũ Thư,13201,Xuân Hòa,Xã,"Xã Xuân Hòa, Huyện Vũ Thư, Tỉnh Thái Bình"
19,Thái Nguyên,171,Đại Từ,05824,An Khánh,Xã,"Xã An Khánh, Huyện Đại Từ, Tỉnh Thái Nguyên"
19,Thái Nguyên,171,Đại Từ,05800,Bản Ngoại,Xã,"Xã Bản Ngoại, Huyện Đại Từ, Tỉnh Thái Nguyên"
19,Thái Nguyên,171,Đại Từ,05830,Bình Thuận,Xã,"Xã Bình Thuận, Huyện Đại Từ, Tỉnh Thái Nguyên"
19,Thái Nguyên,171,Đại Từ,05848,Cát Nê,Xã,"Xã Cát Nê, Huyện Đại Từ, Tỉnh Thái Nguyên"
19,Thái Nguyên,171,Đại Từ,05809,Cù Vân,Xã,"Xã Cù Vân, Huyện Đại Từ, Tỉnh Thái Nguyên"
19,Thái Nguyên,171,Đại Từ,05776,Đức Lương,Xã,"Xã Đức Lương, Huyện Đại Từ, Tỉnh Thái Nguyên"
19,Thái Nguyên,171,Đại Từ,05812,Hà Thượng,Xã,"Xã Hà Thượng, Huyện Đại Từ, Tỉnh Thái Nguyên"
19,Thái Nguyên,171,Đại Từ,05818,Hoàng Nông,Xã,"Xã Hoàng Nông, Huyện Đại Từ, Tỉnh Thái Nguyên"
19,Thái Nguyên,171,Đại Từ,05761,Hùng Sơn,Thị trấn,"Thị trấn Hùng Sơn, Huyện Đại Từ, Tỉnh Thái Nguyên"
19,Thái Nguyên,171,Đại Từ,05821,Khôi Kỳ,Xã,"Xã Khôi Kỳ, Huyện Đại Từ, Tỉnh Thái Nguyên"
19,Thái Nguyên,171,Đại Từ,05815,La Bằng,Xã,"Xã La Bằng, Huyện Đại Từ, Tỉnh Thái Nguyên"
19,Thái Nguyên,171,Đại Từ,05833,Lục Ba,Xã,"Xã Lục Ba, Huyện Đại Từ, Tỉnh Thái Nguyên"
19,Thái Nguyên,171,Đại Từ,05770,Minh Tiến,Xã,"Xã Minh Tiến, Huyện Đại Từ, Tỉnh Thái Nguyên"
19,Thái Nguyên,171,Đại Từ,05836,Mỹ Yên,Xã,"Xã Mỹ Yên, Huyện Đại Từ, Tỉnh Thái Nguyên"
19,Thái Nguyên,171,Đại Từ,05779,Phú Cường,Xã,"Xã Phú Cường, Huyện Đại Từ, Tỉnh Thái Nguyên"
19,Thái Nguyên,171,Đại Từ,05785,Phú Lạc,Xã,"Xã Phú Lạc, Huyện Đại Từ, Tỉnh Thái Nguyên"
19,Thái Nguyên,171,Đại Từ,05791,Phú Thịnh,Xã,"Xã Phú Thịnh, Huyện Đại Từ, Tỉnh Thái Nguyên"
19,Thái Nguyên,171,Đại Từ,05797,Phú Xuyên,Xã,"Xã Phú Xuyên, Huyện Đại Từ, Tỉnh Thái Nguyên"
19,Thái Nguyên,171,Đại Từ,05794,Phục Linh,Xã,"Xã Phục Linh, Huyện Đại Từ, Tỉnh Thái Nguyên"
19,Thái Nguyên,171,Đại Từ,05767,Phúc Lương,Xã,"Xã Phúc Lương, Huyện Đại Từ, Tỉnh Thái Nguyên"
19,Thái Nguyên,171,Đại Từ,05851,Quân Chu,Thị trấn,"Thị trấn Quân Chu, Huyện Đại Từ, Tỉnh Thái Nguyên"
19,Thái Nguyên,171,Đại Từ,05788,Tân Linh,Xã,"Xã Tân Linh, Huyện Đại Từ, Tỉnh Thái Nguyên"
19,Thái Nguyên,171,Đại Từ,05827,Tân Thái,Xã,"Xã Tân Thái, Huyện Đại Từ, Tỉnh Thái Nguyên"
19,Thái Nguyên,171,Đại Từ,05803,Tiên Hội,Xã,"Xã Tiên Hội, Huyện Đại Từ, Tỉnh Thái Nguyên"
19,Thái Nguyên,171,Đại Từ,05845,Vạn Phú,Xã,"Xã Vạn Phú, Huyện Đại Từ, Tỉnh Thái Nguyên"
19,Thái Nguyên,171,Đại Từ,05842,Văn Yên,Xã,"Xã Văn Yên, Huyện Đại Từ, Tỉnh Thái Nguyên"
19,Thái Nguyên,171,Đại Từ,05773,Yên Lãng,Xã,"Xã Yên Lãng, Huyện Đại Từ, Tỉnh Thái Nguyên"
19,Thái Nguyên,167,Định Hóa,05554,Bảo Linh,Xã,"Xã Bảo Linh, Huyện Định Hóa, Tỉnh Thái Nguyên"
19,Thái Nguyên,167,Định Hóa,05605,Bình Thành,Xã,"Xã Bình Thành, Huyện Định Hóa, Tỉnh Thái Nguyên"
19,Thái Nguyên,167,Định Hóa,05587,Bình Yên,Xã,"Xã Bình Yên, Huyện Định Hóa, Tỉnh Thái Nguyên"
19,Thái Nguyên,167,Định Hóa,05596,Bộc Nhiêu,Xã,"Xã Bộc Nhiêu, Huyện Định Hóa, Tỉnh Thái Nguyên"
19,Thái Nguyên,167,Định Hóa,05569,Chợ Chu,Thị trấn,"Thị trấn Chợ Chu, Huyện Định Hóa, Tỉnh Thái Nguyên"
19,Thái Nguyên,167,Định Hóa,05590,Điềm Mặc,Xã,"Xã Điềm Mặc, Huyện Định Hóa, Tỉnh Thái Nguyên"
19,Thái Nguyên,167,Định Hóa,05575,Định Biên,Xã,"Xã Định Biên, Huyện Định Hóa, Tỉnh Thái Nguyên"
19,Thái Nguyên,167,Định Hóa,05572,Đồng Thịnh,Xã,"Xã Đồng Thịnh, Huyện Định Hóa, Tỉnh Thái Nguyên"
19,Thái Nguyên,167,Định Hóa,05551,Kim Phượng,Xã,"Xã Kim Phượng, Huyện Định Hóa, Tỉnh Thái Nguyên"
19,Thái Nguyên,167,Định Hóa,05542,Lam Vỹ,Xã,"Xã Lam Vỹ, Huyện Định Hóa, Tỉnh Thái Nguyên"
19,Thái Nguyên,167,Định Hóa,05539,Linh Thông,Xã,"Xã Linh Thông, Huyện Định Hóa, Tỉnh Thái Nguyên"
19,Thái Nguyên,167,Định Hóa,05602,Phú Đình,Xã,"Xã Phú Đình, Huyện Định Hóa, Tỉnh Thái Nguyên"
19,Thái Nguyên,167,Định Hóa,05593,Phú Tiến,Xã,"Xã Phú Tiến, Huyện Định Hóa, Tỉnh Thái Nguyên"
19,Thái Nguyên,167,Định Hóa,05560,Phúc Chu,Xã,"Xã Phúc Chu, Huyện Định Hóa, Tỉnh Thái Nguyên"
19,Thái Nguyên,167,Định Hóa,05566,Phượng Tiến,Xã,"Xã Phượng Tiến, Huyện Định Hóa, Tỉnh Thái Nguyên"
19,Thái Nguyên,167,Định Hóa,05545,Quy Kỳ,Xã,"Xã Quy Kỳ, Huyện Định Hóa, Tỉnh Thái Nguyên"
19,Thái Nguyên,167,Định Hóa,05599,Sơn Phú,Xã,"Xã Sơn Phú, Huyện Định Hóa, Tỉnh Thái Nguyên"
19,Thái Nguyên,167,Định Hóa,05563,Tân Dương,Xã,"Xã Tân Dương, Huyện Định Hóa, Tỉnh Thái Nguyên"
19,Thái Nguyên,167,Định Hóa,05548,Tân Thịnh,Xã,"Xã Tân Thịnh, Huyện Định Hóa, Tỉnh Thái Nguyên"
19,Thái Nguyên,167,Định Hóa,05578,Thanh Định,Xã,"Xã Thanh Định, Huyện Định Hóa, Tỉnh Thái Nguyên"
19,Thái Nguyên,167,Định Hóa,05581,Trung Hội,Xã,"Xã Trung Hội, Huyện Định Hóa, Tỉnh Thái Nguyên"
19,Thái Nguyên,167,Định Hóa,05584,Trung Lương,Xã,"Xã Trung Lương, Huyện Định Hóa, Tỉnh Thái Nguyên"
19,Thái Nguyên,169,Đồng Hỷ,05689,Cây Thị,Xã,"Xã Cây Thị, Huyện Đồng Hỷ, Tỉnh Thái Nguyên"
19,Thái Nguyên,169,Đồng Hỷ,05671,Hòa Bình,Xã,"Xã Hòa Bình, Huyện Đồng Hỷ, Tỉnh Thái Nguyên"
19,Thái Nguyên,169,Đồng Hỷ,05692,Hóa Thượng,Thị trấn,"Thị trấn Hóa Thượng, Huyện Đồng Hỷ, Tỉnh Thái Nguyên"
19,Thái Nguyên,169,Đồng Hỷ,05683,Hóa Trung,Xã,"Xã Hóa Trung, Huyện Đồng Hỷ, Tỉnh Thái Nguyên"
19,Thái Nguyên,169,Đồng Hỷ,05698,Hợp Tiến,Xã,"Xã Hợp Tiến, Huyện Đồng Hỷ, Tỉnh Thái Nguyên"
19,Thái Nguyên,169,Đồng Hỷ,05686,Khe Mo,Xã,"Xã Khe Mo, Huyện Đồng Hỷ, Tỉnh Thái Nguyên"
19,Thái Nguyên,169,Đồng Hỷ,05677,Minh Lập,Xã,"Xã Minh Lập, Huyện Đồng Hỷ, Tỉnh Thái Nguyên"
19,Thái Nguyên,169,Đồng Hỷ,05707,Nam Hòa,Xã,"Xã Nam Hòa, Huyện Đồng Hỷ, Tỉnh Thái Nguyên"
19,Thái Nguyên,169,Đồng Hỷ,05674,Quang Sơn,Xã,"Xã Quang Sơn, Huyện Đồng Hỷ, Tỉnh Thái Nguyên"
19,Thái Nguyên,169,Đồng Hỷ,05656,Sông Cầu,Thị trấn,"Thị trấn Sông Cầu, Huyện Đồng Hỷ, Tỉnh Thái Nguyên"
19,Thái Nguyên,169,Đồng Hỷ,05668,Tân Long,Xã,"Xã Tân Long, Huyện Đồng Hỷ, Tỉnh Thái Nguyên"
19,Thái Nguyên,169,Đồng Hỷ,05662,Trại Cau,Thị trấn,"Thị trấn Trại Cau, Huyện Đồng Hỷ, Tỉnh Thái Nguyên"
19,Thái Nguyên,169,Đồng Hỷ,05680,Văn Hán,Xã,"Xã Văn Hán, Huyện Đồng Hỷ, Tỉnh Thái Nguyên"
19,Thái Nguyên,169,Đồng Hỷ,05665,Văn Lăng,Xã,"Xã Văn Lăng, Huyện Đồng Hỷ, Tỉnh Thái Nguyên"
19,Thái Nguyên,172,Phổ Yên,05860,Ba Hàng,Phường,"Phường Ba Hàng, Thành phố Phổ Yên, Tỉnh Thái Nguyên"
19,Thái Nguyên,172,Phổ Yên,05857,Bắc Sơn,Phường,"Phường Bắc Sơn, Thành phố Phổ Yên, Tỉnh Thái Nguyên"
19,Thái Nguyên,172,Phổ Yên,05854,Bãi Bông,Phường,"Phường Bãi Bông, Thành phố Phổ Yên, Tỉnh Thái Nguyên"
19,Thái Nguyên,172,Phổ Yên,05875,Đắc Sơn,Phường,"Phường Đắc Sơn, Thành phố Phổ Yên, Tỉnh Thái Nguyên"
19,Thái Nguyên,172,Phổ Yên,05896,Đông Cao,Phường,"Phường Đông Cao, Thành phố Phổ Yên, Tỉnh Thái Nguyên"
19,Thái Nguyên,172,Phổ Yên,05878,Đồng Tiến,Phường,"Phường Đồng Tiến, Thành phố Phổ Yên, Tỉnh Thái Nguyên"
19,Thái Nguyên,172,Phổ Yên,05869,Hồng Tiến,Phường,"Phường Hồng Tiến, Thành phố Phổ Yên, Tỉnh Thái Nguyên"
19,Thái Nguyên,172,Phổ Yên,05872,Minh Đức,Xã,"Xã Minh Đức, Thành phố Phổ Yên, Tỉnh Thái Nguyên"
19,Thái Nguyên,172,Phổ Yên,05890,Nam Tiến,Phường,"Phường Nam Tiến, Thành phố Phổ Yên, Tỉnh Thái Nguyên"
19,Thái Nguyên,172,Phổ Yên,05863,Phúc Tân,Xã,"Xã Phúc Tân, Thành phố Phổ Yên, Tỉnh Thái Nguyên"
19,Thái Nguyên,172,Phổ Yên,05866,Phúc Thuận,Xã,"Xã Phúc Thuận, Thành phố Phổ Yên, Tỉnh Thái Nguyên"
19,Thái Nguyên,172,Phổ Yên,05893,Tân Hương,Phường,"Phường Tân Hương, Thành phố Phổ Yên, Tỉnh Thái Nguyên"
19,Thái Nguyên,172,Phổ Yên,05902,Tân Phú,Phường,"Phường Tân Phú, Thành phố Phổ Yên, Tỉnh Thái Nguyên"
19,Thái Nguyên,172,Phổ Yên,05881,Thành Công,Xã,"Xã Thành Công, Thành phố Phổ Yên, Tỉnh Thái Nguyên"
19,Thái Nguyên,172,Phổ Yên,05905,Thuận Thành,Phường,"Phường Thuận Thành, Thành phố Phổ Yên, Tỉnh Thái Nguyên"
19,Thái Nguyên,172,Phổ Yên,05884,Tiên Phong,Phường,"Phường Tiên Phong, Thành phố Phổ Yên, Tỉnh Thái Nguyên"
19,Thái Nguyên,172,Phổ Yên,05899,Trung Thành,Phường,"Phường Trung Thành, Thành phố Phổ Yên, Tỉnh Thái Nguyên"
19,Thái Nguyên,172,Phổ Yên,05887,Vạn Phái,Xã,"Xã Vạn Phái, Thành phố Phổ Yên, Tỉnh Thái Nguyên"
19,Thái Nguyên,173,Phú Bình,05911,Bàn Đạt,Xã,"Xã Bàn Đạt, Huyện Phú Bình, Tỉnh Thái Nguyên"
19,Thái Nguyên,173,Phú Bình,05929,Bảo Lý,Xã,"Xã Bảo Lý, Huyện Phú Bình, Tỉnh Thái Nguyên"
19,Thái Nguyên,173,Phú Bình,05965,Dương Thành,Xã,"Xã Dương Thành, Huyện Phú Bình, Tỉnh Thái Nguyên"
19,Thái Nguyên,173,Phú Bình,05926,Đào Xá,Xã,"Xã Đào Xá, Huyện Phú Bình, Tỉnh Thái Nguyên"
19,Thái Nguyên,173,Phú Bình,05941,Điềm Thụy,Xã,"Xã Điềm Thụy, Huyện Phú Bình, Tỉnh Thái Nguyên"
19,Thái Nguyên,173,Phú Bình,05968,Hà Châu,Xã,"Xã Hà Châu, Huyện Phú Bình, Tỉnh Thái Nguyên"
19,Thái Nguyên,173,Phú Bình,05908,Hương Sơn,Thị trấn,"Thị trấn Hương Sơn, Huyện Phú Bình, Tỉnh Thái Nguyên"
19,Thái Nguyên,173,Phú Bình,05959,Kha Sơn,Xã,"Xã Kha Sơn, Huyện Phú Bình, Tỉnh Thái Nguyên"
19,Thái Nguyên,173,Phú Bình,05953,Lương Phú,Xã,"Xã Lương Phú, Huyện Phú Bình, Tỉnh Thái Nguyên"
19,Thái Nguyên,173,Phú Bình,05956,Nga My,Xã,"Xã Nga My, Huyện Phú Bình, Tỉnh Thái Nguyên"
19,Thái Nguyên,173,Phú Bình,05938,Nhã Lộng,Xã,"Xã Nhã Lộng, Huyện Phú Bình, Tỉnh Thái Nguyên"
19,Thái Nguyên,173,Phú Bình,05947,Tân Đức,Xã,"Xã Tân Đức, Huyện Phú Bình, Tỉnh Thái Nguyên"
19,Thái Nguyên,173,Phú Bình,05935,Tân Hòa,Xã,"Xã Tân Hòa, Huyện Phú Bình, Tỉnh Thái Nguyên"
19,Thái Nguyên,173,Phú Bình,05917,Tân Khánh,Xã,"Xã Tân Khánh, Huyện Phú Bình, Tỉnh Thái Nguyên"
19,Thái Nguyên,173,Phú Bình,05920,Tân Kim,Xã,"Xã Tân Kim, Huyện Phú Bình, Tỉnh Thái Nguyên"
19,Thái Nguyên,173,Phú Bình,05923,Tân Thành,Xã,"Xã Tân Thành, Huyện Phú Bình, Tỉnh Thái Nguyên"
19,Thái Nguyên,173,Phú Bình,05962,Thanh Ninh,Xã,"Xã Thanh Ninh, Huyện Phú Bình, Tỉnh Thái Nguyên"
19,Thái Nguyên,173,Phú Bình,05932,Thượng Đình,Xã,"Xã Thượng Đình, Huyện Phú Bình, Tỉnh Thái Nguyên"
19,Thái Nguyên,173,Phú Bình,05950,Úc Kỳ,Xã,"Xã Úc Kỳ, Huyện Phú Bình, Tỉnh Thái Nguyên"
19,Thái Nguyên,173,Phú Bình,05944,Xuân Phương,Xã,"Xã Xuân Phương, Huyện Phú Bình, Tỉnh Thái Nguyên"
19,Thái Nguyên,168,Phú Lương,05650,Cổ Lũng,Xã,"Xã Cổ Lũng, Huyện Phú Lương, Tỉnh Thái Nguyên"
19,Thái Nguyên,168,Phú Lương,05629,Động Đạt,Xã,"Xã Động Đạt, Huyện Phú Lương, Tỉnh Thái Nguyên"
19,Thái Nguyên,168,Phú Lương,05611,Đu,Thị trấn,"Thị trấn Đu, Huyện Phú Lương, Tỉnh Thái Nguyên"
19,Thái Nguyên,168,Phú Lương,05644,Giang Tiên,Thị trấn,"Thị trấn Giang Tiên, Huyện Phú Lương, Tỉnh Thái Nguyên"
19,Thái Nguyên,168,Phú Lương,05638,Hợp Thành,Xã,"Xã Hợp Thành, Huyện Phú Lương, Tỉnh Thái Nguyên"
19,Thái Nguyên,168,Phú Lương,05626,Ôn Lương,Xã,"Xã Ôn Lương, Huyện Phú Lương, Tỉnh Thái Nguyên"
19,Thái Nguyên,168,Phú Lương,05635,Phú Đô,Xã,"Xã Phú Đô, Huyện Phú Lương, Tỉnh Thái Nguyên"
19,Thái Nguyên,168,Phú Lương,05632,Phủ Lý,Xã,"Xã Phủ Lý, Huyện Phú Lương, Tỉnh Thái Nguyên"
19,Thái Nguyên,168,Phú Lương,05641,Tức Tranh,Xã,"Xã Tức Tranh, Huyện Phú Lương, Tỉnh Thái Nguyên"
19,Thái Nguyên,168,Phú Lương,05647,Vô Tranh,Xã,"Xã Vô Tranh, Huyện Phú Lương, Tỉnh Thái Nguyên"
19,Thái Nguyên,168,Phú Lương,05620,Yên Đổ,Xã,"Xã Yên Đổ, Huyện Phú Lương, Tỉnh Thái Nguyên"
19,Thái Nguyên,168,Phú Lương,05623,Yên Lạc,Xã,"Xã Yên Lạc, Huyện Phú Lương, Tỉnh Thái Nguyên"
19,Thái Nguyên,168,Phú Lương,05614,Yên Ninh,Xã,"Xã Yên Ninh, Huyện Phú Lương, Tỉnh Thái Nguyên"
19,Thái Nguyên,168,Phú Lương,05617,Yên Trạch,Xã,"Xã Yên Trạch, Huyện Phú Lương, Tỉnh Thái Nguyên"
19,Thái Nguyên,165,Sông Công,05533,Bá Xuyên,Xã,"Xã Bá Xuyên, Thành phố Sông Công, Tỉnh Thái Nguyên"
19,Thái Nguyên,165,Sông Công,05528,Bách Quang,Phường,"Phường Bách Quang, Thành phố Sông Công, Tỉnh Thái Nguyên"
19,Thái Nguyên,165,Sông Công,05530,Bình Sơn,Xã,"Xã Bình Sơn, Thành phố Sông Công, Tỉnh Thái Nguyên"
19,Thái Nguyên,165,Sông Công,05515,Cải Đan,Phường,"Phường Cải Đan, Thành phố Sông Công, Tỉnh Thái Nguyên"
19,Thái Nguyên,165,Sông Công,05509,Châu Sơn,Phường,"Phường Châu Sơn, Thành phố Sông Công, Tỉnh Thái Nguyên"
19,Thái Nguyên,165,Sông Công,05506,Lương Sơn,Phường,"Phường Lương Sơn, Thành phố Sông Công, Tỉnh Thái Nguyên"
19,Thái Nguyên,165,Sông Công,05512,Mỏ Chè,Phường,"Phường Mỏ Chè, Thành phố Sông Công, Tỉnh Thái Nguyên"
19,Thái Nguyên,165,Sông Công,05521,Phố Cò,Phường,"Phường Phố Cò, Thành phố Sông Công, Tỉnh Thái Nguyên"
19,Thái Nguyên,165,Sông Công,05527,Tân Quang,Xã,"Xã Tân Quang, Thành phố Sông Công, Tỉnh Thái Nguyên"
19,Thái Nguyên,165,Sông Công,05518,Thắng Lợi,Phường,"Phường Thắng Lợi, Thành phố Sông Công, Tỉnh Thái Nguyên"
19,Thái Nguyên,164,Thái Nguyên,05467,Cam Giá,Phường,"Phường Cam Giá, Thành phố Thái Nguyên, Tỉnh Thái Nguyên"
19,Thái Nguyên,164,Thái Nguyên,05695,Cao Ngạn,Xã,"Xã Cao Ngạn, Thành phố Thái Nguyên, Tỉnh Thái Nguyên"
19,Thái Nguyên,164,Thái Nguyên,05659,Chùa Hang,Phường,"Phường Chùa Hang, Thành phố Thái Nguyên, Tỉnh Thái Nguyên"
19,Thái Nguyên,164,Thái Nguyên,05710,Đồng Bẩm,Phường,"Phường Đồng Bẩm, Thành phố Thái Nguyên, Tỉnh Thái Nguyên"
19,Thái Nguyên,164,Thái Nguyên,05914,Đồng Liên,Xã,"Xã Đồng Liên, Thành phố Thái Nguyên, Tỉnh Thái Nguyên"
19,Thái Nguyên,164,Thái Nguyên,05458,Đồng Quang,Phường,"Phường Đồng Quang, Thành phố Thái Nguyên, Tỉnh Thái Nguyên"
19,Thái Nguyên,164,Thái Nguyên,05461,Gia Sàng,Phường,"Phường Gia Sàng, Thành phố Thái Nguyên, Tỉnh Thái Nguyên"
19,Thái Nguyên,164,Thái Nguyên,05440,Hoàng Văn Thụ,Phường,"Phường Hoàng Văn Thụ, Thành phố Thái Nguyên, Tỉnh Thái Nguyên"
19,Thái Nguyên,164,Thái Nguyên,05473,Hương Sơn,Phường,"Phường Hương Sơn, Thành phố Thái Nguyên, Tỉnh Thái Nguyên"
19,Thái Nguyên,164,Thái Nguyên,05713,Huống Thượng,Xã,"Xã Huống Thượng, Thành phố Thái Nguyên, Tỉnh Thái Nguyên"
19,Thái Nguyên,164,Thái Nguyên,05701,Linh Sơn,Xã,"Xã Linh Sơn, Thành phố Thái Nguyên, Tỉnh Thái Nguyên"
19,Thái Nguyên,164,Thái Nguyên,05449,Phan Đình Phùng,Phường,"Phường Phan Đình Phùng, Thành phố Thái Nguyên, Tỉnh Thái Nguyên"
19,Thái Nguyên,164,Thái Nguyên,05470,Phú Xá,Phường,"Phường Phú Xá, Thành phố Thái Nguyên, Tỉnh Thái Nguyên"
19,Thái Nguyên,164,Thái Nguyên,05485,Phúc Hà,Xã,"Xã Phúc Hà, Thành phố Thái Nguyên, Tỉnh Thái Nguyên"
19,Thái Nguyên,164,Thái Nguyên,05494,Phúc Trìu,Xã,"Xã Phúc Trìu, Thành phố Thái Nguyên, Tỉnh Thái Nguyên"
19,Thái Nguyên,164,Thái Nguyên,05488,Phúc Xuân,Xã,"Xã Phúc Xuân, Thành phố Thái Nguyên, Tỉnh Thái Nguyên"
19,Thái Nguyên,164,Thái Nguyên,05431,Quán Triều,Phường,"Phường Quán Triều, Thành phố Thái Nguyên, Tỉnh Thái Nguyên"
19,Thái Nguyên,164,Thái Nguyên,05446,Quang Trung,Phường,"Phường Quang Trung, Thành phố Thái Nguyên, Tỉnh Thái Nguyên"
19,Thái Nguyên,164,Thái Nguyên,05434,Quang Vinh,Phường,"Phường Quang Vinh, Thành phố Thái Nguyên, Tỉnh Thái Nguyên"
19,Thái Nguyên,164,Thái Nguyên,05491,Quyết Thắng,Xã,"Xã Quyết Thắng, Thành phố Thái Nguyên, Tỉnh Thái Nguyên"
19,Thái Nguyên,164,Thái Nguyên,05653,Sơn Cẩm,Xã,"Xã Sơn Cẩm, Thành phố Thái Nguyên, Tỉnh Thái Nguyên"
19,Thái Nguyên,164,Thái Nguyên,05503,Tân Cương,Xã,"Xã Tân Cương, Thành phố Thái Nguyên, Tỉnh Thái Nguyên"
19,Thái Nguyên,164,Thái Nguyên,05464,Tân Lập,Phường,"Phường Tân Lập, Thành phố Thái Nguyên, Tỉnh Thái Nguyên"
19,Thái Nguyên,164,Thái Nguyên,05482,Tân Long,Phường,"Phường Tân Long, Thành phố Thái Nguyên, Tỉnh Thái Nguyên"
19,Thái Nguyên,164,Thái Nguyên,05479,Tân Thành,Phường,"Phường Tân Thành, Thành phố Thái Nguyên, Tỉnh Thái Nguyên"
19,Thái Nguyên,164,Thái Nguyên,05452,Tân Thịnh,Phường,"Phường Tân Thịnh, Thành phố Thái Nguyên, Tỉnh Thái Nguyên"
19,Thái Nguyên,164,Thái Nguyên,05455,Thịnh Đán,Phường,"Phường Thịnh Đán, Thành phố Thái Nguyên, Tỉnh Thái Nguyên"
19,Thái Nguyên,164,Thái Nguyên,05497,Thịnh Đức,Xã,"Xã Thịnh Đức, Thành phố Thái Nguyên, Tỉnh Thái Nguyên"
19,Thái Nguyên,164,Thái Nguyên,05500,Tích Lương,Phường,"Phường Tích Lương, Thành phố Thái Nguyên, Tỉnh Thái Nguyên"
19,Thái Nguyên,164,Thái Nguyên,05476,Trung Thành,Phường,"Phường Trung Thành, Thành phố Thái Nguyên, Tỉnh Thái Nguyên"
19,Thái Nguyên,164,Thái Nguyên,05443,Trưng Vương,Phường,"Phường Trưng Vương, Thành phố Thái Nguyên, Tỉnh Thái Nguyên"
19,Thái Nguyên,164,Thái Nguyên,05437,Túc Duyên,Phường,"Phường Túc Duyên, Thành phố Thái Nguyên, Tỉnh Thái Nguyên"
19,Thái Nguyên,170,Võ Nhai,05758,Bình Long,Xã,"Xã Bình Long, Huyện Võ Nhai, Tỉnh Thái Nguyên"
19,Thái Nguyên,170,Võ Nhai,05737,Cúc Đường,Xã,"Xã Cúc Đường, Huyện Võ Nhai, Tỉnh Thái Nguyên"
19,Thái Nguyên,170,Võ Nhai,05755,Dân Tiến,Xã,"Xã Dân Tiến, Huyện Võ Nhai, Tỉnh Thái Nguyên"
19,Thái Nguyên,170,Võ Nhai,05716,Đình Cả,Thị trấn,"Thị trấn Đình Cả, Huyện Võ Nhai, Tỉnh Thái Nguyên"
19,Thái Nguyên,170,Võ Nhai,05740,La Hiên,Xã,"Xã La Hiên, Huyện Võ Nhai, Tỉnh Thái Nguyên"
19,Thái Nguyên,170,Võ Nhai,05743,Lâu Thượng,Xã,"Xã Lâu Thượng, Huyện Võ Nhai, Tỉnh Thái Nguyên"
19,Thái Nguyên,170,Võ Nhai,05752,Liên Minh,Xã,"Xã Liên Minh, Huyện Võ Nhai, Tỉnh Thái Nguyên"
19,Thái Nguyên,170,Võ Nhai,05722,Nghinh Tường,Xã,"Xã Nghinh Tường, Huyện Võ Nhai, Tỉnh Thái Nguyên"
19,Thái Nguyên,170,Võ Nhai,05734,Phú Thượng,Xã,"Xã Phú Thượng, Huyện Võ Nhai, Tỉnh Thái Nguyên"
19,Thái Nguyên,170,Võ Nhai,05749,Phương Giao,Xã,"Xã Phương Giao, Huyện Võ Nhai, Tỉnh Thái Nguyên"
19,Thái Nguyên,170,Võ Nhai,05719,Sảng Mộc,Xã,"Xã Sảng Mộc, Huyện Võ Nhai, Tỉnh Thái Nguyên"
19,Thái Nguyên,170,Võ Nhai,05725,Thần Xa,Xã,"Xã Thần Xa, Huyện Võ Nhai, Tỉnh Thái Nguyên"
19,Thái Nguyên,170,Võ Nhai,05731,Thượng Nung,Xã,"Xã Thượng Nung, Huyện Võ Nhai, Tỉnh Thái Nguyên"
19,Thái Nguyên,170,Võ Nhai,05746,Tràng Xá,Xã,"Xã Tràng Xá, Huyện Võ Nhai, Tỉnh Thái Nguyên"
19,Thái Nguyên,170,Võ Nhai,05728,Vũ Chấn,Xã,"Xã Vũ Chấn, Huyện Võ Nhai, Tỉnh Thái Nguyên"
38,Thanh Hóa,386,Bá Thước,14944,Ái Thượng,Xã,"Xã Ái Thượng, Huyện Bá Thước, Tỉnh Thanh Hóa"
38,Thanh Hóa,386,Bá Thước,14971,Ban Công,Xã,"Xã Ban Công, Huyện Bá Thước, Tỉnh Thanh Hóa"
38,Thanh Hóa,386,Bá Thước,14923,Cành Nàng,Thị trấn,"Thị trấn Cành Nàng, Huyện Bá Thước, Tỉnh Thanh Hóa"
38,Thanh Hóa,386,Bá Thước,14965,Cổ Lũng,Xã,"Xã Cổ Lũng, Huyện Bá Thước, Tỉnh Thanh Hóa"
38,Thanh Hóa,386,Bá Thước,14929,Điền Hạ,Xã,"Xã Điền Hạ, Huyện Bá Thước, Tỉnh Thanh Hóa"
38,Thanh Hóa,386,Bá Thước,14950,Điền Lư,Xã,"Xã Điền Lư, Huyện Bá Thước, Tỉnh Thanh Hóa"
38,Thanh Hóa,386,Bá Thước,14932,Điền Quang,Xã,"Xã Điền Quang, Huyện Bá Thước, Tỉnh Thanh Hóa"
38,Thanh Hóa,386,Bá Thước,14926,Điền Thượng,Xã,"Xã Điền Thượng, Huyện Bá Thước, Tỉnh Thanh Hóa"
38,Thanh Hóa,386,Bá Thước,14935,Điền Trung,Xã,"Xã Điền Trung, Huyện Bá Thước, Tỉnh Thanh Hóa"
38,Thanh Hóa,386,Bá Thước,14962,Hạ Trung,Xã,"Xã Hạ Trung, Huyện Bá Thước, Tỉnh Thanh Hóa"
38,Thanh Hóa,386,Bá Thước,14974,Kỳ Tân,Xã,"Xã Kỳ Tân, Huyện Bá Thước, Tỉnh Thanh Hóa"
38,Thanh Hóa,386,Bá Thước,14959,Lũng Cao,Xã,"Xã Lũng Cao, Huyện Bá Thước, Tỉnh Thanh Hóa"
38,Thanh Hóa,386,Bá Thước,14956,Lũng Niêm,Xã,"Xã Lũng Niêm, Huyện Bá Thước, Tỉnh Thanh Hóa"
38,Thanh Hóa,386,Bá Thước,14941,Lương Ngoại,Xã,"Xã Lương Ngoại, Huyện Bá Thước, Tỉnh Thanh Hóa"
38,Thanh Hóa,386,Bá Thước,14947,Lương Nội,Xã,"Xã Lương Nội, Huyện Bá Thước, Tỉnh Thanh Hóa"
38,Thanh Hóa,386,Bá Thước,14953,Lương Trung,Xã,"Xã Lương Trung, Huyện Bá Thước, Tỉnh Thanh Hóa"
38,Thanh Hóa,386,Bá Thước,14968,Thành Lâm,Xã,"Xã Thành Lâm, Huyện Bá Thước, Tỉnh Thanh Hóa"
38,Thanh Hóa,386,Bá Thước,14938,Thành Sơn,Xã,"Xã Thành Sơn, Huyện Bá Thước, Tỉnh Thanh Hóa"
38,Thanh Hóa,386,Bá Thước,14986,Thiết Kế,Xã,"Xã Thiết Kế, Huyện Bá Thước, Tỉnh Thanh Hóa"
38,Thanh Hóa,386,Bá Thước,14980,Thiết Ống,Xã,"Xã Thiết Ống, Huyện Bá Thước, Tỉnh Thanh Hóa"
38,Thanh Hóa,386,Bá Thước,14977,Văn Nho,Xã,"Xã Văn Nho, Huyện Bá Thước, Tỉnh Thanh Hóa"
38,Thanh Hóa,381,Bỉm Sơn,14812,Ba Đình,Phường,"Phường Ba Đình, Thị xã Bỉm Sơn, Tỉnh Thanh Hóa"
38,Thanh Hóa,381,Bỉm Sơn,14809,Bắc Sơn,Phường,"Phường Bắc Sơn, Thị xã Bỉm Sơn, Tỉnh Thanh Hóa"
38,Thanh Hóa,381,Bỉm Sơn,14821,Đông Sơn,Phường,"Phường Đông Sơn, Thị xã Bỉm Sơn, Tỉnh Thanh Hóa"
38,Thanh Hóa,381,Bỉm Sơn,14815,Lam Sơn,Phường,"Phường Lam Sơn, Thị xã Bỉm Sơn, Tỉnh Thanh Hóa"
38,Thanh Hóa,381,Bỉm Sơn,14818,Ngọc Trạo,Phường,"Phường Ngọc Trạo, Thị xã Bỉm Sơn, Tỉnh Thanh Hóa"
38,Thanh Hóa,381,Bỉm Sơn,14823,Phú Sơn,Phường,"Phường Phú Sơn, Thị xã Bỉm Sơn, Tỉnh Thanh Hóa"
38,Thanh Hóa,381,Bỉm Sơn,14824,Quang Trung,Xã,"Xã Quang Trung, Thị xã Bỉm Sơn, Tỉnh Thanh Hóa"
38,Thanh Hóa,390,Cẩm Thủy,15151,Cẩm Bình,Xã,"Xã Cẩm Bình, Huyện Cẩm Thủy, Tỉnh Thanh Hóa"
38,Thanh Hóa,390,Cẩm Thủy,15160,Cẩm Châu,Xã,"Xã Cẩm Châu, Huyện Cẩm Thủy, Tỉnh Thanh Hóa"
38,Thanh Hóa,390,Cẩm Thủy,15148,Cẩm Giang,Xã,"Xã Cẩm Giang, Huyện Cẩm Thủy, Tỉnh Thanh Hóa"
38,Thanh Hóa,390,Cẩm Thủy,15145,Cẩm Liên,Xã,"Xã Cẩm Liên, Huyện Cẩm Thủy, Tỉnh Thanh Hóa"
38,Thanh Hóa,390,Cẩm Thủy,15172,Cẩm Long,Xã,"Xã Cẩm Long, Huyện Cẩm Thủy, Tỉnh Thanh Hóa"
38,Thanh Hóa,390,Cẩm Thủy,15139,Cẩm Lương,Xã,"Xã Cẩm Lương, Huyện Cẩm Thủy, Tỉnh Thanh Hóa"
38,Thanh Hóa,390,Cẩm Thủy,15169,Cẩm Ngọc,Xã,"Xã Cẩm Ngọc, Huyện Cẩm Thủy, Tỉnh Thanh Hóa"
38,Thanh Hóa,390,Cẩm Thủy,15181,Cẩm Phú,Xã,"Xã Cẩm Phú, Huyện Cẩm Thủy, Tỉnh Thanh Hóa"
38,Thanh Hóa,390,Cẩm Thủy,15136,Cẩm Quý,Xã,"Xã Cẩm Quý, Huyện Cẩm Thủy, Tỉnh Thanh Hóa"
38,Thanh Hóa,390,Cẩm Thủy,15163,Cẩm Tâm,Xã,"Xã Cẩm Tâm, Huyện Cẩm Thủy, Tỉnh Thanh Hóa"
38,Thanh Hóa,390,Cẩm Thủy,15178,Cẩm Tân,Xã,"Xã Cẩm Tân, Huyện Cẩm Thủy, Tỉnh Thanh Hóa"
38,Thanh Hóa,390,Cẩm Thủy,15142,Cẩm Thạch,Xã,"Xã Cẩm Thạch, Huyện Cẩm Thủy, Tỉnh Thanh Hóa"
38,Thanh Hóa,390,Cẩm Thủy,15133,Cẩm Thành,Xã,"Xã Cẩm Thành, Huyện Cẩm Thủy, Tỉnh Thanh Hóa"
38,Thanh Hóa,390,Cẩm Thủy,15154,Cẩm Tú,Xã,"Xã Cẩm Tú, Huyện Cẩm Thủy, Tỉnh Thanh Hóa"
38,Thanh Hóa,390,Cẩm Thủy,15184,Cẩm Vân,Xã,"Xã Cẩm Vân, Huyện Cẩm Thủy, Tỉnh Thanh Hóa"
38,Thanh Hóa,390,Cẩm Thủy,15175,Cẩm Yên,Xã,"Xã Cẩm Yên, Huyện Cẩm Thủy, Tỉnh Thanh Hóa"
38,Thanh Hóa,390,Cẩm Thủy,15127,Phong Sơn,Thị trấn,"Thị trấn Phong Sơn, Huyện Cẩm Thủy, Tỉnh Thanh Hóa"
38,Thanh Hóa,392,Hà Trung,15280,Hà Bắc,Xã,"Xã Hà Bắc, Huyện Hà Trung, Tỉnh Thanh Hóa"
38,Thanh Hóa,392,Hà Trung,15328,Hà Bình,Xã,"Xã Hà Bình, Huyện Hà Trung, Tỉnh Thanh Hóa"
38,Thanh Hóa,392,Hà Trung,15334,Hà Châu,Xã,"Xã Hà Châu, Huyện Hà Trung, Tỉnh Thanh Hóa"
38,Thanh Hóa,392,Hà Trung,15319,Hà Đông,Xã,"Xã Hà Đông, Huyện Hà Trung, Tỉnh Thanh Hóa"
38,Thanh Hóa,392,Hà Trung,15292,Hà Giang,Xã,"Xã Hà Giang, Huyện Hà Trung, Tỉnh Thanh Hóa"
38,Thanh Hóa,392,Hà Trung,15343,Hà Hải,Xã,"Xã Hà Hải, Huyện Hà Trung, Tỉnh Thanh Hóa"
38,Thanh Hóa,392,Hà Trung,15316,Hà Lĩnh,Thị trấn,"Thị trấn Hà Lĩnh, Huyện Hà Trung, Tỉnh Thanh Hóa"
38,Thanh Hóa,392,Hà Trung,15274,Hà Long,Thị trấn,"Thị trấn Hà Long, Huyện Hà Trung, Tỉnh Thanh Hóa"
38,Thanh Hóa,392,Hà Trung,15304,Hà Ngọc,Xã,"Xã Hà Ngọc, Huyện Hà Trung, Tỉnh Thanh Hóa"
38,Thanh Hóa,392,Hà Trung,15313,Hà Sơn,Xã,"Xã Hà Sơn, Huyện Hà Trung, Tỉnh Thanh Hóa"
38,Thanh Hóa,392,Hà Trung,15322,Hà Tân,Xã,"Xã Hà Tân, Huyện Hà Trung, Tỉnh Thanh Hóa"
38,Thanh Hóa,392,Hà Trung,15325,Hà Tiến,Xã,"Xã Hà Tiến, Huyện Hà Trung, Tỉnh Thanh Hóa"
38,Thanh Hóa,392,Hà Trung,15271,Hà Trung,Thị trấn,"Thị trấn Hà Trung, Huyện Hà Trung, Tỉnh Thanh Hóa"
38,Thanh Hóa,392,Hà Trung,15277,Hà Vinh,Xã,"Xã Hà Vinh, Huyện Hà Trung, Tỉnh Thanh Hóa"
38,Thanh Hóa,392,Hà Trung,15283,Hoạt Giang,Xã,"Xã Hoạt Giang, Huyện Hà Trung, Tỉnh Thanh Hóa"
38,Thanh Hóa,392,Hà Trung,15298,Lĩnh Toại,Xã,"Xã Lĩnh Toại, Huyện Hà Trung, Tỉnh Thanh Hóa"
38,Thanh Hóa,392,Hà Trung,15331,Thái Lai,Xã,"Xã Thái Lai, Huyện Hà Trung, Tỉnh Thanh Hóa"
38,Thanh Hóa,392,Hà Trung,15286,Yên Dương,Xã,"Xã Yên Dương, Huyện Hà Trung, Tỉnh Thanh Hóa"
38,Thanh Hóa,392,Hà Trung,15307,Yến Sơn,Xã,"Xã Yến Sơn, Huyện Hà Trung, Tỉnh Thanh Hóa"
38,Thanh Hóa,400,Hậu Lộc,16033,Cầu Lộc,Xã,"Xã Cầu Lộc, Huyện Hậu Lộc, Tỉnh Thanh Hóa"
38,Thanh Hóa,400,Hậu Lộc,16087,Đa Lộc,Xã,"Xã Đa Lộc, Huyện Hậu Lộc, Tỉnh Thanh Hóa"
38,Thanh Hóa,400,Hậu Lộc,16018,Đại Lộc,Xã,"Xã Đại Lộc, Huyện Hậu Lộc, Tỉnh Thanh Hóa"
38,Thanh Hóa,400,Hậu Lộc,16015,Đồng Lộc,Xã,"Xã Đồng Lộc, Huyện Hậu Lộc, Tỉnh Thanh Hóa"
38,Thanh Hóa,400,Hậu Lộc,16084,Hải Lộc,Xã,"Xã Hải Lộc, Huyện Hậu Lộc, Tỉnh Thanh Hóa"
38,Thanh Hóa,400,Hậu Lộc,16012,Hậu Lộc,Thị trấn,"Thị trấn Hậu Lộc, Huyện Hậu Lộc, Tỉnh Thanh Hóa"
38,Thanh Hóa,400,Hậu Lộc,16063,Hoa Lộc,Xã,"Xã Hoa Lộc, Huyện Hậu Lộc, Tỉnh Thanh Hóa"
38,Thanh Hóa,400,Hậu Lộc,16075,Hòa Lộc,Xã,"Xã Hòa Lộc, Huyện Hậu Lộc, Tỉnh Thanh Hóa"
38,Thanh Hóa,400,Hậu Lộc,16081,Hưng Lộc,Xã,"Xã Hưng Lộc, Huyện Hậu Lộc, Tỉnh Thanh Hóa"
38,Thanh Hóa,400,Hậu Lộc,16066,Liên Lộc,Xã,"Xã Liên Lộc, Huyện Hậu Lộc, Tỉnh Thanh Hóa"
38,Thanh Hóa,400,Hậu Lộc,16030,Lộc Sơn,Xã,"Xã Lộc Sơn, Huyện Hậu Lộc, Tỉnh Thanh Hóa"
38,Thanh Hóa,400,Hậu Lộc,16078,Minh Lộc,Xã,"Xã Minh Lộc, Huyện Hậu Lộc, Tỉnh Thanh Hóa"
38,Thanh Hóa,400,Hậu Lộc,16045,Mỹ Lộc,Xã,"Xã Mỹ Lộc, Huyện Hậu Lộc, Tỉnh Thanh Hóa"
38,Thanh Hóa,400,Hậu Lộc,16090,Ngư Lộc,Xã,"Xã Ngư Lộc, Huyện Hậu Lộc, Tỉnh Thanh Hóa"
38,Thanh Hóa,400,Hậu Lộc,16072,Phú Lộc,Xã,"Xã Phú Lộc, Huyện Hậu Lộc, Tỉnh Thanh Hóa"
38,Thanh Hóa,400,Hậu Lộc,16069,Quang Lộc,Xã,"Xã Quang Lộc, Huyện Hậu Lộc, Tỉnh Thanh Hóa"
38,Thanh Hóa,400,Hậu Lộc,16036,Thành Lộc,Xã,"Xã Thành Lộc, Huyện Hậu Lộc, Tỉnh Thanh Hóa"
38,Thanh Hóa,400,Hậu Lộc,16048,Thuần Lộc,Xã,"Xã Thuần Lộc, Huyện Hậu Lộc, Tỉnh Thanh Hóa"
38,Thanh Hóa,400,Hậu Lộc,16027,Tiến Lộc,Xã,"Xã Tiến Lộc, Huyện Hậu Lộc, Tỉnh Thanh Hóa"
38,Thanh Hóa,400,Hậu Lộc,16021,Triệu Lộc,Xã,"Xã Triệu Lộc, Huyện Hậu Lộc, Tỉnh Thanh Hóa"
38,Thanh Hóa,400,Hậu Lộc,16042,Tuy Lộc,Xã,"Xã Tuy Lộc, Huyện Hậu Lộc, Tỉnh Thanh Hóa"
38,Thanh Hóa,400,Hậu Lộc,16057,Xuân Lộc,Xã,"Xã Xuân Lộc, Huyện Hậu Lộc, Tỉnh Thanh Hóa"
38,Thanh Hóa,399,Hoằng Hóa,15865,Bút Sơn,Thị trấn,"Thị trấn Bút Sơn, Huyện Hoằng Hóa, Tỉnh Thanh Hóa"
38,Thanh Hóa,399,Hoằng Hóa,15907,Hoằng Cát,Xã,"Xã Hoằng Cát, Huyện Hoằng Hóa, Tỉnh Thanh Hóa"
38,Thanh Hóa,399,Hoằng Hóa,15979,Hoằng Châu,Xã,"Xã Hoằng Châu, Huyện Hoằng Hóa, Tỉnh Thanh Hóa"
38,Thanh Hóa,399,Hoằng Hóa,15946,Hoằng Đạo,Xã,"Xã Hoằng Đạo, Huyện Hoằng Hóa, Tỉnh Thanh Hóa"
38,Thanh Hóa,399,Hoằng Hóa,15940,Hoằng Đạt,Xã,"Xã Hoằng Đạt, Huyện Hoằng Hóa, Tỉnh Thanh Hóa"
38,Thanh Hóa,399,Hoằng Hóa,15952,Hoằng Đồng,Xã,"Xã Hoằng Đồng, Huyện Hoằng Hóa, Tỉnh Thanh Hóa"
38,Thanh Hóa,399,Hoằng Hóa,15997,Hoằng Đông,Xã,"Xã Hoằng Đông, Huyện Hoằng Hóa, Tỉnh Thanh Hóa"
38,Thanh Hóa,399,Hoằng Hóa,15928,Hoằng Đức,Xã,"Xã Hoằng Đức, Huyện Hoằng Hóa, Tỉnh Thanh Hóa"
38,Thanh Hóa,399,Hoằng Hóa,15880,Hoằng Giang,Xã,"Xã Hoằng Giang, Huyện Hoằng Hóa, Tỉnh Thanh Hóa"
38,Thanh Hóa,399,Hoằng Hóa,15937,Hoằng Hà,Xã,"Xã Hoằng Hà, Huyện Hoằng Hóa, Tỉnh Thanh Hóa"
38,Thanh Hóa,399,Hoằng Hóa,15991,Hoằng Hải,Xã,"Xã Hoằng Hải, Huyện Hoằng Hóa, Tỉnh Thanh Hóa"
38,Thanh Hóa,399,Hoằng Hóa,15919,Hoằng Hợp,Xã,"Xã Hoằng Hợp, Huyện Hoằng Hóa, Tỉnh Thanh Hóa"
38,Thanh Hóa,399,Hoằng Hóa,15889,Hoằng Kim,Xã,"Xã Hoằng Kim, Huyện Hoằng Hóa, Tỉnh Thanh Hóa"
38,Thanh Hóa,399,Hoằng Hóa,15964,Hoằng Lộc,Xã,"Xã Hoằng Lộc, Huyện Hoằng Hóa, Tỉnh Thanh Hóa"
38,Thanh Hóa,399,Hoằng Hóa,15976,Hoằng Lưu,Xã,"Xã Hoằng Lưu, Huyện Hoằng Hóa, Tỉnh Thanh Hóa"
38,Thanh Hóa,399,Hoằng Hóa,15994,Hoằng Ngọc,Xã,"Xã Hoằng Ngọc, Huyện Hoằng Hóa, Tỉnh Thanh Hóa"
38,Thanh Hóa,399,Hoằng Hóa,15973,Hoằng Phong,Xã,"Xã Hoằng Phong, Huyện Hoằng Hóa, Tỉnh Thanh Hóa"
38,Thanh Hóa,399,Hoằng Hóa,15883,Hoằng Phú,Xã,"Xã Hoằng Phú, Huyện Hoằng Hóa, Tỉnh Thanh Hóa"
38,Thanh Hóa,399,Hoằng Hóa,16003,Hoằng Phụ,Xã,"Xã Hoằng Phụ, Huyện Hoằng Hóa, Tỉnh Thanh Hóa"
38,Thanh Hóa,399,Hoằng Hóa,15886,Hoằng Quỳ,Xã,"Xã Hoằng Quỳ, Huyện Hoằng Hóa, Tỉnh Thanh Hóa"
38,Thanh Hóa,399,Hoằng Hóa,15916,Hoằng Quý,Xã,"Xã Hoằng Quý, Huyện Hoằng Hóa, Tỉnh Thanh Hóa"
38,Thanh Hóa,399,Hoằng Hóa,15901,Hoằng Sơn,Xã,"Xã Hoằng Sơn, Huyện Hoằng Hóa, Tỉnh Thanh Hóa"
38,Thanh Hóa,399,Hoằng Hóa,15982,Hoằng Tân,Xã,"Xã Hoằng Tân, Huyện Hoằng Hóa, Tỉnh Thanh Hóa"
38,Thanh Hóa,399,Hoằng Hóa,15955,Hoằng Thái,Xã,"Xã Hoằng Thái, Huyện Hoằng Hóa, Tỉnh Thanh Hóa"
38,Thanh Hóa,399,Hoằng Hóa,15949,Hoằng Thắng,Xã,"Xã Hoằng Thắng, Huyện Hoằng Hóa, Tỉnh Thanh Hóa"
38,Thanh Hóa,399,Hoằng Hóa,15961,Hoằng Thành,Xã,"Xã Hoằng Thành, Huyện Hoằng Hóa, Tỉnh Thanh Hóa"
38,Thanh Hóa,399,Hoằng Hóa,16000,Hoằng Thanh,Xã,"Xã Hoằng Thanh, Huyện Hoằng Hóa, Tỉnh Thanh Hóa"
38,Thanh Hóa,399,Hoằng Hóa,15958,Hoằng Thịnh,Xã,"Xã Hoằng Thịnh, Huyện Hoằng Hóa, Tỉnh Thanh Hóa"
38,Thanh Hóa,399,Hoằng Hóa,15988,Hoằng Tiến,Xã,"Xã Hoằng Tiến, Huyện Hoằng Hóa, Tỉnh Thanh Hóa"
38,Thanh Hóa,399,Hoằng Hóa,15967,Hoằng Trạch,Xã,"Xã Hoằng Trạch, Huyện Hoằng Hóa, Tỉnh Thanh Hóa"
38,Thanh Hóa,399,Hoằng Hóa,15895,Hoằng Trinh,Xã,"Xã Hoằng Trinh, Huyện Hoằng Hóa, Tỉnh Thanh Hóa"
38,Thanh Hóa,399,Hoằng Hóa,15892,Hoằng Trung,Xã,"Xã Hoằng Trung, Huyện Hoằng Hóa, Tỉnh Thanh Hóa"
38,Thanh Hóa,399,Hoằng Hóa,16006,Hoằng Trường,Xã,"Xã Hoằng Trường, Huyện Hoằng Hóa, Tỉnh Thanh Hóa"
38,Thanh Hóa,399,Hoằng Hóa,15877,Hoằng Xuân,Xã,"Xã Hoằng Xuân, Huyện Hoằng Hóa, Tỉnh Thanh Hóa"
38,Thanh Hóa,399,Hoằng Hóa,15910,Hoằng Xuyên,Xã,"Xã Hoằng Xuyên, Huyện Hoằng Hóa, Tỉnh Thanh Hóa"
38,Thanh Hóa,399,Hoằng Hóa,15985,Hoằng Yến,Xã,"Xã Hoằng Yến, Huyện Hoằng Hóa, Tỉnh Thanh Hóa"
38,Thanh Hóa,388,Lang Chánh,15058,Đồng Lương,Xã,"Xã Đồng Lương, Huyện Lang Chánh, Tỉnh Thanh Hóa"
38,Thanh Hóa,388,Lang Chánh,15040,Giao An,Xã,"Xã Giao An, Huyện Lang Chánh, Tỉnh Thanh Hóa"
38,Thanh Hóa,388,Lang Chánh,15043,Giao Thiện,Xã,"Xã Giao Thiện, Huyện Lang Chánh, Tỉnh Thanh Hóa"
38,Thanh Hóa,388,Lang Chánh,15052,Lâm Phú,Xã,"Xã Lâm Phú, Huyện Lang Chánh, Tỉnh Thanh Hóa"
38,Thanh Hóa,388,Lang Chánh,15055,Lang Chánh,Thị trấn,"Thị trấn Lang Chánh, Huyện Lang Chánh, Tỉnh Thanh Hóa"
38,Thanh Hóa,388,Lang Chánh,15049,Tam Văn,Xã,"Xã Tam Văn, Huyện Lang Chánh, Tỉnh Thanh Hóa"
38,Thanh Hóa,388,Lang Chánh,15046,Tân Phúc,Xã,"Xã Tân Phúc, Huyện Lang Chánh, Tỉnh Thanh Hóa"
38,Thanh Hóa,388,Lang Chánh,15037,Trí Nang,Xã,"Xã Trí Nang, Huyện Lang Chánh, Tỉnh Thanh Hóa"
38,Thanh Hóa,388,Lang Chánh,15031,Yên Khương,Xã,"Xã Yên Khương, Huyện Lang Chánh, Tỉnh Thanh Hóa"
38,Thanh Hóa,388,Lang Chánh,15034,Yên Thắng,Xã,"Xã Yên Thắng, Huyện Lang Chánh, Tỉnh Thanh Hóa"
38,Thanh Hóa,384,Mường Lát,14866,Mường Chanh,Xã,"Xã Mường Chanh, Huyện Mường Lát, Tỉnh Thanh Hóa"
38,Thanh Hóa,384,Mường Lát,14845,Mường Lát,Thị trấn,"Thị trấn Mường Lát, Huyện Mường Lát, Tỉnh Thanh Hóa"
38,Thanh Hóa,384,Mường Lát,14854,Mường Lý,Xã,"Xã Mường Lý, Huyện Mường Lát, Tỉnh Thanh Hóa"
38,Thanh Hóa,384,Mường Lát,14864,Nhi Sơn,Xã,"Xã Nhi Sơn, Huyện Mường Lát, Tỉnh Thanh Hóa"
38,Thanh Hóa,384,Mường Lát,14863,Pù Nhi,Xã,"Xã Pù Nhi, Huyện Mường Lát, Tỉnh Thanh Hóa"
38,Thanh Hóa,384,Mường Lát,14860,Quang Chiểu,Xã,"Xã Quang Chiểu, Huyện Mường Lát, Tỉnh Thanh Hóa"
38,Thanh Hóa,384,Mường Lát,14848,Tam Chung,Xã,"Xã Tam Chung, Huyện Mường Lát, Tỉnh Thanh Hóa"
38,Thanh Hóa,384,Mường Lát,14857,Trung Lý,Xã,"Xã Trung Lý, Huyện Mường Lát, Tỉnh Thanh Hóa"
38,Thanh Hóa,401,Nga Sơn,16096,Ba Đình,Xã,"Xã Ba Đình, Huyện Nga Sơn, Tỉnh Thanh Hóa"
38,Thanh Hóa,401,Nga Sơn,16144,Nga An,Xã,"Xã Nga An, Huyện Nga Sơn, Tỉnh Thanh Hóa"
38,Thanh Hóa,401,Nga Sơn,16150,Nga Điền,Xã,"Xã Nga Điền, Huyện Nga Sơn, Tỉnh Thanh Hóa"
38,Thanh Hóa,401,Nga Sơn,16135,Nga Giáp,Xã,"Xã Nga Giáp, Huyện Nga Sơn, Tỉnh Thanh Hóa"
38,Thanh Hóa,401,Nga Sơn,16138,Nga Hải,Xã,"Xã Nga Hải, Huyện Nga Sơn, Tỉnh Thanh Hóa"
38,Thanh Hóa,401,Nga Sơn,16120,Nga Hiệp,Xã,"Xã Nga Hiệp, Huyện Nga Sơn, Tỉnh Thanh Hóa"
38,Thanh Hóa,401,Nga Sơn,16159,Nga Liên,Xã,"Xã Nga Liên, Huyện Nga Sơn, Tỉnh Thanh Hóa"
38,Thanh Hóa,401,Nga Sơn,16147,Nga Phú,Xã,"Xã Nga Phú, Huyện Nga Sơn, Tỉnh Thanh Hóa"
38,Thanh Hóa,401,Nga Sơn,16114,Nga Phượng,Xã,"Xã Nga Phượng, Huyện Nga Sơn, Tỉnh Thanh Hóa"
38,Thanh Hóa,401,Nga Sơn,16093,Nga Sơn,Thị trấn,"Thị trấn Nga Sơn, Huyện Nga Sơn, Tỉnh Thanh Hóa"
38,Thanh Hóa,401,Nga Sơn,16153,Nga Tân,Xã,"Xã Nga Tân, Huyện Nga Sơn, Tỉnh Thanh Hóa"
38,Thanh Hóa,401,Nga Sơn,16165,Nga Thạch,Xã,"Xã Nga Thạch, Huyện Nga Sơn, Tỉnh Thanh Hóa"
38,Thanh Hóa,401,Nga Sơn,16162,Nga Thái,Xã,"Xã Nga Thái, Huyện Nga Sơn, Tỉnh Thanh Hóa"
38,Thanh Hóa,401,Nga Sơn,16168,Nga Thắng,Xã,"Xã Nga Thắng, Huyện Nga Sơn, Tỉnh Thanh Hóa"
38,Thanh Hóa,401,Nga Sơn,16123,Nga Thanh,Xã,"Xã Nga Thanh, Huyện Nga Sơn, Tỉnh Thanh Hóa"
38,Thanh Hóa,401,Nga Sơn,16141,Nga Thành,Xã,"Xã Nga Thành, Huyện Nga Sơn, Tỉnh Thanh Hóa"
38,Thanh Hóa,401,Nga Sơn,16105,Nga Thiện,Xã,"Xã Nga Thiện, Huyện Nga Sơn, Tỉnh Thanh Hóa"
38,Thanh Hóa,401,Nga Sơn,16156,Nga Thủy,Xã,"Xã Nga Thủy, Huyện Nga Sơn, Tỉnh Thanh Hóa"
38,Thanh Hóa,401,Nga Sơn,16108,Nga Tiến,Xã,"Xã Nga Tiến, Huyện Nga Sơn, Tỉnh Thanh Hóa"
38,Thanh Hóa,401,Nga Sơn,16171,Nga Trường,Xã,"Xã Nga Trường, Huyện Nga Sơn, Tỉnh Thanh Hóa"
38,Thanh Hóa,401,Nga Sơn,16102,Nga Văn,Xã,"Xã Nga Văn, Huyện Nga Sơn, Tỉnh Thanh Hóa"
38,Thanh Hóa,401,Nga Sơn,16099,Nga Vịnh,Xã,"Xã Nga Vịnh, Huyện Nga Sơn, Tỉnh Thanh Hóa"
38,Thanh Hóa,401,Nga Sơn,16132,Nga Yên,Xã,"Xã Nga Yên, Huyện Nga Sơn, Tỉnh Thanh Hóa"
38,Thanh Hóa,407,Nghi Sơn,16579,Anh Sơn,Xã,"Xã Anh Sơn, Thị xã Nghi Sơn, Tỉnh Thanh Hóa"
38,Thanh Hóa,407,Nghi Sơn,16618,Bình Minh,Phường,"Phường Bình Minh, Thị xã Nghi Sơn, Tỉnh Thanh Hóa"
38,Thanh Hóa,407,Nghi Sơn,16591,Các Sơn,Xã,"Xã Các Sơn, Thị xã Nghi Sơn, Tỉnh Thanh Hóa"
38,Thanh Hóa,407,Nghi Sơn,16600,Định Hải,Xã,"Xã Định Hải, Thị xã Nghi Sơn, Tỉnh Thanh Hóa"
38,Thanh Hóa,407,Nghi Sơn,16585,Hải An,Phường,"Phường Hải An, Thị xã Nghi Sơn, Tỉnh Thanh Hóa"
38,Thanh Hóa,407,Nghi Sơn,16633,Hải Bình,Phường,"Phường Hải Bình, Thị xã Nghi Sơn, Tỉnh Thanh Hóa"
38,Thanh Hóa,407,Nghi Sơn,16564,Hải Châu,Phường,"Phường Hải Châu, Thị xã Nghi Sơn, Tỉnh Thanh Hóa"
38,Thanh Hóa,407,Nghi Sơn,16660,Hải Hà,Xã,"Xã Hải Hà, Thị xã Nghi Sơn, Tỉnh Thanh Hóa"
38,Thanh Hóa,407,Nghi Sơn,16561,Hải Hòa,Phường,"Phường Hải Hòa, Thị xã Nghi Sơn, Tỉnh Thanh Hóa"
38,Thanh Hóa,407,Nghi Sơn,16597,Hải Lĩnh,Phường,"Phường Hải Lĩnh, Thị xã Nghi Sơn, Tỉnh Thanh Hóa"
38,Thanh Hóa,407,Nghi Sơn,16612,Hải Nhân,Xã,"Xã Hải Nhân, Thị xã Nghi Sơn, Tỉnh Thanh Hóa"
38,Thanh Hóa,407,Nghi Sơn,16576,Hải Ninh,Phường,"Phường Hải Ninh, Thị xã Nghi Sơn, Tỉnh Thanh Hóa"
38,Thanh Hóa,407,Nghi Sơn,16621,Hải Thanh,Phường,"Phường Hải Thanh, Thị xã Nghi Sơn, Tỉnh Thanh Hóa"
38,Thanh Hóa,407,Nghi Sơn,16654,Hải Thượng,Phường,"Phường Hải Thượng, Thị xã Nghi Sơn, Tỉnh Thanh Hóa"
38,Thanh Hóa,407,Nghi Sơn,16645,Mai Lâm,Phường,"Phường Mai Lâm, Thị xã Nghi Sơn, Tỉnh Thanh Hóa"
38,Thanh Hóa,407,Nghi Sơn,16657,Nghi Sơn,Xã,"Xã Nghi Sơn, Thị xã Nghi Sơn, Tỉnh Thanh Hóa"
38,Thanh Hóa,407,Nghi Sơn,16582,Ngọc Lĩnh,Xã,"Xã Ngọc Lĩnh, Thị xã Nghi Sơn, Tỉnh Thanh Hóa"
38,Thanh Hóa,407,Nghi Sơn,16609,Nguyên Bình,Phường,"Phường Nguyên Bình, Thị xã Nghi Sơn, Tỉnh Thanh Hóa"
38,Thanh Hóa,407,Nghi Sơn,16606,Ninh Hải,Phường,"Phường Ninh Hải, Thị xã Nghi Sơn, Tỉnh Thanh Hóa"
38,Thanh Hóa,407,Nghi Sơn,16624,Phú Lâm,Xã,"Xã Phú Lâm, Thị xã Nghi Sơn, Tỉnh Thanh Hóa"
38,Thanh Hóa,407,Nghi Sơn,16603,Phú Sơn,Xã,"Xã Phú Sơn, Thị xã Nghi Sơn, Tỉnh Thanh Hóa"
38,Thanh Hóa,407,Nghi Sơn,16594,Tân Dân,Phường,"Phường Tân Dân, Thị xã Nghi Sơn, Tỉnh Thanh Hóa"
38,Thanh Hóa,407,Nghi Sơn,16636,Tân Trường,Xã,"Xã Tân Trường, Thị xã Nghi Sơn, Tỉnh Thanh Hóa"
38,Thanh Hóa,407,Nghi Sơn,16570,Thanh Sơn,Xã,"Xã Thanh Sơn, Thị xã Nghi Sơn, Tỉnh Thanh Hóa"
38,Thanh Hóa,407,Nghi Sơn,16567,Thanh Thủy,Xã,"Xã Thanh Thủy, Thị xã Nghi Sơn, Tỉnh Thanh Hóa"
38,Thanh Hóa,407,Nghi Sơn,16642,Tĩnh Hải,Phường,"Phường Tĩnh Hải, Thị xã Nghi Sơn, Tỉnh Thanh Hóa"
38,Thanh Hóa,407,Nghi Sơn,16630,Trúc Lâm,Phường,"Phường Trúc Lâm, Thị xã Nghi Sơn, Tỉnh Thanh Hóa"
38,Thanh Hóa,407,Nghi Sơn,16648,Trường Lâm,Xã,"Xã Trường Lâm, Thị xã Nghi Sơn, Tỉnh Thanh Hóa"
38,Thanh Hóa,407,Nghi Sơn,16639,Tùng Lâm,Xã,"Xã Tùng Lâm, Thị xã Nghi Sơn, Tỉnh Thanh Hóa"
38,Thanh Hóa,407,Nghi Sơn,16627,Xuân Lâm,Phường,"Phường Xuân Lâm, Thị xã Nghi Sơn, Tỉnh Thanh Hóa"
38,Thanh Hóa,389,Ngọc Lặc,15079,Cao Ngọc,Xã,"Xã Cao Ngọc, Huyện Ngọc Lặc, Tỉnh Thanh Hóa"
38,Thanh Hóa,389,Ngọc Lặc,15100,Cao Thịnh,Xã,"Xã Cao Thịnh, Huyện Ngọc Lặc, Tỉnh Thanh Hóa"
38,Thanh Hóa,389,Ngọc Lặc,15088,Đồng Thịnh,Xã,"Xã Đồng Thịnh, Huyện Ngọc Lặc, Tỉnh Thanh Hóa"
38,Thanh Hóa,389,Ngọc Lặc,15118,Kiên Thọ,Xã,"Xã Kiên Thọ, Huyện Ngọc Lặc, Tỉnh Thanh Hóa"
38,Thanh Hóa,389,Ngọc Lặc,15064,Lam Sơn,Xã,"Xã Lam Sơn, Huyện Ngọc Lặc, Tỉnh Thanh Hóa"
38,Thanh Hóa,389,Ngọc Lặc,15097,Lộc Thịnh,Xã,"Xã Lộc Thịnh, Huyện Ngọc Lặc, Tỉnh Thanh Hóa"
38,Thanh Hóa,389,Ngọc Lặc,15124,Minh Sơn,Xã,"Xã Minh Sơn, Huyện Ngọc Lặc, Tỉnh Thanh Hóa"
38,Thanh Hóa,389,Ngọc Lặc,15121,Minh Tiến,Xã,"Xã Minh Tiến, Huyện Ngọc Lặc, Tỉnh Thanh Hóa"
38,Thanh Hóa,389,Ngọc Lặc,15067,Mỹ Tân,Xã,"Xã Mỹ Tân, Huyện Ngọc Lặc, Tỉnh Thanh Hóa"
38,Thanh Hóa,389,Ngọc Lặc,15061,Ngọc Lặc,Xã,"Xã Ngọc Lặc, Huyện Ngọc Lặc, Tỉnh Thanh Hóa"
38,Thanh Hóa,389,Ngọc Lặc,15091,Ngọc Liên,Xã,"Xã Ngọc Liên, Huyện Ngọc Lặc, Tỉnh Thanh Hóa"
38,Thanh Hóa,389,Ngọc Lặc,15094,Ngọc Sơn,Xã,"Xã Ngọc Sơn, Huyện Ngọc Lặc, Tỉnh Thanh Hóa"
38,Thanh Hóa,389,Ngọc Lặc,15103,Ngọc Trung,Xã,"Xã Ngọc Trung, Huyện Ngọc Lặc, Tỉnh Thanh Hóa"
38,Thanh Hóa,389,Ngọc Lặc,15115,Nguyệt Ấn,Xã,"Xã Nguyệt Ấn, Huyện Ngọc Lặc, Tỉnh Thanh Hóa"
38,Thanh Hóa,389,Ngọc Lặc,15112,Phúc Thịnh,Xã,"Xã Phúc Thịnh, Huyện Ngọc Lặc, Tỉnh Thanh Hóa"
38,Thanh Hóa,389,Ngọc Lặc,15106,Phùng Giáo,Xã,"Xã Phùng Giáo, Huyện Ngọc Lặc, Tỉnh Thanh Hóa"
38,Thanh Hóa,389,Ngọc Lặc,15109,Phùng Minh,Xã,"Xã Phùng Minh, Huyện Ngọc Lặc, Tỉnh Thanh Hóa"
38,Thanh Hóa,389,Ngọc Lặc,15085,Quang Trung,Xã,"Xã Quang Trung, Huyện Ngọc Lặc, Tỉnh Thanh Hóa"
38,Thanh Hóa,389,Ngọc Lặc,15073,Thạch Lập,Xã,"Xã Thạch Lập, Huyện Ngọc Lặc, Tỉnh Thanh Hóa"
38,Thanh Hóa,389,Ngọc Lặc,15070,Thúy Sơn,Xã,"Xã Thúy Sơn, Huyện Ngọc Lặc, Tỉnh Thanh Hóa"
38,Thanh Hóa,389,Ngọc Lặc,15076,Vân Âm,Xã,"Xã Vân Âm, Huyện Ngọc Lặc, Tỉnh Thanh Hóa"
38,Thanh Hóa,403,Như Thanh,16228,Bến Sung,Thị trấn,"Thị trấn Bến Sung, Huyện Như Thanh, Tỉnh Thanh Hóa"
38,Thanh Hóa,403,Như Thanh,16231,Cán Khê,Xã,"Xã Cán Khê, Huyện Như Thanh, Tỉnh Thanh Hóa"
38,Thanh Hóa,403,Như Thanh,16252,Hải Long,Xã,"Xã Hải Long, Huyện Như Thanh, Tỉnh Thanh Hóa"
38,Thanh Hóa,403,Như Thanh,16243,Mậu Lâm,Xã,"Xã Mậu Lâm, Huyện Như Thanh, Tỉnh Thanh Hóa"
38,Thanh Hóa,403,Như Thanh,16249,Phú Nhuận,Xã,"Xã Phú Nhuận, Huyện Như Thanh, Tỉnh Thanh Hóa"
38,Thanh Hóa,403,Như Thanh,16240,Phượng Nghi,Xã,"Xã Phượng Nghi, Huyện Như Thanh, Tỉnh Thanh Hóa"
38,Thanh Hóa,403,Như Thanh,16276,Thanh Kỳ,Xã,"Xã Thanh Kỳ, Huyện Như Thanh, Tỉnh Thanh Hóa"
38,Thanh Hóa,403,Như Thanh,16273,Thanh Tân,Xã,"Xã Thanh Tân, Huyện Như Thanh, Tỉnh Thanh Hóa"
38,Thanh Hóa,403,Như Thanh,16234,Xuân Du,Xã,"Xã Xuân Du, Huyện Như Thanh, Tỉnh Thanh Hóa"
38,Thanh Hóa,403,Như Thanh,16246,Xuân Khang,Xã,"Xã Xuân Khang, Huyện Như Thanh, Tỉnh Thanh Hóa"
38,Thanh Hóa,403,Như Thanh,16261,Xuân Phúc,Xã,"Xã Xuân Phúc, Huyện Như Thanh, Tỉnh Thanh Hóa"
38,Thanh Hóa,403,Như Thanh,16258,Xuân Thái,Xã,"Xã Xuân Thái, Huyện Như Thanh, Tỉnh Thanh Hóa"
38,Thanh Hóa,403,Như Thanh,16267,Yên Lạc,Xã,"Xã Yên Lạc, Huyện Như Thanh, Tỉnh Thanh Hóa"
38,Thanh Hóa,403,Như Thanh,16264,Yên Thọ,Xã,"Xã Yên Thọ, Huyện Như Thanh, Tỉnh Thanh Hóa"
38,Thanh Hóa,402,Như Xuân,16177,Bãi Trành,Xã,"Xã Bãi Trành, Huyện Như Xuân, Tỉnh Thanh Hóa"
38,Thanh Hóa,402,Như Xuân,16204,Bình Lương,Xã,"Xã Bình Lương, Huyện Như Xuân, Tỉnh Thanh Hóa"
38,Thanh Hóa,402,Như Xuân,16198,Cát Tân,Xã,"Xã Cát Tân, Huyện Như Xuân, Tỉnh Thanh Hóa"
38,Thanh Hóa,402,Như Xuân,16195,Cát Vân,Xã,"Xã Cát Vân, Huyện Như Xuân, Tỉnh Thanh Hóa"
38,Thanh Hóa,402,Như Xuân,16186,Hóa Quỳ,Xã,"Xã Hóa Quỳ, Huyện Như Xuân, Tỉnh Thanh Hóa"
38,Thanh Hóa,402,Như Xuân,16201,Tân Bình,Xã,"Xã Tân Bình, Huyện Như Xuân, Tỉnh Thanh Hóa"
38,Thanh Hóa,402,Như Xuân,16213,Thanh Hòa,Xã,"Xã Thanh Hòa, Huyện Như Xuân, Tỉnh Thanh Hóa"
38,Thanh Hóa,402,Như Xuân,16219,Thanh Lâm,Xã,"Xã Thanh Lâm, Huyện Như Xuân, Tỉnh Thanh Hóa"
38,Thanh Hóa,402,Như Xuân,16216,Thanh Phong,Xã,"Xã Thanh Phong, Huyện Như Xuân, Tỉnh Thanh Hóa"
38,Thanh Hóa,402,Như Xuân,16207,Thanh Quân,Xã,"Xã Thanh Quân, Huyện Như Xuân, Tỉnh Thanh Hóa"
38,Thanh Hóa,402,Như Xuân,16222,Thanh Sơn,Xã,"Xã Thanh Sơn, Huyện Như Xuân, Tỉnh Thanh Hóa"
38,Thanh Hóa,402,Như Xuân,16210,Thanh Xuân,Xã,"Xã Thanh Xuân, Huyện Như Xuân, Tỉnh Thanh Hóa"
38,Thanh Hóa,402,Như Xuân,16225,Thượng Ninh,Xã,"Xã Thượng Ninh, Huyện Như Xuân, Tỉnh Thanh Hóa"
38,Thanh Hóa,402,Như Xuân,16183,Xuân Bình,Xã,"Xã Xuân Bình, Huyện Như Xuân, Tỉnh Thanh Hóa"
38,Thanh Hóa,402,Như Xuân,16180,Xuân Hòa,Xã,"Xã Xuân Hòa, Huyện Như Xuân, Tỉnh Thanh Hóa"
38,Thanh Hóa,402,Như Xuân,16174,Yên Cát,Thị trấn,"Thị trấn Yên Cát, Huyện Như Xuân, Tỉnh Thanh Hóa"
38,Thanh Hóa,404,Nông Cống,16369,Công Chính,Xã,"Xã Công Chính, Huyện Nông Cống, Tỉnh Thanh Hóa"
38,Thanh Hóa,404,Nông Cống,16354,Công Liêm,Xã,"Xã Công Liêm, Huyện Nông Cống, Tỉnh Thanh Hóa"
38,Thanh Hóa,404,Nông Cống,16294,Hoàng Giang,Xã,"Xã Hoàng Giang, Huyện Nông Cống, Tỉnh Thanh Hóa"
38,Thanh Hóa,404,Nông Cống,16288,Hoàng Sơn,Xã,"Xã Hoàng Sơn, Huyện Nông Cống, Tỉnh Thanh Hóa"
38,Thanh Hóa,404,Nông Cống,16324,Minh Khôi,Xã,"Xã Minh Khôi, Huyện Nông Cống, Tỉnh Thanh Hóa"
38,Thanh Hóa,404,Nông Cống,16321,Minh Nghĩa,Xã,"Xã Minh Nghĩa, Huyện Nông Cống, Tỉnh Thanh Hóa"
38,Thanh Hóa,404,Nông Cống,16279,Nông Cống,Thị trấn,"Thị trấn Nông Cống, Huyện Nông Cống, Tỉnh Thanh Hóa"
38,Thanh Hóa,404,Nông Cống,16291,Tân Khang,Xã,"Xã Tân Khang, Huyện Nông Cống, Tỉnh Thanh Hóa"
38,Thanh Hóa,404,Nông Cống,16282,Tân Phúc,Xã,"Xã Tân Phúc, Huyện Nông Cống, Tỉnh Thanh Hóa"
38,Thanh Hóa,404,Nông Cống,16285,Tân Thọ,Xã,"Xã Tân Thọ, Huyện Nông Cống, Tỉnh Thanh Hóa"
38,Thanh Hóa,404,Nông Cống,16315,Tế Lợi,Xã,"Xã Tế Lợi, Huyện Nông Cống, Tỉnh Thanh Hóa"
38,Thanh Hóa,404,Nông Cống,16318,Tế Nông,Xã,"Xã Tế Nông, Huyện Nông Cống, Tỉnh Thanh Hóa"
38,Thanh Hóa,404,Nông Cống,16309,Tế Thắng,Xã,"Xã Tế Thắng, Huyện Nông Cống, Tỉnh Thanh Hóa"
38,Thanh Hóa,404,Nông Cống,16351,Thăng Bình,Xã,"Xã Thăng Bình, Huyện Nông Cống, Tỉnh Thanh Hóa"
38,Thanh Hóa,404,Nông Cống,16342,Thăng Long,Xã,"Xã Thăng Long, Huyện Nông Cống, Tỉnh Thanh Hóa"
38,Thanh Hóa,404,Nông Cống,16360,Thăng Thọ,Xã,"Xã Thăng Thọ, Huyện Nông Cống, Tỉnh Thanh Hóa"
38,Thanh Hóa,404,Nông Cống,16297,Trung Chính,Xã,"Xã Trung Chính, Huyện Nông Cống, Tỉnh Thanh Hóa"
38,Thanh Hóa,404,Nông Cống,16303,Trung Thành,Xã,"Xã Trung Thành, Huyện Nông Cống, Tỉnh Thanh Hóa"
38,Thanh Hóa,404,Nông Cống,16336,Trường Giang,Xã,"Xã Trường Giang, Huyện Nông Cống, Tỉnh Thanh Hóa"
38,Thanh Hóa,404,Nông Cống,16345,Trường Minh,Xã,"Xã Trường Minh, Huyện Nông Cống, Tỉnh Thanh Hóa"
38,Thanh Hóa,404,Nông Cống,16348,Trường Sơn,Xã,"Xã Trường Sơn, Huyện Nông Cống, Tỉnh Thanh Hóa"
38,Thanh Hóa,404,Nông Cống,16330,Trường Trung,Xã,"Xã Trường Trung, Huyện Nông Cống, Tỉnh Thanh Hóa"
38,Thanh Hóa,404,Nông Cống,16363,Tượng Lĩnh,Xã,"Xã Tượng Lĩnh, Huyện Nông Cống, Tỉnh Thanh Hóa"
38,Thanh Hóa,404,Nông Cống,16366,Tượng Sơn,Xã,"Xã Tượng Sơn, Huyện Nông Cống, Tỉnh Thanh Hóa"
38,Thanh Hóa,404,Nông Cống,16357,Tượng Văn,Xã,"Xã Tượng Văn, Huyện Nông Cống, Tỉnh Thanh Hóa"
38,Thanh Hóa,404,Nông Cống,16327,Vạn Hòa,Xã,"Xã Vạn Hòa, Huyện Nông Cống, Tỉnh Thanh Hóa"
38,Thanh Hóa,404,Nông Cống,16333,Vạn Thắng,Xã,"Xã Vạn Thắng, Huyện Nông Cống, Tỉnh Thanh Hóa"
38,Thanh Hóa,404,Nông Cống,16339,Vạn Thiện,Xã,"Xã Vạn Thiện, Huyện Nông Cống, Tỉnh Thanh Hóa"
38,Thanh Hóa,404,Nông Cống,16375,Yên Mỹ,Xã,"Xã Yên Mỹ, Huyện Nông Cống, Tỉnh Thanh Hóa"
38,Thanh Hóa,385,Quan Hóa,14896,Hiền Chung,Xã,"Xã Hiền Chung, Huyện Quan Hóa, Tỉnh Thanh Hóa"
38,Thanh Hóa,385,Quan Hóa,14899,Hiền Kiệt,Xã,"Xã Hiền Kiệt, Huyện Quan Hóa, Tỉnh Thanh Hóa"
38,Thanh Hóa,385,Quan Hóa,14869,Hồi Xuân,Thị trấn,"Thị trấn Hồi Xuân, Huyện Quan Hóa, Tỉnh Thanh Hóa"
38,Thanh Hóa,385,Quan Hóa,14917,Nam Động,Xã,"Xã Nam Động, Huyện Quan Hóa, Tỉnh Thanh Hóa"
38,Thanh Hóa,385,Quan Hóa,14902,Nam Tiến,Xã,"Xã Nam Tiến, Huyện Quan Hóa, Tỉnh Thanh Hóa"
38,Thanh Hóa,385,Quan Hóa,14914,Nam Xuân,Xã,"Xã Nam Xuân, Huyện Quan Hóa, Tỉnh Thanh Hóa"
38,Thanh Hóa,385,Quan Hóa,14884,Phú Lệ,Xã,"Xã Phú Lệ, Huyện Quan Hóa, Tỉnh Thanh Hóa"
38,Thanh Hóa,385,Quan Hóa,14911,Phú Nghiêm,Xã,"Xã Phú Nghiêm, Huyện Quan Hóa, Tỉnh Thanh Hóa"
38,Thanh Hóa,385,Quan Hóa,14887,Phú Sơn,Xã,"Xã Phú Sơn, Huyện Quan Hóa, Tỉnh Thanh Hóa"
38,Thanh Hóa,385,Quan Hóa,14878,Phú Thanh,Xã,"Xã Phú Thanh, Huyện Quan Hóa, Tỉnh Thanh Hóa"
38,Thanh Hóa,385,Quan Hóa,14890,Phú Xuân,Xã,"Xã Phú Xuân, Huyện Quan Hóa, Tỉnh Thanh Hóa"
38,Thanh Hóa,385,Quan Hóa,14872,Thành Sơn,Xã,"Xã Thành Sơn, Huyện Quan Hóa, Tỉnh Thanh Hóa"
38,Thanh Hóa,385,Quan Hóa,14908,Thiên Phủ,Xã,"Xã Thiên Phủ, Huyện Quan Hóa, Tỉnh Thanh Hóa"
38,Thanh Hóa,385,Quan Hóa,14875,Trung Sơn,Xã,"Xã Trung Sơn, Huyện Quan Hóa, Tỉnh Thanh Hóa"
38,Thanh Hóa,385,Quan Hóa,14881,Trung Thành,Xã,"Xã Trung Thành, Huyện Quan Hóa, Tỉnh Thanh Hóa"
38,Thanh Hóa,387,Quan Sơn,15025,Mường Mìn,Xã,"Xã Mường Mìn, Huyện Quan Sơn, Tỉnh Thanh Hóa"
38,Thanh Hóa,387,Quan Sơn,15013,Na Mèo,Xã,"Xã Na Mèo, Huyện Quan Sơn, Tỉnh Thanh Hóa"
38,Thanh Hóa,387,Quan Sơn,15022,Sơn Điện,Xã,"Xã Sơn Điện, Huyện Quan Sơn, Tỉnh Thanh Hóa"
38,Thanh Hóa,387,Quan Sơn,15004,Sơn Hà,Xã,"Xã Sơn Hà, Huyện Quan Sơn, Tỉnh Thanh Hóa"
38,Thanh Hóa,387,Quan Sơn,15016,Sơn Lư,Thị trấn,"Thị trấn Sơn Lư, Huyện Quan Sơn, Tỉnh Thanh Hóa"
38,Thanh Hóa,387,Quan Sơn,15010,Sơn Thủy,Xã,"Xã Sơn Thủy, Huyện Quan Sơn, Tỉnh Thanh Hóa"
38,Thanh Hóa,387,Quan Sơn,15019,Tam Lư,Xã,"Xã Tam Lư, Huyện Quan Sơn, Tỉnh Thanh Hóa"
38,Thanh Hóa,387,Quan Sơn,15007,Tam Thanh,Xã,"Xã Tam Thanh, Huyện Quan Sơn, Tỉnh Thanh Hóa"
38,Thanh Hóa,387,Quan Sơn,15001,Trung Hạ,Xã,"Xã Trung Hạ, Huyện Quan Sơn, Tỉnh Thanh Hóa"
38,Thanh Hóa,387,Quan Sơn,14998,Trung Thượng,Xã,"Xã Trung Thượng, Huyện Quan Sơn, Tỉnh Thanh Hóa"
38,Thanh Hóa,387,Quan Sơn,14999,Trung Tiến,Xã,"Xã Trung Tiến, Huyện Quan Sơn, Tỉnh Thanh Hóa"
38,Thanh Hóa,387,Quan Sơn,14995,Trung Xuân,Xã,"Xã Trung Xuân, Huyện Quan Sơn, Tỉnh Thanh Hóa"
38,Thanh Hóa,406,Quảng Xương,16468,Quảng Bình,Xã,"Xã Quảng Bình, Huyện Quảng Xương, Tỉnh Thanh Hóa"
38,Thanh Hóa,406,Quảng Xương,16495,Quảng Chính,Xã,"Xã Quảng Chính, Huyện Quảng Xương, Tỉnh Thanh Hóa"
38,Thanh Hóa,406,Quảng Xương,16456,Quảng Định,Xã,"Xã Quảng Định, Huyện Quảng Xương, Tỉnh Thanh Hóa"
38,Thanh Hóa,406,Quảng Xương,16453,Quảng Đức,Xã,"Xã Quảng Đức, Huyện Quảng Xương, Tỉnh Thanh Hóa"
38,Thanh Hóa,406,Quảng Xương,16519,Quảng Giao,Xã,"Xã Quảng Giao, Huyện Quảng Xương, Tỉnh Thanh Hóa"
38,Thanh Hóa,406,Quảng Xương,16540,Quảng Hải,Xã,"Xã Quảng Hải, Huyện Quảng Xương, Tỉnh Thanh Hóa"
38,Thanh Hóa,406,Quảng Xương,16483,Quảng Hòa,Xã,"Xã Quảng Hòa, Huyện Quảng Xương, Tỉnh Thanh Hóa"
38,Thanh Hóa,406,Quảng Xương,16471,Quảng Hợp,Xã,"Xã Quảng Hợp, Huyện Quảng Xương, Tỉnh Thanh Hóa"
38,Thanh Hóa,406,Quảng Xương,16489,Quảng Khê,Xã,"Xã Quảng Khê, Huyện Quảng Xương, Tỉnh Thanh Hóa"
38,Thanh Hóa,406,Quảng Xương,16546,Quảng Lộc,Xã,"Xã Quảng Lộc, Huyện Quảng Xương, Tỉnh Thanh Hóa"
38,Thanh Hóa,406,Quảng Xương,16477,Quảng Long,Xã,"Xã Quảng Long, Huyện Quảng Xương, Tỉnh Thanh Hóa"
38,Thanh Hóa,406,Quảng Xương,16543,Quảng Lưu,Xã,"Xã Quảng Lưu, Huyện Quảng Xương, Tỉnh Thanh Hóa"
38,Thanh Hóa,406,Quảng Xương,16498,Quảng Ngọc,Xã,"Xã Quảng Ngọc, Huyện Quảng Xương, Tỉnh Thanh Hóa"
38,Thanh Hóa,406,Quảng Xương,16552,Quảng Nham,Xã,"Xã Quảng Nham, Huyện Quảng Xương, Tỉnh Thanh Hóa"
38,Thanh Hóa,406,Quảng Xương,16462,Quảng Nhân,Xã,"Xã Quảng Nhân, Huyện Quảng Xương, Tỉnh Thanh Hóa"
38,Thanh Hóa,406,Quảng Xương,16465,Quảng Ninh,Xã,"Xã Quảng Ninh, Huyện Quảng Xương, Tỉnh Thanh Hóa"
38,Thanh Hóa,406,Quảng Xương,16510,Quảng Phúc,Xã,"Xã Quảng Phúc, Huyện Quảng Xương, Tỉnh Thanh Hóa"
38,Thanh Hóa,406,Quảng Xương,16555,Quảng Thạch,Xã,"Xã Quảng Thạch, Huyện Quảng Xương, Tỉnh Thanh Hóa"
38,Thanh Hóa,406,Quảng Xương,16558,Quảng Thái,Xã,"Xã Quảng Thái, Huyện Quảng Xương, Tỉnh Thanh Hóa"
38,Thanh Hóa,406,Quảng Xương,16447,Quảng Trạch,Xã,"Xã Quảng Trạch, Huyện Quảng Xương, Tỉnh Thanh Hóa"
38,Thanh Hóa,406,Quảng Xương,16492,Quảng Trung,Xã,"Xã Quảng Trung, Huyện Quảng Xương, Tỉnh Thanh Hóa"
38,Thanh Hóa,406,Quảng Xương,16501,Quảng Trường,Xã,"Xã Quảng Trường, Huyện Quảng Xương, Tỉnh Thanh Hóa"
38,Thanh Hóa,406,Quảng Xương,16474,Quảng Văn,Xã,"Xã Quảng Văn, Huyện Quảng Xương, Tỉnh Thanh Hóa"
38,Thanh Hóa,406,Quảng Xương,16480,Quảng Yên,Xã,"Xã Quảng Yên, Huyện Quảng Xương, Tỉnh Thanh Hóa"
38,Thanh Hóa,406,Quảng Xương,16438,Tân Phong,Thị trấn,"Thị trấn Tân Phong, Huyện Quảng Xương, Tỉnh Thanh Hóa"
38,Thanh Hóa,406,Quảng Xương,16549,Tiên Trang,Xã,"Xã Tiên Trang, Huyện Quảng Xương, Tỉnh Thanh Hóa"
38,Thanh Hóa,382,Sầm Sơn,14833,Bắc Sơn,Phường,"Phường Bắc Sơn, Thành phố Sầm Sơn, Tỉnh Thanh Hóa"
38,Thanh Hóa,382,Sầm Sơn,16516,Đại Hùng,Xã,"Xã Đại Hùng, Thành phố Sầm Sơn, Tỉnh Thanh Hóa"
38,Thanh Hóa,382,Sầm Sơn,16531,Quảng Châu,Phường,"Phường Quảng Châu, Thành phố Sầm Sơn, Tỉnh Thanh Hóa"
38,Thanh Hóa,382,Sầm Sơn,14839,Quảng Cư,Phường,"Phường Quảng Cư, Thành phố Sầm Sơn, Tỉnh Thanh Hóa"
38,Thanh Hóa,382,Sầm Sơn,16513,Quảng Minh,Xã,"Xã Quảng Minh, Thành phố Sầm Sơn, Tỉnh Thanh Hóa"
38,Thanh Hóa,382,Sầm Sơn,16528,Quảng Thọ,Phường,"Phường Quảng Thọ, Thành phố Sầm Sơn, Tỉnh Thanh Hóa"
38,Thanh Hóa,382,Sầm Sơn,14842,Quảng Tiến,Phường,"Phường Quảng Tiến, Thành phố Sầm Sơn, Tỉnh Thanh Hóa"
38,Thanh Hóa,382,Sầm Sơn,16534,Quảng Vinh,Phường,"Phường Quảng Vinh, Thành phố Sầm Sơn, Tỉnh Thanh Hóa"
38,Thanh Hóa,382,Sầm Sơn,14830,Trung Sơn,Phường,"Phường Trung Sơn, Thành phố Sầm Sơn, Tỉnh Thanh Hóa"
38,Thanh Hóa,382,Sầm Sơn,14836,Trường Sơn,Phường,"Phường Trường Sơn, Thành phố Sầm Sơn, Tỉnh Thanh Hóa"
38,Thanh Hóa,391,Thạch Thành,15187,Kim Tân,Thị trấn,"Thị trấn Kim Tân, Huyện Thạch Thành, Tỉnh Thanh Hóa"
38,Thanh Hóa,391,Thạch Thành,15268,Ngọc Trạo,Xã,"Xã Ngọc Trạo, Huyện Thạch Thành, Tỉnh Thanh Hóa"
38,Thanh Hóa,391,Thạch Thành,15211,Thạch Bình,Xã,"Xã Thạch Bình, Huyện Thạch Thành, Tỉnh Thanh Hóa"
38,Thanh Hóa,391,Thạch Thành,15205,Thạch Cẩm,Xã,"Xã Thạch Cẩm, Huyện Thạch Thành, Tỉnh Thanh Hóa"
38,Thanh Hóa,391,Thạch Thành,15214,Thạch Định,Xã,"Xã Thạch Định, Huyện Thạch Thành, Tỉnh Thanh Hóa"
38,Thanh Hóa,391,Thạch Thành,15196,Thạch Lâm,Xã,"Xã Thạch Lâm, Huyện Thạch Thành, Tỉnh Thanh Hóa"
38,Thanh Hóa,391,Thạch Thành,15220,Thạch Long,Xã,"Xã Thạch Long, Huyện Thạch Thành, Tỉnh Thanh Hóa"
38,Thanh Hóa,391,Thạch Thành,15199,Thạch Quảng,Xã,"Xã Thạch Quảng, Huyện Thạch Thành, Tỉnh Thanh Hóa"
38,Thanh Hóa,391,Thạch Thành,15208,Thạch Sơn,Xã,"Xã Thạch Sơn, Huyện Thạch Thành, Tỉnh Thanh Hóa"
38,Thanh Hóa,391,Thạch Thành,15202,Thạch Tượng,Xã,"Xã Thạch Tượng, Huyện Thạch Thành, Tỉnh Thanh Hóa"
38,Thanh Hóa,391,Thạch Thành,15250,Thành An,Xã,"Xã Thành An, Huyện Thạch Thành, Tỉnh Thanh Hóa"
38,Thanh Hóa,391,Thạch Thành,15235,Thành Công,Xã,"Xã Thành Công, Huyện Thạch Thành, Tỉnh Thanh Hóa"
38,Thanh Hóa,391,Thạch Thành,15265,Thành Hưng,Xã,"Xã Thành Hưng, Huyện Thạch Thành, Tỉnh Thanh Hóa"
38,Thanh Hóa,391,Thạch Thành,15259,Thành Long,Xã,"Xã Thành Long, Huyện Thạch Thành, Tỉnh Thanh Hóa"
38,Thanh Hóa,391,Thạch Thành,15232,Thành Minh,Xã,"Xã Thành Minh, Huyện Thạch Thành, Tỉnh Thanh Hóa"
38,Thanh Hóa,391,Thạch Thành,15223,Thành Mỹ,Xã,"Xã Thành Mỹ, Huyện Thạch Thành, Tỉnh Thanh Hóa"
38,Thanh Hóa,391,Thạch Thành,15247,Thành Tâm,Xã,"Xã Thành Tâm, Huyện Thạch Thành, Tỉnh Thanh Hóa"
38,Thanh Hóa,391,Thạch Thành,15238,Thành Tân,Xã,"Xã Thành Tân, Huyện Thạch Thành, Tỉnh Thanh Hóa"
38,Thanh Hóa,391,Thạch Thành,15253,Thành Thọ,Xã,"Xã Thành Thọ, Huyện Thạch Thành, Tỉnh Thanh Hóa"
38,Thanh Hóa,391,Thạch Thành,15256,Thành Tiến,Xã,"Xã Thành Tiến, Huyện Thạch Thành, Tỉnh Thanh Hóa"
38,Thanh Hóa,391,Thạch Thành,15241,Thành Trực,Xã,"Xã Thành Trực, Huyện Thạch Thành, Tỉnh Thanh Hóa"
38,Thanh Hóa,391,Thạch Thành,15229,Thành Vinh,Xã,"Xã Thành Vinh, Huyện Thạch Thành, Tỉnh Thanh Hóa"
38,Thanh Hóa,391,Thạch Thành,15226,Thành Yên,Xã,"Xã Thành Yên, Huyện Thạch Thành, Tỉnh Thanh Hóa"
38,Thanh Hóa,391,Thạch Thành,15190,Vân Du,Thị trấn,"Thị trấn Vân Du, Huyện Thạch Thành, Tỉnh Thanh Hóa"
38,Thanh Hóa,380,Thanh Hóa,16435,An Hưng,Phường,"Phường An Hưng, Thành phố Thanh Hóa, Tỉnh Thanh Hóa"
38,Thanh Hóa,380,Thanh Hóa,14776,Ba Đình,Phường,"Phường Ba Đình, Thành phố Thanh Hóa, Tỉnh Thanh Hóa"
38,Thanh Hóa,380,Thanh Hóa,14767,Điện Biên,Phường,"Phường Điện Biên, Thành phố Thanh Hóa, Tỉnh Thanh Hóa"
38,Thanh Hóa,380,Thanh Hóa,14791,Đông Cương,Phường,"Phường Đông Cương, Thành phố Thanh Hóa, Tỉnh Thanh Hóa"
38,Thanh Hóa,380,Thanh Hóa,14797,Đông Hải,Phường,"Phường Đông Hải, Thành phố Thanh Hóa, Tỉnh Thanh Hóa"
38,Thanh Hóa,380,Thanh Hóa,16390,Đông Hòa,Xã,"Xã Đông Hòa, Thành phố Thanh Hóa, Tỉnh Thanh Hóa"
38,Thanh Hóa,380,Thanh Hóa,16381,Đông Hoàng,Xã,"Xã Đông Hoàng, Thành phố Thanh Hóa, Tỉnh Thanh Hóa"
38,Thanh Hóa,380,Thanh Hóa,14794,Đông Hương,Phường,"Phường Đông Hương, Thành phố Thanh Hóa, Tỉnh Thanh Hóa"
38,Thanh Hóa,380,Thanh Hóa,16408,Đông Khê,Xã,"Xã Đông Khê, Thành phố Thanh Hóa, Tỉnh Thanh Hóa"
38,Thanh Hóa,380,Thanh Hóa,16396,Đông Lĩnh,Phường,"Phường Đông Lĩnh, Thành phố Thanh Hóa, Tỉnh Thanh Hóa"
38,Thanh Hóa,380,Thanh Hóa,16399,Đông Minh,Xã,"Xã Đông Minh, Thành phố Thanh Hóa, Tỉnh Thanh Hóa"
38,Thanh Hóa,380,Thanh Hóa,16423,Đông Nam,Xã,"Xã Đông Nam, Thành phố Thanh Hóa, Tỉnh Thanh Hóa"
38,Thanh Hóa,380,Thanh Hóa,16384,Đông Ninh,Xã,"Xã Đông Ninh, Thành phố Thanh Hóa, Tỉnh Thanh Hóa"
38,Thanh Hóa,380,Thanh Hóa,16420,Đông Phú,Xã,"Xã Đông Phú, Thành phố Thanh Hóa, Tỉnh Thanh Hóa"
38,Thanh Hóa,380,Thanh Hóa,16426,Đông Quang,Xã,"Xã Đông Quang, Thành phố Thanh Hóa, Tỉnh Thanh Hóa"
38,Thanh Hóa,380,Thanh Hóa,14785,Đông Sơn,Phường,"Phường Đông Sơn, Thành phố Thanh Hóa, Tỉnh Thanh Hóa"
38,Thanh Hóa,380,Thanh Hóa,16432,Đông Tân,Phường,"Phường Đông Tân, Thành phố Thanh Hóa, Tỉnh Thanh Hóa"
38,Thanh Hóa,380,Thanh Hóa,16402,Đông Thanh,Xã,"Xã Đông Thanh, Thành phố Thanh Hóa, Tỉnh Thanh Hóa"
38,Thanh Hóa,380,Thanh Hóa,16414,Đông Thịnh,Phường,"Phường Đông Thịnh, Thành phố Thanh Hóa, Tỉnh Thanh Hóa"
38,Thanh Hóa,380,Thanh Hóa,14758,Đông Thọ,Phường,"Phường Đông Thọ, Thành phố Thanh Hóa, Tỉnh Thanh Hóa"
38,Thanh Hóa,380,Thanh Hóa,16405,Đông Tiến,Xã,"Xã Đông Tiến, Thành phố Thanh Hóa, Tỉnh Thanh Hóa"
38,Thanh Hóa,380,Thanh Hóa,16417,Đông Văn,Xã,"Xã Đông Văn, Thành phố Thanh Hóa, Tỉnh Thanh Hóa"
38,Thanh Hóa,380,Thanh Hóa,14782,Đông Vệ,Phường,"Phường Đông Vệ, Thành phố Thanh Hóa, Tỉnh Thanh Hóa"
38,Thanh Hóa,380,Thanh Hóa,16429,Đông Vinh,Xã,"Xã Đông Vinh, Thành phố Thanh Hóa, Tỉnh Thanh Hóa"
38,Thanh Hóa,380,Thanh Hóa,16393,Đông Yên,Xã,"Xã Đông Yên, Thành phố Thanh Hóa, Tỉnh Thanh Hóa"
38,Thanh Hóa,380,Thanh Hóa,14755,Hàm Rồng,Phường,"Phường Hàm Rồng, Thành phố Thanh Hóa, Tỉnh Thanh Hóa"
38,Thanh Hóa,380,Thanh Hóa,15970,Hoằng Đại,Phường,"Phường Hoằng Đại, Thành phố Thanh Hóa, Tỉnh Thanh Hóa"
38,Thanh Hóa,380,Thanh Hóa,15925,Hoằng Quang,Phường,"Phường Hoằng Quang, Thành phố Thanh Hóa, Tỉnh Thanh Hóa"
38,Thanh Hóa,380,Thanh Hóa,14773,Lam Sơn,Phường,"Phường Lam Sơn, Thành phố Thanh Hóa, Tỉnh Thanh Hóa"
38,Thanh Hóa,380,Thanh Hóa,15922,Long Anh,Phường,"Phường Long Anh, Thành phố Thanh Hóa, Tỉnh Thanh Hóa"
38,Thanh Hóa,380,Thanh Hóa,14761,Nam Ngạn,Phường,"Phường Nam Ngạn, Thành phố Thanh Hóa, Tỉnh Thanh Hóa"
38,Thanh Hóa,380,Thanh Hóa,14779,Ngọc Trạo,Phường,"Phường Ngọc Trạo, Thành phố Thanh Hóa, Tỉnh Thanh Hóa"
38,Thanh Hóa,380,Thanh Hóa,14770,Phú Sơn,Phường,"Phường Phú Sơn, Thành phố Thanh Hóa, Tỉnh Thanh Hóa"
38,Thanh Hóa,380,Thanh Hóa,16507,Quảng Cát,Phường,"Phường Quảng Cát, Thành phố Thanh Hóa, Tỉnh Thanh Hóa"
38,Thanh Hóa,380,Thanh Hóa,16459,Quảng Đông,Phường,"Phường Quảng Đông, Thành phố Thanh Hóa, Tỉnh Thanh Hóa"
38,Thanh Hóa,380,Thanh Hóa,14800,Quảng Hưng,Phường,"Phường Quảng Hưng, Thành phố Thanh Hóa, Tỉnh Thanh Hóa"
38,Thanh Hóa,380,Thanh Hóa,16522,Quảng Phú,Phường,"Phường Quảng Phú, Thành phố Thanh Hóa, Tỉnh Thanh Hóa"
38,Thanh Hóa,380,Thanh Hóa,16525,Quảng Tâm,Phường,"Phường Quảng Tâm, Thành phố Thanh Hóa, Tỉnh Thanh Hóa"
38,Thanh Hóa,380,Thanh Hóa,14803,Quảng Thắng,Phường,"Phường Quảng Thắng, Thành phố Thanh Hóa, Tỉnh Thanh Hóa"
38,Thanh Hóa,380,Thanh Hóa,14806,Quảng Thành,Phường,"Phường Quảng Thành, Thành phố Thanh Hóa, Tỉnh Thanh Hóa"
38,Thanh Hóa,380,Thanh Hóa,16441,Quảng Thịnh,Phường,"Phường Quảng Thịnh, Thành phố Thanh Hóa, Tỉnh Thanh Hóa"
38,Thanh Hóa,380,Thanh Hóa,16378,Rừng Thông,Phường,"Phường Rừng Thông, Thành phố Thanh Hóa, Tỉnh Thanh Hóa"
38,Thanh Hóa,380,Thanh Hóa,15913,Tào Xuyên,Phường,"Phường Tào Xuyên, Thành phố Thanh Hóa, Tỉnh Thanh Hóa"
38,Thanh Hóa,380,Thanh Hóa,15859,Thiệu Dương,Phường,"Phường Thiệu Dương, Thành phố Thanh Hóa, Tỉnh Thanh Hóa"
38,Thanh Hóa,380,Thanh Hóa,15856,Thiệu Khánh,Phường,"Phường Thiệu Khánh, Thành phố Thanh Hóa, Tỉnh Thanh Hóa"
38,Thanh Hóa,380,Thanh Hóa,15850,Thiệu Vân,Xã,"Xã Thiệu Vân, Thành phố Thanh Hóa, Tỉnh Thanh Hóa"
38,Thanh Hóa,380,Thanh Hóa,14764,Trường Thi,Phường,"Phường Trường Thi, Thành phố Thanh Hóa, Tỉnh Thanh Hóa"
38,Thanh Hóa,398,Thiệu Hóa,15829,Hậu Hiền,Thị trấn,"Thị trấn Hậu Hiền, Huyện Thiệu Hóa, Tỉnh Thanh Hóa"
38,Thanh Hóa,398,Thiệu Hóa,15847,Tân Châu,Xã,"Xã Tân Châu, Huyện Thiệu Hóa, Tỉnh Thanh Hóa"
38,Thanh Hóa,398,Thiệu Hóa,15820,Thiệu Chính,Xã,"Xã Thiệu Chính, Huyện Thiệu Hóa, Tỉnh Thanh Hóa"
38,Thanh Hóa,398,Thiệu Hóa,15787,Thiệu Công,Xã,"Xã Thiệu Công, Huyện Thiệu Hóa, Tỉnh Thanh Hóa"
38,Thanh Hóa,398,Thiệu Hóa,15799,Thiệu Duy,Xã,"Xã Thiệu Duy, Huyện Thiệu Hóa, Tỉnh Thanh Hóa"
38,Thanh Hóa,398,Thiệu Hóa,15796,Thiệu Giang,Xã,"Xã Thiệu Giang, Huyện Thiệu Hóa, Tỉnh Thanh Hóa"
38,Thanh Hóa,398,Thiệu Hóa,15853,Thiệu Giao,Xã,"Xã Thiệu Giao, Huyện Thiệu Hóa, Tỉnh Thanh Hóa"
38,Thanh Hóa,398,Thiệu Hóa,15772,Thiệu Hóa,Thị trấn,"Thị trấn Thiệu Hóa, Huyện Thiệu Hóa, Tỉnh Thanh Hóa"
38,Thanh Hóa,398,Thiệu Hóa,15823,Thiệu Hòa,Xã,"Xã Thiệu Hòa, Huyện Thiệu Hóa, Tỉnh Thanh Hóa"
38,Thanh Hóa,398,Thiệu Hóa,15805,Thiệu Hợp,Xã,"Xã Thiệu Hợp, Huyện Thiệu Hóa, Tỉnh Thanh Hóa"
38,Thanh Hóa,398,Thiệu Hóa,15793,Thiệu Long,Xã,"Xã Thiệu Long, Huyện Thiệu Hóa, Tỉnh Thanh Hóa"
38,Thanh Hóa,398,Thiệu Hóa,15835,Thiệu Lý,Xã,"Xã Thiệu Lý, Huyện Thiệu Hóa, Tỉnh Thanh Hóa"
38,Thanh Hóa,398,Thiệu Hóa,15775,Thiệu Ngọc,Xã,"Xã Thiệu Ngọc, Huyện Thiệu Hóa, Tỉnh Thanh Hóa"
38,Thanh Hóa,398,Thiệu Hóa,15802,Thiệu Nguyên,Xã,"Xã Thiệu Nguyên, Huyện Thiệu Hóa, Tỉnh Thanh Hóa"
38,Thanh Hóa,398,Thiệu Hóa,15781,Thiệu Phúc,Xã,"Xã Thiệu Phúc, Huyện Thiệu Hóa, Tỉnh Thanh Hóa"
38,Thanh Hóa,398,Thiệu Hóa,15811,Thiệu Quang,Xã,"Xã Thiệu Quang, Huyện Thiệu Hóa, Tỉnh Thanh Hóa"
38,Thanh Hóa,398,Thiệu Hóa,15814,Thiệu Thành,Xã,"Xã Thiệu Thành, Huyện Thiệu Hóa, Tỉnh Thanh Hóa"
38,Thanh Hóa,398,Thiệu Hóa,15808,Thiệu Thịnh,Xã,"Xã Thiệu Thịnh, Huyện Thiệu Hóa, Tỉnh Thanh Hóa"
38,Thanh Hóa,398,Thiệu Hóa,15784,Thiệu Tiến,Xã,"Xã Thiệu Tiến, Huyện Thiệu Hóa, Tỉnh Thanh Hóa"
38,Thanh Hóa,398,Thiệu Hóa,15817,Thiệu Toán,Xã,"Xã Thiệu Toán, Huyện Thiệu Hóa, Tỉnh Thanh Hóa"
38,Thanh Hóa,398,Thiệu Hóa,15841,Thiệu Trung,Xã,"Xã Thiệu Trung, Huyện Thiệu Hóa, Tỉnh Thanh Hóa"
38,Thanh Hóa,398,Thiệu Hóa,15838,Thiệu Vận,Xã,"Xã Thiệu Vận, Huyện Thiệu Hóa, Tỉnh Thanh Hóa"
38,Thanh Hóa,398,Thiệu Hóa,15832,Thiệu Viên,Xã,"Xã Thiệu Viên, Huyện Thiệu Hóa, Tỉnh Thanh Hóa"
38,Thanh Hóa,398,Thiệu Hóa,15778,Thiệu Vũ,Xã,"Xã Thiệu Vũ, Huyện Thiệu Hóa, Tỉnh Thanh Hóa"
38,Thanh Hóa,395,Thọ Xuân,15502,Bắc Lương,Xã,"Xã Bắc Lương, Huyện Thọ Xuân, Tỉnh Thanh Hóa"
38,Thanh Hóa,395,Thọ Xuân,15556,Lam Sơn,Thị trấn,"Thị trấn Lam Sơn, Huyện Thọ Xuân, Tỉnh Thanh Hóa"
38,Thanh Hóa,395,Thọ Xuân,15505,Nam Giang,Xã,"Xã Nam Giang, Huyện Thọ Xuân, Tỉnh Thanh Hóa"
38,Thanh Hóa,395,Thọ Xuân,15577,Phú Xuân,Xã,"Xã Phú Xuân, Huyện Thọ Xuân, Tỉnh Thanh Hóa"
38,Thanh Hóa,395,Thọ Xuân,15571,Quảng Phú,Xã,"Xã Quảng Phú, Huyện Thọ Xuân, Tỉnh Thanh Hóa"
38,Thanh Hóa,395,Thọ Xuân,15553,Sao Vàng,Thị trấn,"Thị trấn Sao Vàng, Huyện Thọ Xuân, Tỉnh Thanh Hóa"
38,Thanh Hóa,395,Thọ Xuân,15523,Tây Hồ,Xã,"Xã Tây Hồ, Huyện Thọ Xuân, Tỉnh Thanh Hóa"
38,Thanh Hóa,395,Thọ Xuân,15538,Thọ Diên,Xã,"Xã Thọ Diên, Huyện Thọ Xuân, Tỉnh Thanh Hóa"
38,Thanh Hóa,395,Thọ Xuân,15520,Thọ Hải,Xã,"Xã Thọ Hải, Huyện Thọ Xuân, Tỉnh Thanh Hóa"
38,Thanh Hóa,395,Thọ Xuân,15541,Thọ Lâm,Xã,"Xã Thọ Lâm, Huyện Thọ Xuân, Tỉnh Thanh Hóa"
38,Thanh Hóa,395,Thọ Xuân,15568,Thọ Lập,Xã,"Xã Thọ Lập, Huyện Thọ Xuân, Tỉnh Thanh Hóa"
38,Thanh Hóa,395,Thọ Xuân,15511,Thọ Lộc,Xã,"Xã Thọ Lộc, Huyện Thọ Xuân, Tỉnh Thanh Hóa"
38,Thanh Hóa,395,Thọ Xuân,15499,Thọ Xuân,Thị trấn,"Thị trấn Thọ Xuân, Huyện Thọ Xuân, Tỉnh Thanh Hóa"
38,Thanh Hóa,395,Thọ Xuân,15544,Thọ Xương,Xã,"Xã Thọ Xương, Huyện Thọ Xuân, Tỉnh Thanh Hóa"
38,Thanh Hóa,395,Thọ Xuân,15565,Thuận Minh,Xã,"Xã Thuận Minh, Huyện Thọ Xuân, Tỉnh Thanh Hóa"
38,Thanh Hóa,395,Thọ Xuân,15598,Trường Xuân,Xã,"Xã Trường Xuân, Huyện Thọ Xuân, Tỉnh Thanh Hóa"
38,Thanh Hóa,395,Thọ Xuân,15547,Xuân Bái,Xã,"Xã Xuân Bái, Huyện Thọ Xuân, Tỉnh Thanh Hóa"
38,Thanh Hóa,395,Thọ Xuân,15526,Xuân Giang,Xã,"Xã Xuân Giang, Huyện Thọ Xuân, Tỉnh Thanh Hóa"
38,Thanh Hóa,395,Thọ Xuân,15517,Xuân Hòa,Xã,"Xã Xuân Hòa, Huyện Thọ Xuân, Tỉnh Thanh Hóa"
38,Thanh Hóa,395,Thọ Xuân,15493,Xuân Hồng,Xã,"Xã Xuân Hồng, Huyện Thọ Xuân, Tỉnh Thanh Hóa"
38,Thanh Hóa,395,Thọ Xuân,15535,Xuân Hưng,Xã,"Xã Xuân Hưng, Huyện Thọ Xuân, Tỉnh Thanh Hóa"
38,Thanh Hóa,395,Thọ Xuân,15583,Xuân Lai,Xã,"Xã Xuân Lai, Huyện Thọ Xuân, Tỉnh Thanh Hóa"
38,Thanh Hóa,395,Thọ Xuân,15586,Xuân Lập,Xã,"Xã Xuân Lập, Huyện Thọ Xuân, Tỉnh Thanh Hóa"
38,Thanh Hóa,395,Thọ Xuân,15592,Xuân Minh,Xã,"Xã Xuân Minh, Huyện Thọ Xuân, Tỉnh Thanh Hóa"
38,Thanh Hóa,395,Thọ Xuân,15508,Xuân Phong,Xã,"Xã Xuân Phong, Huyện Thọ Xuân, Tỉnh Thanh Hóa"
38,Thanh Hóa,395,Thọ Xuân,15550,Xuân Phú,Xã,"Xã Xuân Phú, Huyện Thọ Xuân, Tỉnh Thanh Hóa"
38,Thanh Hóa,395,Thọ Xuân,15532,Xuân Sinh,Xã,"Xã Xuân Sinh, Huyện Thọ Xuân, Tỉnh Thanh Hóa"
38,Thanh Hóa,395,Thọ Xuân,15559,Xuân Thiên,Xã,"Xã Xuân Thiên, Huyện Thọ Xuân, Tỉnh Thanh Hóa"
38,Thanh Hóa,395,Thọ Xuân,15574,Xuân Tín,Xã,"Xã Xuân Tín, Huyện Thọ Xuân, Tỉnh Thanh Hóa"
38,Thanh Hóa,395,Thọ Xuân,15514,Xuân Trường,Xã,"Xã Xuân Trường, Huyện Thọ Xuân, Tỉnh Thanh Hóa"
38,Thanh Hóa,396,Thường Xuân,15607,Bát Mọt,Xã,"Xã Bát Mọt, Huyện Thường Xuân, Tỉnh Thanh Hóa"
38,Thanh Hóa,396,Thường Xuân,15637,Luận Khê,Xã,"Xã Luận Khê, Huyện Thường Xuân, Tỉnh Thanh Hóa"
38,Thanh Hóa,396,Thường Xuân,15634,Luận Thành,Xã,"Xã Luận Thành, Huyện Thường Xuân, Tỉnh Thanh Hóa"
38,Thanh Hóa,396,Thường Xuân,15628,Lương Sơn,Xã,"Xã Lương Sơn, Huyện Thường Xuân, Tỉnh Thanh Hóa"
38,Thanh Hóa,396,Thường Xuân,15655,Ngọc Phụng,Xã,"Xã Ngọc Phụng, Huyện Thường Xuân, Tỉnh Thanh Hóa"
38,Thanh Hóa,396,Thường Xuân,15661,Tân Thành,Xã,"Xã Tân Thành, Huyện Thường Xuân, Tỉnh Thanh Hóa"
38,Thanh Hóa,396,Thường Xuân,15652,Thọ Thanh,Xã,"Xã Thọ Thanh, Huyện Thường Xuân, Tỉnh Thanh Hóa"
38,Thanh Hóa,396,Thường Xuân,15646,Thường Xuân,Thị trấn,"Thị trấn Thường Xuân, Huyện Thường Xuân, Tỉnh Thanh Hóa"
38,Thanh Hóa,396,Thường Xuân,15622,Vạn Xuân,Xã,"Xã Vạn Xuân, Huyện Thường Xuân, Tỉnh Thanh Hóa"
38,Thanh Hóa,396,Thường Xuân,15631,Xuân Cao,Xã,"Xã Xuân Cao, Huyện Thường Xuân, Tỉnh Thanh Hóa"
38,Thanh Hóa,396,Thường Xuân,15658,Xuân Chinh,Xã,"Xã Xuân Chinh, Huyện Thường Xuân, Tỉnh Thanh Hóa"
38,Thanh Hóa,396,Thường Xuân,15649,Xuân Dương,Xã,"Xã Xuân Dương, Huyện Thường Xuân, Tỉnh Thanh Hóa"
38,Thanh Hóa,396,Thường Xuân,15619,Xuân Lẹ,Xã,"Xã Xuân Lẹ, Huyện Thường Xuân, Tỉnh Thanh Hóa"
38,Thanh Hóa,396,Thường Xuân,15643,Xuân Lộc,Xã,"Xã Xuân Lộc, Huyện Thường Xuân, Tỉnh Thanh Hóa"
38,Thanh Hóa,396,Thường Xuân,15640,Xuân Thắng,Xã,"Xã Xuân Thắng, Huyện Thường Xuân, Tỉnh Thanh Hóa"
38,Thanh Hóa,396,Thường Xuân,15610,Yên Nhân,Xã,"Xã Yên Nhân, Huyện Thường Xuân, Tỉnh Thanh Hóa"
38,Thanh Hóa,397,Triệu Sơn,15709,An Nông,Xã,"Xã An Nông, Huyện Triệu Sơn, Tỉnh Thanh Hóa"
38,Thanh Hóa,397,Triệu Sơn,15769,Bình Sơn,Xã,"Xã Bình Sơn, Huyện Triệu Sơn, Tỉnh Thanh Hóa"
38,Thanh Hóa,397,Triệu Sơn,15700,Dân Lực,Xã,"Xã Dân Lực, Huyện Triệu Sơn, Tỉnh Thanh Hóa"
38,Thanh Hóa,397,Triệu Sơn,15703,Dân Lý,Xã,"Xã Dân Lý, Huyện Triệu Sơn, Tỉnh Thanh Hóa"
38,Thanh Hóa,397,Triệu Sơn,15706,Dân Quyền,Xã,"Xã Dân Quyền, Huyện Triệu Sơn, Tỉnh Thanh Hóa"
38,Thanh Hóa,397,Triệu Sơn,15721,Đồng Lợi,Xã,"Xã Đồng Lợi, Huyện Triệu Sơn, Tỉnh Thanh Hóa"
38,Thanh Hóa,397,Triệu Sơn,15727,Đồng Thắng,Xã,"Xã Đồng Thắng, Huyện Triệu Sơn, Tỉnh Thanh Hóa"
38,Thanh Hóa,397,Triệu Sơn,15724,Đồng Tiến,Xã,"Xã Đồng Tiến, Huyện Triệu Sơn, Tỉnh Thanh Hóa"
38,Thanh Hóa,397,Triệu Sơn,15676,Hợp Lý,Xã,"Xã Hợp Lý, Huyện Triệu Sơn, Tỉnh Thanh Hóa"
38,Thanh Hóa,397,Triệu Sơn,15688,Hợp Thắng,Xã,"Xã Hợp Thắng, Huyện Triệu Sơn, Tỉnh Thanh Hóa"
38,Thanh Hóa,397,Triệu Sơn,15682,Hợp Thành,Xã,"Xã Hợp Thành, Huyện Triệu Sơn, Tỉnh Thanh Hóa"
38,Thanh Hóa,397,Triệu Sơn,15679,Hợp Tiến,Xã,"Xã Hợp Tiến, Huyện Triệu Sơn, Tỉnh Thanh Hóa"
38,Thanh Hóa,397,Triệu Sơn,15733,Khuyến Nông,Xã,"Xã Khuyến Nông, Huyện Triệu Sơn, Tỉnh Thanh Hóa"
38,Thanh Hóa,397,Triệu Sơn,15691,Minh Sơn,Xã,"Xã Minh Sơn, Huyện Triệu Sơn, Tỉnh Thanh Hóa"
38,Thanh Hóa,397,Triệu Sơn,15766,Nông Trường,Xã,"Xã Nông Trường, Huyện Triệu Sơn, Tỉnh Thanh Hóa"
38,Thanh Hóa,397,Triệu Sơn,15718,Nưa,Thị trấn,"Thị trấn Nưa, Huyện Triệu Sơn, Tỉnh Thanh Hóa"
38,Thanh Hóa,397,Triệu Sơn,15715,Thái Hòa,Xã,"Xã Thái Hòa, Huyện Triệu Sơn, Tỉnh Thanh Hóa"
38,Thanh Hóa,397,Triệu Sơn,15670,Thọ Bình,Xã,"Xã Thọ Bình, Huyện Triệu Sơn, Tỉnh Thanh Hóa"
38,Thanh Hóa,397,Triệu Sơn,15754,Thọ Cường,Xã,"Xã Thọ Cường, Huyện Triệu Sơn, Tỉnh Thanh Hóa"
38,Thanh Hóa,397,Triệu Sơn,15742,Thọ Dân,Xã,"Xã Thọ Dân, Huyện Triệu Sơn, Tỉnh Thanh Hóa"
38,Thanh Hóa,397,Triệu Sơn,15751,Thọ Ngọc,Xã,"Xã Thọ Ngọc, Huyện Triệu Sơn, Tỉnh Thanh Hóa"
38,Thanh Hóa,397,Triệu Sơn,15760,Thọ Phú,Xã,"Xã Thọ Phú, Huyện Triệu Sơn, Tỉnh Thanh Hóa"
38,Thanh Hóa,397,Triệu Sơn,15667,Thọ Sơn,Xã,"Xã Thọ Sơn, Huyện Triệu Sơn, Tỉnh Thanh Hóa"
38,Thanh Hóa,397,Triệu Sơn,15748,Thọ Tân,Xã,"Xã Thọ Tân, Huyện Triệu Sơn, Tỉnh Thanh Hóa"
38,Thanh Hóa,397,Triệu Sơn,15763,Thọ Thế,Xã,"Xã Thọ Thế, Huyện Triệu Sơn, Tỉnh Thanh Hóa"
38,Thanh Hóa,397,Triệu Sơn,15673,Thọ Tiến,Xã,"Xã Thọ Tiến, Huyện Triệu Sơn, Tỉnh Thanh Hóa"
38,Thanh Hóa,397,Triệu Sơn,15730,Tiến Nông,Xã,"Xã Tiến Nông, Huyện Triệu Sơn, Tỉnh Thanh Hóa"
38,Thanh Hóa,397,Triệu Sơn,15664,Triệu Sơn,Thị trấn,"Thị trấn Triệu Sơn, Huyện Triệu Sơn, Tỉnh Thanh Hóa"
38,Thanh Hóa,397,Triệu Sơn,15685,Triệu Thành,Xã,"Xã Triệu Thành, Huyện Triệu Sơn, Tỉnh Thanh Hóa"
38,Thanh Hóa,397,Triệu Sơn,15712,Văn Sơn,Xã,"Xã Văn Sơn, Huyện Triệu Sơn, Tỉnh Thanh Hóa"
38,Thanh Hóa,397,Triệu Sơn,15736,Xuân Lộc,Xã,"Xã Xuân Lộc, Huyện Triệu Sơn, Tỉnh Thanh Hóa"
38,Thanh Hóa,397,Triệu Sơn,15745,Xuân Thọ,Xã,"Xã Xuân Thọ, Huyện Triệu Sơn, Tỉnh Thanh Hóa"
38,Thanh Hóa,393,Vĩnh Lộc,15382,Minh Tân,Xã,"Xã Minh Tân, Huyện Vĩnh Lộc, Tỉnh Thanh Hóa"
38,Thanh Hóa,393,Vĩnh Lộc,15385,Ninh Khang,Xã,"Xã Ninh Khang, Huyện Vĩnh Lộc, Tỉnh Thanh Hóa"
38,Thanh Hóa,393,Vĩnh Lộc,15391,Vĩnh An,Xã,"Xã Vĩnh An, Huyện Vĩnh Lộc, Tỉnh Thanh Hóa"
38,Thanh Hóa,393,Vĩnh Lộc,15376,Vĩnh Hòa,Xã,"Xã Vĩnh Hòa, Huyện Vĩnh Lộc, Tỉnh Thanh Hóa"
38,Thanh Hóa,393,Vĩnh Lộc,15367,Vĩnh Hưng,Xã,"Xã Vĩnh Hưng, Huyện Vĩnh Lộc, Tỉnh Thanh Hóa"
38,Thanh Hóa,393,Vĩnh Lộc,15379,Vĩnh Hùng,Xã,"Xã Vĩnh Hùng, Huyện Vĩnh Lộc, Tỉnh Thanh Hóa"
38,Thanh Hóa,393,Vĩnh Lộc,15349,Vĩnh Lộc,Thị trấn,"Thị trấn Vĩnh Lộc, Huyện Vĩnh Lộc, Tỉnh Thanh Hóa"
38,Thanh Hóa,393,Vĩnh Lộc,15361,Vĩnh Long,Xã,"Xã Vĩnh Long, Huyện Vĩnh Lộc, Tỉnh Thanh Hóa"
38,Thanh Hóa,393,Vĩnh Lộc,15364,Vĩnh Phúc,Xã,"Xã Vĩnh Phúc, Huyện Vĩnh Lộc, Tỉnh Thanh Hóa"
38,Thanh Hóa,393,Vĩnh Lộc,15352,Vĩnh Quang,Xã,"Xã Vĩnh Quang, Huyện Vĩnh Lộc, Tỉnh Thanh Hóa"
38,Thanh Hóa,393,Vĩnh Lộc,15388,Vĩnh Thịnh,Xã,"Xã Vĩnh Thịnh, Huyện Vĩnh Lộc, Tỉnh Thanh Hóa"
38,Thanh Hóa,393,Vĩnh Lộc,15358,Vĩnh Tiến,Xã,"Xã Vĩnh Tiến, Huyện Vĩnh Lộc, Tỉnh Thanh Hóa"
38,Thanh Hóa,393,Vĩnh Lộc,15355,Vĩnh Yên,Xã,"Xã Vĩnh Yên, Huyện Vĩnh Lộc, Tỉnh Thanh Hóa"
38,Thanh Hóa,394,Yên Định,15478,Định Bình,Xã,"Xã Định Bình, Huyện Yên Định, Tỉnh Thanh Hóa"
38,Thanh Hóa,394,Yên Định,15454,Định Công,Xã,"Xã Định Công, Huyện Yên Định, Tỉnh Thanh Hóa"
38,Thanh Hóa,394,Yên Định,15475,Định Hải,Xã,"Xã Định Hải, Huyện Yên Định, Tỉnh Thanh Hóa"
38,Thanh Hóa,394,Yên Định,15448,Định Hòa,Xã,"Xã Định Hòa, Huyện Yên Định, Tỉnh Thanh Hóa"
38,Thanh Hóa,394,Yên Định,15472,Định Hưng,Xã,"Xã Định Hưng, Huyện Yên Định, Tỉnh Thanh Hóa"
38,Thanh Hóa,394,Yên Định,15466,Định Liên,Xã,"Xã Định Liên, Huyện Yên Định, Tỉnh Thanh Hóa"
38,Thanh Hóa,394,Yên Định,15463,Định Long,Xã,"Xã Định Long, Huyện Yên Định, Tỉnh Thanh Hóa"
38,Thanh Hóa,394,Yên Định,15457,Định Tân,Xã,"Xã Định Tân, Huyện Yên Định, Tỉnh Thanh Hóa"
38,Thanh Hóa,394,Yên Định,15445,Định Tăng,Xã,"Xã Định Tăng, Huyện Yên Định, Tỉnh Thanh Hóa"
38,Thanh Hóa,394,Yên Định,15451,Định Thành,Xã,"Xã Định Thành, Huyện Yên Định, Tỉnh Thanh Hóa"
38,Thanh Hóa,394,Yên Định,15460,Định Tiến,Xã,"Xã Định Tiến, Huyện Yên Định, Tỉnh Thanh Hóa"
38,Thanh Hóa,394,Yên Định,15469,Quán Lào,Thị trấn,"Thị trấn Quán Lào, Huyện Yên Định, Tỉnh Thanh Hóa"
38,Thanh Hóa,394,Yên Định,15412,Quý Lộc,Thị trấn,"Thị trấn Quý Lộc, Huyện Yên Định, Tỉnh Thanh Hóa"
38,Thanh Hóa,394,Yên Định,15397,Thống Nhất,Thị trấn,"Thị trấn Thống Nhất, Huyện Yên Định, Tỉnh Thanh Hóa"
38,Thanh Hóa,394,Yên Định,15433,Yên Hùng,Xã,"Xã Yên Hùng, Huyện Yên Định, Tỉnh Thanh Hóa"
38,Thanh Hóa,394,Yên Định,15403,Yên Lâm,Thị trấn,"Thị trấn Yên Lâm, Huyện Yên Định, Tỉnh Thanh Hóa"
38,Thanh Hóa,394,Yên Định,15442,Yên Ninh,Xã,"Xã Yên Ninh, Huyện Yên Định, Tỉnh Thanh Hóa"
38,Thanh Hóa,394,Yên Định,15427,Yên Phong,Xã,"Xã Yên Phong, Huyện Yên Định, Tỉnh Thanh Hóa"
38,Thanh Hóa,394,Yên Định,15409,Yên Phú,Xã,"Xã Yên Phú, Huyện Yên Định, Tỉnh Thanh Hóa"
38,Thanh Hóa,394,Yên Định,15406,Yên Tâm,Xã,"Xã Yên Tâm, Huyện Yên Định, Tỉnh Thanh Hóa"
38,Thanh Hóa,394,Yên Định,15430,Yên Thái,Xã,"Xã Yên Thái, Huyện Yên Định, Tỉnh Thanh Hóa"
38,Thanh Hóa,394,Yên Định,15436,Yên Thịnh,Xã,"Xã Yên Thịnh, Huyện Yên Định, Tỉnh Thanh Hóa"
38,Thanh Hóa,394,Yên Định,15415,Yên Thọ,Xã,"Xã Yên Thọ, Huyện Yên Định, Tỉnh Thanh Hóa"
38,Thanh Hóa,394,Yên Định,15418,Yên Trung,Xã,"Xã Yên Trung, Huyện Yên Định, Tỉnh Thanh Hóa"
38,Thanh Hóa,394,Yên Định,15421,Yên Trường,Xã,"Xã Yên Trường, Huyện Yên Định, Tỉnh Thanh Hóa"
46,Thừa Thiên Huế,481,A Lưới,20044,A Lưới,Thị trấn,"Thị trấn A Lưới, Huyện A Lưới, Tỉnh Thừa Thiên Huế"
46,Thừa Thiên Huế,481,A Lưới,20068,A Ngo,Xã,"Xã A Ngo, Huyện A Lưới, Tỉnh Thừa Thiên Huế"
46,Thừa Thiên Huế,481,A Lưới,20095,A Roàng,Xã,"Xã A Roàng, Huyện A Lưới, Tỉnh Thừa Thiên Huế"
46,Thừa Thiên Huế,481,A Lưới,20098,Đông Sơn,Xã,"Xã Đông Sơn, Huyện A Lưới, Tỉnh Thừa Thiên Huế"
46,Thừa Thiên Huế,481,A Lưới,20065,Hồng Bắc,Xã,"Xã Hồng Bắc, Huyện A Lưới, Tỉnh Thừa Thiên Huế"
46,Thừa Thiên Huế,481,A Lưới,20050,Hồng Hạ,Xã,"Xã Hồng Hạ, Huyện A Lưới, Tỉnh Thừa Thiên Huế"
46,Thừa Thiên Huế,481,A Lưới,20053,Hồng Kim,Xã,"Xã Hồng Kim, Huyện A Lưới, Tỉnh Thừa Thiên Huế"
46,Thừa Thiên Huế,481,A Lưới,20089,Hồng Thái,Xã,"Xã Hồng Thái, Huyện A Lưới, Tỉnh Thừa Thiên Huế"
46,Thừa Thiên Huế,481,A Lưới,20086,Hồng Thượng,Xã,"Xã Hồng Thượng, Huyện A Lưới, Tỉnh Thừa Thiên Huế"
46,Thừa Thiên Huế,481,A Lưới,20104,Hồng Thủy,Xã,"Xã Hồng Thủy, Huyện A Lưới, Tỉnh Thừa Thiên Huế"
46,Thừa Thiên Huế,481,A Lưới,20047,Hồng Vân,Xã,"Xã Hồng Vân, Huyện A Lưới, Tỉnh Thừa Thiên Huế"
46,Thừa Thiên Huế,481,A Lưới,20059,Hương Nguyên,Xã,"Xã Hương Nguyên, Huyện A Lưới, Tỉnh Thừa Thiên Huế"
46,Thừa Thiên Huế,481,A Lưới,20080,Hương Phong,Xã,"Xã Hương Phong, Huyện A Lưới, Tỉnh Thừa Thiên Huế"
46,Thừa Thiên Huế,481,A Lưới,20101,Lâm Đớt,Xã,"Xã Lâm Đớt, Huyện A Lưới, Tỉnh Thừa Thiên Huế"
46,Thừa Thiên Huế,481,A Lưới,20074,Phú Vinh,Xã,"Xã Phú Vinh, Huyện A Lưới, Tỉnh Thừa Thiên Huế"
46,Thừa Thiên Huế,481,A Lưới,20083,Quảng Nhâm,Xã,"Xã Quảng Nhâm, Huyện A Lưới, Tỉnh Thừa Thiên Huế"
46,Thừa Thiên Huế,481,A Lưới,20071,Sơn Thủy,Xã,"Xã Sơn Thủy, Huyện A Lưới, Tỉnh Thừa Thiên Huế"
46,Thừa Thiên Huế,481,A Lưới,20056,Trung Sơn,Xã,"Xã Trung Sơn, Huyện A Lưới, Tỉnh Thừa Thiên Huế"
46,Thừa Thiên Huế,479,Hương Thủy,19993,Dương Hòa,Xã,"Xã Dương Hòa, Thị xã Hương Thủy, Tỉnh Thừa Thiên Huế"
46,Thừa Thiên Huế,479,Hương Thủy,19960,Phú Bài,Phường,"Phường Phú Bài, Thị xã Hương Thủy, Tỉnh Thừa Thiên Huế"
46,Thừa Thiên Huế,479,Hương Thủy,19990,Phú Sơn,Xã,"Xã Phú Sơn, Thị xã Hương Thủy, Tỉnh Thừa Thiên Huế"
46,Thừa Thiên Huế,479,Hương Thủy,19975,Thủy Châu,Phường,"Phường Thủy Châu, Thị xã Hương Thủy, Tỉnh Thừa Thiên Huế"
46,Thừa Thiên Huế,479,Hương Thủy,19969,Thủy Dương,Phường,"Phường Thủy Dương, Thị xã Hương Thủy, Tỉnh Thừa Thiên Huế"
46,Thừa Thiên Huế,479,Hương Thủy,19978,Thủy Lương,Phường,"Phường Thủy Lương, Thị xã Hương Thủy, Tỉnh Thừa Thiên Huế"
46,Thừa Thiên Huế,479,Hương Thủy,19987,Thủy Phù,Xã,"Xã Thủy Phù, Thị xã Hương Thủy, Tỉnh Thừa Thiên Huế"
46,Thừa Thiên Huế,479,Hương Thủy,19972,Thủy Phương,Phường,"Phường Thủy Phương, Thị xã Hương Thủy, Tỉnh Thừa Thiên Huế"
46,Thừa Thiên Huế,479,Hương Thủy,19984,Thủy Tân,Xã,"Xã Thủy Tân, Thị xã Hương Thủy, Tỉnh Thừa Thiên Huế"
46,Thừa Thiên Huế,479,Hương Thủy,19966,Thủy Thanh,Xã,"Xã Thủy Thanh, Thị xã Hương Thủy, Tỉnh Thừa Thiên Huế"
46,Thừa Thiên Huế,480,Hương Trà,20041,Bình Thành,Xã,"Xã Bình Thành, Thị xã Hương Trà, Tỉnh Thừa Thiên Huế"
46,Thừa Thiên Huế,480,Hương Trà,20035,Bình Tiến,Xã,"Xã Bình Tiến, Thị xã Hương Trà, Tỉnh Thừa Thiên Huế"
46,Thừa Thiên Huế,480,Hương Trà,20026,Hương Bình,Xã,"Xã Hương Bình, Thị xã Hương Trà, Tỉnh Thừa Thiên Huế"
46,Thừa Thiên Huế,480,Hương Trà,20020,Hương Chữ,Phường,"Phường Hương Chữ, Thị xã Hương Trà, Tỉnh Thừa Thiên Huế"
46,Thừa Thiên Huế,480,Hương Trà,20005,Hương Toàn,Xã,"Xã Hương Toàn, Thị xã Hương Trà, Tỉnh Thừa Thiên Huế"
46,Thừa Thiên Huế,480,Hương Trà,20008,Hương Vân,Phường,"Phường Hương Vân, Thị xã Hương Trà, Tỉnh Thừa Thiên Huế"
46,Thừa Thiên Huế,480,Hương Trà,20011,Hương Văn,Phường,"Phường Hương Văn, Thị xã Hương Trà, Tỉnh Thừa Thiên Huế"
46,Thừa Thiên Huế,480,Hương Trà,20017,Hương Xuân,Phường,"Phường Hương Xuân, Thị xã Hương Trà, Tỉnh Thừa Thiên Huế"
46,Thừa Thiên Huế,480,Hương Trà,19996,Tứ Hạ,Phường,"Phường Tứ Hạ, Thị xã Hương Trà, Tỉnh Thừa Thiên Huế"
46,Thừa Thiên Huế,476,Phong Điền,19858,Phong An,Phường,"Phường Phong An, Thị xã Phong Điền, Tỉnh Thừa Thiên Huế"
46,Thừa Thiên Huế,476,Phong Điền,19831,Phong Bình,Xã,"Xã Phong Bình, Thị xã Phong Điền, Tỉnh Thừa Thiên Huế"
46,Thừa Thiên Huế,476,Phong Điền,19837,Phong Chương,Xã,"Xã Phong Chương, Thị xã Phong Điền, Tỉnh Thừa Thiên Huế"
46,Thừa Thiên Huế,476,Phong Điền,19843,Phong Hải,Phường,"Phường Phong Hải, Thị xã Phong Điền, Tỉnh Thừa Thiên Huế"
46,Thừa Thiên Huế,476,Phong Điền,19852,Phong Hiền,Phường,"Phường Phong Hiền, Thị xã Phong Điền, Tỉnh Thừa Thiên Huế"
46,Thừa Thiên Huế,476,Phong Điền,19846,Phong Hòa,Phường,"Phường Phong Hòa, Thị xã Phong Điền, Tỉnh Thừa Thiên Huế"
46,Thừa Thiên Huế,476,Phong Điền,19855,Phong Mỹ,Xã,"Xã Phong Mỹ, Thị xã Phong Điền, Tỉnh Thừa Thiên Huế"
46,Thừa Thiên Huế,476,Phong Điền,19828,Phong Phú,Phường,"Phường Phong Phú, Thị xã Phong Điền, Tỉnh Thừa Thiên Huế"
46,Thừa Thiên Huế,476,Phong Điền,19864,Phong Sơn,Xã,"Xã Phong Sơn, Thị xã Phong Điền, Tỉnh Thừa Thiên Huế"
46,Thừa Thiên Huế,476,Phong Điền,19825,Phong Thạnh,Xã,"Xã Phong Thạnh, Thị xã Phong Điền, Tỉnh Thừa Thiên Huế"
46,Thừa Thiên Huế,476,Phong Điền,19819,Phong Thu,Phường,"Phường Phong Thu, Thị xã Phong Điền, Tỉnh Thừa Thiên Huế"
46,Thừa Thiên Huế,476,Phong Điền,19861,Phong Xuân,Xã,"Xã Phong Xuân, Thị xã Phong Điền, Tỉnh Thừa Thiên Huế"
46,Thừa Thiên Huế,482,Phú Lộc,20122,Giang Hải,Xã,"Xã Giang Hải, Huyện Phú Lộc, Tỉnh Thừa Thiên Huế"
46,Thừa Thiên Huế,482,Phú Lộc,20182,Hương Hữu,Xã,"Xã Hương Hữu, Huyện Phú Lộc, Tỉnh Thừa Thiên Huế"
46,Thừa Thiên Huế,482,Phú Lộc,20170,Hương Lộc,Xã,"Xã Hương Lộc, Huyện Phú Lộc, Tỉnh Thừa Thiên Huế"
46,Thừa Thiên Huế,482,Phú Lộc,20164,Hương Phú,Xã,"Xã Hương Phú, Huyện Phú Lộc, Tỉnh Thừa Thiên Huế"
46,Thừa Thiên Huế,482,Phú Lộc,20167,Hương Sơn,Xã,"Xã Hương Sơn, Huyện Phú Lộc, Tỉnh Thừa Thiên Huế"
46,Thừa Thiên Huế,482,Phú Lộc,20179,Hương Xuân,Xã,"Xã Hương Xuân, Huyện Phú Lộc, Tỉnh Thừa Thiên Huế"
46,Thừa Thiên Huế,482,Phú Lộc,20161,Khe Tre,Thị trấn,"Thị trấn Khe Tre, Huyện Phú Lộc, Tỉnh Thừa Thiên Huế"
46,Thừa Thiên Huế,482,Phú Lộc,20110,Lăng Cô,Thị trấn,"Thị trấn Lăng Cô, Huyện Phú Lộc, Tỉnh Thừa Thiên Huế"
46,Thừa Thiên Huế,482,Phú Lộc,20140,Lộc An,Xã,"Xã Lộc An, Huyện Phú Lộc, Tỉnh Thừa Thiên Huế"
46,Thừa Thiên Huế,482,Phú Lộc,20134,Lộc Bình,Xã,"Xã Lộc Bình, Huyện Phú Lộc, Tỉnh Thừa Thiên Huế"
46,Thừa Thiên Huế,482,Phú Lộc,20128,Lộc Bổn,Xã,"Xã Lộc Bổn, Huyện Phú Lộc, Tỉnh Thừa Thiên Huế"
46,Thừa Thiên Huế,482,Phú Lộc,20143,Lộc Điền,Xã,"Xã Lộc Điền, Huyện Phú Lộc, Tỉnh Thừa Thiên Huế"
46,Thừa Thiên Huế,482,Phú Lộc,20155,Lộc Hòa,Xã,"Xã Lộc Hòa, Huyện Phú Lộc, Tỉnh Thừa Thiên Huế"
46,Thừa Thiên Huế,482,Phú Lộc,20131,Lộc Sơn,Thị trấn,"Thị trấn Lộc Sơn, Huyện Phú Lộc, Tỉnh Thừa Thiên Huế"
46,Thừa Thiên Huế,482,Phú Lộc,20146,Lộc Thủy,Xã,"Xã Lộc Thủy, Huyện Phú Lộc, Tỉnh Thừa Thiên Huế"
46,Thừa Thiên Huế,482,Phú Lộc,20152,Lộc Tiến,Xã,"Xã Lộc Tiến, Huyện Phú Lộc, Tỉnh Thừa Thiên Huế"
46,Thừa Thiên Huế,482,Phú Lộc,20149,Lộc Trì,Xã,"Xã Lộc Trì, Huyện Phú Lộc, Tỉnh Thừa Thiên Huế"
46,Thừa Thiên Huế,482,Phú Lộc,20137,Lộc Vĩnh,Xã,"Xã Lộc Vĩnh, Huyện Phú Lộc, Tỉnh Thừa Thiên Huế"
46,Thừa Thiên Huế,482,Phú Lộc,20107,Phú Lộc,Thị trấn,"Thị trấn Phú Lộc, Huyện Phú Lộc, Tỉnh Thừa Thiên Huế"
46,Thừa Thiên Huế,482,Phú Lộc,20185,Thượng Lộ,Xã,"Xã Thượng Lộ, Huyện Phú Lộc, Tỉnh Thừa Thiên Huế"
46,Thừa Thiên Huế,482,Phú Lộc,20188,Thượng Long,Xã,"Xã Thượng Long, Huyện Phú Lộc, Tỉnh Thừa Thiên Huế"
46,Thừa Thiên Huế,482,Phú Lộc,20191,Thượng Nhật,Xã,"Xã Thượng Nhật, Huyện Phú Lộc, Tỉnh Thừa Thiên Huế"
46,Thừa Thiên Huế,482,Phú Lộc,20173,Thượng Quảng,Xã,"Xã Thượng Quảng, Huyện Phú Lộc, Tỉnh Thừa Thiên Huế"
46,Thừa Thiên Huế,482,Phú Lộc,20125,Vinh Hiền,Xã,"Xã Vinh Hiền, Huyện Phú Lộc, Tỉnh Thừa Thiên Huế"
46,Thừa Thiên Huế,482,Phú Lộc,20116,Vinh Hưng,Xã,"Xã Vinh Hưng, Huyện Phú Lộc, Tỉnh Thừa Thiên Huế"
46,Thừa Thiên Huế,482,Phú Lộc,20113,Vinh Mỹ,Xã,"Xã Vinh Mỹ, Huyện Phú Lộc, Tỉnh Thừa Thiên Huế"
46,Thừa Thiên Huế,482,Phú Lộc,20158,Xuân Lộc,Xã,"Xã Xuân Lộc, Huyện Phú Lộc, Tỉnh Thừa Thiên Huế"
46,Thừa Thiên Huế,478,Phú Vang,19912,Phú An,Xã,"Xã Phú An, Huyện Phú Vang, Tỉnh Thừa Thiên Huế"
46,Thừa Thiên Huế,478,Phú Vang,19921,Phú Diên,Xã,"Xã Phú Diên, Huyện Phú Vang, Tỉnh Thừa Thiên Huế"
46,Thừa Thiên Huế,478,Phú Vang,19942,Phú Đa,Thị trấn,"Thị trấn Phú Đa, Huyện Phú Vang, Tỉnh Thừa Thiên Huế"
46,Thừa Thiên Huế,478,Phú Vang,19954,Phú Gia,Xã,"Xã Phú Gia, Huyện Phú Vang, Tỉnh Thừa Thiên Huế"
46,Thừa Thiên Huế,478,Phú Vang,19915,Phú Hải,Xã,"Xã Phú Hải, Huyện Phú Vang, Tỉnh Thừa Thiên Huế"
46,Thừa Thiên Huế,478,Phú Vang,19933,Phú Hồ,Xã,"Xã Phú Hồ, Huyện Phú Vang, Tỉnh Thừa Thiên Huế"
46,Thừa Thiên Huế,478,Phú Vang,19939,Phú Lương,Xã,"Xã Phú Lương, Huyện Phú Vang, Tỉnh Thừa Thiên Huế"
46,Thừa Thiên Huế,478,Phú Vang,19927,Phú Mỹ,Xã,"Xã Phú Mỹ, Huyện Phú Vang, Tỉnh Thừa Thiên Huế"
46,Thừa Thiên Huế,478,Phú Vang,19903,Phú Thuận,Xã,"Xã Phú Thuận, Huyện Phú Vang, Tỉnh Thừa Thiên Huế"
46,Thừa Thiên Huế,478,Phú Vang,19918,Phú Xuân,Xã,"Xã Phú Xuân, Huyện Phú Vang, Tỉnh Thừa Thiên Huế"
46,Thừa Thiên Huế,478,Phú Vang,19948,Vinh An,Xã,"Xã Vinh An, Huyện Phú Vang, Tỉnh Thừa Thiên Huế"
46,Thừa Thiên Huế,478,Phú Vang,19957,Vinh Hà,Xã,"Xã Vinh Hà, Huyện Phú Vang, Tỉnh Thừa Thiên Huế"
46,Thừa Thiên Huế,478,Phú Vang,19945,Vinh Thanh,Xã,"Xã Vinh Thanh, Huyện Phú Vang, Tỉnh Thừa Thiên Huế"
46,Thừa Thiên Huế,478,Phú Vang,19936,Vinh Xuân,Xã,"Xã Vinh Xuân, Huyện Phú Vang, Tỉnh Thừa Thiên Huế"
46,Thừa Thiên Huế,475,Phú Xuân,19803,An Hòa,Phường,"Phường An Hòa, Quận Phú Xuân, Tỉnh Thừa Thiên Huế"
46,Thừa Thiên Huế,475,Phú Xuân,19768,Đông Ba,Phường,"Phường Đông Ba, Quận Phú Xuân, Tỉnh Thừa Thiên Huế"
46,Thừa Thiên Huế,475,Phú Xuân,19756,Gia Hội,Phường,"Phường Gia Hội, Quận Phú Xuân, Tỉnh Thừa Thiên Huế"
46,Thừa Thiên Huế,475,Phú Xuân,20023,Hương An,Phường,"Phường Hương An, Quận Phú Xuân, Tỉnh Thừa Thiên Huế"
46,Thừa Thiên Huế,475,Phú Xuân,19810,Hương Long,Phường,"Phường Hương Long, Quận Phú Xuân, Tỉnh Thừa Thiên Huế"
46,Thừa Thiên Huế,475,Phú Xuân,19804,Hương Sơ,Phường,"Phường Hương Sơ, Quận Phú Xuân, Tỉnh Thừa Thiên Huế"
46,Thừa Thiên Huế,475,Phú Xuân,20014,Hương Vinh,Phường,"Phường Hương Vinh, Quận Phú Xuân, Tỉnh Thừa Thiên Huế"
46,Thừa Thiên Huế,475,Phú Xuân,19774,Kim Long,Phường,"Phường Kim Long, Quận Phú Xuân, Tỉnh Thừa Thiên Huế"
46,Thừa Thiên Huế,475,Phú Xuân,20029,Long Hồ,Phường,"Phường Long Hồ, Quận Phú Xuân, Tỉnh Thừa Thiên Huế"
46,Thừa Thiên Huế,475,Phú Xuân,19759,Phú Hậu,Phường,"Phường Phú Hậu, Quận Phú Xuân, Tỉnh Thừa Thiên Huế"
46,Thừa Thiên Huế,475,Phú Xuân,19750,Tây Lộc,Phường,"Phường Tây Lộc, Quận Phú Xuân, Tỉnh Thừa Thiên Huế"
46,Thừa Thiên Huế,475,Phú Xuân,19762,Thuận Hòa,Phường,"Phường Thuận Hòa, Quận Phú Xuân, Tỉnh Thừa Thiên Huế"
46,Thừa Thiên Huế,475,Phú Xuân,19753,Thuận Lộc,Phường,"Phường Thuận Lộc, Quận Phú Xuân, Tỉnh Thừa Thiên Huế"
46,Thừa Thiên Huế,477,Quảng Điền,19888,Quảng An,Xã,"Xã Quảng An, Huyện Quảng Điền, Tỉnh Thừa Thiên Huế"
46,Thừa Thiên Huế,477,Quảng Điền,19879,Quảng Công,Xã,"Xã Quảng Công, Huyện Quảng Điền, Tỉnh Thừa Thiên Huế"
46,Thừa Thiên Huế,477,Quảng Điền,19876,Quảng Lợi,Xã,"Xã Quảng Lợi, Huyện Quảng Điền, Tỉnh Thừa Thiên Huế"
46,Thừa Thiên Huế,477,Quảng Điền,19873,Quảng Ngạn,Xã,"Xã Quảng Ngạn, Huyện Quảng Điền, Tỉnh Thừa Thiên Huế"
46,Thừa Thiên Huế,477,Quảng Điền,19897,Quảng Phú,Xã,"Xã Quảng Phú, Huyện Quảng Điền, Tỉnh Thừa Thiên Huế"
46,Thừa Thiên Huế,477,Quảng Điền,19882,Quảng Phước,Xã,"Xã Quảng Phước, Huyện Quảng Điền, Tỉnh Thừa Thiên Huế"
46,Thừa Thiên Huế,477,Quảng Điền,19870,Quảng Thái,Xã,"Xã Quảng Thái, Huyện Quảng Điền, Tỉnh Thừa Thiên Huế"
46,Thừa Thiên Huế,477,Quảng Điền,19891,Quảng Thành,Xã,"Xã Quảng Thành, Huyện Quảng Điền, Tỉnh Thừa Thiên Huế"
46,Thừa Thiên Huế,477,Quảng Điền,19894,Quảng Thọ,Xã,"Xã Quảng Thọ, Huyện Quảng Điền, Tỉnh Thừa Thiên Huế"
46,Thừa Thiên Huế,477,Quảng Điền,19885,Quảng Vinh,Xã,"Xã Quảng Vinh, Huyện Quảng Điền, Tỉnh Thừa Thiên Huế"
46,Thừa Thiên Huế,477,Quảng Điền,19867,Sịa,Thị trấn,"Thị trấn Sịa, Huyện Quảng Điền, Tỉnh Thừa Thiên Huế"
46,Thừa Thiên Huế,474,Thuận Hóa,19801,An Cựu,Phường,"Phường An Cựu, Quận Thuận Hóa, Tỉnh Thừa Thiên Huế"
46,Thừa Thiên Huế,474,Thuận Hóa,19815,An Đông,Phường,"Phường An Đông, Quận Thuận Hóa, Tỉnh Thừa Thiên Huế"
46,Thừa Thiên Huế,474,Thuận Hóa,19816,An Tây,Phường,"Phường An Tây, Quận Thuận Hóa, Tỉnh Thừa Thiên Huế"
46,Thừa Thiên Huế,474,Thuận Hóa,19909,Dương Nỗ,Phường,"Phường Dương Nỗ, Quận Thuận Hóa, Tỉnh Thừa Thiên Huế"
46,Thừa Thiên Huế,474,Thuận Hóa,19780,Đúc,Phường,"Phường Đúc, Quận Thuận Hóa, Tỉnh Thừa Thiên Huế"
46,Thừa Thiên Huế,474,Thuận Hóa,20002,Hương Phong,Phường,"Phường Hương Phong, Quận Thuận Hóa, Tỉnh Thừa Thiên Huế"
46,Thừa Thiên Huế,474,Thuận Hóa,19786,Phú Hội,Phường,"Phường Phú Hội, Quận Thuận Hóa, Tỉnh Thừa Thiên Huế"
46,Thừa Thiên Huế,474,Thuận Hóa,19789,Phú Nhuận,Phường,"Phường Phú Nhuận, Quận Thuận Hóa, Tỉnh Thừa Thiên Huế"
46,Thừa Thiên Huế,474,Thuận Hóa,19930,Phú Thượng,Phường,"Phường Phú Thượng, Quận Thuận Hóa, Tỉnh Thừa Thiên Huế"
46,Thừa Thiên Huế,474,Thuận Hóa,19798,Phước Vĩnh,Phường,"Phường Phước Vĩnh, Quận Thuận Hóa, Tỉnh Thừa Thiên Huế"
46,Thừa Thiên Huế,474,Thuận Hóa,19900,Thuận An,Phường,"Phường Thuận An, Quận Thuận Hóa, Tỉnh Thừa Thiên Huế"
46,Thừa Thiên Huế,474,Thuận Hóa,19981,Thủy Bằng,Phường,"Phường Thủy Bằng, Quận Thuận Hóa, Tỉnh Thừa Thiên Huế"
46,Thừa Thiên Huế,474,Thuận Hóa,19807,Thuỷ Biều,Phường,"Phường Thuỷ Biều, Quận Thuận Hóa, Tỉnh Thừa Thiên Huế"
46,Thừa Thiên Huế,474,Thuận Hóa,19963,Thủy Vân,Phường,"Phường Thủy Vân, Quận Thuận Hóa, Tỉnh Thừa Thiên Huế"
46,Thừa Thiên Huế,474,Thuận Hóa,19813,Thuỷ Xuân,Phường,"Phường Thuỷ Xuân, Quận Thuận Hóa, Tỉnh Thừa Thiên Huế"
46,Thừa Thiên Huế,474,Thuận Hóa,19795,Trường An,Phường,"Phường Trường An, Quận Thuận Hóa, Tỉnh Thừa Thiên Huế"
46,Thừa Thiên Huế,474,Thuận Hóa,19783,Vĩnh Ninh,Phường,"Phường Vĩnh Ninh, Quận Thuận Hóa, Tỉnh Thừa Thiên Huế"
46,Thừa Thiên Huế,474,Thuận Hóa,19777,Vỹ Dạ,Phường,"Phường Vỹ Dạ, Quận Thuận Hóa, Tỉnh Thừa Thiên Huế"
46,Thừa Thiên Huế,474,Thuận Hóa,19792,Xuân Phú,Phường,"Phường Xuân Phú, Quận Thuận Hóa, Tỉnh Thừa Thiên Huế"
82,Tiền Giang,819,Cái Bè,28390,An Cư,Xã,"Xã An Cư, Huyện Cái Bè, Tỉnh Tiền Giang"
82,Tiền Giang,819,Cái Bè,28429,An Hữu,Xã,"Xã An Hữu, Huyện Cái Bè, Tỉnh Tiền Giang"
82,Tiền Giang,819,Cái Bè,28414,An Thái Đông,Xã,"Xã An Thái Đông, Huyện Cái Bè, Tỉnh Tiền Giang"
82,Tiền Giang,819,Cái Bè,28426,An Thái Trung,Xã,"Xã An Thái Trung, Huyện Cái Bè, Tỉnh Tiền Giang"
82,Tiền Giang,819,Cái Bè,28360,Cái Bè,Thị trấn,"Thị trấn Cái Bè, Huyện Cái Bè, Tỉnh Tiền Giang"
82,Tiền Giang,819,Cái Bè,28411,Đông Hòa Hiệp,Xã,"Xã Đông Hòa Hiệp, Huyện Cái Bè, Tỉnh Tiền Giang"
82,Tiền Giang,819,Cái Bè,28366,Hậu Mỹ Bắc A,Xã,"Xã Hậu Mỹ Bắc A, Huyện Cái Bè, Tỉnh Tiền Giang"
82,Tiền Giang,819,Cái Bè,28363,Hậu Mỹ Bắc B,Xã,"Xã Hậu Mỹ Bắc B, Huyện Cái Bè, Tỉnh Tiền Giang"
82,Tiền Giang,819,Cái Bè,28375,Hậu Mỹ Phú,Xã,"Xã Hậu Mỹ Phú, Huyện Cái Bè, Tỉnh Tiền Giang"
82,Tiền Giang,819,Cái Bè,28372,Hậu Mỹ Trinh,Xã,"Xã Hậu Mỹ Trinh, Huyện Cái Bè, Tỉnh Tiền Giang"
82,Tiền Giang,819,Cái Bè,28393,Hậu Thành,Xã,"Xã Hậu Thành, Huyện Cái Bè, Tỉnh Tiền Giang"
82,Tiền Giang,819,Cái Bè,28432,Hòa Hưng,Xã,"Xã Hòa Hưng, Huyện Cái Bè, Tỉnh Tiền Giang"
82,Tiền Giang,819,Cái Bè,28399,Hòa Khánh,Xã,"Xã Hòa Khánh, Huyện Cái Bè, Tỉnh Tiền Giang"
82,Tiền Giang,819,Cái Bè,28405,Mỹ Đức Đông,Xã,"Xã Mỹ Đức Đông, Huyện Cái Bè, Tỉnh Tiền Giang"
82,Tiền Giang,819,Cái Bè,28408,Mỹ Đức Tây,Xã,"Xã Mỹ Đức Tây, Huyện Cái Bè, Tỉnh Tiền Giang"
82,Tiền Giang,819,Cái Bè,28387,Mỹ Hội,Xã,"Xã Mỹ Hội, Huyện Cái Bè, Tỉnh Tiền Giang"
82,Tiền Giang,819,Cái Bè,28396,Mỹ Lợi A,Xã,"Xã Mỹ Lợi A, Huyện Cái Bè, Tỉnh Tiền Giang"
82,Tiền Giang,819,Cái Bè,28381,Mỹ Lợi B,Xã,"Xã Mỹ Lợi B, Huyện Cái Bè, Tỉnh Tiền Giang"
82,Tiền Giang,819,Cái Bè,28420,Mỹ Lương,Xã,"Xã Mỹ Lương, Huyện Cái Bè, Tỉnh Tiền Giang"
82,Tiền Giang,819,Cái Bè,28378,Mỹ Tân,Xã,"Xã Mỹ Tân, Huyện Cái Bè, Tỉnh Tiền Giang"
82,Tiền Giang,819,Cái Bè,28369,Mỹ Trung,Xã,"Xã Mỹ Trung, Huyện Cái Bè, Tỉnh Tiền Giang"
82,Tiền Giang,819,Cái Bè,28417,Tân Hưng,Xã,"Xã Tân Hưng, Huyện Cái Bè, Tỉnh Tiền Giang"
82,Tiền Giang,819,Cái Bè,28423,Tân Thanh,Xã,"Xã Tân Thanh, Huyện Cái Bè, Tỉnh Tiền Giang"
82,Tiền Giang,819,Cái Bè,28402,Thiện Trí,Xã,"Xã Thiện Trí, Huyện Cái Bè, Tỉnh Tiền Giang"
82,Tiền Giang,819,Cái Bè,28384,Thiện Trung,Xã,"Xã Thiện Trung, Huyện Cái Bè, Tỉnh Tiền Giang"
82,Tiền Giang,817,Cai Lậy,28435,1,Phường,"Phường 1, Thị xã Cai Lậy, Tỉnh Tiền Giang"
82,Tiền Giang,817,Cai Lậy,28436,2,Phường,"Phường 2, Thị xã Cai Lậy, Tỉnh Tiền Giang"
82,Tiền Giang,817,Cai Lậy,28437,3,Phường,"Phường 3, Thị xã Cai Lậy, Tỉnh Tiền Giang"
82,Tiền Giang,817,Cai Lậy,28439,4,Phường,"Phường 4, Thị xã Cai Lậy, Tỉnh Tiền Giang"
82,Tiền Giang,817,Cai Lậy,28440,5,Phường,"Phường 5, Thị xã Cai Lậy, Tỉnh Tiền Giang"
82,Tiền Giang,817,Cai Lậy,28486,Long Khánh,Xã,"Xã Long Khánh, Thị xã Cai Lậy, Tỉnh Tiền Giang"
82,Tiền Giang,817,Cai Lậy,28450,Mỹ Hạnh Đông,Xã,"Xã Mỹ Hạnh Đông, Thị xã Cai Lậy, Tỉnh Tiền Giang"
82,Tiền Giang,817,Cai Lậy,28453,Mỹ Hạnh Trung,Xã,"Xã Mỹ Hạnh Trung, Thị xã Cai Lậy, Tỉnh Tiền Giang"
82,Tiền Giang,817,Cai Lậy,28447,Mỹ Phước Tây,Xã,"Xã Mỹ Phước Tây, Thị xã Cai Lậy, Tỉnh Tiền Giang"
82,Tiền Giang,817,Cai Lậy,28474,Nhị Mỹ,Phường,"Phường Nhị Mỹ, Thị xã Cai Lậy, Tỉnh Tiền Giang"
82,Tiền Giang,817,Cai Lậy,28477,Nhị Quý,Xã,"Xã Nhị Quý, Thị xã Cai Lậy, Tỉnh Tiền Giang"
82,Tiền Giang,817,Cai Lậy,28483,Phú Quý,Xã,"Xã Phú Quý, Thị xã Cai Lậy, Tỉnh Tiền Giang"
82,Tiền Giang,817,Cai Lậy,28462,Tân Bình,Xã,"Xã Tân Bình, Thị xã Cai Lậy, Tỉnh Tiền Giang"
82,Tiền Giang,817,Cai Lậy,28468,Tân Hội,Xã,"Xã Tân Hội, Thị xã Cai Lậy, Tỉnh Tiền Giang"
82,Tiền Giang,817,Cai Lậy,28459,Tân Phú,Xã,"Xã Tân Phú, Thị xã Cai Lậy, Tỉnh Tiền Giang"
82,Tiền Giang,817,Cai Lậy,28480,Thanh Hòa,Xã,"Xã Thanh Hòa, Thị xã Cai Lậy, Tỉnh Tiền Giang"
82,Tiền Giang,820,Cai Lậy,28471,Bình Phú,Thị trấn,"Thị trấn Bình Phú, Huyện Cai Lậy, Tỉnh Tiền Giang"
82,Tiền Giang,820,Cai Lậy,28489,Cẩm Sơn,Xã,"Xã Cẩm Sơn, Huyện Cai Lậy, Tỉnh Tiền Giang"
82,Tiền Giang,820,Cai Lậy,28501,Hiệp Đức,Xã,"Xã Hiệp Đức, Huyện Cai Lậy, Tỉnh Tiền Giang"
82,Tiền Giang,820,Cai Lậy,28507,Hội Xuân,Xã,"Xã Hội Xuân, Huyện Cai Lậy, Tỉnh Tiền Giang"
82,Tiền Giang,820,Cai Lậy,28498,Long Tiên,Xã,"Xã Long Tiên, Huyện Cai Lậy, Tỉnh Tiền Giang"
82,Tiền Giang,820,Cai Lậy,28504,Long Trung,Xã,"Xã Long Trung, Huyện Cai Lậy, Tỉnh Tiền Giang"
82,Tiền Giang,820,Cai Lậy,28495,Mỹ Long,Xã,"Xã Mỹ Long, Huyện Cai Lậy, Tỉnh Tiền Giang"
82,Tiền Giang,820,Cai Lậy,28441,Mỹ Thành Bắc,Xã,"Xã Mỹ Thành Bắc, Huyện Cai Lậy, Tỉnh Tiền Giang"
82,Tiền Giang,820,Cai Lậy,28456,Mỹ Thành Nam,Xã,"Xã Mỹ Thành Nam, Huyện Cai Lậy, Tỉnh Tiền Giang"
82,Tiền Giang,820,Cai Lậy,28516,Ngũ Hiệp,Xã,"Xã Ngũ Hiệp, Huyện Cai Lậy, Tỉnh Tiền Giang"
82,Tiền Giang,820,Cai Lậy,28492,Phú An,Xã,"Xã Phú An, Huyện Cai Lậy, Tỉnh Tiền Giang"
82,Tiền Giang,820,Cai Lậy,28444,Phú Cường,Xã,"Xã Phú Cường, Huyện Cai Lậy, Tỉnh Tiền Giang"
82,Tiền Giang,820,Cai Lậy,28465,Phú Nhuận,Xã,"Xã Phú Nhuận, Huyện Cai Lậy, Tỉnh Tiền Giang"
82,Tiền Giang,820,Cai Lậy,28513,Tam Bình,Xã,"Xã Tam Bình, Huyện Cai Lậy, Tỉnh Tiền Giang"
82,Tiền Giang,820,Cai Lậy,28510,Tân Phong,Xã,"Xã Tân Phong, Huyện Cai Lậy, Tỉnh Tiền Giang"
82,Tiền Giang,820,Cai Lậy,28438,Thạnh Lộc,Xã,"Xã Thạnh Lộc, Huyện Cai Lậy, Tỉnh Tiền Giang"
82,Tiền Giang,821,Châu Thành,28573,Bàn Long,Xã,"Xã Bàn Long, Huyện Châu Thành, Tỉnh Tiền Giang"
82,Tiền Giang,821,Châu Thành,28579,Bình Đức,Xã,"Xã Bình Đức, Huyện Châu Thành, Tỉnh Tiền Giang"
82,Tiền Giang,821,Châu Thành,28564,Bình Trưng,Xã,"Xã Bình Trưng, Huyện Châu Thành, Tỉnh Tiền Giang"
82,Tiền Giang,821,Châu Thành,28540,Điềm Hy,Xã,"Xã Điềm Hy, Huyện Châu Thành, Tỉnh Tiền Giang"
82,Tiền Giang,821,Châu Thành,28549,Đông Hòa,Xã,"Xã Đông Hòa, Huyện Châu Thành, Tỉnh Tiền Giang"
82,Tiền Giang,821,Châu Thành,28585,Kim Sơn,Xã,"Xã Kim Sơn, Huyện Châu Thành, Tỉnh Tiền Giang"
82,Tiền Giang,821,Châu Thành,28558,Long An,Xã,"Xã Long An, Huyện Châu Thành, Tỉnh Tiền Giang"
82,Tiền Giang,821,Châu Thành,28552,Long Định,Xã,"Xã Long Định, Huyện Châu Thành, Tỉnh Tiền Giang"
82,Tiền Giang,821,Châu Thành,28561,Long Hưng,Xã,"Xã Long Hưng, Huyện Châu Thành, Tỉnh Tiền Giang"
82,Tiền Giang,821,Châu Thành,28543,Nhị Bình,Xã,"Xã Nhị Bình, Huyện Châu Thành, Tỉnh Tiền Giang"
82,Tiền Giang,821,Châu Thành,28588,Phú Phong,Xã,"Xã Phú Phong, Huyện Châu Thành, Tỉnh Tiền Giang"
82,Tiền Giang,821,Châu Thành,28582,Song Thuận,Xã,"Xã Song Thuận, Huyện Châu Thành, Tỉnh Tiền Giang"
82,Tiền Giang,821,Châu Thành,28537,Tam Hiệp,Xã,"Xã Tam Hiệp, Huyện Châu Thành, Tỉnh Tiền Giang"
82,Tiền Giang,821,Châu Thành,28519,Tân Hiệp,Thị trấn,"Thị trấn Tân Hiệp, Huyện Châu Thành, Tỉnh Tiền Giang"
82,Tiền Giang,821,Châu Thành,28522,Tân Hội Đông,Xã,"Xã Tân Hội Đông, Huyện Châu Thành, Tỉnh Tiền Giang"
82,Tiền Giang,821,Châu Thành,28525,Tân Hương,Xã,"Xã Tân Hương, Huyện Châu Thành, Tỉnh Tiền Giang"
82,Tiền Giang,821,Châu Thành,28528,Tân Lý Đông,Xã,"Xã Tân Lý Đông, Huyện Châu Thành, Tỉnh Tiền Giang"
82,Tiền Giang,821,Châu Thành,28534,Thân Cửu Nghĩa,Xã,"Xã Thân Cửu Nghĩa, Huyện Châu Thành, Tỉnh Tiền Giang"
82,Tiền Giang,821,Châu Thành,28570,Thạnh Phú,Xã,"Xã Thạnh Phú, Huyện Châu Thành, Tỉnh Tiền Giang"
82,Tiền Giang,821,Châu Thành,28576,Vĩnh Kim,Xã,"Xã Vĩnh Kim, Huyện Châu Thành, Tỉnh Tiền Giang"
82,Tiền Giang,822,Chợ Gạo,28639,An Thạnh Thủy,Xã,"Xã An Thạnh Thủy, Huyện Chợ Gạo, Tỉnh Tiền Giang"
82,Tiền Giang,822,Chợ Gạo,28648,Bình Ninh,Xã,"Xã Bình Ninh, Huyện Chợ Gạo, Tỉnh Tiền Giang"
82,Tiền Giang,822,Chợ Gạo,28633,Bình Phan,Xã,"Xã Bình Phan, Huyện Chợ Gạo, Tỉnh Tiền Giang"
82,Tiền Giang,822,Chợ Gạo,28621,Bình Phục Nhứt,Xã,"Xã Bình Phục Nhứt, Huyện Chợ Gạo, Tỉnh Tiền Giang"
82,Tiền Giang,822,Chợ Gạo,28594,Chợ Gạo,Thị trấn,"Thị trấn Chợ Gạo, Huyện Chợ Gạo, Tỉnh Tiền Giang"
82,Tiền Giang,822,Chợ Gạo,28624,Đăng Hưng Phước,Xã,"Xã Đăng Hưng Phước, Huyện Chợ Gạo, Tỉnh Tiền Giang"
82,Tiền Giang,822,Chợ Gạo,28645,Hòa Định,Xã,"Xã Hòa Định, Huyện Chợ Gạo, Tỉnh Tiền Giang"
82,Tiền Giang,822,Chợ Gạo,28600,Hòa Tịnh,Xã,"Xã Hòa Tịnh, Huyện Chợ Gạo, Tỉnh Tiền Giang"
82,Tiền Giang,822,Chợ Gạo,28636,Long Bình Điền,Xã,"Xã Long Bình Điền, Huyện Chợ Gạo, Tỉnh Tiền Giang"
82,Tiền Giang,822,Chợ Gạo,28612,Lương Hòa Lạc,Xã,"Xã Lương Hòa Lạc, Huyện Chợ Gạo, Tỉnh Tiền Giang"
82,Tiền Giang,822,Chợ Gạo,28603,Mỹ Tịnh An,Xã,"Xã Mỹ Tịnh An, Huyện Chợ Gạo, Tỉnh Tiền Giang"
82,Tiền Giang,822,Chợ Gạo,28609,Phú Kiết,Xã,"Xã Phú Kiết, Huyện Chợ Gạo, Tỉnh Tiền Giang"
82,Tiền Giang,822,Chợ Gạo,28618,Quơn Long,Xã,"Xã Quơn Long, Huyện Chợ Gạo, Tỉnh Tiền Giang"
82,Tiền Giang,822,Chợ Gạo,28630,Song Bình,Xã,"Xã Song Bình, Huyện Chợ Gạo, Tỉnh Tiền Giang"
82,Tiền Giang,822,Chợ Gạo,28606,Tân Bình Thạnh,Xã,"Xã Tân Bình Thạnh, Huyện Chợ Gạo, Tỉnh Tiền Giang"
82,Tiền Giang,822,Chợ Gạo,28627,Tân Thuận Bình,Xã,"Xã Tân Thuận Bình, Huyện Chợ Gạo, Tỉnh Tiền Giang"
82,Tiền Giang,822,Chợ Gạo,28615,Thanh Bình,Xã,"Xã Thanh Bình, Huyện Chợ Gạo, Tỉnh Tiền Giang"
82,Tiền Giang,822,Chợ Gạo,28597,Trung Hòa,Xã,"Xã Trung Hòa, Huyện Chợ Gạo, Tỉnh Tiền Giang"
82,Tiền Giang,822,Chợ Gạo,28642,Xuân Đông,Xã,"Xã Xuân Đông, Huyện Chợ Gạo, Tỉnh Tiền Giang"
82,Tiền Giang,816,Gò Công,28300,1,Phường,"Phường 1, Thành phố Gò Công, Tỉnh Tiền Giang"
82,Tiền Giang,816,Gò Công,28297,2,Phường,"Phường 2, Thành phố Gò Công, Tỉnh Tiền Giang"
82,Tiền Giang,816,Gò Công,28306,5,Phường,"Phường 5, Thành phố Gò Công, Tỉnh Tiền Giang"
82,Tiền Giang,816,Gò Công,28708,Bình Đông,Xã,"Xã Bình Đông, Thành phố Gò Công, Tỉnh Tiền Giang"
82,Tiền Giang,816,Gò Công,28717,Bình Xuân,Xã,"Xã Bình Xuân, Thành phố Gò Công, Tỉnh Tiền Giang"
82,Tiền Giang,816,Gò Công,28315,Long Chánh,Phường,"Phường Long Chánh, Thành phố Gò Công, Tỉnh Tiền Giang"
82,Tiền Giang,816,Gò Công,28318,Long Hòa,Phường,"Phường Long Hòa, Thành phố Gò Công, Tỉnh Tiền Giang"
82,Tiền Giang,816,Gò Công,28309,Long Hưng,Phường,"Phường Long Hưng, Thành phố Gò Công, Tỉnh Tiền Giang"
82,Tiền Giang,816,Gò Công,28312,Long Thuận,Phường,"Phường Long Thuận, Thành phố Gò Công, Tỉnh Tiền Giang"
82,Tiền Giang,816,Gò Công,28729,Tân Trung,Xã,"Xã Tân Trung, Thành phố Gò Công, Tỉnh Tiền Giang"
82,Tiền Giang,824,Gò Công Đông,28735,Bình Ân,Xã,"Xã Bình Ân, Huyện Gò Công Đông, Tỉnh Tiền Giang"
82,Tiền Giang,824,Gò Công Đông,28741,Bình Nghị,Xã,"Xã Bình Nghị, Huyện Gò Công Đông, Tỉnh Tiền Giang"
82,Tiền Giang,824,Gò Công Đông,28714,Gia Thuận,Xã,"Xã Gia Thuận, Huyện Gò Công Đông, Tỉnh Tiền Giang"
82,Tiền Giang,824,Gò Công Đông,28726,Kiểng Phước,Xã,"Xã Kiểng Phước, Huyện Gò Công Đông, Tỉnh Tiền Giang"
82,Tiền Giang,824,Gò Công Đông,28744,Phước Trung,Xã,"Xã Phước Trung, Huyện Gò Công Đông, Tỉnh Tiền Giang"
82,Tiền Giang,824,Gò Công Đông,28738,Tân Điền,Xã,"Xã Tân Điền, Huyện Gò Công Đông, Tỉnh Tiền Giang"
82,Tiền Giang,824,Gò Công Đông,28732,Tân Đông,Xã,"Xã Tân Đông, Huyện Gò Công Đông, Tỉnh Tiền Giang"
82,Tiền Giang,824,Gò Công Đông,28702,Tân Hòa,Thị trấn,"Thị trấn Tân Hòa, Huyện Gò Công Đông, Tỉnh Tiền Giang"
82,Tiền Giang,824,Gò Công Đông,28711,Tân Phước,Xã,"Xã Tân Phước, Huyện Gò Công Đông, Tỉnh Tiền Giang"
82,Tiền Giang,824,Gò Công Đông,28723,Tân Tây,Xã,"Xã Tân Tây, Huyện Gò Công Đông, Tỉnh Tiền Giang"
82,Tiền Giang,824,Gò Công Đông,28747,Tân Thành,Xã,"Xã Tân Thành, Huyện Gò Công Đông, Tỉnh Tiền Giang"
82,Tiền Giang,824,Gò Công Đông,28705,Tăng Hoà,Xã,"Xã Tăng Hoà, Huyện Gò Công Đông, Tỉnh Tiền Giang"
82,Tiền Giang,824,Gò Công Đông,28720,Vàm Láng,Thị trấn,"Thị trấn Vàm Láng, Huyện Gò Công Đông, Tỉnh Tiền Giang"
82,Tiền Giang,823,Gò Công Tây,28666,Bình Nhì,Xã,"Xã Bình Nhì, Huyện Gò Công Tây, Tỉnh Tiền Giang"
82,Tiền Giang,823,Gò Công Tây,28657,Bình Phú,Xã,"Xã Bình Phú, Huyện Gò Công Tây, Tỉnh Tiền Giang"
82,Tiền Giang,823,Gò Công Tây,28681,Bình Tân,Xã,"Xã Bình Tân, Huyện Gò Công Tây, Tỉnh Tiền Giang"
82,Tiền Giang,823,Gò Công Tây,28654,Đồng Sơn,Xã,"Xã Đồng Sơn, Huyện Gò Công Tây, Tỉnh Tiền Giang"
82,Tiền Giang,823,Gò Công Tây,28660,Đồng Thạnh,Xã,"Xã Đồng Thạnh, Huyện Gò Công Tây, Tỉnh Tiền Giang"
82,Tiền Giang,823,Gò Công Tây,28687,Long Bình,Xã,"Xã Long Bình, Huyện Gò Công Tây, Tỉnh Tiền Giang"
82,Tiền Giang,823,Gò Công Tây,28678,Long Vĩnh,Xã,"Xã Long Vĩnh, Huyện Gò Công Tây, Tỉnh Tiền Giang"
82,Tiền Giang,823,Gò Công Tây,28663,Thành Công,Xã,"Xã Thành Công, Huyện Gò Công Tây, Tỉnh Tiền Giang"
82,Tiền Giang,823,Gò Công Tây,28675,Thạnh Nhựt,Xã,"Xã Thạnh Nhựt, Huyện Gò Công Tây, Tỉnh Tiền Giang"
82,Tiền Giang,823,Gò Công Tây,28672,Thạnh Trị,Xã,"Xã Thạnh Trị, Huyện Gò Công Tây, Tỉnh Tiền Giang"
82,Tiền Giang,823,Gò Công Tây,28651,Vĩnh Bình,Thị trấn,"Thị trấn Vĩnh Bình, Huyện Gò Công Tây, Tỉnh Tiền Giang"
82,Tiền Giang,823,Gò Công Tây,28684,Vĩnh Hựu,Xã,"Xã Vĩnh Hựu, Huyện Gò Công Tây, Tỉnh Tiền Giang"
82,Tiền Giang,823,Gò Công Tây,28669,Yên Luông,Xã,"Xã Yên Luông, Huyện Gò Công Tây, Tỉnh Tiền Giang"
82,Tiền Giang,815,Mỹ Tho,28261,1,Phường,"Phường 1, Thành phố Mỹ Tho, Tỉnh Tiền Giang"
82,Tiền Giang,815,Mỹ Tho,28276,10,Phường,"Phường 10, Thành phố Mỹ Tho, Tỉnh Tiền Giang"
82,Tiền Giang,815,Mỹ Tho,28264,2,Phường,"Phường 2, Thành phố Mỹ Tho, Tỉnh Tiền Giang"
82,Tiền Giang,815,Mỹ Tho,28252,4,Phường,"Phường 4, Thành phố Mỹ Tho, Tỉnh Tiền Giang"
82,Tiền Giang,815,Mỹ Tho,28249,5,Phường,"Phường 5, Thành phố Mỹ Tho, Tỉnh Tiền Giang"
82,Tiền Giang,815,Mỹ Tho,28270,6,Phường,"Phường 6, Thành phố Mỹ Tho, Tỉnh Tiền Giang"
82,Tiền Giang,815,Mỹ Tho,28273,9,Phường,"Phường 9, Thành phố Mỹ Tho, Tỉnh Tiền Giang"
82,Tiền Giang,815,Mỹ Tho,28282,Đạo Thạnh,Xã,"Xã Đạo Thạnh, Thành phố Mỹ Tho, Tỉnh Tiền Giang"
82,Tiền Giang,815,Mỹ Tho,28288,Mỹ Phong,Xã,"Xã Mỹ Phong, Thành phố Mỹ Tho, Tỉnh Tiền Giang"
82,Tiền Giang,815,Mỹ Tho,28567,Phước Thạnh,Xã,"Xã Phước Thạnh, Thành phố Mỹ Tho, Tỉnh Tiền Giang"
82,Tiền Giang,815,Mỹ Tho,28279,Tân Long,Phường,"Phường Tân Long, Thành phố Mỹ Tho, Tỉnh Tiền Giang"
82,Tiền Giang,815,Mỹ Tho,28291,Tân Mỹ Chánh,Xã,"Xã Tân Mỹ Chánh, Thành phố Mỹ Tho, Tỉnh Tiền Giang"
82,Tiền Giang,815,Mỹ Tho,28591,Thới Sơn,Xã,"Xã Thới Sơn, Thành phố Mỹ Tho, Tỉnh Tiền Giang"
82,Tiền Giang,815,Mỹ Tho,28285,Trung An,Xã,"Xã Trung An, Thành phố Mỹ Tho, Tỉnh Tiền Giang"
82,Tiền Giang,825,Tân Phú Đông,28750,Phú Đông,Xã,"Xã Phú Đông, Huyện Tân Phú Đông, Tỉnh Tiền Giang"
82,Tiền Giang,825,Tân Phú Đông,28753,Phú Tân,Xã,"Xã Phú Tân, Huyện Tân Phú Đông, Tỉnh Tiền Giang"
82,Tiền Giang,825,Tân Phú Đông,28696,Phú Thạnh,Xã,"Xã Phú Thạnh, Huyện Tân Phú Đông, Tỉnh Tiền Giang"
82,Tiền Giang,825,Tân Phú Đông,28693,Tân Phú,Xã,"Xã Tân Phú, Huyện Tân Phú Đông, Tỉnh Tiền Giang"
82,Tiền Giang,825,Tân Phú Đông,28699,Tân Thạnh,Xã,"Xã Tân Thạnh, Huyện Tân Phú Đông, Tỉnh Tiền Giang"
82,Tiền Giang,825,Tân Phú Đông,28690,Tân Thới,Xã,"Xã Tân Thới, Huyện Tân Phú Đông, Tỉnh Tiền Giang"
82,Tiền Giang,818,Tân Phước,28342,Hưng Thạnh,Xã,"Xã Hưng Thạnh, Huyện Tân Phước, Tỉnh Tiền Giang"
82,Tiền Giang,818,Tân Phước,28321,Mỹ Phước,Thị trấn,"Thị trấn Mỹ Phước, Huyện Tân Phước, Tỉnh Tiền Giang"
82,Tiền Giang,818,Tân Phước,28336,Phú Mỹ,Xã,"Xã Phú Mỹ, Huyện Tân Phước, Tỉnh Tiền Giang"
82,Tiền Giang,818,Tân Phước,28357,Phước Lập,Xã,"Xã Phước Lập, Huyện Tân Phước, Tỉnh Tiền Giang"
82,Tiền Giang,818,Tân Phước,28324,Tân Hòa Đông,Xã,"Xã Tân Hòa Đông, Huyện Tân Phước, Tỉnh Tiền Giang"
82,Tiền Giang,818,Tân Phước,28348,Tân Hòa Tây,Xã,"Xã Tân Hòa Tây, Huyện Tân Phước, Tỉnh Tiền Giang"
82,Tiền Giang,818,Tân Phước,28339,Tân Hòa Thành,Xã,"Xã Tân Hòa Thành, Huyện Tân Phước, Tỉnh Tiền Giang"
82,Tiền Giang,818,Tân Phước,28345,Tân Lập 1,Xã,"Xã Tân Lập 1, Huyện Tân Phước, Tỉnh Tiền Giang"
82,Tiền Giang,818,Tân Phước,28354,Tân Lập 2,Xã,"Xã Tân Lập 2, Huyện Tân Phước, Tỉnh Tiền Giang"
82,Tiền Giang,818,Tân Phước,28333,Thạnh Hoà,Xã,"Xã Thạnh Hoà, Huyện Tân Phước, Tỉnh Tiền Giang"
82,Tiền Giang,818,Tân Phước,28330,Thạnh Mỹ,Xã,"Xã Thạnh Mỹ, Huyện Tân Phước, Tỉnh Tiền Giang"
82,Tiền Giang,818,Tân Phước,28327,Thạnh Tân,Xã,"Xã Thạnh Tân, Huyện Tân Phước, Tỉnh Tiền Giang"
84,Trà Vinh,844,Càng Long,29275,An Trường,Xã,"Xã An Trường, Huyện Càng Long, Tỉnh Trà Vinh"
84,Trà Vinh,844,Càng Long,29272,An Trường A,Xã,"Xã An Trường A, Huyện Càng Long, Tỉnh Trà Vinh"
84,Trà Vinh,844,Càng Long,29287,Bình Phú,Xã,"Xã Bình Phú, Huyện Càng Long, Tỉnh Trà Vinh"
84,Trà Vinh,844,Càng Long,29266,Càng Long,Thị trấn,"Thị trấn Càng Long, Huyện Càng Long, Tỉnh Trà Vinh"
84,Trà Vinh,844,Càng Long,29293,Đại Phúc,Xã,"Xã Đại Phúc, Huyện Càng Long, Tỉnh Trà Vinh"
84,Trà Vinh,844,Càng Long,29296,Đại Phước,Xã,"Xã Đại Phước, Huyện Càng Long, Tỉnh Trà Vinh"
84,Trà Vinh,844,Càng Long,29305,Đức Mỹ,Xã,"Xã Đức Mỹ, Huyện Càng Long, Tỉnh Trà Vinh"
84,Trà Vinh,844,Càng Long,29278,Huyền Hội,Xã,"Xã Huyền Hội, Huyện Càng Long, Tỉnh Trà Vinh"
84,Trà Vinh,844,Càng Long,29269,Mỹ Cẩm,Xã,"Xã Mỹ Cẩm, Huyện Càng Long, Tỉnh Trà Vinh"
84,Trà Vinh,844,Càng Long,29302,Nhị Long,Xã,"Xã Nhị Long, Huyện Càng Long, Tỉnh Trà Vinh"
84,Trà Vinh,844,Càng Long,29299,Nhị Long Phú,Xã,"Xã Nhị Long Phú, Huyện Càng Long, Tỉnh Trà Vinh"
84,Trà Vinh,844,Càng Long,29290,Phương Thạnh,Xã,"Xã Phương Thạnh, Huyện Càng Long, Tỉnh Trà Vinh"
84,Trà Vinh,844,Càng Long,29281,Tân An,Xã,"Xã Tân An, Huyện Càng Long, Tỉnh Trà Vinh"
84,Trà Vinh,844,Càng Long,29284,Tân Bình,Xã,"Xã Tân Bình, Huyện Càng Long, Tỉnh Trà Vinh"
84,Trà Vinh,845,Cầu Kè,29317,An Phú Tân,Xã,"Xã An Phú Tân, Huyện Cầu Kè, Tỉnh Trà Vinh"
84,Trà Vinh,845,Cầu Kè,29308,Cầu Kè,Thị trấn,"Thị trấn Cầu Kè, Huyện Cầu Kè, Tỉnh Trà Vinh"
84,Trà Vinh,845,Cầu Kè,29314,Châu Điền,Xã,"Xã Châu Điền, Huyện Cầu Kè, Tỉnh Trà Vinh"
84,Trà Vinh,845,Cầu Kè,29311,Hòa Ân,Xã,"Xã Hòa Ân, Huyện Cầu Kè, Tỉnh Trà Vinh"
84,Trà Vinh,845,Cầu Kè,29320,Hoà Tân,Xã,"Xã Hoà Tân, Huyện Cầu Kè, Tỉnh Trà Vinh"
84,Trà Vinh,845,Cầu Kè,29323,Ninh Thới,Xã,"Xã Ninh Thới, Huyện Cầu Kè, Tỉnh Trà Vinh"
84,Trà Vinh,845,Cầu Kè,29326,Phong Phú,Xã,"Xã Phong Phú, Huyện Cầu Kè, Tỉnh Trà Vinh"
84,Trà Vinh,845,Cầu Kè,29329,Phong Thạnh,Xã,"Xã Phong Thạnh, Huyện Cầu Kè, Tỉnh Trà Vinh"
84,Trà Vinh,845,Cầu Kè,29332,Tam Ngãi,Xã,"Xã Tam Ngãi, Huyện Cầu Kè, Tỉnh Trà Vinh"
84,Trà Vinh,845,Cầu Kè,29338,Thạnh Phú,Xã,"Xã Thạnh Phú, Huyện Cầu Kè, Tỉnh Trà Vinh"
84,Trà Vinh,845,Cầu Kè,29335,Thông Hòa,Xã,"Xã Thông Hòa, Huyện Cầu Kè, Tỉnh Trà Vinh"
84,Trà Vinh,848,Cầu Ngang,29416,Cầu Ngang,Thị trấn,"Thị trấn Cầu Ngang, Huyện Cầu Ngang, Tỉnh Trà Vinh"
84,Trà Vinh,848,Cầu Ngang,29437,Hiệp Hòa,Xã,"Xã Hiệp Hòa, Huyện Cầu Ngang, Tỉnh Trà Vinh"
84,Trà Vinh,848,Cầu Ngang,29452,Hiệp Mỹ Đông,Xã,"Xã Hiệp Mỹ Đông, Huyện Cầu Ngang, Tỉnh Trà Vinh"
84,Trà Vinh,848,Cầu Ngang,29455,Hiệp Mỹ Tây,Xã,"Xã Hiệp Mỹ Tây, Huyện Cầu Ngang, Tỉnh Trà Vinh"
84,Trà Vinh,848,Cầu Ngang,29434,Kim Hòa,Xã,"Xã Kim Hòa, Huyện Cầu Ngang, Tỉnh Trà Vinh"
84,Trà Vinh,848,Cầu Ngang,29443,Long Sơn,Xã,"Xã Long Sơn, Huyện Cầu Ngang, Tỉnh Trà Vinh"
84,Trà Vinh,848,Cầu Ngang,29428,Mỹ Hòa,Xã,"Xã Mỹ Hòa, Huyện Cầu Ngang, Tỉnh Trà Vinh"
84,Trà Vinh,848,Cầu Ngang,29419,Mỹ Long,Thị trấn,"Thị trấn Mỹ Long, Huyện Cầu Ngang, Tỉnh Trà Vinh"
84,Trà Vinh,848,Cầu Ngang,29422,Mỹ Long Bắc,Xã,"Xã Mỹ Long Bắc, Huyện Cầu Ngang, Tỉnh Trà Vinh"
84,Trà Vinh,848,Cầu Ngang,29425,Mỹ Long Nam,Xã,"Xã Mỹ Long Nam, Huyện Cầu Ngang, Tỉnh Trà Vinh"
84,Trà Vinh,848,Cầu Ngang,29446,Nhị Trường,Xã,"Xã Nhị Trường, Huyện Cầu Ngang, Tỉnh Trà Vinh"
84,Trà Vinh,848,Cầu Ngang,29458,Thạnh Hòa Sơn,Xã,"Xã Thạnh Hòa Sơn, Huyện Cầu Ngang, Tỉnh Trà Vinh"
84,Trà Vinh,848,Cầu Ngang,29440,Thuận Hòa,Xã,"Xã Thuận Hòa, Huyện Cầu Ngang, Tỉnh Trà Vinh"
84,Trà Vinh,848,Cầu Ngang,29449,Trường Thọ,Xã,"Xã Trường Thọ, Huyện Cầu Ngang, Tỉnh Trà Vinh"
84,Trà Vinh,848,Cầu Ngang,29431,Vĩnh Kim,Xã,"Xã Vĩnh Kim, Huyện Cầu Ngang, Tỉnh Trà Vinh"
84,Trà Vinh,847,Châu Thành,29374,Châu Thành,Thị trấn,"Thị trấn Châu Thành, Huyện Châu Thành, Tỉnh Trà Vinh"
84,Trà Vinh,847,Châu Thành,29377,Đa Lộc,Xã,"Xã Đa Lộc, Huyện Châu Thành, Tỉnh Trà Vinh"
84,Trà Vinh,847,Châu Thành,29401,Hòa Lợi,Xã,"Xã Hòa Lợi, Huyện Châu Thành, Tỉnh Trà Vinh"
84,Trà Vinh,847,Châu Thành,29410,Hòa Minh,Xã,"Xã Hòa Minh, Huyện Châu Thành, Tỉnh Trà Vinh"
84,Trà Vinh,847,Châu Thành,29398,Hòa Thuận,Xã,"Xã Hòa Thuận, Huyện Châu Thành, Tỉnh Trà Vinh"
84,Trà Vinh,847,Châu Thành,29407,Hưng Mỹ,Xã,"Xã Hưng Mỹ, Huyện Châu Thành, Tỉnh Trà Vinh"
84,Trà Vinh,847,Châu Thành,29413,Long Hòa,Xã,"Xã Long Hòa, Huyện Châu Thành, Tỉnh Trà Vinh"
84,Trà Vinh,847,Châu Thành,29389,Lương Hòa,Xã,"Xã Lương Hòa, Huyện Châu Thành, Tỉnh Trà Vinh"
84,Trà Vinh,847,Châu Thành,29386,Lương Hoà A,Xã,"Xã Lương Hoà A, Huyện Châu Thành, Tỉnh Trà Vinh"
84,Trà Vinh,847,Châu Thành,29380,Mỹ Chánh,Xã,"Xã Mỹ Chánh, Huyện Châu Thành, Tỉnh Trà Vinh"
84,Trà Vinh,847,Châu Thành,29395,Nguyệt Hóa,Xã,"Xã Nguyệt Hóa, Huyện Châu Thành, Tỉnh Trà Vinh"
84,Trà Vinh,847,Châu Thành,29404,Phước Hảo,Xã,"Xã Phước Hảo, Huyện Châu Thành, Tỉnh Trà Vinh"
84,Trà Vinh,847,Châu Thành,29392,Song Lộc,Xã,"Xã Song Lộc, Huyện Châu Thành, Tỉnh Trà Vinh"
84,Trà Vinh,847,Châu Thành,29383,Thanh Mỹ,Xã,"Xã Thanh Mỹ, Huyện Châu Thành, Tỉnh Trà Vinh"
84,Trà Vinh,850,Duyên Hải,29500,Đôn Châu,Xã,"Xã Đôn Châu, Huyện Duyên Hải, Tỉnh Trà Vinh"
84,Trà Vinh,850,Duyên Hải,29497,Đôn Xuân,Xã,"Xã Đôn Xuân, Huyện Duyên Hải, Tỉnh Trà Vinh"
84,Trà Vinh,850,Duyên Hải,29536,Đông Hải,Xã,"Xã Đông Hải, Huyện Duyên Hải, Tỉnh Trà Vinh"
84,Trà Vinh,850,Duyên Hải,29521,Long Khánh,Xã,"Xã Long Khánh, Huyện Duyên Hải, Tỉnh Trà Vinh"
84,Trà Vinh,850,Duyên Hải,29513,Long Thành,Thị trấn,"Thị trấn Long Thành, Huyện Duyên Hải, Tỉnh Trà Vinh"
84,Trà Vinh,850,Duyên Hải,29533,Long Vĩnh,Xã,"Xã Long Vĩnh, Huyện Duyên Hải, Tỉnh Trà Vinh"
84,Trà Vinh,850,Duyên Hải,29530,Ngũ Lạc,Xã,"Xã Ngũ Lạc, Huyện Duyên Hải, Tỉnh Trà Vinh"
84,Trà Vinh,851,Duyên Hải,29512,1,Phường,"Phường 1, Thị xã Duyên Hải, Tỉnh Trà Vinh"
84,Trà Vinh,851,Duyên Hải,29516,2,Phường,"Phường 2, Thị xã Duyên Hải, Tỉnh Trà Vinh"
84,Trà Vinh,851,Duyên Hải,29524,Dân Thành,Xã,"Xã Dân Thành, Thị xã Duyên Hải, Tỉnh Trà Vinh"
84,Trà Vinh,851,Duyên Hải,29539,Hiệp Thạnh,Xã,"Xã Hiệp Thạnh, Thị xã Duyên Hải, Tỉnh Trà Vinh"
84,Trà Vinh,851,Duyên Hải,29518,Long Hữu,Xã,"Xã Long Hữu, Thị xã Duyên Hải, Tỉnh Trà Vinh"
84,Trà Vinh,851,Duyên Hải,29515,Long Toàn,Xã,"Xã Long Toàn, Thị xã Duyên Hải, Tỉnh Trà Vinh"
84,Trà Vinh,851,Duyên Hải,29527,Trường Long Hòa,Xã,"Xã Trường Long Hòa, Thị xã Duyên Hải, Tỉnh Trà Vinh"
84,Trà Vinh,846,Tiểu Cần,29344,Cầu Quan,Thị trấn,"Thị trấn Cầu Quan, Huyện Tiểu Cần, Tỉnh Trà Vinh"
84,Trà Vinh,846,Tiểu Cần,29353,Hiếu Trung,Xã,"Xã Hiếu Trung, Huyện Tiểu Cần, Tỉnh Trà Vinh"
84,Trà Vinh,846,Tiểu Cần,29350,Hiếu Tử,Xã,"Xã Hiếu Tử, Huyện Tiểu Cần, Tỉnh Trà Vinh"
84,Trà Vinh,846,Tiểu Cần,29359,Hùng Hòa,Xã,"Xã Hùng Hòa, Huyện Tiểu Cần, Tỉnh Trà Vinh"
84,Trà Vinh,846,Tiểu Cần,29356,Long Thới,Xã,"Xã Long Thới, Huyện Tiểu Cần, Tỉnh Trà Vinh"
84,Trà Vinh,846,Tiểu Cần,29368,Ngãi Hùng,Xã,"Xã Ngãi Hùng, Huyện Tiểu Cần, Tỉnh Trà Vinh"
84,Trà Vinh,846,Tiểu Cần,29347,Phú Cần,Xã,"Xã Phú Cần, Huyện Tiểu Cần, Tỉnh Trà Vinh"
84,Trà Vinh,846,Tiểu Cần,29371,Tân Hòa,Xã,"Xã Tân Hòa, Huyện Tiểu Cần, Tỉnh Trà Vinh"
84,Trà Vinh,846,Tiểu Cần,29362,Tân Hùng,Xã,"Xã Tân Hùng, Huyện Tiểu Cần, Tỉnh Trà Vinh"
84,Trà Vinh,846,Tiểu Cần,29365,Tập Ngãi,Xã,"Xã Tập Ngãi, Huyện Tiểu Cần, Tỉnh Trà Vinh"
84,Trà Vinh,846,Tiểu Cần,29341,Tiểu Cần,Thị trấn,"Thị trấn Tiểu Cần, Huyện Tiểu Cần, Tỉnh Trà Vinh"
84,Trà Vinh,849,Trà Cú,29473,An Quảng Hữu,Xã,"Xã An Quảng Hữu, Huyện Trà Cú, Tỉnh Trà Vinh"
84,Trà Vinh,849,Trà Cú,29491,Đại An,Xã,"Xã Đại An, Huyện Trà Cú, Tỉnh Trà Vinh"
84,Trà Vinh,849,Trà Cú,29462,Định An,Thị trấn,"Thị trấn Định An, Huyện Trà Cú, Tỉnh Trà Vinh"
84,Trà Vinh,849,Trà Cú,29494,Định An,Xã,"Xã Định An, Huyện Trà Cú, Tỉnh Trà Vinh"
84,Trà Vinh,849,Trà Cú,29488,Hàm Giang,Xã,"Xã Hàm Giang, Huyện Trà Cú, Tỉnh Trà Vinh"
84,Trà Vinh,849,Trà Cú,29489,Hàm Tân,Xã,"Xã Hàm Tân, Huyện Trà Cú, Tỉnh Trà Vinh"
84,Trà Vinh,849,Trà Cú,29482,Kim Sơn,Xã,"Xã Kim Sơn, Huyện Trà Cú, Tỉnh Trà Vinh"
84,Trà Vinh,849,Trà Cú,29506,Long Hiệp,Xã,"Xã Long Hiệp, Huyện Trà Cú, Tỉnh Trà Vinh"
84,Trà Vinh,849,Trà Cú,29476,Lưu Nghiệp Anh,Xã,"Xã Lưu Nghiệp Anh, Huyện Trà Cú, Tỉnh Trà Vinh"
84,Trà Vinh,849,Trà Cú,29479,Ngãi Xuyên,Xã,"Xã Ngãi Xuyên, Huyện Trà Cú, Tỉnh Trà Vinh"
84,Trà Vinh,849,Trà Cú,29503,Ngọc Biên,Xã,"Xã Ngọc Biên, Huyện Trà Cú, Tỉnh Trà Vinh"
84,Trà Vinh,849,Trà Cú,29464,Phước Hưng,Xã,"Xã Phước Hưng, Huyện Trà Cú, Tỉnh Trà Vinh"
84,Trà Vinh,849,Trà Cú,29509,Tân Hiệp,Xã,"Xã Tân Hiệp, Huyện Trà Cú, Tỉnh Trà Vinh"
84,Trà Vinh,849,Trà Cú,29470,Tân Sơn,Xã,"Xã Tân Sơn, Huyện Trà Cú, Tỉnh Trà Vinh"
84,Trà Vinh,849,Trà Cú,29467,Tập Sơn,Xã,"Xã Tập Sơn, Huyện Trà Cú, Tỉnh Trà Vinh"
84,Trà Vinh,849,Trà Cú,29485,Thanh Sơn,Xã,"Xã Thanh Sơn, Huyện Trà Cú, Tỉnh Trà Vinh"
84,Trà Vinh,849,Trà Cú,29461,Trà Cú,Thị trấn,"Thị trấn Trà Cú, Huyện Trà Cú, Tỉnh Trà Vinh"
84,Trà Vinh,842,Trà Vinh,29239,1,Phường,"Phường 1, Thành phố Trà Vinh, Tỉnh Trà Vinh"
84,Trà Vinh,842,Trà Vinh,29242,3,Phường,"Phường 3, Thành phố Trà Vinh, Tỉnh Trà Vinh"
84,Trà Vinh,842,Trà Vinh,29236,4,Phường,"Phường 4, Thành phố Trà Vinh, Tỉnh Trà Vinh"
84,Trà Vinh,842,Trà Vinh,29248,5,Phường,"Phường 5, Thành phố Trà Vinh, Tỉnh Trà Vinh"
84,Trà Vinh,842,Trà Vinh,29254,7,Phường,"Phường 7, Thành phố Trà Vinh, Tỉnh Trà Vinh"
84,Trà Vinh,842,Trà Vinh,29257,8,Phường,"Phường 8, Thành phố Trà Vinh, Tỉnh Trà Vinh"
84,Trà Vinh,842,Trà Vinh,29260,9,Phường,"Phường 9, Thành phố Trà Vinh, Tỉnh Trà Vinh"
84,Trà Vinh,842,Trà Vinh,29263,Long Đức,Xã,"Xã Long Đức, Thành phố Trà Vinh, Tỉnh Trà Vinh"
08,Tuyên Quang,073,Chiêm Hóa,02371,Bình Nhân,Xã,"Xã Bình Nhân, Huyện Chiêm Hóa, Tỉnh Tuyên Quang"
08,Tuyên Quang,073,Chiêm Hóa,02323,Bình Phú,Xã,"Xã Bình Phú, Huyện Chiêm Hóa, Tỉnh Tuyên Quang"
08,Tuyên Quang,073,Chiêm Hóa,02311,Hà Lang,Xã,"Xã Hà Lang, Huyện Chiêm Hóa, Tỉnh Tuyên Quang"
08,Tuyên Quang,073,Chiêm Hóa,02353,Hòa An,Xã,"Xã Hòa An, Huyện Chiêm Hóa, Tỉnh Tuyên Quang"
08,Tuyên Quang,073,Chiêm Hóa,02335,Hòa Phú,Xã,"Xã Hòa Phú, Huyện Chiêm Hóa, Tỉnh Tuyên Quang"
08,Tuyên Quang,073,Chiêm Hóa,02314,Hùng Mỹ,Xã,"Xã Hùng Mỹ, Huyện Chiêm Hóa, Tỉnh Tuyên Quang"
08,Tuyên Quang,073,Chiêm Hóa,02341,Kiên Đài,Xã,"Xã Kiên Đài, Huyện Chiêm Hóa, Tỉnh Tuyên Quang"
08,Tuyên Quang,073,Chiêm Hóa,02350,Kim Bình,Xã,"Xã Kim Bình, Huyện Chiêm Hóa, Tỉnh Tuyên Quang"
08,Tuyên Quang,073,Chiêm Hóa,02368,Linh Phú,Xã,"Xã Linh Phú, Huyện Chiêm Hóa, Tỉnh Tuyên Quang"
08,Tuyên Quang,073,Chiêm Hóa,02329,Ngọc Hội,Xã,"Xã Ngọc Hội, Huyện Chiêm Hóa, Tỉnh Tuyên Quang"
08,Tuyên Quang,073,Chiêm Hóa,02362,Nhân Lý,Xã,"Xã Nhân Lý, Huyện Chiêm Hóa, Tỉnh Tuyên Quang"
08,Tuyên Quang,073,Chiêm Hóa,02332,Phú Bình,Xã,"Xã Phú Bình, Huyện Chiêm Hóa, Tỉnh Tuyên Quang"
08,Tuyên Quang,073,Chiêm Hóa,02338,Phúc Thịnh,Xã,"Xã Phúc Thịnh, Huyện Chiêm Hóa, Tỉnh Tuyên Quang"
08,Tuyên Quang,073,Chiêm Hóa,02320,Tân An,Xã,"Xã Tân An, Huyện Chiêm Hóa, Tỉnh Tuyên Quang"
08,Tuyên Quang,073,Chiêm Hóa,02308,Tân Mỹ,Xã,"Xã Tân Mỹ, Huyện Chiêm Hóa, Tỉnh Tuyên Quang"
08,Tuyên Quang,073,Chiêm Hóa,02344,Tân Thịnh,Xã,"Xã Tân Thịnh, Huyện Chiêm Hóa, Tỉnh Tuyên Quang"
08,Tuyên Quang,073,Chiêm Hóa,02359,Tri Phú,Xã,"Xã Tri Phú, Huyện Chiêm Hóa, Tỉnh Tuyên Quang"
08,Tuyên Quang,073,Chiêm Hóa,02305,Trung Hà,Xã,"Xã Trung Hà, Huyện Chiêm Hóa, Tỉnh Tuyên Quang"
08,Tuyên Quang,073,Chiêm Hóa,02347,Trung Hòa,Xã,"Xã Trung Hòa, Huyện Chiêm Hóa, Tỉnh Tuyên Quang"
08,Tuyên Quang,073,Chiêm Hóa,02287,Vĩnh Lộc,Thị trấn,"Thị trấn Vĩnh Lộc, Huyện Chiêm Hóa, Tỉnh Tuyên Quang"
08,Tuyên Quang,073,Chiêm Hóa,02356,Vinh Quang,Xã,"Xã Vinh Quang, Huyện Chiêm Hóa, Tỉnh Tuyên Quang"
08,Tuyên Quang,073,Chiêm Hóa,02326,Xuân Quang,Xã,"Xã Xuân Quang, Huyện Chiêm Hóa, Tỉnh Tuyên Quang"
08,Tuyên Quang,073,Chiêm Hóa,02317,Yên Lập,Xã,"Xã Yên Lập, Huyện Chiêm Hóa, Tỉnh Tuyên Quang"
08,Tuyên Quang,073,Chiêm Hóa,02365,Yên Nguyên,Xã,"Xã Yên Nguyên, Huyện Chiêm Hóa, Tỉnh Tuyên Quang"
08,Tuyên Quang,074,Hàm Yên,02380,Bạch Xa,Xã,"Xã Bạch Xa, Huyện Hàm Yên, Tỉnh Tuyên Quang"
08,Tuyên Quang,074,Hàm Yên,02416,Bằng Cốc,Xã,"Xã Bằng Cốc, Huyện Hàm Yên, Tỉnh Tuyên Quang"
08,Tuyên Quang,074,Hàm Yên,02404,Bình Xa,Xã,"Xã Bình Xa, Huyện Hàm Yên, Tỉnh Tuyên Quang"
08,Tuyên Quang,074,Hàm Yên,02422,Đức Ninh,Xã,"Xã Đức Ninh, Huyện Hàm Yên, Tỉnh Tuyên Quang"
08,Tuyên Quang,074,Hàm Yên,02425,Hùng Đức,Xã,"Xã Hùng Đức, Huyện Hàm Yên, Tỉnh Tuyên Quang"
08,Tuyên Quang,074,Hàm Yên,02389,Minh Dân,Xã,"Xã Minh Dân, Huyện Hàm Yên, Tỉnh Tuyên Quang"
08,Tuyên Quang,074,Hàm Yên,02395,Minh Hương,Xã,"Xã Minh Hương, Huyện Hàm Yên, Tỉnh Tuyên Quang"
08,Tuyên Quang,074,Hàm Yên,02383,Minh Khương,Xã,"Xã Minh Khương, Huyện Hàm Yên, Tỉnh Tuyên Quang"
08,Tuyên Quang,074,Hàm Yên,02410,Nhân Mục,Xã,"Xã Nhân Mục, Huyện Hàm Yên, Tỉnh Tuyên Quang"
08,Tuyên Quang,074,Hàm Yên,02392,Phù Lưu,Xã,"Xã Phù Lưu, Huyện Hàm Yên, Tỉnh Tuyên Quang"
08,Tuyên Quang,074,Hàm Yên,02401,Tân Thành,Xã,"Xã Tân Thành, Huyện Hàm Yên, Tỉnh Tuyên Quang"
08,Tuyên Quang,074,Hàm Yên,02374,Tân Yên,Thị trấn,"Thị trấn Tân Yên, Huyện Hàm Yên, Tỉnh Tuyên Quang"
08,Tuyên Quang,074,Hàm Yên,02419,Thái Hòa,Xã,"Xã Thái Hòa, Huyện Hàm Yên, Tỉnh Tuyên Quang"
08,Tuyên Quang,074,Hàm Yên,02407,Thái Sơn,Xã,"Xã Thái Sơn, Huyện Hàm Yên, Tỉnh Tuyên Quang"
08,Tuyên Quang,074,Hàm Yên,02413,Thành Long,Xã,"Xã Thành Long, Huyện Hàm Yên, Tỉnh Tuyên Quang"
08,Tuyên Quang,074,Hàm Yên,02386,Yên Lâm,Xã,"Xã Yên Lâm, Huyện Hàm Yên, Tỉnh Tuyên Quang"
08,Tuyên Quang,074,Hàm Yên,02398,Yên Phú,Xã,"Xã Yên Phú, Huyện Hàm Yên, Tỉnh Tuyên Quang"
08,Tuyên Quang,074,Hàm Yên,02377,Yên Thuận,Xã,"Xã Yên Thuận, Huyện Hàm Yên, Tỉnh Tuyên Quang"
08,Tuyên Quang,071,Lâm Bình,02290,Bình An,Xã,"Xã Bình An, Huyện Lâm Bình, Tỉnh Tuyên Quang"
08,Tuyên Quang,071,Lâm Bình,02293,Hồng Quang,Xã,"Xã Hồng Quang, Huyện Lâm Bình, Tỉnh Tuyên Quang"
08,Tuyên Quang,071,Lâm Bình,02251,Khuôn Hà,Xã,"Xã Khuôn Hà, Huyện Lâm Bình, Tỉnh Tuyên Quang"
08,Tuyên Quang,071,Lâm Bình,02266,Lăng Can,Thị trấn,"Thị trấn Lăng Can, Huyện Lâm Bình, Tỉnh Tuyên Quang"
08,Tuyên Quang,071,Lâm Bình,02302,Minh Quang,Xã,"Xã Minh Quang, Huyện Lâm Bình, Tỉnh Tuyên Quang"
08,Tuyên Quang,071,Lâm Bình,02299,Phúc Sơn,Xã,"Xã Phúc Sơn, Huyện Lâm Bình, Tỉnh Tuyên Quang"
08,Tuyên Quang,071,Lâm Bình,02233,Phúc Yên,Xã,"Xã Phúc Yên, Huyện Lâm Bình, Tỉnh Tuyên Quang"
08,Tuyên Quang,071,Lâm Bình,02296,Thổ Bình,Xã,"Xã Thổ Bình, Huyện Lâm Bình, Tỉnh Tuyên Quang"
08,Tuyên Quang,071,Lâm Bình,02269,Thượng Lâm,Xã,"Xã Thượng Lâm, Huyện Lâm Bình, Tỉnh Tuyên Quang"
08,Tuyên Quang,071,Lâm Bình,02242,Xuân Lập,Xã,"Xã Xuân Lập, Huyện Lâm Bình, Tỉnh Tuyên Quang"
08,Tuyên Quang,072,Na Hang,02245,Côn Lôn,Xã,"Xã Côn Lôn, Huyện Na Hang, Tỉnh Tuyên Quang"
08,Tuyên Quang,072,Na Hang,02260,Đà Vị,Xã,"Xã Đà Vị, Huyện Na Hang, Tỉnh Tuyên Quang"
08,Tuyên Quang,072,Na Hang,02254,Hồng Thái,Xã,"Xã Hồng Thái, Huyện Na Hang, Tỉnh Tuyên Quang"
08,Tuyên Quang,072,Na Hang,02263,Khau Tinh,Xã,"Xã Khau Tinh, Huyện Na Hang, Tỉnh Tuyên Quang"
08,Tuyên Quang,072,Na Hang,02221,Na Hang,Thị trấn,"Thị trấn Na Hang, Huyện Na Hang, Tỉnh Tuyên Quang"
08,Tuyên Quang,072,Na Hang,02281,Năng Khả,Xã,"Xã Năng Khả, Huyện Na Hang, Tỉnh Tuyên Quang"
08,Tuyên Quang,072,Na Hang,02227,Sinh Long,Xã,"Xã Sinh Long, Huyện Na Hang, Tỉnh Tuyên Quang"
08,Tuyên Quang,072,Na Hang,02275,Sơn Phú,Xã,"Xã Sơn Phú, Huyện Na Hang, Tỉnh Tuyên Quang"
08,Tuyên Quang,072,Na Hang,02284,Thanh Tương,Xã,"Xã Thanh Tương, Huyện Na Hang, Tỉnh Tuyên Quang"
08,Tuyên Quang,072,Na Hang,02230,Thượng Giáp,Xã,"Xã Thượng Giáp, Huyện Na Hang, Tỉnh Tuyên Quang"
08,Tuyên Quang,072,Na Hang,02239,Thượng Nông,Xã,"Xã Thượng Nông, Huyện Na Hang, Tỉnh Tuyên Quang"
08,Tuyên Quang,072,Na Hang,02248,Yên Hoa,Xã,"Xã Yên Hoa, Huyện Na Hang, Tỉnh Tuyên Quang"
08,Tuyên Quang,076,Sơn Dương,02554,Bình Yên,Xã,"Xã Bình Yên, Huyện Sơn Dương, Tỉnh Tuyên Quang"
08,Tuyên Quang,076,Sơn Dương,02563,Cấp Tiến,Xã,"Xã Cấp Tiến, Huyện Sơn Dương, Tỉnh Tuyên Quang"
08,Tuyên Quang,076,Sơn Dương,02599,Chi Thiết,Xã,"Xã Chi Thiết, Huyện Sơn Dương, Tỉnh Tuyên Quang"
08,Tuyên Quang,076,Sơn Dương,02617,Đại Phú,Xã,"Xã Đại Phú, Huyện Sơn Dương, Tỉnh Tuyên Quang"
08,Tuyên Quang,076,Sơn Dương,02602,Đông Lợi,Xã,"Xã Đông Lợi, Huyện Sơn Dương, Tỉnh Tuyên Quang"
08,Tuyên Quang,076,Sơn Dương,02587,Đồng Quý,Xã,"Xã Đồng Quý, Huyện Sơn Dương, Tỉnh Tuyên Quang"
08,Tuyên Quang,076,Sơn Dương,02572,Đông Thọ,Xã,"Xã Đông Thọ, Huyện Sơn Dương, Tỉnh Tuyên Quang"
08,Tuyên Quang,076,Sơn Dương,02623,Hào Phú,Xã,"Xã Hào Phú, Huyện Sơn Dương, Tỉnh Tuyên Quang"
08,Tuyên Quang,076,Sơn Dương,02608,Hồng Sơn,Xã,"Xã Hồng Sơn, Huyện Sơn Dương, Tỉnh Tuyên Quang"
08,Tuyên Quang,076,Sơn Dương,02578,Hợp Hòa,Xã,"Xã Hợp Hòa, Huyện Sơn Dương, Tỉnh Tuyên Quang"
08,Tuyên Quang,076,Sơn Dương,02566,Hợp Thành,Xã,"Xã Hợp Thành, Huyện Sơn Dương, Tỉnh Tuyên Quang"
08,Tuyên Quang,076,Sơn Dương,02575,Kháng Nhật,Xã,"Xã Kháng Nhật, Huyện Sơn Dương, Tỉnh Tuyên Quang"
08,Tuyên Quang,076,Sơn Dương,02557,Lương Thiện,Xã,"Xã Lương Thiện, Huyện Sơn Dương, Tỉnh Tuyên Quang"
08,Tuyên Quang,076,Sơn Dương,02542,Minh Thanh,Xã,"Xã Minh Thanh, Huyện Sơn Dương, Tỉnh Tuyên Quang"
08,Tuyên Quang,076,Sơn Dương,02614,Ninh Lai,Xã,"Xã Ninh Lai, Huyện Sơn Dương, Tỉnh Tuyên Quang"
08,Tuyên Quang,076,Sơn Dương,02611,Phú Lương,Xã,"Xã Phú Lương, Huyện Sơn Dương, Tỉnh Tuyên Quang"
08,Tuyên Quang,076,Sơn Dương,02569,Phúc Ứng,Xã,"Xã Phúc Ứng, Huyện Sơn Dương, Tỉnh Tuyên Quang"
08,Tuyên Quang,076,Sơn Dương,02584,Quyết Thắng,Xã,"Xã Quyết Thắng, Huyện Sơn Dương, Tỉnh Tuyên Quang"
08,Tuyên Quang,076,Sơn Dương,02536,Sơn Dương,Thị trấn,"Thị trấn Sơn Dương, Huyện Sơn Dương, Tỉnh Tuyên Quang"
08,Tuyên Quang,076,Sơn Dương,02620,Sơn Nam,Xã,"Xã Sơn Nam, Huyện Sơn Dương, Tỉnh Tuyên Quang"
08,Tuyên Quang,076,Sơn Dương,02626,Tam Đa,Xã,"Xã Tam Đa, Huyện Sơn Dương, Tỉnh Tuyên Quang"
08,Tuyên Quang,076,Sơn Dương,02590,Tân Thanh,Xã,"Xã Tân Thanh, Huyện Sơn Dương, Tỉnh Tuyên Quang"
08,Tuyên Quang,076,Sơn Dương,02545,Tân Trào,Xã,"Xã Tân Trào, Huyện Sơn Dương, Tỉnh Tuyên Quang"
08,Tuyên Quang,076,Sơn Dương,02605,Thiện Kế,Xã,"Xã Thiện Kế, Huyện Sơn Dương, Tỉnh Tuyên Quang"
08,Tuyên Quang,076,Sơn Dương,02551,Thượng Ấm,Xã,"Xã Thượng Ấm, Huyện Sơn Dương, Tỉnh Tuyên Quang"
08,Tuyên Quang,076,Sơn Dương,02539,Trung Yên,Xã,"Xã Trung Yên, Huyện Sơn Dương, Tỉnh Tuyên Quang"
08,Tuyên Quang,076,Sơn Dương,02632,Trường Sinh,Xã,"Xã Trường Sinh, Huyện Sơn Dương, Tỉnh Tuyên Quang"
08,Tuyên Quang,076,Sơn Dương,02560,Tú Thịnh,Xã,"Xã Tú Thịnh, Huyện Sơn Dương, Tỉnh Tuyên Quang"
08,Tuyên Quang,076,Sơn Dương,02596,Văn Phú,Xã,"Xã Văn Phú, Huyện Sơn Dương, Tỉnh Tuyên Quang"
08,Tuyên Quang,076,Sơn Dương,02548,Vĩnh Lợi,Xã,"Xã Vĩnh Lợi, Huyện Sơn Dương, Tỉnh Tuyên Quang"
08,Tuyên Quang,070,Tuyên Quang,02503,An Khang,Xã,"Xã An Khang, Thành phố Tuyên Quang, Tỉnh Tuyên Quang"
08,Tuyên Quang,070,Tuyên Quang,02512,An Tường,Phường,"Phường An Tường, Thành phố Tuyên Quang, Tỉnh Tuyên Quang"
08,Tuyên Quang,070,Tuyên Quang,02524,Đội Cấn,Phường,"Phường Đội Cấn, Thành phố Tuyên Quang, Tỉnh Tuyên Quang"
08,Tuyên Quang,070,Tuyên Quang,02218,Hưng Thành,Phường,"Phường Hưng Thành, Thành phố Tuyên Quang, Tỉnh Tuyên Quang"
08,Tuyên Quang,070,Tuyên Quang,02497,Kim Phú,Xã,"Xã Kim Phú, Thành phố Tuyên Quang, Tỉnh Tuyên Quang"
08,Tuyên Quang,070,Tuyên Quang,02515,Lưỡng Vượng,Xã,"Xã Lưỡng Vượng, Thành phố Tuyên Quang, Tỉnh Tuyên Quang"
08,Tuyên Quang,070,Tuyên Quang,02203,Minh Xuân,Phường,"Phường Minh Xuân, Thành phố Tuyên Quang, Tỉnh Tuyên Quang"
08,Tuyên Quang,070,Tuyên Quang,02509,Mỹ Lâm,Phường,"Phường Mỹ Lâm, Thành phố Tuyên Quang, Tỉnh Tuyên Quang"
08,Tuyên Quang,070,Tuyên Quang,02212,Nông Tiến,Phường,"Phường Nông Tiến, Thành phố Tuyên Quang, Tỉnh Tuyên Quang"
08,Tuyên Quang,070,Tuyên Quang,02200,Phan Thiết,Phường,"Phường Phan Thiết, Thành phố Tuyên Quang, Tỉnh Tuyên Quang"
08,Tuyên Quang,070,Tuyên Quang,02216,Tân Hà,Phường,"Phường Tân Hà, Thành phố Tuyên Quang, Tỉnh Tuyên Quang"
08,Tuyên Quang,070,Tuyên Quang,02206,Tân Quang,Phường,"Phường Tân Quang, Thành phố Tuyên Quang, Tỉnh Tuyên Quang"
08,Tuyên Quang,070,Tuyên Quang,02521,Thái Long,Xã,"Xã Thái Long, Thành phố Tuyên Quang, Tỉnh Tuyên Quang"
08,Tuyên Quang,070,Tuyên Quang,02209,Tràng Đà,Xã,"Xã Tràng Đà, Thành phố Tuyên Quang, Tỉnh Tuyên Quang"
08,Tuyên Quang,070,Tuyên Quang,02215,Ỷ La,Phường,"Phường Ỷ La, Thành phố Tuyên Quang, Tỉnh Tuyên Quang"
08,Tuyên Quang,075,Yên Sơn,02491,Chân Sơn,Xã,"Xã Chân Sơn, Huyện Yên Sơn, Tỉnh Tuyên Quang"
08,Tuyên Quang,075,Yên Sơn,02443,Chiêu Yên,Xã,"Xã Chiêu Yên, Huyện Yên Sơn, Tỉnh Tuyên Quang"
08,Tuyên Quang,075,Yên Sơn,02485,Công Đa,Xã,"Xã Công Đa, Huyện Yên Sơn, Tỉnh Tuyên Quang"
08,Tuyên Quang,075,Yên Sơn,02467,Đạo Viện,Xã,"Xã Đạo Viện, Huyện Yên Sơn, Tỉnh Tuyên Quang"
08,Tuyên Quang,075,Yên Sơn,02533,Đội Bình,Xã,"Xã Đội Bình, Huyện Yên Sơn, Tỉnh Tuyên Quang"
08,Tuyên Quang,075,Yên Sơn,02518,Hoàng Khai,Xã,"Xã Hoàng Khai, Huyện Yên Sơn, Tỉnh Tuyên Quang"
08,Tuyên Quang,075,Yên Sơn,02455,Hùng Lợi,Xã,"Xã Hùng Lợi, Huyện Yên Sơn, Tỉnh Tuyên Quang"
08,Tuyên Quang,075,Yên Sơn,02437,Kiến Thiết,Xã,"Xã Kiến Thiết, Huyện Yên Sơn, Tỉnh Tuyên Quang"
08,Tuyên Quang,075,Yên Sơn,02476,Kim Quan,Xã,"Xã Kim Quan, Huyện Yên Sơn, Tỉnh Tuyên Quang"
08,Tuyên Quang,075,Yên Sơn,02479,Lang Quán,Xã,"Xã Lang Quán, Huyện Yên Sơn, Tỉnh Tuyên Quang"
08,Tuyên Quang,075,Yên Sơn,02434,Lực Hành,Xã,"Xã Lực Hành, Huyện Yên Sơn, Tỉnh Tuyên Quang"
08,Tuyên Quang,075,Yên Sơn,02506,Mỹ Bằng,Xã,"Xã Mỹ Bằng, Huyện Yên Sơn, Tỉnh Tuyên Quang"
08,Tuyên Quang,075,Yên Sơn,02527,Nhữ Hán,Xã,"Xã Nhữ Hán, Huyện Yên Sơn, Tỉnh Tuyên Quang"
08,Tuyên Quang,075,Yên Sơn,02530,Nhữ Khê,Xã,"Xã Nhữ Khê, Huyện Yên Sơn, Tỉnh Tuyên Quang"
08,Tuyên Quang,075,Yên Sơn,02482,Phú Thịnh,Xã,"Xã Phú Thịnh, Huyện Yên Sơn, Tỉnh Tuyên Quang"
08,Tuyên Quang,075,Yên Sơn,02452,Phúc Ninh,Xã,"Xã Phúc Ninh, Huyện Yên Sơn, Tỉnh Tuyên Quang"
08,Tuyên Quang,075,Yên Sơn,02431,Quý Quân,Xã,"Xã Quý Quân, Huyện Yên Sơn, Tỉnh Tuyên Quang"
08,Tuyên Quang,075,Yên Sơn,02470,Tân Long,Xã,"Xã Tân Long, Huyện Yên Sơn, Tỉnh Tuyên Quang"
08,Tuyên Quang,075,Yên Sơn,02461,Tân Tiến,Xã,"Xã Tân Tiến, Huyện Yên Sơn, Tỉnh Tuyên Quang"
08,Tuyên Quang,075,Yên Sơn,02494,Thái Bình,Xã,"Xã Thái Bình, Huyện Yên Sơn, Tỉnh Tuyên Quang"
08,Tuyên Quang,075,Yên Sơn,02500,Tiến Bộ,Xã,"Xã Tiến Bộ, Huyện Yên Sơn, Tỉnh Tuyên Quang"
08,Tuyên Quang,075,Yên Sơn,02440,Trung Minh,Xã,"Xã Trung Minh, Huyện Yên Sơn, Tỉnh Tuyên Quang"
08,Tuyên Quang,075,Yên Sơn,02488,Trung Môn,Xã,"Xã Trung Môn, Huyện Yên Sơn, Tỉnh Tuyên Quang"
08,Tuyên Quang,075,Yên Sơn,02458,Trung Sơn,Xã,"Xã Trung Sơn, Huyện Yên Sơn, Tỉnh Tuyên Quang"
08,Tuyên Quang,075,Yên Sơn,02446,Trung Trực,Xã,"Xã Trung Trực, Huyện Yên Sơn, Tỉnh Tuyên Quang"
08,Tuyên Quang,075,Yên Sơn,02464,Tứ Quận,Xã,"Xã Tứ Quận, Huyện Yên Sơn, Tỉnh Tuyên Quang"
08,Tuyên Quang,075,Yên Sơn,02449,Xuân Vân,Xã,"Xã Xuân Vân, Huyện Yên Sơn, Tỉnh Tuyên Quang"
08,Tuyên Quang,075,Yên Sơn,02473,Yên Sơn,Thị trấn,"Thị trấn Yên Sơn, Huyện Yên Sơn, Tỉnh Tuyên Quang"
86,Vĩnh Long,859,Vũng Liêm,29716,Hiếu Nghĩa,Xã,"Xã Hiếu Nghĩa, Huyện Vũng Liêm, Tỉnh Vĩnh Long"
86,Vĩnh Long,859,Vũng Liêm,29710,Hiếu Nhơn,Xã,"Xã Hiếu Nhơn, Huyện Vũng Liêm, Tỉnh Vĩnh Long"
86,Vĩnh Long,859,Vũng Liêm,29686,Hiếu Phụng,Xã,"Xã Hiếu Phụng, Huyện Vũng Liêm, Tỉnh Vĩnh Long"
86,Vĩnh Long,859,Vũng Liêm,29713,Hiếu Thành,Xã,"Xã Hiếu Thành, Huyện Vũng Liêm, Tỉnh Vĩnh Long"
86,Vĩnh Long,859,Vũng Liêm,29701,Hiếu Thuận,Xã,"Xã Hiếu Thuận, Huyện Vũng Liêm, Tỉnh Vĩnh Long"
86,Vĩnh Long,859,Vũng Liêm,29668,Quới An,Xã,"Xã Quới An, Huyện Vũng Liêm, Tỉnh Vĩnh Long"
86,Vĩnh Long,859,Vũng Liêm,29665,Quới Thiện,Xã,"Xã Quới Thiện, Huyện Vũng Liêm, Tỉnh Vĩnh Long"
86,Vĩnh Long,859,Vũng Liêm,29674,Tân An Luông,Xã,"Xã Tân An Luông, Huyện Vũng Liêm, Tỉnh Vĩnh Long"
86,Vĩnh Long,859,Vũng Liêm,29662,Tân Quới Trung,Xã,"Xã Tân Quới Trung, Huyện Vũng Liêm, Tỉnh Vĩnh Long"
86,Vĩnh Long,859,Vũng Liêm,29677,Thanh Bình,Xã,"Xã Thanh Bình, Huyện Vũng Liêm, Tỉnh Vĩnh Long"
86,Vĩnh Long,859,Vũng Liêm,29707,Trung An,Xã,"Xã Trung An, Huyện Vũng Liêm, Tỉnh Vĩnh Long"
86,Vĩnh Long,859,Vũng Liêm,29671,Trung Chánh,Xã,"Xã Trung Chánh, Huyện Vũng Liêm, Tỉnh Vĩnh Long"
86,Vĩnh Long,859,Vũng Liêm,29683,Trung Hiệp,Xã,"Xã Trung Hiệp, Huyện Vũng Liêm, Tỉnh Vĩnh Long"
86,Vĩnh Long,859,Vũng Liêm,29695,Trung Hiếu,Xã,"Xã Trung Hiếu, Huyện Vũng Liêm, Tỉnh Vĩnh Long"
86,Vĩnh Long,859,Vũng Liêm,29698,Trung Ngãi,Xã,"Xã Trung Ngãi, Huyện Vũng Liêm, Tỉnh Vĩnh Long"
86,Vĩnh Long,859,Vũng Liêm,29704,Trung Nghĩa,Xã,"Xã Trung Nghĩa, Huyện Vũng Liêm, Tỉnh Vĩnh Long"
86,Vĩnh Long,859,Vũng Liêm,29692,Trung Thành,Xã,"Xã Trung Thành, Huyện Vũng Liêm, Tỉnh Vĩnh Long"
86,Vĩnh Long,859,Vũng Liêm,29689,Trung Thành Đông,Xã,"Xã Trung Thành Đông, Huyện Vũng Liêm, Tỉnh Vĩnh Long"
86,Vĩnh Long,859,Vũng Liêm,29680,Trung Thành Tây,Xã,"Xã Trung Thành Tây, Huyện Vũng Liêm, Tỉnh Vĩnh Long"
86,Vĩnh Long,859,Vũng Liêm,29659,Vũng Liêm,Thị trấn,"Thị trấn Vũng Liêm, Huyện Vũng Liêm, Tỉnh Vĩnh Long"
86,Vĩnh Long,861,Bình Minh,29770,Cái Vồn,Phường,"Phường Cái Vồn, Thị xã Bình Minh, Tỉnh Vĩnh Long"
86,Vĩnh Long,861,Bình Minh,29812,Đông Bình,Xã,"Xã Đông Bình, Thị xã Bình Minh, Tỉnh Vĩnh Long"
86,Vĩnh Long,861,Bình Minh,29809,Đông Thạnh,Xã,"Xã Đông Thạnh, Thị xã Bình Minh, Tỉnh Vĩnh Long"
86,Vĩnh Long,861,Bình Minh,29818,Đông Thành,Xã,"Xã Đông Thành, Thị xã Bình Minh, Tỉnh Vĩnh Long"
86,Vĩnh Long,861,Bình Minh,29813,Đông Thuận,Phường,"Phường Đông Thuận, Thị xã Bình Minh, Tỉnh Vĩnh Long"
86,Vĩnh Long,861,Bình Minh,29815,Mỹ Hòa,Xã,"Xã Mỹ Hòa, Thị xã Bình Minh, Tỉnh Vĩnh Long"
86,Vĩnh Long,861,Bình Minh,29771,Thành Phước,Phường,"Phường Thành Phước, Thị xã Bình Minh, Tỉnh Vĩnh Long"
86,Vĩnh Long,861,Bình Minh,29806,Thuận An,Xã,"Xã Thuận An, Thị xã Bình Minh, Tỉnh Vĩnh Long"
86,Vĩnh Long,863,Bình Tân,29794,Mỹ Thuận,Xã,"Xã Mỹ Thuận, Huyện Bình Tân, Tỉnh Vĩnh Long"
86,Vĩnh Long,863,Bình Tân,29788,Nguyễn Văn Thảnh,Xã,"Xã Nguyễn Văn Thảnh, Huyện Bình Tân, Tỉnh Vĩnh Long"
86,Vĩnh Long,863,Bình Tân,29782,Tân An Thạnh,Xã,"Xã Tân An Thạnh, Huyện Bình Tân, Tỉnh Vĩnh Long"
86,Vĩnh Long,863,Bình Tân,29797,Tân Bình,Xã,"Xã Tân Bình, Huyện Bình Tân, Tỉnh Vĩnh Long"
86,Vĩnh Long,863,Bình Tân,29785,Tân Lược,Xã,"Xã Tân Lược, Huyện Bình Tân, Tỉnh Vĩnh Long"
86,Vĩnh Long,863,Bình Tân,29800,Tân Quới,Thị trấn,"Thị trấn Tân Quới, Huyện Bình Tân, Tỉnh Vĩnh Long"
86,Vĩnh Long,863,Bình Tân,29776,Tân Thành,Xã,"Xã Tân Thành, Huyện Bình Tân, Tỉnh Vĩnh Long"
86,Vĩnh Long,863,Bình Tân,29791,Thành Lợi,Xã,"Xã Thành Lợi, Huyện Bình Tân, Tỉnh Vĩnh Long"
86,Vĩnh Long,863,Bình Tân,29779,Thành Trung,Xã,"Xã Thành Trung, Huyện Bình Tân, Tỉnh Vĩnh Long"
86,Vĩnh Long,857,Long Hồ,29587,An Bình,Xã,"Xã An Bình, Huyện Long Hồ, Tỉnh Vĩnh Long"
86,Vĩnh Long,857,Long Hồ,29581,Bình Hòa Phước,Xã,"Xã Bình Hòa Phước, Huyện Long Hồ, Tỉnh Vĩnh Long"
86,Vĩnh Long,857,Long Hồ,29578,Đồng Phú,Xã,"Xã Đồng Phú, Huyện Long Hồ, Tỉnh Vĩnh Long"
86,Vĩnh Long,857,Long Hồ,29584,Hòa Ninh,Xã,"Xã Hòa Ninh, Huyện Long Hồ, Tỉnh Vĩnh Long"
86,Vĩnh Long,857,Long Hồ,29617,Hòa Phú,Xã,"Xã Hòa Phú, Huyện Long Hồ, Tỉnh Vĩnh Long"
86,Vĩnh Long,857,Long Hồ,29605,Lộc Hòa,Xã,"Xã Lộc Hòa, Huyện Long Hồ, Tỉnh Vĩnh Long"
86,Vĩnh Long,857,Long Hồ,29608,Long An,Xã,"Xã Long An, Huyện Long Hồ, Tỉnh Vĩnh Long"
86,Vĩnh Long,857,Long Hồ,29602,Long Hồ,Thị trấn,"Thị trấn Long Hồ, Huyện Long Hồ, Tỉnh Vĩnh Long"
86,Vĩnh Long,857,Long Hồ,29599,Long Phước,Xã,"Xã Long Phước, Huyện Long Hồ, Tỉnh Vĩnh Long"
86,Vĩnh Long,857,Long Hồ,29611,Phú Quới,Xã,"Xã Phú Quới, Huyện Long Hồ, Tỉnh Vĩnh Long"
86,Vĩnh Long,857,Long Hồ,29596,Phước Hậu,Xã,"Xã Phước Hậu, Huyện Long Hồ, Tỉnh Vĩnh Long"
86,Vĩnh Long,857,Long Hồ,29593,Tân Hạnh,Xã,"Xã Tân Hạnh, Huyện Long Hồ, Tỉnh Vĩnh Long"
86,Vĩnh Long,857,Long Hồ,29590,Thanh Đức,Xã,"Xã Thanh Đức, Huyện Long Hồ, Tỉnh Vĩnh Long"
86,Vĩnh Long,857,Long Hồ,29614,Thạnh Quới,Xã,"Xã Thạnh Quới, Huyện Long Hồ, Tỉnh Vĩnh Long"
86,Vĩnh Long,858,Mang Thít,29629,An Phước,Xã,"Xã An Phước, Huyện Mang Thít, Tỉnh Vĩnh Long"
86,Vĩnh Long,858,Mang Thít,29644,Bình Phước,Xã,"Xã Bình Phước, Huyện Mang Thít, Tỉnh Vĩnh Long"
86,Vĩnh Long,858,Mang Thít,29641,Cái Nhum,Thị trấn,"Thị trấn Cái Nhum, Huyện Mang Thít, Tỉnh Vĩnh Long"
86,Vĩnh Long,858,Mang Thít,29647,Chánh An,Xã,"Xã Chánh An, Huyện Mang Thít, Tỉnh Vĩnh Long"
86,Vĩnh Long,858,Mang Thít,29638,Hòa Tịnh,Xã,"Xã Hòa Tịnh, Huyện Mang Thít, Tỉnh Vĩnh Long"
86,Vĩnh Long,858,Mang Thít,29635,Long Mỹ,Xã,"Xã Long Mỹ, Huyện Mang Thít, Tỉnh Vĩnh Long"
86,Vĩnh Long,858,Mang Thít,29623,Mỹ An,Xã,"Xã Mỹ An, Huyện Mang Thít, Tỉnh Vĩnh Long"
86,Vĩnh Long,858,Mang Thít,29626,Mỹ Phước,Xã,"Xã Mỹ Phước, Huyện Mang Thít, Tỉnh Vĩnh Long"
86,Vĩnh Long,858,Mang Thít,29632,Nhơn Phú,Xã,"Xã Nhơn Phú, Huyện Mang Thít, Tỉnh Vĩnh Long"
86,Vĩnh Long,858,Mang Thít,29650,Tân An Hội,Xã,"Xã Tân An Hội, Huyện Mang Thít, Tỉnh Vĩnh Long"
86,Vĩnh Long,858,Mang Thít,29653,Tân Long,Xã,"Xã Tân Long, Huyện Mang Thít, Tỉnh Vĩnh Long"
86,Vĩnh Long,858,Mang Thít,29656,Tân Long Hội,Xã,"Xã Tân Long Hội, Huyện Mang Thít, Tỉnh Vĩnh Long"
86,Vĩnh Long,860,Tam Bình,29767,Bình Ninh,Xã,"Xã Bình Ninh, Huyện Tam Bình, Tỉnh Vĩnh Long"
86,Vĩnh Long,860,Tam Bình,29728,Hậu Lộc,Xã,"Xã Hậu Lộc, Huyện Tam Bình, Tỉnh Vĩnh Long"
86,Vĩnh Long,860,Tam Bình,29743,Hòa Hiệp,Xã,"Xã Hòa Hiệp, Huyện Tam Bình, Tỉnh Vĩnh Long"
86,Vĩnh Long,860,Tam Bình,29734,Hoà Lộc,Xã,"Xã Hoà Lộc, Huyện Tam Bình, Tỉnh Vĩnh Long"
86,Vĩnh Long,860,Tam Bình,29731,Hòa Thạnh,Xã,"Xã Hòa Thạnh, Huyện Tam Bình, Tỉnh Vĩnh Long"
86,Vĩnh Long,860,Tam Bình,29761,Loan Mỹ,Xã,"Xã Loan Mỹ, Huyện Tam Bình, Tỉnh Vĩnh Long"
86,Vĩnh Long,860,Tam Bình,29752,Long Phú,Xã,"Xã Long Phú, Huyện Tam Bình, Tỉnh Vĩnh Long"
86,Vĩnh Long,860,Tam Bình,29746,Mỹ Lộc,Xã,"Xã Mỹ Lộc, Huyện Tam Bình, Tỉnh Vĩnh Long"
86,Vĩnh Long,860,Tam Bình,29755,Mỹ Thạnh Trung,Xã,"Xã Mỹ Thạnh Trung, Huyện Tam Bình, Tỉnh Vĩnh Long"
86,Vĩnh Long,860,Tam Bình,29764,Ngãi Tứ,Xã,"Xã Ngãi Tứ, Huyện Tam Bình, Tỉnh Vĩnh Long"
86,Vĩnh Long,860,Tam Bình,29737,Phú Lộc,Xã,"Xã Phú Lộc, Huyện Tam Bình, Tỉnh Vĩnh Long"
86,Vĩnh Long,860,Tam Bình,29725,Phú Thịnh,Xã,"Xã Phú Thịnh, Huyện Tam Bình, Tỉnh Vĩnh Long"
86,Vĩnh Long,860,Tam Bình,29740,Song Phú,Xã,"Xã Song Phú, Huyện Tam Bình, Tỉnh Vĩnh Long"
86,Vĩnh Long,860,Tam Bình,29719,Tam Bình,Thị trấn,"Thị trấn Tam Bình, Huyện Tam Bình, Tỉnh Vĩnh Long"
86,Vĩnh Long,860,Tam Bình,29722,Tân Lộc,Xã,"Xã Tân Lộc, Huyện Tam Bình, Tỉnh Vĩnh Long"
86,Vĩnh Long,860,Tam Bình,29749,Tân Phú,Xã,"Xã Tân Phú, Huyện Tam Bình, Tỉnh Vĩnh Long"
86,Vĩnh Long,862,Trà Ôn,29830,Hòa Bình,Xã,"Xã Hòa Bình, Huyện Trà Ôn, Tỉnh Vĩnh Long"
86,Vĩnh Long,862,Trà Ôn,29842,Hựu Thành,Xã,"Xã Hựu Thành, Huyện Trà Ôn, Tỉnh Vĩnh Long"
86,Vĩnh Long,862,Trà Ôn,29857,Lục Sỹ Thành,Xã,"Xã Lục Sỹ Thành, Huyện Trà Ôn, Tỉnh Vĩnh Long"
86,Vĩnh Long,862,Trà Ôn,29827,Nhơn Bình,Xã,"Xã Nhơn Bình, Huyện Trà Ôn, Tỉnh Vĩnh Long"
86,Vĩnh Long,862,Trà Ôn,29851,Phú Thành,Xã,"Xã Phú Thành, Huyện Trà Ôn, Tỉnh Vĩnh Long"
86,Vĩnh Long,862,Trà Ôn,29839,Tân Mỹ,Xã,"Xã Tân Mỹ, Huyện Trà Ôn, Tỉnh Vĩnh Long"
86,Vĩnh Long,862,Trà Ôn,29833,Thới Hòa,Xã,"Xã Thới Hòa, Huyện Trà Ôn, Tỉnh Vĩnh Long"
86,Vĩnh Long,862,Trà Ôn,29848,Thuận Thới,Xã,"Xã Thuận Thới, Huyện Trà Ôn, Tỉnh Vĩnh Long"
86,Vĩnh Long,862,Trà Ôn,29860,Tích Thiện,Xã,"Xã Tích Thiện, Huyện Trà Ôn, Tỉnh Vĩnh Long"
86,Vĩnh Long,862,Trà Ôn,29836,Trà Côn,Xã,"Xã Trà Côn, Huyện Trà Ôn, Tỉnh Vĩnh Long"
86,Vĩnh Long,862,Trà Ôn,29821,Trà Ôn,Thị trấn,"Thị trấn Trà Ôn, Huyện Trà Ôn, Tỉnh Vĩnh Long"
86,Vĩnh Long,862,Trà Ôn,29845,Vĩnh Xuân,Xã,"Xã Vĩnh Xuân, Huyện Trà Ôn, Tỉnh Vĩnh Long"
86,Vĩnh Long,862,Trà Ôn,29824,Xuân Hiệp,Xã,"Xã Xuân Hiệp, Huyện Trà Ôn, Tỉnh Vĩnh Long"
86,Vĩnh Long,855,Vĩnh Long,29551,1,Phường,"Phường 1, Thành phố Vĩnh Long, Tỉnh Vĩnh Long"
86,Vĩnh Long,855,Vĩnh Long,29557,3,Phường,"Phường 3, Thành phố Vĩnh Long, Tỉnh Vĩnh Long"
86,Vĩnh Long,855,Vĩnh Long,29554,4,Phường,"Phường 4, Thành phố Vĩnh Long, Tỉnh Vĩnh Long"
86,Vĩnh Long,855,Vĩnh Long,29545,5,Phường,"Phường 5, Thành phố Vĩnh Long, Tỉnh Vĩnh Long"
86,Vĩnh Long,855,Vĩnh Long,29560,8,Phường,"Phường 8, Thành phố Vĩnh Long, Tỉnh Vĩnh Long"
86,Vĩnh Long,855,Vĩnh Long,29542,9,Phường,"Phường 9, Thành phố Vĩnh Long, Tỉnh Vĩnh Long"
86,Vĩnh Long,855,Vĩnh Long,29566,Tân Hòa,Phường,"Phường Tân Hòa, Thành phố Vĩnh Long, Tỉnh Vĩnh Long"
86,Vĩnh Long,855,Vĩnh Long,29569,Tân Hội,Phường,"Phường Tân Hội, Thành phố Vĩnh Long, Tỉnh Vĩnh Long"
86,Vĩnh Long,855,Vĩnh Long,29563,Tân Ngãi,Phường,"Phường Tân Ngãi, Thành phố Vĩnh Long, Tỉnh Vĩnh Long"
86,Vĩnh Long,855,Vĩnh Long,29572,Trường An,Phường,"Phường Trường An, Thành phố Vĩnh Long, Tỉnh Vĩnh Long"
26,Vĩnh Phúc,249,Bình Xuyên,08944,Bá Hiến,Thị trấn,"Thị trấn Bá Hiến, Huyện Bình Xuyên, Tỉnh Vĩnh Phúc"
26,Vĩnh Phúc,249,Bình Xuyên,08962,Đạo Đức,Thị trấn,"Thị trấn Đạo Đức, Huyện Bình Xuyên, Tỉnh Vĩnh Phúc"
26,Vĩnh Phúc,249,Bình Xuyên,08936,Gia Khánh,Thị trấn,"Thị trấn Gia Khánh, Huyện Bình Xuyên, Tỉnh Vĩnh Phúc"
26,Vĩnh Phúc,249,Bình Xuyên,08935,Hương Canh,Thị trấn,"Thị trấn Hương Canh, Huyện Bình Xuyên, Tỉnh Vĩnh Phúc"
26,Vĩnh Phúc,249,Bình Xuyên,08950,Hương Sơn,Xã,"Xã Hương Sơn, Huyện Bình Xuyên, Tỉnh Vĩnh Phúc"
26,Vĩnh Phúc,249,Bình Xuyên,08971,Phú Xuân,Xã,"Xã Phú Xuân, Huyện Bình Xuyên, Tỉnh Vĩnh Phúc"
26,Vĩnh Phúc,249,Bình Xuyên,08956,Quất Lưu,Xã,"Xã Quất Lưu, Huyện Bình Xuyên, Tỉnh Vĩnh Phúc"
26,Vĩnh Phúc,249,Bình Xuyên,08959,Sơn Lôi,Xã,"Xã Sơn Lôi, Huyện Bình Xuyên, Tỉnh Vĩnh Phúc"
26,Vĩnh Phúc,249,Bình Xuyên,08953,Tam Hợp,Xã,"Xã Tam Hợp, Huyện Bình Xuyên, Tỉnh Vĩnh Phúc"
26,Vĩnh Phúc,249,Bình Xuyên,08965,Tân Phong,Xã,"Xã Tân Phong, Huyện Bình Xuyên, Tỉnh Vĩnh Phúc"
26,Vĩnh Phúc,249,Bình Xuyên,08968,Thanh Lãng,Thị trấn,"Thị trấn Thanh Lãng, Huyện Bình Xuyên, Tỉnh Vĩnh Phúc"
26,Vĩnh Phúc,249,Bình Xuyên,08947,Thiện Kế,Xã,"Xã Thiện Kế, Huyện Bình Xuyên, Tỉnh Vĩnh Phúc"
26,Vĩnh Phúc,249,Bình Xuyên,08938,Trung Mỹ,Xã,"Xã Trung Mỹ, Huyện Bình Xuyên, Tỉnh Vĩnh Phúc"
26,Vĩnh Phúc,246,Lập Thạch,08785,Bắc Bình,Xã,"Xã Bắc Bình, Huyện Lập Thạch, Tỉnh Vĩnh Phúc"
26,Vĩnh Phúc,246,Lập Thạch,08833,Bàn Giản,Xã,"Xã Bàn Giản, Huyện Lập Thạch, Tỉnh Vĩnh Phúc"
26,Vĩnh Phúc,246,Lập Thạch,08839,Đồng Ích,Xã,"Xã Đồng Ích, Huyện Lập Thạch, Tỉnh Vĩnh Phúc"
26,Vĩnh Phúc,246,Lập Thạch,08789,Hoa Sơn,Thị trấn,"Thị trấn Hoa Sơn, Huyện Lập Thạch, Tỉnh Vĩnh Phúc"
26,Vĩnh Phúc,246,Lập Thạch,08770,Hợp Lý,Xã,"Xã Hợp Lý, Huyện Lập Thạch, Tỉnh Vĩnh Phúc"
26,Vĩnh Phúc,246,Lập Thạch,08761,Lập Thạch,Thị trấn,"Thị trấn Lập Thạch, Huyện Lập Thạch, Tỉnh Vĩnh Phúc"
26,Vĩnh Phúc,246,Lập Thạch,08812,Liên Hòa,Xã,"Xã Liên Hòa, Huyện Lập Thạch, Tỉnh Vĩnh Phúc"
26,Vĩnh Phúc,246,Lập Thạch,08791,Liễn Sơn,Xã,"Xã Liễn Sơn, Huyện Lập Thạch, Tỉnh Vĩnh Phúc"
26,Vĩnh Phúc,246,Lập Thạch,08767,Ngọc Mỹ,Xã,"Xã Ngọc Mỹ, Huyện Lập Thạch, Tỉnh Vĩnh Phúc"
26,Vĩnh Phúc,246,Lập Thạch,08764,Quang Sơn,Xã,"Xã Quang Sơn, Huyện Lập Thạch, Tỉnh Vĩnh Phúc"
26,Vĩnh Phúc,246,Lập Thạch,08866,Sơn Đông,Xã,"Xã Sơn Đông, Huyện Lập Thạch, Tỉnh Vĩnh Phúc"
26,Vĩnh Phúc,246,Lập Thạch,08863,Tây Sơn,Xã,"Xã Tây Sơn, Huyện Lập Thạch, Tỉnh Vĩnh Phúc"
26,Vĩnh Phúc,246,Lập Thạch,08788,Thái Hòa,Xã,"Xã Thái Hòa, Huyện Lập Thạch, Tỉnh Vĩnh Phúc"
26,Vĩnh Phúc,246,Lập Thạch,08842,Tiên Lữ,Xã,"Xã Tiên Lữ, Huyện Lập Thạch, Tỉnh Vĩnh Phúc"
26,Vĩnh Phúc,246,Lập Thạch,08815,Tử Du,Xã,"Xã Tử Du, Huyện Lập Thạch, Tỉnh Vĩnh Phúc"
26,Vĩnh Phúc,246,Lập Thạch,08845,Văn Quán,Xã,"Xã Văn Quán, Huyện Lập Thạch, Tỉnh Vĩnh Phúc"
26,Vĩnh Phúc,246,Lập Thạch,08797,Vân Trục,Xã,"Xã Vân Trục, Huyện Lập Thạch, Tỉnh Vĩnh Phúc"
26,Vĩnh Phúc,246,Lập Thạch,08794,Xuân Hòa,Xã,"Xã Xuân Hòa, Huyện Lập Thạch, Tỉnh Vĩnh Phúc"
26,Vĩnh Phúc,246,Lập Thạch,08836,Xuân Lôi,Xã,"Xã Xuân Lôi, Huyện Lập Thạch, Tỉnh Vĩnh Phúc"
26,Vĩnh Phúc,244,Phúc Yên,08752,Cao Minh,Xã,"Xã Cao Minh, Thành phố Phúc Yên, Tỉnh Vĩnh Phúc"
26,Vĩnh Phúc,244,Phúc Yên,08747,Đồng Xuân,Phường,"Phường Đồng Xuân, Thành phố Phúc Yên, Tỉnh Vĩnh Phúc"
26,Vĩnh Phúc,244,Phúc Yên,08740,Hai Bà Trưng,Phường,"Phường Hai Bà Trưng, Thành phố Phúc Yên, Tỉnh Vĩnh Phúc"
26,Vĩnh Phúc,244,Phúc Yên,08737,Hùng Vương,Phường,"Phường Hùng Vương, Thành phố Phúc Yên, Tỉnh Vĩnh Phúc"
26,Vĩnh Phúc,244,Phúc Yên,08755,Nam Viêm,Phường,"Phường Nam Viêm, Thành phố Phúc Yên, Tỉnh Vĩnh Phúc"
26,Vĩnh Phúc,244,Phúc Yên,08749,Ngọc Thanh,Xã,"Xã Ngọc Thanh, Thành phố Phúc Yên, Tỉnh Vĩnh Phúc"
26,Vĩnh Phúc,244,Phúc Yên,08743,Phúc Thắng,Phường,"Phường Phúc Thắng, Thành phố Phúc Yên, Tỉnh Vĩnh Phúc"
26,Vĩnh Phúc,244,Phúc Yên,08758,Tiền Châu,Phường,"Phường Tiền Châu, Thành phố Phúc Yên, Tỉnh Vĩnh Phúc"
26,Vĩnh Phúc,244,Phúc Yên,08746,Xuân Hoà,Phường,"Phường Xuân Hoà, Thành phố Phúc Yên, Tỉnh Vĩnh Phúc"
26,Vĩnh Phúc,253,Sông Lô,08860,Cao Phong,Xã,"Xã Cao Phong, Huyện Sông Lô, Tỉnh Vĩnh Phúc"
26,Vĩnh Phúc,253,Sông Lô,08806,Đôn Nhân,Xã,"Xã Đôn Nhân, Huyện Sông Lô, Tỉnh Vĩnh Phúc"
26,Vĩnh Phúc,253,Sông Lô,08800,Đồng Quế,Xã,"Xã Đồng Quế, Huyện Sông Lô, Tỉnh Vĩnh Phúc"
26,Vĩnh Phúc,253,Sông Lô,08848,Đồng Thịnh,Xã,"Xã Đồng Thịnh, Huyện Sông Lô, Tỉnh Vĩnh Phúc"
26,Vĩnh Phúc,253,Sông Lô,08854,Đức Bác,Xã,"Xã Đức Bác, Huyện Sông Lô, Tỉnh Vĩnh Phúc"
26,Vĩnh Phúc,253,Sông Lô,08782,Hải Lựu,Xã,"Xã Hải Lựu, Huyện Sông Lô, Tỉnh Vĩnh Phúc"
26,Vĩnh Phúc,253,Sông Lô,08773,Lãng Công,Xã,"Xã Lãng Công, Huyện Sông Lô, Tỉnh Vĩnh Phúc"
26,Vĩnh Phúc,253,Sông Lô,08803,Nhân Đạo,Xã,"Xã Nhân Đạo, Huyện Sông Lô, Tỉnh Vĩnh Phúc"
26,Vĩnh Phúc,253,Sông Lô,08809,Phương Khoan,Xã,"Xã Phương Khoan, Huyện Sông Lô, Tỉnh Vĩnh Phúc"
26,Vĩnh Phúc,253,Sông Lô,08776,Quang Yên,Xã,"Xã Quang Yên, Huyện Sông Lô, Tỉnh Vĩnh Phúc"
26,Vĩnh Phúc,253,Sông Lô,08824,Tam Sơn,Thị trấn,"Thị trấn Tam Sơn, Huyện Sông Lô, Tỉnh Vĩnh Phúc"
26,Vĩnh Phúc,253,Sông Lô,08818,Tân Lập,Xã,"Xã Tân Lập, Huyện Sông Lô, Tỉnh Vĩnh Phúc"
26,Vĩnh Phúc,253,Sông Lô,08851,Tứ Yên,Xã,"Xã Tứ Yên, Huyện Sông Lô, Tỉnh Vĩnh Phúc"
26,Vĩnh Phúc,253,Sông Lô,08830,Yên Thạch,Xã,"Xã Yên Thạch, Huyện Sông Lô, Tỉnh Vĩnh Phúc"
26,Vĩnh Phúc,247,Tam Dương,08887,An Hòa,Xã,"Xã An Hòa, Huyện Tam Dương, Tỉnh Vĩnh Phúc"
26,Vĩnh Phúc,247,Tam Dương,08893,Duy Phiên,Xã,"Xã Duy Phiên, Huyện Tam Dương, Tỉnh Vĩnh Phúc"
26,Vĩnh Phúc,247,Tam Dương,08884,Đạo Tú,Xã,"Xã Đạo Tú, Huyện Tam Dương, Tỉnh Vĩnh Phúc"
26,Vĩnh Phúc,247,Tam Dương,08875,Đồng Tĩnh,Xã,"Xã Đồng Tĩnh, Huyện Tam Dương, Tỉnh Vĩnh Phúc"
26,Vĩnh Phúc,247,Tam Dương,08896,Hoàng Đan,Xã,"Xã Hoàng Đan, Huyện Tam Dương, Tỉnh Vĩnh Phúc"
26,Vĩnh Phúc,247,Tam Dương,08872,Hoàng Hoa,Xã,"Xã Hoàng Hoa, Huyện Tam Dương, Tỉnh Vĩnh Phúc"
26,Vĩnh Phúc,247,Tam Dương,08899,Hoàng Lâu,Xã,"Xã Hoàng Lâu, Huyện Tam Dương, Tỉnh Vĩnh Phúc"
26,Vĩnh Phúc,247,Tam Dương,08905,Hội Thịnh,Xã,"Xã Hội Thịnh, Huyện Tam Dương, Tỉnh Vĩnh Phúc"
26,Vĩnh Phúc,247,Tam Dương,08869,Hợp Hòa,Thị trấn,"Thị trấn Hợp Hòa, Huyện Tam Dương, Tỉnh Vĩnh Phúc"
26,Vĩnh Phúc,247,Tam Dương,08881,Hướng Đạo,Xã,"Xã Hướng Đạo, Huyện Tam Dương, Tỉnh Vĩnh Phúc"
26,Vĩnh Phúc,247,Tam Dương,08878,Kim Long,Thị trấn,"Thị trấn Kim Long, Huyện Tam Dương, Tỉnh Vĩnh Phúc"
26,Vĩnh Phúc,247,Tam Dương,08890,Thanh Vân,Xã,"Xã Thanh Vân, Huyện Tam Dương, Tỉnh Vĩnh Phúc"
26,Vĩnh Phúc,248,Tam Đảo,08920,Bồ Lý,Xã,"Xã Bồ Lý, Huyện Tam Đảo, Tỉnh Vĩnh Phúc"
26,Vĩnh Phúc,248,Tam Đảo,08923,Đại Đình,Thị trấn,"Thị trấn Đại Đình, Huyện Tam Đảo, Tỉnh Vĩnh Phúc"
26,Vĩnh Phúc,248,Tam Đảo,08914,Đạo Trù,Xã,"Xã Đạo Trù, Huyện Tam Đảo, Tỉnh Vĩnh Phúc"
26,Vĩnh Phúc,248,Tam Đảo,08929,Hồ Sơn,Xã,"Xã Hồ Sơn, Huyện Tam Đảo, Tỉnh Vĩnh Phúc"
26,Vĩnh Phúc,248,Tam Đảo,08911,Hợp Châu,Thị trấn,"Thị trấn Hợp Châu, Huyện Tam Đảo, Tỉnh Vĩnh Phúc"
26,Vĩnh Phúc,248,Tam Đảo,08932,Minh Quang,Xã,"Xã Minh Quang, Huyện Tam Đảo, Tỉnh Vĩnh Phúc"
26,Vĩnh Phúc,248,Tam Đảo,08908,Tam Đảo,Thị trấn,"Thị trấn Tam Đảo, Huyện Tam Đảo, Tỉnh Vĩnh Phúc"
26,Vĩnh Phúc,248,Tam Đảo,08926,Tam Quan,Xã,"Xã Tam Quan, Huyện Tam Đảo, Tỉnh Vĩnh Phúc"
26,Vĩnh Phúc,248,Tam Đảo,08917,Yên Dương,Xã,"Xã Yên Dương, Huyện Tam Đảo, Tỉnh Vĩnh Phúc"
26,Vĩnh Phúc,252,Vĩnh Tường,09151,An Nhân,Xã,"Xã An Nhân, Huyện Vĩnh Tường, Tỉnh Vĩnh Phúc"
26,Vĩnh Phúc,252,Vĩnh Tường,09085,Chấn Hưng,Xã,"Xã Chấn Hưng, Huyện Vĩnh Tường, Tỉnh Vĩnh Phúc"
26,Vĩnh Phúc,252,Vĩnh Tường,09100,Đại Đồng,Xã,"Xã Đại Đồng, Huyện Vĩnh Tường, Tỉnh Vĩnh Phúc"
26,Vĩnh Phúc,252,Vĩnh Tường,09079,Kim Xá,Xã,"Xã Kim Xá, Huyện Vĩnh Tường, Tỉnh Vĩnh Phúc"
26,Vĩnh Phúc,252,Vĩnh Tường,09106,Lũng Hoà,Xã,"Xã Lũng Hoà, Huyện Vĩnh Tường, Tỉnh Vĩnh Phúc"
26,Vĩnh Phúc,252,Vĩnh Tường,09118,Lương Điền,Xã,"Xã Lương Điền, Huyện Vĩnh Tường, Tỉnh Vĩnh Phúc"
26,Vĩnh Phúc,252,Vĩnh Tường,09088,Nghĩa Hưng,Xã,"Xã Nghĩa Hưng, Huyện Vĩnh Tường, Tỉnh Vĩnh Phúc"
26,Vĩnh Phúc,252,Vĩnh Tường,09148,Ngũ Kiên,Xã,"Xã Ngũ Kiên, Huyện Vĩnh Tường, Tỉnh Vĩnh Phúc"
26,Vĩnh Phúc,252,Vĩnh Tường,09097,Sao Đại Việt,Xã,"Xã Sao Đại Việt, Huyện Vĩnh Tường, Tỉnh Vĩnh Phúc"
26,Vĩnh Phúc,252,Vĩnh Tường,09124,Tân Phú,Xã,"Xã Tân Phú, Huyện Vĩnh Tường, Tỉnh Vĩnh Phúc"
26,Vĩnh Phúc,252,Vĩnh Tường,09112,Thổ Tang,Thị trấn,"Thị trấn Thổ Tang, Huyện Vĩnh Tường, Tỉnh Vĩnh Phúc"
26,Vĩnh Phúc,252,Vĩnh Tường,09127,Thượng Trưng,Xã,"Xã Thượng Trưng, Huyện Vĩnh Tường, Tỉnh Vĩnh Phúc"
26,Vĩnh Phúc,252,Vĩnh Tường,09145,Tứ Trưng,Thị trấn,"Thị trấn Tứ Trưng, Huyện Vĩnh Tường, Tỉnh Vĩnh Phúc"
26,Vĩnh Phúc,252,Vĩnh Tường,09136,Tuân Chính,Xã,"Xã Tuân Chính, Huyện Vĩnh Tường, Tỉnh Vĩnh Phúc"
26,Vĩnh Phúc,252,Vĩnh Tường,09157,Vĩnh Phú,Xã,"Xã Vĩnh Phú, Huyện Vĩnh Tường, Tỉnh Vĩnh Phúc"
26,Vĩnh Phúc,252,Vĩnh Tường,09154,Vĩnh Thịnh,Xã,"Xã Vĩnh Thịnh, Huyện Vĩnh Tường, Tỉnh Vĩnh Phúc"
26,Vĩnh Phúc,252,Vĩnh Tường,09076,Vĩnh Tường,Thị trấn,"Thị trấn Vĩnh Tường, Huyện Vĩnh Tường, Tỉnh Vĩnh Phúc"
26,Vĩnh Phúc,252,Vĩnh Tường,09130,Vũ Di,Xã,"Xã Vũ Di, Huyện Vĩnh Tường, Tỉnh Vĩnh Phúc"
26,Vĩnh Phúc,252,Vĩnh Tường,09082,Yên Bình,Xã,"Xã Yên Bình, Huyện Vĩnh Tường, Tỉnh Vĩnh Phúc"
26,Vĩnh Phúc,252,Vĩnh Tường,09091,Yên Lập,Xã,"Xã Yên Lập, Huyện Vĩnh Tường, Tỉnh Vĩnh Phúc"
26,Vĩnh Phúc,243,Vĩnh Yên,08725,Định Trung,Phường,"Phường Định Trung, Thành phố Vĩnh Yên, Tỉnh Vĩnh Phúc"
26,Vĩnh Phúc,243,Vĩnh Yên,08716,Đống Đa,Phường,"Phường Đống Đa, Thành phố Vĩnh Yên, Tỉnh Vĩnh Phúc"
26,Vĩnh Phúc,243,Vĩnh Yên,08722,Đồng Tâm,Phường,"Phường Đồng Tâm, Thành phố Vĩnh Yên, Tỉnh Vĩnh Phúc"
26,Vĩnh Phúc,243,Vĩnh Yên,08713,Hội Hợp,Phường,"Phường Hội Hợp, Thành phố Vĩnh Yên, Tỉnh Vĩnh Phúc"
26,Vĩnh Phúc,243,Vĩnh Yên,08728,Khai Quang,Phường,"Phường Khai Quang, Thành phố Vĩnh Yên, Tỉnh Vĩnh Phúc"
26,Vĩnh Phúc,243,Vĩnh Yên,08710,Liên Bảo,Phường,"Phường Liên Bảo, Thành phố Vĩnh Yên, Tỉnh Vĩnh Phúc"
26,Vĩnh Phúc,243,Vĩnh Yên,08719,Ngô Quyền,Phường,"Phường Ngô Quyền, Thành phố Vĩnh Yên, Tỉnh Vĩnh Phúc"
26,Vĩnh Phúc,243,Vĩnh Yên,08731,Thanh Trù,Xã,"Xã Thanh Trù, Thành phố Vĩnh Yên, Tỉnh Vĩnh Phúc"
26,Vĩnh Phúc,243,Vĩnh Yên,08707,Tích Sơn,Phường,"Phường Tích Sơn, Thành phố Vĩnh Yên, Tỉnh Vĩnh Phúc"
26,Vĩnh Phúc,251,Yên Lạc,09034,Bình Định,Xã,"Xã Bình Định, Huyện Yên Lạc, Tỉnh Vĩnh Phúc"
26,Vĩnh Phúc,251,Yên Lạc,09067,Đại Tự,Xã,"Xã Đại Tự, Huyện Yên Lạc, Tỉnh Vĩnh Phúc"
26,Vĩnh Phúc,251,Yên Lạc,09028,Đồng Cương,Xã,"Xã Đồng Cương, Huyện Yên Lạc, Tỉnh Vĩnh Phúc"
26,Vĩnh Phúc,251,Yên Lạc,09031,Đồng Văn,Xã,"Xã Đồng Văn, Huyện Yên Lạc, Tỉnh Vĩnh Phúc"
26,Vĩnh Phúc,251,Yên Lạc,09070,Hồng Châu,Xã,"Xã Hồng Châu, Huyện Yên Lạc, Tỉnh Vĩnh Phúc"
26,Vĩnh Phúc,251,Yên Lạc,09064,Liên Châu,Xã,"Xã Liên Châu, Huyện Yên Lạc, Tỉnh Vĩnh Phúc"
26,Vĩnh Phúc,251,Yên Lạc,09052,Nguyệt Đức,Xã,"Xã Nguyệt Đức, Huyện Yên Lạc, Tỉnh Vĩnh Phúc"
26,Vĩnh Phúc,251,Yên Lạc,09043,Tam Hồng,Thị trấn,"Thị trấn Tam Hồng, Huyện Yên Lạc, Tỉnh Vĩnh Phúc"
26,Vĩnh Phúc,251,Yên Lạc,09040,Tề Lỗ,Xã,"Xã Tề Lỗ, Huyện Yên Lạc, Tỉnh Vĩnh Phúc"
26,Vĩnh Phúc,251,Yên Lạc,09073,Trung Hà,Xã,"Xã Trung Hà, Huyện Yên Lạc, Tỉnh Vĩnh Phúc"
26,Vĩnh Phúc,251,Yên Lạc,09061,Trung Kiên,Xã,"Xã Trung Kiên, Huyện Yên Lạc, Tỉnh Vĩnh Phúc"
26,Vĩnh Phúc,251,Yên Lạc,09037,Trung Nguyên,Xã,"Xã Trung Nguyên, Huyện Yên Lạc, Tỉnh Vĩnh Phúc"
26,Vĩnh Phúc,251,Yên Lạc,09049,Văn Tiến,Xã,"Xã Văn Tiến, Huyện Yên Lạc, Tỉnh Vĩnh Phúc"
26,Vĩnh Phúc,251,Yên Lạc,09046,Yên Đồng,Xã,"Xã Yên Đồng, Huyện Yên Lạc, Tỉnh Vĩnh Phúc"
26,Vĩnh Phúc,251,Yên Lạc,09025,Yên Lạc,Thị trấn,"Thị trấn Yên Lạc, Huyện Yên Lạc, Tỉnh Vĩnh Phúc"
26,Vĩnh Phúc,251,Yên Lạc,09055,Yên Phương,Xã,"Xã Yên Phương, Huyện Yên Lạc, Tỉnh Vĩnh Phúc"
15,Yên Bái,135,Lục Yên,04327,An Lạc,Xã,"Xã An Lạc, Huyện Lục Yên, Tỉnh Yên Bái"
15,Yên Bái,135,Lục Yên,04369,An Phú,Xã,"Xã An Phú, Huyện Lục Yên, Tỉnh Yên Bái"
15,Yên Bái,135,Lục Yên,04351,Động Quan,Xã,"Xã Động Quan, Huyện Lục Yên, Tỉnh Yên Bái"
15,Yên Bái,135,Lục Yên,04321,Khai Trung,Xã,"Xã Khai Trung, Huyện Lục Yên, Tỉnh Yên Bái"
15,Yên Bái,135,Lục Yên,04342,Khánh Hoà,Xã,"Xã Khánh Hoà, Huyện Lục Yên, Tỉnh Yên Bái"
15,Yên Bái,135,Lục Yên,04312,Khánh Thiện,Xã,"Xã Khánh Thiện, Huyện Lục Yên, Tỉnh Yên Bái"
15,Yên Bái,135,Lục Yên,04309,Lâm Thượng,Xã,"Xã Lâm Thượng, Huyện Lục Yên, Tỉnh Yên Bái"
15,Yên Bái,135,Lục Yên,04348,Liễu Đô,Xã,"Xã Liễu Đô, Huyện Lục Yên, Tỉnh Yên Bái"
15,Yên Bái,135,Lục Yên,04318,Mai Sơn,Xã,"Xã Mai Sơn, Huyện Lục Yên, Tỉnh Yên Bái"
15,Yên Bái,135,Lục Yên,04315,Minh Chuẩn,Xã,"Xã Minh Chuẩn, Huyện Lục Yên, Tỉnh Yên Bái"
15,Yên Bái,135,Lục Yên,04357,Minh Tiến,Xã,"Xã Minh Tiến, Huyện Lục Yên, Tỉnh Yên Bái"
15,Yên Bái,135,Lục Yên,04330,Minh Xuân,Xã,"Xã Minh Xuân, Huyện Lục Yên, Tỉnh Yên Bái"
15,Yên Bái,135,Lục Yên,04324,Mường Lai,Xã,"Xã Mường Lai, Huyện Lục Yên, Tỉnh Yên Bái"
15,Yên Bái,135,Lục Yên,04366,Phan Thanh,Xã,"Xã Phan Thanh, Huyện Lục Yên, Tỉnh Yên Bái"
15,Yên Bái,135,Lục Yên,04363,Phúc Lợi,Xã,"Xã Phúc Lợi, Huyện Lục Yên, Tỉnh Yên Bái"
15,Yên Bái,135,Lục Yên,04354,Tân Lập,Xã,"Xã Tân Lập, Huyện Lục Yên, Tỉnh Yên Bái"
15,Yên Bái,135,Lục Yên,04336,Tân Lĩnh,Xã,"Xã Tân Lĩnh, Huyện Lục Yên, Tỉnh Yên Bái"
15,Yên Bái,135,Lục Yên,04306,Tân Phượng,Xã,"Xã Tân Phượng, Huyện Lục Yên, Tỉnh Yên Bái"
15,Yên Bái,135,Lục Yên,04333,Tô Mậu,Xã,"Xã Tô Mậu, Huyện Lục Yên, Tỉnh Yên Bái"
15,Yên Bái,135,Lục Yên,04360,Trúc Lâu,Xã,"Xã Trúc Lâu, Huyện Lục Yên, Tỉnh Yên Bái"
15,Yên Bái,135,Lục Yên,04372,Trung Tâm,Xã,"Xã Trung Tâm, Huyện Lục Yên, Tỉnh Yên Bái"
15,Yên Bái,135,Lục Yên,04345,Vĩnh Lạc,Xã,"Xã Vĩnh Lạc, Huyện Lục Yên, Tỉnh Yên Bái"
15,Yên Bái,135,Lục Yên,04339,Yên Thắng,Xã,"Xã Yên Thắng, Huyện Lục Yên, Tỉnh Yên Bái"
15,Yên Bái,135,Lục Yên,04303,Yên Thế,Thị trấn,"Thị trấn Yên Thế, Huyện Lục Yên, Tỉnh Yên Bái"
15,Yên Bái,137,Mù Căng Chải,04480,Cao Phạ,Xã,"Xã Cao Phạ, Huyện Mù Căng Chải, Tỉnh Yên Bái"
15,Yên Bái,137,Mù Căng Chải,04471,Chế Cu Nha,Xã,"Xã Chế Cu Nha, Huyện Mù Căng Chải, Tỉnh Yên Bái"
15,Yên Bái,137,Mù Căng Chải,04489,Chế Tạo,Xã,"Xã Chế Tạo, Huyện Mù Căng Chải, Tỉnh Yên Bái"
15,Yên Bái,137,Mù Căng Chải,04486,Dế Xu Phình,Xã,"Xã Dế Xu Phình, Huyện Mù Căng Chải, Tỉnh Yên Bái"
15,Yên Bái,137,Mù Căng Chải,04459,Hồ Bốn,Xã,"Xã Hồ Bốn, Huyện Mù Căng Chải, Tỉnh Yên Bái"
15,Yên Bái,137,Mù Căng Chải,04465,Khao Mang,Xã,"Xã Khao Mang, Huyện Mù Căng Chải, Tỉnh Yên Bái"
15,Yên Bái,137,Mù Căng Chải,04477,Kim Nọi,Xã,"Xã Kim Nọi, Huyện Mù Căng Chải, Tỉnh Yên Bái"
15,Yên Bái,137,Mù Căng Chải,04483,La Pán Tẩn,Xã,"Xã La Pán Tẩn, Huyện Mù Căng Chải, Tỉnh Yên Bái"
15,Yên Bái,137,Mù Căng Chải,04474,Lao Chải,Xã,"Xã Lao Chải, Huyện Mù Căng Chải, Tỉnh Yên Bái"
15,Yên Bái,137,Mù Căng Chải,04468,Mồ Dề,Xã,"Xã Mồ Dề, Huyện Mù Căng Chải, Tỉnh Yên Bái"
15,Yên Bái,137,Mù Căng Chải,04456,Mù Căng Chải,Thị trấn,"Thị trấn Mù Căng Chải, Huyện Mù Căng Chải, Tỉnh Yên Bái"
15,Yên Bái,137,Mù Căng Chải,04462,Nậm Có,Xã,"Xã Nậm Có, Huyện Mù Căng Chải, Tỉnh Yên Bái"
15,Yên Bái,137,Mù Căng Chải,04495,Nậm Khắt,Xã,"Xã Nậm Khắt, Huyện Mù Căng Chải, Tỉnh Yên Bái"
15,Yên Bái,137,Mù Căng Chải,04492,Púng Luông,Xã,"Xã Púng Luông, Huyện Mù Căng Chải, Tỉnh Yên Bái"
15,Yên Bái,133,Nghĩa Lộ,04291,Cầu Thia,Phường,"Phường Cầu Thia, Thị xã Nghĩa Lộ, Tỉnh Yên Bái"
15,Yên Bái,133,Nghĩa Lộ,04678,Hạnh Sơn,Xã,"Xã Hạnh Sơn, Thị xã Nghĩa Lộ, Tỉnh Yên Bái"
15,Yên Bái,133,Nghĩa Lộ,04300,Nghĩa An,Xã,"Xã Nghĩa An, Thị xã Nghĩa Lộ, Tỉnh Yên Bái"
15,Yên Bái,133,Nghĩa Lộ,04624,Nghĩa Lộ,Xã,"Xã Nghĩa Lộ, Thị xã Nghĩa Lộ, Tỉnh Yên Bái"
15,Yên Bái,133,Nghĩa Lộ,04294,Nghĩa Lợi,Xã,"Xã Nghĩa Lợi, Thị xã Nghĩa Lộ, Tỉnh Yên Bái"
15,Yên Bái,133,Nghĩa Lộ,04297,Nghĩa Phúc,Xã,"Xã Nghĩa Phúc, Thị xã Nghĩa Lộ, Tỉnh Yên Bái"
15,Yên Bái,133,Nghĩa Lộ,04663,Phù Nham,Xã,"Xã Phù Nham, Thị xã Nghĩa Lộ, Tỉnh Yên Bái"
15,Yên Bái,133,Nghĩa Lộ,04681,Phúc Sơn,Xã,"Xã Phúc Sơn, Thị xã Nghĩa Lộ, Tỉnh Yên Bái"
15,Yên Bái,133,Nghĩa Lộ,04282,Pú Trạng,Phường,"Phường Pú Trạng, Thị xã Nghĩa Lộ, Tỉnh Yên Bái"
15,Yên Bái,133,Nghĩa Lộ,04660,Sơn A,Xã,"Xã Sơn A, Thị xã Nghĩa Lộ, Tỉnh Yên Bái"
15,Yên Bái,133,Nghĩa Lộ,04288,Tân An,Phường,"Phường Tân An, Thị xã Nghĩa Lộ, Tỉnh Yên Bái"
15,Yên Bái,133,Nghĩa Lộ,04684,Thạch Lương,Xã,"Xã Thạch Lương, Thị xã Nghĩa Lộ, Tỉnh Yên Bái"
15,Yên Bái,133,Nghĩa Lộ,04675,Thanh Lương,Xã,"Xã Thanh Lương, Thị xã Nghĩa Lộ, Tỉnh Yên Bái"
15,Yên Bái,133,Nghĩa Lộ,04285,Trung Tâm,Phường,"Phường Trung Tâm, Thị xã Nghĩa Lộ, Tỉnh Yên Bái"
15,Yên Bái,139,Trạm Tấu,04612,Bản Công,Xã,"Xã Bản Công, Huyện Trạm Tấu, Tỉnh Yên Bái"
15,Yên Bái,139,Trạm Tấu,04615,Bản Mù,Xã,"Xã Bản Mù, Huyện Trạm Tấu, Tỉnh Yên Bái"
15,Yên Bái,139,Trạm Tấu,04618,Hát Lừu,Xã,"Xã Hát Lừu, Huyện Trạm Tấu, Tỉnh Yên Bái"
15,Yên Bái,139,Trạm Tấu,04609,Làng Nhì,Xã,"Xã Làng Nhì, Huyện Trạm Tấu, Tỉnh Yên Bái"
15,Yên Bái,139,Trạm Tấu,04606,Pá Hu,Xã,"Xã Pá Hu, Huyện Trạm Tấu, Tỉnh Yên Bái"
15,Yên Bái,139,Trạm Tấu,04591,Pá Lau,Xã,"Xã Pá Lau, Huyện Trạm Tấu, Tỉnh Yên Bái"
15,Yên Bái,139,Trạm Tấu,04597,Phình Hồ,Xã,"Xã Phình Hồ, Huyện Trạm Tấu, Tỉnh Yên Bái"
15,Yên Bái,139,Trạm Tấu,04603,Tà Si Láng,Xã,"Xã Tà Si Láng, Huyện Trạm Tấu, Tỉnh Yên Bái"
15,Yên Bái,139,Trạm Tấu,04585,Trạm Tấu,Thị trấn,"Thị trấn Trạm Tấu, Huyện Trạm Tấu, Tỉnh Yên Bái"
15,Yên Bái,139,Trạm Tấu,04600,Trạm Tấu,Xã,"Xã Trạm Tấu, Huyện Trạm Tấu, Tỉnh Yên Bái"
15,Yên Bái,139,Trạm Tấu,04588,Túc Đán,Xã,"Xã Túc Đán, Huyện Trạm Tấu, Tỉnh Yên Bái"
15,Yên Bái,139,Trạm Tấu,04594,Xà Hồ,Xã,"Xã Xà Hồ, Huyện Trạm Tấu, Tỉnh Yên Bái"
15,Yên Bái,138,Trấn Yên,04504,Báo Đáp,Xã,"Xã Báo Đáp, Huyện Trấn Yên, Tỉnh Yên Bái"
15,Yên Bái,138,Trấn Yên,04498,Cổ Phúc,Thị trấn,"Thị trấn Cổ Phúc, Huyện Trấn Yên, Tỉnh Yên Bái"
15,Yên Bái,138,Trấn Yên,04522,Cường Thịnh,Xã,"Xã Cường Thịnh, Huyện Trấn Yên, Tỉnh Yên Bái"
15,Yên Bái,138,Trấn Yên,04513,Hòa Cuông,Xã,"Xã Hòa Cuông, Huyện Trấn Yên, Tỉnh Yên Bái"
15,Yên Bái,138,Trấn Yên,04570,Hồng Ca,Xã,"Xã Hồng Ca, Huyện Trấn Yên, Tỉnh Yên Bái"
15,Yên Bái,138,Trấn Yên,04576,Hưng Khánh,Xã,"Xã Hưng Khánh, Huyện Trấn Yên, Tỉnh Yên Bái"
15,Yên Bái,138,Trấn Yên,04573,Hưng Thịnh,Xã,"Xã Hưng Thịnh, Huyện Trấn Yên, Tỉnh Yên Bái"
15,Yên Bái,138,Trấn Yên,04525,Kiên Thành,Xã,"Xã Kiên Thành, Huyện Trấn Yên, Tỉnh Yên Bái"
15,Yên Bái,138,Trấn Yên,04537,Lương Thịnh,Xã,"Xã Lương Thịnh, Huyện Trấn Yên, Tỉnh Yên Bái"
15,Yên Bái,138,Trấn Yên,04516,Minh Quán,Xã,"Xã Minh Quán, Huyện Trấn Yên, Tỉnh Yên Bái"
15,Yên Bái,138,Trấn Yên,04567,Minh Quân,Xã,"Xã Minh Quân, Huyện Trấn Yên, Tỉnh Yên Bái"
15,Yên Bái,138,Trấn Yên,04519,Quy Mông,Xã,"Xã Quy Mông, Huyện Trấn Yên, Tỉnh Yên Bái"
15,Yên Bái,138,Trấn Yên,04501,Tân Đồng,Xã,"Xã Tân Đồng, Huyện Trấn Yên, Tỉnh Yên Bái"
15,Yên Bái,138,Trấn Yên,04510,Thành Thịnh,Xã,"Xã Thành Thịnh, Huyện Trấn Yên, Tỉnh Yên Bái"
15,Yên Bái,138,Trấn Yên,04582,Vân Hội,Xã,"Xã Vân Hội, Huyện Trấn Yên, Tỉnh Yên Bái"
15,Yên Bái,138,Trấn Yên,04564,Việt Cường,Xã,"Xã Việt Cường, Huyện Trấn Yên, Tỉnh Yên Bái"
15,Yên Bái,138,Trấn Yên,04579,Việt Hồng,Xã,"Xã Việt Hồng, Huyện Trấn Yên, Tỉnh Yên Bái"
15,Yên Bái,138,Trấn Yên,04531,Y Can,Xã,"Xã Y Can, Huyện Trấn Yên, Tỉnh Yên Bái"
15,Yên Bái,140,Văn Chấn,04645,An Lương,Xã,"Xã An Lương, Huyện Văn Chấn, Tỉnh Yên Bái"
15,Yên Bái,140,Văn Chấn,04702,Bình Thuận,Xã,"Xã Bình Thuận, Huyện Văn Chấn, Tỉnh Yên Bái"
15,Yên Bái,140,Văn Chấn,04693,Cát Thịnh,Xã,"Xã Cát Thịnh, Huyện Văn Chấn, Tỉnh Yên Bái"
15,Yên Bái,140,Văn Chấn,04699,Chấn Thịnh,Xã,"Xã Chấn Thịnh, Huyện Văn Chấn, Tỉnh Yên Bái"
15,Yên Bái,140,Văn Chấn,04687,Đại Lịch,Xã,"Xã Đại Lịch, Huyện Văn Chấn, Tỉnh Yên Bái"
15,Yên Bái,140,Văn Chấn,04690,Đồng Khê,Xã,"Xã Đồng Khê, Huyện Văn Chấn, Tỉnh Yên Bái"
15,Yên Bái,140,Văn Chấn,04636,Gia Hội,Xã,"Xã Gia Hội, Huyện Văn Chấn, Tỉnh Yên Bái"
15,Yên Bái,140,Văn Chấn,04708,Minh An,Xã,"Xã Minh An, Huyện Văn Chấn, Tỉnh Yên Bái"
15,Yên Bái,140,Văn Chấn,04633,Nậm Búng,Xã,"Xã Nậm Búng, Huyện Văn Chấn, Tỉnh Yên Bái"
15,Yên Bái,140,Văn Chấn,04648,Nậm Lành,Xã,"Xã Nậm Lành, Huyện Văn Chấn, Tỉnh Yên Bái"
15,Yên Bái,140,Văn Chấn,04642,Nậm Mười,Xã,"Xã Nậm Mười, Huyện Văn Chấn, Tỉnh Yên Bái"
15,Yên Bái,140,Văn Chấn,04666,Nghĩa Sơn,Xã,"Xã Nghĩa Sơn, Huyện Văn Chấn, Tỉnh Yên Bái"
15,Yên Bái,140,Văn Chấn,04711,Nghĩa Tâm,Xã,"Xã Nghĩa Tâm, Huyện Văn Chấn, Tỉnh Yên Bái"
15,Yên Bái,140,Văn Chấn,04621,Nông trường Liên Sơn,Thị trấn,"Thị trấn Nông trường Liên Sơn, Huyện Văn Chấn, Tỉnh Yên Bái"
15,Yên Bái,140,Văn Chấn,04627,Nông trường Trần Phú,Thị trấn,"Thị trấn Nông trường Trần Phú, Huyện Văn Chấn, Tỉnh Yên Bái"
15,Yên Bái,140,Văn Chấn,04651,Sơn Lương,Xã,"Xã Sơn Lương, Huyện Văn Chấn, Tỉnh Yên Bái"
15,Yên Bái,140,Văn Chấn,04672,Sơn Thịnh,Thị trấn,"Thị trấn Sơn Thịnh, Huyện Văn Chấn, Tỉnh Yên Bái"
15,Yên Bái,140,Văn Chấn,04639,Sùng Đô,Xã,"Xã Sùng Đô, Huyện Văn Chấn, Tỉnh Yên Bái"
15,Yên Bái,140,Văn Chấn,04669,Suối Bu,Xã,"Xã Suối Bu, Huyện Văn Chấn, Tỉnh Yên Bái"
15,Yên Bái,140,Văn Chấn,04657,Suối Giàng,Xã,"Xã Suối Giàng, Huyện Văn Chấn, Tỉnh Yên Bái"
15,Yên Bái,140,Văn Chấn,04654,Suối Quyền,Xã,"Xã Suối Quyền, Huyện Văn Chấn, Tỉnh Yên Bái"
15,Yên Bái,140,Văn Chấn,04696,Tân Thịnh,Xã,"Xã Tân Thịnh, Huyện Văn Chấn, Tỉnh Yên Bái"
15,Yên Bái,140,Văn Chấn,04705,Thượng Bằng La,Xã,"Xã Thượng Bằng La, Huyện Văn Chấn, Tỉnh Yên Bái"
15,Yên Bái,140,Văn Chấn,04630,Tú Lệ,Xã,"Xã Tú Lệ, Huyện Văn Chấn, Tỉnh Yên Bái"
15,Yên Bái,136,Văn Yên,04390,An Bình,Xã,"Xã An Bình, Huyện Văn Yên, Tỉnh Yên Bái"
15,Yên Bái,136,Văn Yên,04417,An Thịnh,Xã,"Xã An Thịnh, Huyện Văn Yên, Tỉnh Yên Bái"
15,Yên Bái,136,Văn Yên,04387,Châu Quế Hạ,Xã,"Xã Châu Quế Hạ, Huyện Văn Yên, Tỉnh Yên Bái"
15,Yên Bái,136,Văn Yên,04384,Châu Quế Thượng,Xã,"Xã Châu Quế Thượng, Huyện Văn Yên, Tỉnh Yên Bái"
15,Yên Bái,136,Văn Yên,04435,Đại Phác,Xã,"Xã Đại Phác, Huyện Văn Yên, Tỉnh Yên Bái"
15,Yên Bái,136,Văn Yên,04429,Đại Sơn,Xã,"Xã Đại Sơn, Huyện Văn Yên, Tỉnh Yên Bái"
15,Yên Bái,136,Văn Yên,04396,Đông An,Xã,"Xã Đông An, Huyện Văn Yên, Tỉnh Yên Bái"
15,Yên Bái,136,Văn Yên,04399,Đông Cuông,Xã,"Xã Đông Cuông, Huyện Văn Yên, Tỉnh Yên Bái"
15,Yên Bái,136,Văn Yên,04381,Lâm Giang,Xã,"Xã Lâm Giang, Huyện Văn Yên, Tỉnh Yên Bái"
15,Yên Bái,136,Văn Yên,04378,Lang Thíp,Xã,"Xã Lang Thíp, Huyện Văn Yên, Tỉnh Yên Bái"
15,Yên Bái,136,Văn Yên,04375,Mậu A,Thị trấn,"Thị trấn Mậu A, Huyện Văn Yên, Tỉnh Yên Bái"
15,Yên Bái,136,Văn Yên,04405,Mậu Đông,Xã,"Xã Mậu Đông, Huyện Văn Yên, Tỉnh Yên Bái"
15,Yên Bái,136,Văn Yên,04450,Mỏ Vàng,Xã,"Xã Mỏ Vàng, Huyện Văn Yên, Tỉnh Yên Bái"
15,Yên Bái,136,Văn Yên,04453,Nà Hẩu,Xã,"Xã Nà Hẩu, Huyện Văn Yên, Tỉnh Yên Bái"
15,Yên Bái,136,Văn Yên,04408,Ngòi A,Xã,"Xã Ngòi A, Huyện Văn Yên, Tỉnh Yên Bái"
15,Yên Bái,136,Văn Yên,04402,Phong Dụ Hạ,Xã,"Xã Phong Dụ Hạ, Huyện Văn Yên, Tỉnh Yên Bái"
15,Yên Bái,136,Văn Yên,04423,Phong Dụ Thượng,Xã,"Xã Phong Dụ Thượng, Huyện Văn Yên, Tỉnh Yên Bái"
15,Yên Bái,136,Văn Yên,04393,Quang Minh,Xã,"Xã Quang Minh, Huyện Văn Yên, Tỉnh Yên Bái"
15,Yên Bái,136,Văn Yên,04414,Tân Hợp,Xã,"Xã Tân Hợp, Huyện Văn Yên, Tỉnh Yên Bái"
15,Yên Bái,136,Văn Yên,04447,Viễn Sơn,Xã,"Xã Viễn Sơn, Huyện Văn Yên, Tỉnh Yên Bái"
15,Yên Bái,136,Văn Yên,04441,Xuân Ái,Xã,"Xã Xuân Ái, Huyện Văn Yên, Tỉnh Yên Bái"
15,Yên Bái,136,Văn Yên,04411,Xuân Tầm,Xã,"Xã Xuân Tầm, Huyện Văn Yên, Tỉnh Yên Bái"
15,Yên Bái,136,Văn Yên,04426,Yên Hợp,Xã,"Xã Yên Hợp, Huyện Văn Yên, Tỉnh Yên Bái"
15,Yên Bái,136,Văn Yên,04438,Yên Phú,Xã,"Xã Yên Phú, Huyện Văn Yên, Tỉnh Yên Bái"
15,Yên Bái,136,Văn Yên,04420,Yên Thái,Xã,"Xã Yên Thái, Huyện Văn Yên, Tỉnh Yên Bái"
15,Yên Bái,132,Yên Bái,04540,Âu Lâu,Xã,"Xã Âu Lâu, Thành phố Yên Bái, Tỉnh Yên Bái"
15,Yên Bái,132,Yên Bái,04261,Đồng Tâm,Phường,"Phường Đồng Tâm, Thành phố Yên Bái, Tỉnh Yên Bái"
15,Yên Bái,132,Yên Bái,04543,Giới Phiên,Xã,"Xã Giới Phiên, Thành phố Yên Bái, Tỉnh Yên Bái"
15,Yên Bái,132,Yên Bái,04264,Hồng Hà,Phường,"Phường Hồng Hà, Thành phố Yên Bái, Tỉnh Yên Bái"
15,Yên Bái,132,Yên Bái,04546,Hợp Minh,Phường,"Phường Hợp Minh, Thành phố Yên Bái, Tỉnh Yên Bái"
15,Yên Bái,132,Yên Bái,04270,Minh Bảo,Xã,"Xã Minh Bảo, Thành phố Yên Bái, Tỉnh Yên Bái"
15,Yên Bái,132,Yên Bái,04255,Minh Tân,Phường,"Phường Minh Tân, Thành phố Yên Bái, Tỉnh Yên Bái"
15,Yên Bái,132,Yên Bái,04273,Nam Cường,Phường,"Phường Nam Cường, Thành phố Yên Bái, Tỉnh Yên Bái"
15,Yên Bái,132,Yên Bái,04258,Nguyễn Thái Học,Phường,"Phường Nguyễn Thái Học, Thành phố Yên Bái, Tỉnh Yên Bái"
15,Yên Bái,132,Yên Bái,04279,Tân Thịnh,Xã,"Xã Tân Thịnh, Thành phố Yên Bái, Tỉnh Yên Bái"
15,Yên Bái,132,Yên Bái,04276,Tuy Lộc,Xã,"Xã Tuy Lộc, Thành phố Yên Bái, Tỉnh Yên Bái"
15,Yên Bái,132,Yên Bái,04558,Văn Phú,Xã,"Xã Văn Phú, Thành phố Yên Bái, Tỉnh Yên Bái"
15,Yên Bái,132,Yên Bái,04252,Yên Ninh,Phường,"Phường Yên Ninh, Thành phố Yên Bái, Tỉnh Yên Bái"
15,Yên Bái,132,Yên Bái,04249,Yên Thịnh,Phường,"Phường Yên Thịnh, Thành phố Yên Bái, Tỉnh Yên Bái"
15,Yên Bái,141,Yên Bình,04762,Bạch Hà,Xã,"Xã Bạch Hà, Huyện Yên Bình, Tỉnh Yên Bái"
15,Yên Bái,141,Yên Bình,04738,Bảo Ái,Xã,"Xã Bảo Ái, Huyện Yên Bình, Tỉnh Yên Bái"
15,Yên Bái,141,Yên Bình,04750,Cảm Ân,Xã,"Xã Cảm Ân, Huyện Yên Bình, Tỉnh Yên Bái"
15,Yên Bái,141,Yên Bình,04726,Cảm Nhân,Xã,"Xã Cảm Nhân, Huyện Yên Bình, Tỉnh Yên Bái"
15,Yên Bái,141,Yên Bình,04768,Đại Đồng,Xã,"Xã Đại Đồng, Huyện Yên Bình, Tỉnh Yên Bái"
15,Yên Bái,141,Yên Bình,04786,Đại Minh,Xã,"Xã Đại Minh, Huyện Yên Bình, Tỉnh Yên Bái"
15,Yên Bái,141,Yên Bình,04780,Hán Đà,Xã,"Xã Hán Đà, Huyện Yên Bình, Tỉnh Yên Bái"
15,Yên Bái,141,Yên Bình,04747,Mông Sơn,Xã,"Xã Mông Sơn, Huyện Yên Bình, Tỉnh Yên Bái"
15,Yên Bái,141,Yên Bình,04741,Mỹ Gia,Xã,"Xã Mỹ Gia, Huyện Yên Bình, Tỉnh Yên Bái"
15,Yên Bái,141,Yên Bình,04729,Ngọc Chấn,Xã,"Xã Ngọc Chấn, Huyện Yên Bình, Tỉnh Yên Bái"
15,Yên Bái,141,Yên Bình,04783,Phú Thịnh,Xã,"Xã Phú Thịnh, Huyện Yên Bình, Tỉnh Yên Bái"
15,Yên Bái,141,Yên Bình,04759,Phúc An,Xã,"Xã Phúc An, Huyện Yên Bình, Tỉnh Yên Bái"
15,Yên Bái,141,Yên Bình,04735,Phúc Ninh,Xã,"Xã Phúc Ninh, Huyện Yên Bình, Tỉnh Yên Bái"
15,Yên Bái,141,Yên Bình,04756,Tân Hương,Xã,"Xã Tân Hương, Huyện Yên Bình, Tỉnh Yên Bái"
15,Yên Bái,141,Yên Bình,04732,Tân Nguyên,Xã,"Xã Tân Nguyên, Huyện Yên Bình, Tỉnh Yên Bái"
15,Yên Bái,141,Yên Bình,04717,Thác Bà,Thị trấn,"Thị trấn Thác Bà, Huyện Yên Bình, Tỉnh Yên Bái"
15,Yên Bái,141,Yên Bình,04777,Thịnh Hưng,Xã,"Xã Thịnh Hưng, Huyện Yên Bình, Tỉnh Yên Bái"
15,Yên Bái,141,Yên Bình,04771,Vĩnh Kiên,Xã,"Xã Vĩnh Kiên, Huyện Yên Bình, Tỉnh Yên Bái"
15,Yên Bái,141,Yên Bình,04765,Vũ Linh,Xã,"Xã Vũ Linh, Huyện Yên Bình, Tỉnh Yên Bái"
15,Yên Bái,141,Yên Bình,04744,Xuân Lai,Xã,"Xã Xuân Lai, Huyện Yên Bình, Tỉnh Yên Bái"
15,Yên Bái,141,Yên Bình,04720,Xuân Long,Xã,"Xã Xuân Long, Huyện Yên Bình, Tỉnh Yên Bái"
15,Yên Bái,141,Yên Bình,04714,Yên Bình,Thị trấn,"Thị trấn Yên Bình, Huyện Yên Bình, Tỉnh Yên Bái"
15,Yên Bái,141,Yên Bình,04753,Yên Thành,Xã,"Xã Yên Thành, Huyện Yên Bình, Tỉnh Yên Bái"
